path,extension,size_bytes,sha256
res_n_main/medium/audio/bg/BGM_Battle.mp3,mp3,405406,8f8a1dcc5473a2bef007738962fea3b578e6174af24a0d2bfea4533ae4053b27
res_n_main/medium/audio/bg/BGM_Boss.mp3,mp3,265728,070075e9080b5253c85b4fc76f832f486cabd8386b70bdc3a94733be5adf0f2c
res_n_main/medium/audio/bg/BGM_Duijiu.mp3,mp3,263808,66504a30168690e70d898e384b91c7e60862f0d9b1aff58043ea8ced6bebe7d9
res_n_main/medium/audio/bg/BGM_Guoguanzhanjiang.mp3,mp3,237504,5e05dfffe8098b0e2d65c9b27ec7b0bca6ced911275d63c002ccef64d2aaf9c1
res_n_main/medium/audio/bg/BGM_Login.mp3,mp3,281856,1dceeecbe5527d9cf34b59a56808a1cdd3f86a4ac1a257744a6c7e7fdd88eec9
res_n_main/medium/audio/bg/BGM_Main.mp3,mp3,442944,8a1e4c1e047b0743a3261a26257bbde5cc0ce5feab526f139f9eb8682e54d1bd
res_n_main/medium/audio/bg/BGM_Plot.mp3,mp3,317086,47e8150c443f6a3b2faf316d0cb714d4dd66d685207691d4abdab5953bc2d59e
res_n_main/medium/audio/bg/BGM_Tianti.mp3,mp3,308544,f407d23f446d8e19b49dddb6888a8230c956efced1696bcf67a83982f058a354
res_n_main/medium/audio/bg/BGM_Xiulian.mp3,mp3,337344,fd1192365664070437aa4daaafcc44f440ad5d2662aa786ff201a8554b366faf
res_n_main/medium/audio/eff/Sound/eff_buff.mp3,mp3,9369,700aa5909d873727724fb416ccce1796c26183f01e2e9ba56dcb7b495f7adfe2
res_n_main/medium/audio/eff/Sound/eff_buqu_a.mp3,mp3,8742,8f67dc0aa83951017561af93ffa6daba70a8ab27129e77378ab6d2df2777e366
res_n_main/medium/audio/eff/Sound/eff_buqu_b.mp3,mp3,21910,5ff4d9a5236a4bfc4a5567b1908ac49dbb47bf4859f0337f867333a149eeb14d
res_n_main/medium/audio/eff/Sound/eff_chui_a.mp3,mp3,4144,b79da42c7468433432cbc2b9050c967ca068d198d6a7d7631ea98d91e843a057
res_n_main/medium/audio/eff/Sound/eff_chui_b.mp3,mp3,9996,5b41cac23e77a8ef69ba3bd2b1b07eaee4eeb824c92acc3d10191417162f9aa4
res_n_main/medium/audio/eff/Sound/eff_dadao.mp3,mp3,6234,e988f61f6f416bc45c49916c5a7bbdedc553f99ebd1eb3feff925cf84441f817
res_n_main/medium/audio/eff/Sound/eff_dangxian_huidong.mp3,mp3,4980,2ad92ca527c6a84d0ba4ae1a1a8a25c5c83bdfaca75c32796426389a3e07be6d
res_n_main/medium/audio/eff/Sound/eff_dangxian_pi_a.mp3,mp3,5607,672e03f863b9c7dbd5cb49cc00177a4cd328433cd6500549242dafad2fd4be0d
res_n_main/medium/audio/eff/Sound/eff_dangxian_pi_b.mp3,mp3,3726,c126efcbad9b7086414ccfa01e42671b02d02044c112be4973394f94b874aaf1
res_n_main/medium/audio/eff/Sound/eff_dao_a.mp3,mp3,5816,aa931b56bbfbf5fac57045c4a66ee85a08ce47114de94817bc94e5ccc0376e5d
res_n_main/medium/audio/eff/Sound/eff_dao_b.mp3,mp3,6652,7c3a58a6f3d0d3cd5958af7d67dbdae4873fc6a4bf50a967d647a7e4855e7d4b
res_n_main/medium/audio/eff/Sound/eff_death.mp3,mp3,4980,487e352c5d8f7401f089fa9d22d61c9b23352b2bb08d63cb30d08a2f6885ba6d
res_n_main/medium/audio/eff/Sound/eff_debuff.mp3,mp3,17519,a1f5cb3e9e04606158698d3d2e8477d79385a28dec52ca14386a591cd756749b
res_n_main/medium/audio/eff/Sound/eff_dujin_a.mp3,mp3,6652,300c88f90e9abe73dd51933ef9305b3236fe6cb7bd9170a44e4c6d5f519c7a2c
res_n_main/medium/audio/eff/Sound/eff_dujin_b.mp3,mp3,9160,c4a1d5715055d66e7b840fe5694f641c75fc11b457b5d998c9af9194ee9751c0
res_n_main/medium/audio/eff/Sound/eff_fangquan_a.mp3,mp3,8115,2c9c697b152ac23c02d557bfc382d335ec62274a56d6ae678f15694db9eb699a
res_n_main/medium/audio/eff/Sound/eff_fangquan_b.mp3,mp3,11458,5d81743975b1b8f125933b60388891413bb06aeb65aedbaa43aea6507f58bbf6
res_n_main/medium/audio/eff/Sound/eff_fangquan_c.mp3,mp3,5607,20497dff831d10c0cf1344b91361f0c303944dc1501738f4250c037ace1c20b5
res_n_main/medium/audio/eff/Sound/eff_fangzhu_a.mp3,mp3,4353,e9da9091e52c5ed226bf0f9aa69478d25b518fc35c21740666045fbb1e064a84
res_n_main/medium/audio/eff/Sound/eff_fangzhu_b.mp3,mp3,6652,a3ede9d9103a0da59c5fe7f64b5e090dfaf361a203df7f92889b25773b85315e
res_n_main/medium/audio/eff/Sound/eff_fencheng.mp3,mp3,12712,06bd2dc0b1378b1a50e043b5a9794cee5ae5f4e98d122ecdb093a9884fa57848
res_n_main/medium/audio/eff/Sound/eff_fengwu_a.mp3,mp3,8951,b2a02e6c58c8f96b38e04c7a1c44ca5caa9496057715eeb90ef264c91a8f29b1
res_n_main/medium/audio/eff/Sound/eff_fengwu_b.mp3,mp3,10623,77e60e656284f629ee8f843dac8a640f28c60704d11836b4a8ee63f2ac04fa42
res_n_main/medium/audio/eff/Sound/eff_fengwu_c.mp3,mp3,6234,bf082c0b3ea0149d3525149b9684c00528dc113d5604cdad95f42fcd4db6d7db
res_n_main/medium/audio/eff/Sound/eff_fengwu_d.mp3,mp3,8742,6a8041ddf1920be5e76e703a2b77119bdd6cb33aa3be64dd644d68c1c01e8e72
res_n_main/medium/audio/eff/Sound/eff_fu_a.mp3,mp3,7070,84500383ea6588ab93af7bfbf92fe02a57872cd75da1a890f72981a6df6b998d
res_n_main/medium/audio/eff/Sound/eff_fu_b.mp3,mp3,11876,39a978f90ffaea24dc2f96b2f097a100e945f54c59ea2ec2c6a9223cb06154e9
res_n_main/medium/audio/eff/Sound/eff_ganglie_a.mp3,mp3,8324,bb94332abab25f329efaae39b0b995fbfd6d56a124b858befc21ec9a22da9774
res_n_main/medium/audio/eff/Sound/eff_ganglie_b.mp3,mp3,9369,d0ac7d68dab3ace228f397dbf3daf28f13ca3bdd9577b746fbe2c722a370ccb2
res_n_main/medium/audio/eff/Sound/eff_ganlu_a.mp3,mp3,8115,2c9c697b152ac23c02d557bfc382d335ec62274a56d6ae678f15694db9eb699a
res_n_main/medium/audio/eff/Sound/eff_ganlu_b.mp3,mp3,27269,c450024b8b3c0e7220c79eed5db8a4230c36cfdd0be6755abdd29240adb03b11
res_n_main/medium/audio/eff/Sound/eff_gong_a.mp3,mp3,4353,ef0390bc27b262a036d799d9826bf4cb379b599819f68a28ec28f41567aa3880
res_n_main/medium/audio/eff/Sound/eff_gong_b.mp3,mp3,6861,fe201b3bceef54f1e26bd86b618e80a10dc47b3ba975b2d4a0d80cffc3923e80
res_n_main/medium/audio/eff/Sound/eff_guhuo_a.mp3,mp3,18355,078fd3d77396c9a12df30cc09a97ffb1a2e11e4de6e45b5b1022af8f45af7964
res_n_main/medium/audio/eff/Sound/eff_guhuo_b.mp3,mp3,16265,9d524f6fdd59167db4da428468d2de5f97b0e990e0e1c5012304d84713b51e0a
res_n_main/medium/audio/eff/Sound/eff_guhuo_c.mp3,mp3,7906,01c2dac4732b21d80c5da9cedc57040d060aeacd62ca1feee95a0debf3663b21
res_n_main/medium/audio/eff/Sound/eff_guicai_a.mp3,mp3,6652,a7e025e31122beaab72eb61c5cef278a32707a6b19cb88ef1de185c59c3f2909
res_n_main/medium/audio/eff/Sound/eff_guicai_b.mp3,mp3,9369,ae286a04722c697f0d4892c9fa733c437bbed835ed3c937e966c13f265c4b464
res_n_main/medium/audio/eff/Sound/eff_guicai_c.mp3,mp3,6861,aad1c1204bcf19307e9f3387a7bbdee881e60b483cac84b1dd234ff3716df3f8
res_n_main/medium/audio/eff/Sound/eff_guixin_a.mp3,mp3,30601,c921634cbee8d23010bbed6f964e13dc2746de950598f41e7afa6e071f7f6626
res_n_main/medium/audio/eff/Sound/eff_guixin_b.mp3,mp3,28516,7b941227664da4f9b2659c0a63ce98f70577261625e8cf97ee1524324bc84c17
res_n_main/medium/audio/eff/Sound/eff_guixin_dun_a.mp3,mp3,20176,5c94dba445a4759c2d9db49fe89beae5f8fe141557225521c94a8d1ab8759e61
res_n_main/medium/audio/eff/Sound/eff_guose_a.mp3,mp3,14593,329751fe3cb1c0ce3a50bde10bb351d0a77bb72768867f9979a1f05c567ad3b0
res_n_main/medium/audio/eff/Sound/eff_guose_b.mp3,mp3,5398,5bbc3c5c51dde8b170636391ea53b0336aea1b9624bda6672c76d66b591130ff
res_n_main/medium/audio/eff/Sound/eff_hujiao_a.mp3,mp3,7488,eb3bad81d05c5cb203fc25ef9a3dd9d7daa0c1e299e88f054dd86c6e6492a24a
res_n_main/medium/audio/eff/Sound/eff_hujiao_b.mp3,mp3,10205,c3811df334b987c79e320b938f8434af92ca2ce5c52182806e061ccaa3d5da7f
res_n_main/medium/audio/eff/Sound/eff_huoji.mp3,mp3,17519,caa9911ee07f168ba79405cd7204524058f1cddede03501cb671353ecc231d17
res_n_main/medium/audio/eff/Sound/eff_ji_a.mp3,mp3,4980,026a43c5ccb78729b6b530569dd44497f4c4d0bede5b1e6c16f01c235345b795
res_n_main/medium/audio/eff/Sound/eff_ji_b.mp3,mp3,6025,8ecab65c351d0c7922ded74a146fa0bbb30ac9290a5ee028a1f237d3f964b737
res_n_main/medium/audio/eff/Sound/eff_jian_a.mp3,mp3,5607,db30fa022977f388dbee6557ad93758b34fe73605921f0afed225969bb822932
res_n_main/medium/audio/eff/Sound/eff_jian_b.mp3,mp3,5607,2cacc7ae4adead6a6516fd88f1f36f878b9d04363b002686d0160ffd4d7ee0fb
res_n_main/medium/audio/eff/Sound/eff_jiang_a.mp3,mp3,3726,61b92755d2203545f0c4e385c7f7ce3e97327a735933aee317dc3cff4e4c058d
res_n_main/medium/audio/eff/Sound/eff_jiang_b.mp3,mp3,7279,3b2b03d0f76f1f7491e3e57997ac5d04e319d5eaf3abe66f2374b8490e073d6f
res_n_main/medium/audio/eff/Sound/eff_jiang_c.mp3,mp3,9160,f936796b12bc3dd8f350be3069f37a669b5c811eafc8016c580896d49376c0a4
res_n_main/medium/audio/eff/Sound/eff_jianxiong.mp3,mp3,19818,4191667e619cfd800d8655538e6ccf818e53b227bc2b1720d11a17f135307013
res_n_main/medium/audio/eff/Sound/eff_jieyin.mp3,mp3,27132,b95da476f2cb5c6d22f259342bc87b7e419d52d2fd7ec935defa11d506479725
res_n_main/medium/audio/eff/Sound/eff_jueqing_a.mp3,mp3,8324,0e7df8c42802e1951e07bbb3838481d8a1a1c0a7dfbad14ac6eb5007c4d94952
res_n_main/medium/audio/eff/Sound/eff_jueqing_b.mp3,mp3,8115,5a057f76532f23f8e96feca2a09a672bcf4c173a00c97cee429a3c19d5e08b42
res_n_main/medium/audio/eff/Sound/eff_kaizhan.mp3,mp3,12503,f9d9da5dc9ceb77450ca4979aa7693efca19ceb31fabb697bbf68eb4b1f948ad
res_n_main/medium/audio/eff/Sound/eff_kuanggu_a.mp3,mp3,4771,99237b04c38fcdab1227b02c871c1d3539b03710388d97a63008d65987f886a4
res_n_main/medium/audio/eff/Sound/eff_kuanggu_b.mp3,mp3,6443,683f55c57b5e862d60795d9bb309eed70b81d76b860cdf95361512d003a2983b
res_n_main/medium/audio/eff/Sound/eff_kuanggu_c.mp3,mp3,6443,c7aeb777bd93f655a7c9b3499176f349d657a27cad4521a4e2147c28e6dce0b9
res_n_main/medium/audio/eff/Sound/eff_kurou_a.mp3,mp3,6025,3fd0f36699db5975645eb29fa1d6b19258bf0544a432cb82c0ad4f7ced9aba0d
res_n_main/medium/audio/eff/Sound/eff_leiji_a.mp3,mp3,7488,fa63460fb21a0c8f0e9933037455e6d8768b65423bd3fa298f68fa394f00b545
res_n_main/medium/audio/eff/Sound/eff_leiji_b.mp3,mp3,13130,8358d8bfdab32f8232a2acd4beccfd06e88d0d85421eaf2151a8ac0b0befc390
res_n_main/medium/audio/eff/Sound/eff_lianying_a.mp3,mp3,4980,65a5d465ae0801a3fc9d17ea7c8239044ade3043c8fc3ed30d5e222366a4a5df
res_n_main/medium/audio/eff/Sound/eff_lianying_b.mp3,mp3,6443,f8f849174b6f9d8251b8bee991237453449aa1738c31eba6887f9ab2c79a3a73
res_n_main/medium/audio/eff/Sound/eff_lianying_c.mp3,mp3,5816,366963c94ae71df9605185890f1491e79d704564faf55c0b56c174adc522b714
res_n_main/medium/audio/eff/Sound/eff_liegong_b.mp3,mp3,21907,0c09dbe99bc4e2abef97e39f34ca7fcb6c3812cd49df25caabfcb312faa894ce
res_n_main/medium/audio/eff/Sound/eff_liegong_c.mp3,mp3,8533,a7645c817658f067f9e9e404dd76eea6939bdb982fb6e6f80903d46b8ea3ac3b
res_n_main/medium/audio/eff/Sound/eff_lijian_a.mp3,mp3,18146,4bd713e3ba1922b3c42714f5c754bba00bf8713de3ac5a6610d796b092b01270
res_n_main/medium/audio/eff/Sound/eff_lijian_b.mp3,mp3,7697,e12f7893ba2792646ad2c2c27c93847d793f3a4872ec62530032cd2590b76c76
res_n_main/medium/audio/eff/Sound/eff_lijian_c.mp3,mp3,14802,003119ced38688f3d489c3c4aa84512c913abf1ce97a63a2d9ede2a02031904a
res_n_main/medium/audio/eff/Sound/eff_longdan_a.mp3,mp3,9160,6be79404b4fbbc2c0cc2d04676480de464c60cef14fa0dd67e7ac39407a1d934
res_n_main/medium/audio/eff/Sound/eff_longdan_b.mp3,mp3,8951,b180b3e16e5a6d4f58e92b390a07178e9b53dcc744778120080706a197c0eb0e
res_n_main/medium/audio/eff/Sound/eff_longdan_c.mp3,mp3,9369,d59184bb7d182125f2a6253ec430e61d9eedc6cb105f8848e70fd4a126e11442
res_n_main/medium/audio/eff/Sound/eff_longling_dianliu.mp3,mp3,11520,017bc100dde978a87f3e3ebd86e128129fe115ed579ce342ae706d9d0123b9ab
res_n_main/medium/audio/eff/Sound/eff_longling_long.mp3,mp3,7872,9b5488948e11960c305270cd8b36440ea215e1a461497a25c96df7b504d65755
res_n_main/medium/audio/eff/Sound/eff_longling_pi.mp3,mp3,15168,37bd784a381469c0c78c1a5897d16d0c47b04e9c4be7e37c5b1a1da4c1dd44a5
res_n_main/medium/audio/eff/Sound/eff_luanji_a.mp3,mp3,3726,704f1e651dbd8436c2afc774827276dc441b38822b03d2223adb4b77d13adac6
res_n_main/medium/audio/eff/Sound/eff_luanji_b.mp3,mp3,6025,46c42b838a96dd921f3c6b04f4c444bf95b24184ca3b29a73179f945e241f091
res_n_main/medium/audio/eff/Sound/eff_luanwu_a.mp3,mp3,19392,c75bbb035c96c6f56ac473f614f9628117eaba16973eb9d2cca509c4456a20dc
res_n_main/medium/audio/eff/Sound/eff_luanwu_b.mp3,mp3,4608,7a9c53bb82235244d9244521ab0fee9357f2b82750e2cf5e35e8539391ed1f2d
res_n_main/medium/audio/eff/Sound/eff_luoshen_a.mp3,mp3,15011,1428bd904046132a8f065a45e8ef0448575176af90cd159164f78c73c4d658d8
res_n_main/medium/audio/eff/Sound/eff_luoshen_b.mp3,mp3,18564,a9fe98d584f9c5257c8b06350f7202648b97ef1e5ccae59ffe75ca7edfd8f87e
res_n_main/medium/audio/eff/Sound/eff_luoshen_c.mp3,mp3,23997,ecb9eddf99d967427b12f66b75aca0280cedc83e02a124f8325a5761b9fbdd9a
res_n_main/medium/audio/eff/Sound/eff_luoyi_a.mp3,mp3,11876,acbd778570102ee2358fa2a438355167bee8a64db4a20514df3272f60d6ed3e4
res_n_main/medium/audio/eff/Sound/eff_luoyi_b.mp3,mp3,8742,b3c1acb34be7e563bd71ceeff401422e4f2f9025abde2e6f39a68cbd714b62fe
res_n_main/medium/audio/eff/Sound/eff_mingce_a.mp3,mp3,15552,4ec07fca04625900664596f6dece9444ed15cfe2e4fad145631e4ee63ba66550
res_n_main/medium/audio/eff/Sound/eff_mingce_b.mp3,mp3,5189,b9fb10239bd759d8717557297d4c4657bc8b06aedf5336e40fc1e4aea3249585
res_n_main/medium/audio/eff/Sound/eff_mokurou.mp3,mp3,5509,9e51d6b953316c202085d6dcbcc3157173c08226d56fcfef1885f90cdf49c1bc
res_n_main/medium/audio/eff/Sound/eff_paoxiao.mp3,mp3,4771,21d8a24ebf1a1f823fe9c80e8377c2338d5f2a5aa8b4de96b9a51aeeae7eca84
res_n_main/medium/audio/eff/Sound/eff_qiang_a.mp3,mp3,5816,94b9bd52bcbcd469fbf4afb6ae00e254fe78a6cb8295d1e515d2c7471685ac07
res_n_main/medium/audio/eff/Sound/eff_qiang_b.mp3,mp3,8742,1c17039e45fcad8c9919f2bbd3a059b2bd97afa90ccad6e811eb1ddbab423fd1
res_n_main/medium/audio/eff/Sound/eff_qiangwu_b.mp3,mp3,8533,4aa4b375aedb32bffed03b659870adcd0ea4c53a0feb4f382b66c52db1c58425
res_n_main/medium/audio/eff/Sound/eff_qiangxi_a.mp3,mp3,10414,1514959285b73382bf8ff41f3cb49751d479f04a6f59d2088f22061fb77efe0e
res_n_main/medium/audio/eff/Sound/eff_qiangxi_b.mp3,mp3,10205,0e12625e1b882836c6de66fb7c55fb79a9f3aa30f0fadc22c86e0fc0d16c5ec5
res_n_main/medium/audio/eff/Sound/eff_qiaobian.mp3,mp3,36860,5dd2a68f229eea47106a67d98492b04dbcef5c194f88ea2998ee3c00dfe08a20
res_n_main/medium/audio/eff/Sound/eff_qice_a.mp3,mp3,13339,f0d0a7f9e50e23bfe5e2467c99d4118a218a0070897af10c17e2e7679dc82a6f
res_n_main/medium/audio/eff/Sound/eff_qice_b.mp3,mp3,12712,5b9d063ef5ed1addd0dd9ae79374011fe7ee50f3c258aa528c9b7c7949628eb7
res_n_main/medium/audio/eff/Sound/eff_qinyin_a.mp3,mp3,15507,86dba7751364ed3a9e841b7e26c8b34ec59a3e00f795d222b226eab18dba00b2
res_n_main/medium/audio/eff/Sound/eff_qinyin_b.mp3,mp3,8427,402a8665588d9c7f75d800d8f0cd56c109163e917c1ba7fbf8d8948b99487a24
res_n_main/medium/audio/eff/Sound/eff_qinyin_c.mp3,mp3,14547,e10d48903facfd57035fb255ffd6e31906dc18d5e7a564e466a53f0dffc825bc
res_n_main/medium/audio/eff/Sound/eff_qixi_a.mp3,mp3,6234,74c066eec3d3ffa6f6d75653198315c429a713ed2f424d97cca64da3f29eaaab
res_n_main/medium/audio/eff/Sound/eff_qixi_b.mp3,mp3,5189,e024d675be2f4020cac1b9b1f326420056a9779107b5a82f520c8f8ec430bdac
res_n_main/medium/audio/eff/Sound/eff_rende.mp3,mp3,24206,10ce2261b9c870ba8a8f0908a5142f72d0cac2a235e49722184d8ae0b6605b25
res_n_main/medium/audio/eff/Sound/eff_shan.mp3,mp3,11040,f9e1990b419960dc7a257d32f56c06c20b3bcf81fd8de9d2575073320d735a11
res_n_main/medium/audio/eff/Sound/eff_shan_a.mp3,mp3,5398,bc95043f521cfce6845e2215115b80ffaeb4484957635811f813144c287ec55e
res_n_main/medium/audio/eff/Sound/eff_shan_b.mp3,mp3,10205,254926cc2407ce5d46b591ba26f2bfe1a9ac5f112abe603bd861b733a0b34d3b
res_n_main/medium/audio/eff/Sound/eff_shenfen_a.mp3,mp3,11328,4c3722b0e62c4336e2b112b50986b71033efd2d65c00a0137d7b483ef0476a48
res_n_main/medium/audio/eff/Sound/eff_shenfen_b.mp3,mp3,11328,f38f591f54c884f395e4668fbec201c64fab074e68b7f91891c0755253403ba1
res_n_main/medium/audio/eff/Sound/eff_shenfen_c.mp3,mp3,12288,9e5cd45ebe6068e06c73a4d1287d9c9e05b777db1080e1ade57037b80c1917e8
res_n_main/medium/audio/eff/Sound/eff_shensu_a.mp3,mp3,5189,dc7fbce66ee1ebd31cb4f5bac99fe59f248dd7eba4f8810a7bb547d73615d586
res_n_main/medium/audio/eff/Sound/eff_shensu_b.mp3,mp3,7070,d4d1d60f7ba6a153dd17e09c835f356ec86010ba72e872b752dcc91942e3dd4d
res_n_main/medium/audio/eff/Sound/eff_skill.mp3,mp3,5398,4afdc464634bf1b0ef5292bb6e0f739067aaf8edb96d29ce57688a15330f57dd
res_n_main/medium/audio/eff/Sound/eff_tianxiang_a.mp3,mp3,9160,16a65292d6cde0cf6fd722a0a2c807d021c666f0e65a7e93e2de1a5960ecdc85
res_n_main/medium/audio/eff/Sound/eff_tianxiang_b.mp3,mp3,12503,5a83cee2a5635f6325a106894e0c9a99ffcea52aee8b7990dcca6284a7005919
res_n_main/medium/audio/eff/Sound/eff_tianyi_a.mp3,mp3,7488,7f1cab0e41158946fd60558f06cb6b28fbdf58ab321e96d173c86df7b4f3dca0
res_n_main/medium/audio/eff/Sound/eff_tianyi_b.mp3,mp3,8742,617a3bc6411aa7149a34df6f15934300b25af85fbf21ab6c91759fe7df9f17fc
res_n_main/medium/audio/eff/Sound/eff_tieqi_a.mp3,mp3,15011,ea3dfb81e1688b6098ebf2a6c6398f3a9b573daa70f322d678628b3662747664
res_n_main/medium/audio/eff/Sound/eff_tieqi_b.mp3,mp3,9160,6b365b9f4fe02603710bbb552cc26b063f510d2c4d1c0182a089b10e42392eb4
res_n_main/medium/audio/eff/Sound/eff_treat.mp3,mp3,9996,274500f5b889e8757577c9cb79b8b3bc7747a4bc538e1e5b02868a5301a1da01
res_n_main/medium/audio/eff/Sound/eff_tuntian.mp3,mp3,26431,8cb512cad9672dfa3d1ae9cbc42205d148b4051c37721ee569ee659d37660544
res_n_main/medium/audio/eff/Sound/eff_tuxi_a.mp3,mp3,8324,5c455a138bb9dbd066739e4a52620d643a0dc0fd31380c716a733bf8fb48543c
res_n_main/medium/audio/eff/Sound/eff_tuxi_b.mp3,mp3,5816,e7247fc770ab4ccee69691ce883cf89911376f3fb99c062d6271050fd3641e68
res_n_main/medium/audio/eff/Sound/eff_tuxi_c.mp3,mp3,6443,e49b3940d2bf04fbbabee365e2f97cd6ac1a5c85ffed26239096dc3d62b7a4b2
res_n_main/medium/audio/eff/Sound/eff_wuhun.mp3,mp3,12480,6eab62847fb4fa23de7d14dd31364355a92bbe401447203fd2d0a7fef7186ee4
res_n_main/medium/audio/eff/Sound/eff_wuqian_a.mp3,mp3,10205,f53d53011bb78e0eb5452b88d44bfb80d1d300fb175ecb99459fb96bd5c00249
res_n_main/medium/audio/eff/Sound/eff_wuqian_b.mp3,mp3,4562,c9000136a7f44eb8bb5d6e1584a08556c403e3d0a90ae7ae09a1a5a3715f469a
res_n_main/medium/audio/eff/Sound/eff_wuqian_c.mp3,mp3,8742,d403130f3bb1f454576ab91de0f15091cecefdd9383dbc40770fc2cbd8edea98
res_n_main/medium/audio/eff/Sound/eff_wusheng_a.mp3,mp3,11040,243189161c825434e1ce4559c7e2d3316fb70a87fe2e44e15542352e268f01e3
res_n_main/medium/audio/eff/Sound/eff_wusheng_b.mp3,mp3,13130,a10480c798c16f908460de2ac0a0701ee193632f2cb600138c7b4c736e8ce907
res_n_main/medium/audio/eff/Sound/eff_wusheng_c.mp3,mp3,16683,c25d873cff1fe183da2d55ee9d520787a0aa7c4f8bbee4fe64eac8e5672890b0
res_n_main/medium/audio/eff/Sound/eff_wushuang_a.mp3,mp3,6234,146ef8a22f4143ff9b1880654d78617c6c1b8cd05d14f558b62276cdb27d56f2
res_n_main/medium/audio/eff/Sound/eff_wushuang_b.mp3,mp3,5189,b91031ab0a2af1c71c57c57dea78ffeaf7defb78dcd545606be82d64d18a2440
res_n_main/medium/audio/eff/Sound/eff_wushuang_c.mp3,mp3,7070,f2442055a5d407c4576044dc2e3f4151eae839fef974552fc388ea70dafc2680
res_n_main/medium/audio/eff/Sound/eff_xianzhen_baopo.mp3,mp3,10944,0bef8bb68a690a51e8bd9bc36eacff1db7734ede5b32654f3746b34345612a7a
res_n_main/medium/audio/eff/Sound/eff_xianzhen_dunsui.mp3,mp3,5816,e1ece444478d279e04d899c41890b7c3616cab41937b1720f69707655e6313e0
res_n_main/medium/audio/eff/Sound/eff_xianzhen_fenshen.mp3,mp3,4562,ab3e344233578b6227b9eec6296cb94a7399cd8ed097e3a7c181cb3c0be3ffd7
res_n_main/medium/audio/eff/Sound/eff_xianzhen_gongji.mp3,mp3,5607,5f51ef48abfe6388ed4eaa7b8f791441ef96d25865c6e4ccf514b7ddf10b7214
res_n_main/medium/audio/eff/Sound/eff_xiaoji_a.mp3,mp3,2636,76834525d5527e4c704c3f835e0d45a8e5825ea634ac05fca236a95f5a5f719d
res_n_main/medium/audio/eff/Sound/eff_xiaoji_b.mp3,mp3,5771,79088d8d55169f005f4f4bd8338eb8d481d35acfa52db349fa6ae0107829700a
res_n_main/medium/audio/eff/Sound/eff_xiaoji_c.mp3,mp3,7861,27d5c342cf020c1331c49706d4813ef8375c5c75a0dcafd93c5e04970e19ad5c
res_n_main/medium/audio/eff/Sound/eff_xuanfeng_a.mp3,mp3,9578,9b60703e72f3f9dc99542a7d8c435328669bece8c7008a53bc2ebfe6c69459a7
res_n_main/medium/audio/eff/Sound/eff_xuanfeng_b.mp3,mp3,7697,c12471982fdf00cb83518dfe8e64d4702c659e3da738e78ddea31e6e5e5d962c
res_n_main/medium/audio/eff/Sound/eff_xueji_a.mp3,mp3,11249,18b7a30d8886daca71dfca129625f163c5a27ae57b78809bdaea6bc368d6cb3e
res_n_main/medium/audio/eff/Sound/eff_xueji_b.mp3,mp3,7279,b2a9ea2afe267135465ccd45cd5854c819dcc474fb242ad25a48798d80e7bfe3
res_n_main/medium/audio/eff/Sound/eff_xueshang.mp3,mp3,16892,abaf2ab23dab256a1a468294ec72160a18427ae19cc07149eb83497823a817d8
res_n_main/medium/audio/eff/Sound/eff_yaowu_a.mp3,mp3,16320,eb46b41eb1fd6d22635b7b4c8af868401a03c7e47076b978ff674a0ad362ef1e
res_n_main/medium/audio/eff/Sound/eff_yaowu_b.mp3,mp3,11904,5a444331b7b88d8581c218b986e71cbf199ae5f7fe648fa68e42f87c512bb287
res_n_main/medium/audio/eff/Sound/eff_yiji_a.mp3,mp3,15429,791362e9537ac5a2b3fcc75df3508ae68edf426eb663c3892e8facc90b5d350b
res_n_main/medium/audio/eff/Sound/eff_yiji_b.mp3,mp3,18357,2d286c8c5848740ea953e9e2a9d7dcb0e3f5bbd8c108a096be17ed9236bdab0e
res_n_main/medium/audio/eff/Sound/eff_yingzi_a.mp3,mp3,7872,e782105f02f5faa788db421e18f2e76c1858a5f1e83d3a3a286e1ad469e2dde5
res_n_main/medium/audio/eff/Sound/eff_yingzi_b.mp3,mp3,12096,9c61882b94d786f15496ea631f88271b53c45e80aea7aaead7ab8c7e64540bdf
res_n_main/medium/audio/eff/Sound/eff_yizhong.mp3,mp3,10205,aa9d8cfaf1352ec53262a5fdb5326dd99102233150cb411ec5407c191b574036
res_n_main/medium/audio/eff/Sound/eff_zhiheng_a.mp3,mp3,8533,a2c14fbab8069ba93b04b36ef6cc3e149719cd016d8eb25aa8ac81a5ff1e413d
res_n_main/medium/audio/eff/Sound/eff_zhiheng_b.mp3,mp3,11040,5bbca91dcb64805703ece5086c80ccdd889228a6ebd8d15a92d61adacc559b7d
res_n_main/medium/audio/eff/Sound/eff_zhoufu_bingdong.mp3,mp3,9984,410132c2899aa0d0bfb872d73e90cad4707934614397219df7e2185c20b7965a
res_n_main/medium/audio/eff/Sound/eff_zhoufu_sheng.mp3,mp3,12921,83e0971b86f25201b099582ddd39004f916d39acb21fe79e6420fbc933af1987
res_n_main/medium/audio/eff/Sound/eff_zhua.mp3,mp3,6861,4c3368d0299348b4921d12e7e32e02e3c20abe621a695850f39abbcc82da1d83
res_n_main/medium/audio/eff/Sound/eff_zhuikong_a.mp3,mp3,29354,208fd8945b9ea0c24705f8cf310d833f5679e9daa137898c5243890037cb05cf
res_n_main/medium/audio/eff/Sound/eff_zhuikong_b.mp3,mp3,38945,426e4393852da553f908c4e449c117f5e1d0376346980f272f55cba9c62e0481
res_n_main/medium/audio/eff/Sound/eff_zuihouyiji.mp3,mp3,13757,bd54ba6eadfc5de7372c88a43c671f3603d2bbc17f9c19f6b529f7dd32e02bc7
res_n_main/medium/audio/eff/UI/eff_chenfu.mp3,mp3,10623,5410daf09c32b230949ebd6c8efffeef4447766a29822185042516e217819f11
res_n_main/medium/audio/eff/UI/eff_chuancheng.mp3,mp3,18146,4018e91f35f48648e7c0dcff2b99e1f5fb03beb34a1dda5dde015e84737cbcf3
res_n_main/medium/audio/eff/UI/eff_dahujiemian.mp3,mp3,23959,a087ddbc5477e4ce0a9ae0e86ae570f722672b3fb6c23188868f740f0acc8a03
res_n_main/medium/audio/eff/UI/eff_duijiu_hunpo_a.mp3,mp3,2263,dd2c6129deff246221ee6569d9cb9aea55d4c066feee468d8375e8517cc36d0f
res_n_main/medium/audio/eff/UI/eff_duijiu_hunpo_b.mp3,mp3,10832,d78841bd47069b8683ff7a44ea9613e2726a79d16c6e8f27ccb1a4a62b7c3ac4
res_n_main/medium/audio/eff/UI/eff_duijiu_kapai_a.mp3,mp3,29013,9c11336cd351cb5ea64cc92f5511ad2e4c72b6e83a31cb958911e514ffd055e1
res_n_main/medium/audio/eff/UI/eff_duijiu_kapai_b.mp3,mp3,8324,a8ec3ad99d6929c9e9ec4ef2fb8d4badc5d89336dcf42d817e4b6d4e89b34bfe
res_n_main/medium/audio/eff/UI/eff_duijiu_shenzi.mp3,mp3,18982,943b45db96becf0210e4ae3a49de017d3e24b1dbd15d2fa85a4af1cc6ed577bb
res_n_main/medium/audio/eff/UI/eff_guanka_jiesuo_a.mp3,mp3,6861,ed669275f7f97f2530d54a669a85570452a20037396b48aa117e61d0a1cb18fa
res_n_main/medium/audio/eff/UI/eff_guanka_jiesuo_b.mp3,mp3,13757,f37b2f145bd153ed3a511817fb8ad0dce13af4ffe2f5ef2229a064cdbb5e2c12
res_n_main/medium/audio/eff/UI/eff_jineng_shengji_a.mp3,mp3,8324,ef380bccf173d71d43bfd42e846363151ce0f9fe4ac63dae92eaf9101e303328
res_n_main/medium/audio/eff/UI/eff_jineng_shengji_b.mp3,mp3,13548,f9530970a23bb001cd452a4673fd12605d6352b0e02e95733514535556e8e540
res_n_main/medium/audio/eff/UI/eff_kuaijieanniu.mp3,mp3,3726,42f4d677ddffd4c96f5bada2a45aeed84b5912c086293870bfb44197293ded85
res_n_main/medium/audio/eff/UI/eff_main_fayan.mp3,mp3,2054,b40ccf409707fbf2dd8568b45440bc8b34698e50f2c01ae9ad5088306e2f1afc
res_n_main/medium/audio/eff/UI/eff_main_paopao.mp3,mp3,2054,1cde2b65af9a69b57f0f4953d575ab3af6d9ee449af0b1deb4278287a4f49933
res_n_main/medium/audio/eff/UI/eff_main_qiehuan.mp3,mp3,7279,0e4d2661d5ee73e466a5c4039838a013b29447758ee0df0ce6b8e7542c14d6e0
res_n_main/medium/audio/eff/UI/eff_plot01_pa.mp3,mp3,2263,fe81e7daf6038bc9a2e6e110ab169e0a5f48a60babae2f71de037d74e0444282
res_n_main/medium/audio/eff/UI/eff_plot01_sha.mp3,mp3,0,e3b0c44298fc1c149afbf4c8996fb92427ae41e4649b934ca495991b7852b855
res_n_main/medium/audio/eff/UI/eff_plot02_shan.mp3,mp3,13124,bcf7bde616c4f459b1944ee36151c9233b6c252aeb763e359e903ae971b0e4f1
res_n_main/medium/audio/eff/UI/eff_plot03.mp3,mp3,49246,218520fadba65dd51b94db0dd48fa8b328ddaf006319204b12b3415b7d63d5d7
res_n_main/medium/audio/eff/UI/eff_plot04_ding.mp3,mp3,16477,ce0000827d7f4fa0d6884bb23d7630238dcfb7a5e77fa2d692825d5aebcfaf78
res_n_main/medium/audio/eff/UI/eff_plot04_en.mp3,mp3,18371,799dc957564f80328fdc81447ce01fbe494280aa57f7285cdf7d136446fe1952
res_n_main/medium/audio/eff/UI/eff_plot04_nanman.mp3,mp3,18371,2671b95bb09e873c27389d9e722dba2566f2fd14979ec9188ccea6d4bccf2baf
res_n_main/medium/audio/eff/UI/eff_plot04_qiehuan.mp3,mp3,6234,af11ed34d00fa953e9e18b027f8e8c5f0f0fbdfd3b50a4bcde539dfd9ca64c67
res_n_main/medium/audio/eff/UI/eff_plot05_a_s.mp3,mp3,12906,31badd6da5eb5a2651aa87dfc59e9acc4393dc95d92d4aeb695739677e390289
res_n_main/medium/audio/eff/UI/eff_plot05_a_x.mp3,mp3,12906,dbb51813e65f018bee73de22dd2fe920d6c7801d07ed55b21336f9c8e570ce19
res_n_main/medium/audio/eff/UI/eff_plot05_dalei.mp3,mp3,13966,c742642496e87755c077adf61bf22ea8ec734e465eaabf57e4a5b382204029a6
res_n_main/medium/audio/eff/UI/eff_plot05_gaizhang.mp3,mp3,13551,12bf93a1371096edd75566011b02ecef183094c4fd765e19462609b9a3faa943
res_n_main/medium/audio/eff/UI/eff_plot06.mp3,mp3,29393,cac3926f908091929d9fcf4631c4c589046e4d3f03e30edc671a94a339ba3c29
res_n_main/medium/audio/eff/UI/eff_plot07_huohai.mp3,mp3,18146,557a7547c793d95ac3ecd5b56fa201169a28bd4720182cb7c5e75fb000c8a258
res_n_main/medium/audio/eff/UI/eff_plot07_sha.mp3,mp3,0,e3b0c44298fc1c149afbf4c8996fb92427ae41e4649b934ca495991b7852b855
res_n_main/medium/audio/eff/UI/eff_plot08_jianshi.mp3,mp3,5607,d662d51d8dd0b1c559ef284a2917d9f77d2d84b3232c010e55e8826e5cc71166
res_n_main/medium/audio/eff/UI/eff_plot08_shenyin.mp3,mp3,18758,51df0b34ed2d68c564599863fffb5bd68dc55ac508fa7cc2fadc909ff9a7941d
res_n_main/medium/audio/eff/UI/eff_plot09_duihua.mp3,mp3,48433,d8186bc5d93a8b3479b37572aaf754ea7ede8782234ef370fedcb907a51753ca
res_n_main/medium/audio/eff/UI/eff_plot10.mp3,mp3,78108,b3e645f241ed7371f3045568fecd789f71a46a10b46f0eba2637702a09ccb106
res_n_main/medium/audio/eff/UI/eff_plot11.mp3,mp3,27744,289a3e4f9c404d95ba1067250a3f416402143f6281f1977beef71f44c3a93879
res_n_main/medium/audio/eff/UI/eff_pvp_dalei.mp3,mp3,8742,a8f038af90d3bca51fa23e606325a69b47d068558a66d3f62481596c5473b908
res_n_main/medium/audio/eff/UI/eff_qianghua.mp3,mp3,12712,0692c9e773db6cd6d208394b73ad42ad268ca1301d5c1a045d7a5f612ec98544
res_n_main/medium/audio/eff/UI/eff_queding.mp3,mp3,3517,13f3b271997d65f19ac14ff213d209efaf514f2c3ace2bd610d54f07192fe450
res_n_main/medium/audio/eff/UI/eff_quxiao.mp3,mp3,3935,67af1e4e6c51708c0ba2159a1b1173d738c3048bf183481bce787f49bf6a2816
res_n_main/medium/audio/eff/UI/eff_shengli.mp3,mp3,50688,6720d969fe3de293431622efb8c4add99189af2c9b51ac9178e18635d4ab9267
res_n_main/medium/audio/eff/UI/eff_shibai.mp3,mp3,62784,8e6abedceba8f1b5ca195145f63ced606986afb63c4341edbe16ef011897dccb
res_n_main/medium/audio/eff/UI/eff_shilianchou_dahe.mp3,mp3,24609,112c4ee2dcef2eca47dad6f91a4efda674f7c2ebfdc729cf423a82a5a00677a7
res_n_main/medium/audio/eff/UI/eff_shilianchou_pang.mp3,mp3,11250,00ffcfdc7a5a8db697e45cbe8f6090c3866cf8a880f09923e6e4cee7d49157a3
res_n_main/medium/audio/eff/UI/eff_shilianchou_qishi.mp3,mp3,18937,b8bee822419bbe66e9384603ba0431a37ca24d24a5132739def2bf590ed26e42
res_n_main/medium/audio/eff/UI/eff_tupo.mp3,mp3,15220,2cdbaa490ec7e479e6adfc016b0acdd8c5c7f91707681ce2a22f93408757d169
res_n_main/medium/audio/eff/UI/eff_wanjia_shengji_a.mp3,mp3,7070,bb9fad6a61fa8cf07ccd95e19f57a3b53793b55ea303c0cce9802992e0452215
res_n_main/medium/audio/eff/UI/eff_wanjia_shengji_b.mp3,mp3,13548,07dc242f801cbe2cecf44262620c35646395e110a954a84be7d379ae8e653242
res_n_main/medium/audio/eff/UI/eff_xiahoushijiemian.mp3,mp3,42790,63bffc5994a5f6f1e6d5a50b17dfa8872e78f5a73c8e934c8bf1f5ff144fbd52
res_n_main/medium/audio/eff/UI/eff_xinxianyingjiemian.mp3,mp3,45716,819c64a95c696351b73b9f4905fcb0681fc7056f465431b61510d9f358459ebe
res_n_main/medium/audio/eff/UI/eff_xiulian_chulai.mp3,mp3,9160,729923b2e2a27f4de8f2630e05e9ab7ab4ad47d5ad27d5dbf26303724110626b
res_n_main/medium/audio/eff/UI/eff_xiulian_diudiao.mp3,mp3,5816,ca1e6f67a21e2b5d8e90ce270851951982142d957846471eef3292265a9cd1b0
res_n_main/medium/audio/eff/UI/eff_xiulian_fuyong.mp3,mp3,7070,736edc89510adb9f1dc4dd53303e302837e622ae8a2d10b8c38b3244060f15ba
res_n_main/medium/audio/eff/UI/eff_xiulian_huoshao.mp3,mp3,12085,f3fd08d3df0b03ee2ccb9aa0f53263eee9f08257b9171afd6c16b8641d65b031
res_n_main/medium/audio/eff/UI/eff_yuanjijiemian.mp3,mp3,49246,dad7638cb1356b6317e7571b8364d4f117db73bbae09c9c4be5d2fe9947aff75
res_n_main/medium/audio/eff/UI/eff_zhandou_tongyuzhi.mp3,mp3,13966,8121d2315e651c61d04f6d739a39a95b5a97ff719da459d7d3b7b3ad08dc28d4
res_n_main/medium/audio/eff/UI/eff_zhandoubutton.mp3,mp3,9996,277ad01177d3d831c9d22bf442de5110a21bd6ef1f3d55d636e43e0faafe527b
res_n_main/medium/audio/eff/UI/eff_zhuanshi.mp3,mp3,25669,a8c99c37bb30b9a7ad8b76bfb4eccd016dde7e196c908830236ee671e03933f1
res_n_main/medium/audio/eff/Voice/eff_bingzhangluxun.mp3,mp3,26924,539fbeed0fe357b4a7beb45c724649ae2b43424e5e7be7579190a50eecfaab06
res_n_main/medium/audio/eff/Voice/eff_bulianshi.mp3,mp3,34237,95a626703d7c70c50c59defb71a525fa6058ffe538cd0415998da0af244738f5
res_n_main/medium/audio/eff/Voice/eff_buqu_1.mp3,mp3,13757,7fa8bd3d00203b58183c6467de728706354b11b3274af80de5dcdd73783cdf76
res_n_main/medium/audio/eff/Voice/eff_buqu_2.mp3,mp3,12712,7a71882f80fc0e0541c98f7167e8215e00595fc0b8819f8efb26e096a589b449
res_n_main/medium/audio/eff/Voice/eff_caijian_1.mp3,mp3,13533,47e771206cbb7683c97303d4e67e739e637eb29058918c2685cc98285b5f9734
res_n_main/medium/audio/eff/Voice/eff_caijian_2.mp3,mp3,13533,ba5e070278714cd55a511f7c7e736957340faed4c60c2dbc8823b9bea1f34de8
res_n_main/medium/audio/eff/Voice/eff_caiwenji.mp3,mp3,72898,0e459e15485ea3af6f854f24bcec810bc63c67cfc3a9f80969c0ace9b4ce9edf
res_n_main/medium/audio/eff/Voice/eff_caocao.mp3,mp3,35282,6a73f1ba135edd1c789f0d5ffd7d4ae894e7cffcfeb6f35985b9990d5d2b32d5
res_n_main/medium/audio/eff/Voice/eff_caopi.mp3,mp3,29013,4238a4bb058e8cb767ddce78f0bc9ab17cf8599abb6dd35675c5ddf2763049cf
res_n_main/medium/audio/eff/Voice/eff_caoren.mp3,mp3,39633,bc71f88cd2828351ba2733f93e94f847ed9a7a2f82ca22024c777014ce4afe96
res_n_main/medium/audio/eff/Voice/eff_caozhi.mp3,mp3,53708,031237a2028526b673c05e591df35c26f04372fb60480f0715378504c5e47089
res_n_main/medium/audio/eff/Voice/eff_chengong.mp3,mp3,39238,27c3e62d78c9ab71760c3e34aa8b4cc5363748cae050962831fe04e90f653bdf
res_n_main/medium/audio/eff/Voice/eff_chengyu.mp3,mp3,61196,339eceeeb6cbf34423f2c961997329c875663085047dbaa4b1c6f3e9b168e0e6
res_n_main/medium/audio/eff/Voice/eff_dahu.mp3,mp3,25422,10cb8493ae4496bafeb4663fa3857cc76648ebc0439fae063dce0d94681b802d
res_n_main/medium/audio/eff/Voice/eff_dangxian_1.mp3,mp3,25422,80eb8b8ff43789af00ce80d1338153660bc7eb6809e24214e080cfe0f632e20d
res_n_main/medium/audio/eff/Voice/eff_dangxian_2.mp3,mp3,17063,43eed54caafc02c42b2a81cc6df5806eebeb52e004e09c631891068a9df99101
res_n_main/medium/audio/eff/Voice/eff_daqiao.mp3,mp3,20445,ab2488508a0b515121309cfc97e9fbd480206df34c1df2e54dc0a3aa34ece911
res_n_main/medium/audio/eff/Voice/eff_dianwei.mp3,mp3,24833,ffd3707a04b3bb7dca0ff11eb7638b37c31627ab5a99de3789267a07eb53ff66
res_n_main/medium/audio/eff/Voice/eff_diaochan.mp3,mp3,33401,dd97a6826e6c26588f72b89f3ab57e4088dd35a3f2346e3fb232f07a44df6b71
res_n_main/medium/audio/eff/Voice/eff_dimeng_1.mp3,mp3,13548,162b1195e379b80d465b2d0cbb453ad19311e58d3c48b43a742e8207387fcede
res_n_main/medium/audio/eff/Voice/eff_dimeng_2.mp3,mp3,12503,01a13cbdca753a01029e77123554926c6050ffcf92a77af95073b70ba449e84e
res_n_main/medium/audio/eff/Voice/eff_dongzhuo.mp3,mp3,45484,67d37bb4e382b2fad76127012b19f47cea9cec9f4da07277d4d5d2a902a65c53
res_n_main/medium/audio/eff/Voice/eff_duanchang_1.mp3,mp3,23370,3f0208db00331d1cc35b1ca65ec970655103f4bd7ec6d0613397392f85124492
res_n_main/medium/audio/eff/Voice/eff_duanchang_2.mp3,mp3,14802,800f30064eaaf469406e918b98baf21764542809bc1a1f926c5cc272194ee195
res_n_main/medium/audio/eff/Voice/eff_duanliang_1.mp3,mp3,18808,4b532bf89edb7bded4c5ce5b9b80649bcc8996da8844b808fdee42cac6764233
res_n_main/medium/audio/eff/Voice/eff_duanliang_2.mp3,mp3,9195,8276bada7966171ddecce7777275fb93e81505568a3f03fcf49866ef5066f2a1
res_n_main/medium/audio/eff/Voice/eff_dujin_1.mp3,mp3,21474,6a0abcaeb72ce14f6a02a57a6510f06ec81947c13cdcc490dd794c8c16c51e36
res_n_main/medium/audio/eff/Voice/eff_dujin_2.mp3,mp3,12906,3799e6049eb4e65ddf151d89856a0016b382d58bfe85bbfeb672e3b6fdc3809f
res_n_main/medium/audio/eff/Voice/eff_enyuan_1.mp3,mp3,23161,7fe4d35f8be1707b1d2a8d539aec01519a34873bebb9e8c5e6013f67e68658b0
res_n_main/medium/audio/eff/Voice/eff_enyuan_2.mp3,mp3,11040,d6b4e1f21e035cbca9d20dc50a7801ad6d8d8c1856232162f8939f19742a14c1
res_n_main/medium/audio/eff/Voice/eff_fangquan_1.mp3,mp3,15011,c70a5113e9ebccc4a33de9845f52edb8803bc8167f50bd18f94fd0a93d551561
res_n_main/medium/audio/eff/Voice/eff_fangquan_2.mp3,mp3,9578,982e06fae02dfd00d6ffb0e486d6a301b4301003eae400093e71c3c9162c5321
res_n_main/medium/audio/eff/Voice/eff_fangzhu_1.mp3,mp3,21907,e6bc52bb49541259ec0a643c1118071d5937f112358b830ca3f0c47f302fe677
res_n_main/medium/audio/eff/Voice/eff_fangzhu_2.mp3,mp3,9996,0efdacb8bde8e9e39e7c1dfa0bc674048292aff98c9f59a46df93d9ca06c7828
res_n_main/medium/audio/eff/Voice/eff_fanjian_1.mp3,mp3,11667,414169ef026b367b85eb513aa5ea8106e3a42daa135659568136e4c648cb1367
res_n_main/medium/audio/eff/Voice/eff_fanjian_2.mp3,mp3,7697,0d09ed48338688e000ccae0bde3e9065b9ab7d11d3fabf3cd21c94ec3676d5f5
res_n_main/medium/audio/eff/Voice/eff_fazheng.mp3,mp3,52209,ef93c03938c16cf6f8d7e1cb315fce1357552598c543eeb8f85e792172c21ff3
res_n_main/medium/audio/eff/Voice/eff_fencheng_1.mp3,mp3,35453,ff79912af977c8160a7e131fb5ca90361e027290664ec69af3160fe74df583a1
res_n_main/medium/audio/eff/Voice/eff_fencheng_2.mp3,mp3,14555,27bbe2b2a8353f4bc65e3102c783351399cd7562b8d7e70094ecaeac9f3ff8f8
res_n_main/medium/audio/eff/Voice/eff_fengwu_1.mp3,mp3,21491,409086faa444e73e08ef2c19c29d19d215533d3e69fc4ebbcb0499528dd5592a
res_n_main/medium/audio/eff/Voice/eff_fengwu_2.mp3,mp3,16475,7b3f7e8c45b4318087e85e2ac9182e764643f88fc6205563336c1d54f155c0f1
res_n_main/medium/audio/eff/Voice/eff_ganglie_1.mp3,mp3,12503,a71817a426f1ee7ef363e1606b97a519443019bb9af648a9bb3040fdd2e19361
res_n_main/medium/audio/eff/Voice/eff_ganglie_2.mp3,mp3,9578,ffafe206ca8a61b77b86db437b493fab56f880e85ea04c383043c337bbf4e941
res_n_main/medium/audio/eff/Voice/eff_ganning.mp3,mp3,22534,68f2a7a12b81aa429fdcdb20fc6a0050113bd44ca056504aa5a2a4337b3e0798
res_n_main/medium/audio/eff/Voice/eff_gaoshun.mp3,mp3,24377,fd4e7a038e4288f33756550cff3614c3a7afcfdadc296a289892e60a7b7c5d8c
res_n_main/medium/audio/eff/Voice/eff_gongsunzan.mp3,mp3,23197,6b2b0c3977e2da1016a711dc2f196d25e2241bb87277617840e8eae2cda35a68
res_n_main/medium/audio/eff/Voice/eff_gongxin_1.mp3,mp3,22743,885a8a3c36c5aff4451baba62ea547cd62e0a41c6e92c000d2bea19456cd814f
res_n_main/medium/audio/eff/Voice/eff_gongxin_2.mp3,mp3,12085,e961887bbcf86264abbb90e83c0d97985f55518fe2c2bdf2bc6c0747b22e4c6c
res_n_main/medium/audio/eff/Voice/eff_guanping.mp3,mp3,19362,6db99300740c0edefd375270c5a922f5bc266fad24910de15f2d2484e29c4932
res_n_main/medium/audio/eff/Voice/eff_guansuo.mp3,mp3,21892,b7f59d02ef096c82feb19e812abc6991d861b58004e1aec844f26fa7ee7cbf88
res_n_main/medium/audio/eff/Voice/eff_guanxing.mp3,mp3,26908,b2199757c5c08c34abfd5855fda9797f443aeabfc45b7dab15b940533055a5b6
res_n_main/medium/audio/eff/Voice/eff_guanyinping.mp3,mp3,36954,15d7c274fe48ec5f7fbc6bd208c8060df6ca58aea69c84c02fe21fae852db665
res_n_main/medium/audio/eff/Voice/eff_guanyu.mp3,mp3,22116,988f38a8bddf56e222fffd7f169a98f385adca1696840327353f207b401aae2c
res_n_main/medium/audio/eff/Voice/eff_guhuo_1.mp3,mp3,15011,6d239905c1d7ce2d5dcabd2aa13a3ee6e32b9b59753d8691092e118026adc255
res_n_main/medium/audio/eff/Voice/eff_guhuo_2.mp3,mp3,15638,c36c526c1b1f10b9bd242aee813f2d990ca74bee67518377d76cb79b2404c6ad
res_n_main/medium/audio/eff/Voice/eff_guicai_1.mp3,mp3,9369,f6682d037f3d0309da556dc1ff7bac965c794ed4cedb833a63b2adb36624ead1
res_n_main/medium/audio/eff/Voice/eff_guicai_2.mp3,mp3,11458,23082d0bf817821164a1c7189b16a4399ff72239e7dfe56826d22951fee02f4b
res_n_main/medium/audio/eff/Voice/eff_guixin_1.mp3,mp3,29640,8693050aefa6ecb6e3b2522130a98d4bdca2842d16537b514ef50c5d55f0e90a
res_n_main/medium/audio/eff/Voice/eff_guixin_2.mp3,mp3,15011,99c09a9b3d4978961c48c690951fddec7eebd08d498fef8eb1d8e8e7b71dd1de
res_n_main/medium/audio/eff/Voice/eff_guojia.mp3,mp3,25042,3df7b68ab859cc4ef7fb1bb1d421cfb0d59c38d662fd2818ec78f5c160f86641
res_n_main/medium/audio/eff/Voice/eff_huaman.mp3,mp3,21280,5e056b75fa6be75483ec7619880bed3331f483495627c3ae1b8a90b7e6207630
res_n_main/medium/audio/eff/Voice/eff_huanggai.mp3,mp3,17519,7c5f5a87bb94302e8ca6203c6662edce6181a9d3c3c0c7e0fd4337ad6772a18c
res_n_main/medium/audio/eff/Voice/eff_huangyueying.mp3,mp3,36536,0db9178852f164a8134eab03eb455d5b1fe246c4b2b9f5607100dc682e67d1cb
res_n_main/medium/audio/eff/Voice/eff_huangzhong.mp3,mp3,46985,350beda6575edcf6afc8f6192b62541257a6a2c9b8c86d70ea16fe7adc3d4467
res_n_main/medium/audio/eff/Voice/eff_huashen_1.mp3,mp3,28805,c6c60488468dfdd218013e74d3fe183a385d5d64c2c535674d13671db18d9bde
res_n_main/medium/audio/eff/Voice/eff_huashen_2.mp3,mp3,47195,fe2643b2194574c97e5bb321b9af731903508149fc81a037a699c36c9a5e51bc
res_n_main/medium/audio/eff/Voice/eff_huatuo.mp3,mp3,35282,6b83aa5dd631de7a49d2991e0486c549d01e365d55423ff70492e948aa9204cd
res_n_main/medium/audio/eff/Voice/eff_huaxiong.mp3,mp3,29625,2cc319286277cc072eeac62e2d4f35d9ce7d51c271d37b95c78ca0642b0b464c
res_n_main/medium/audio/eff/Voice/eff_hujia_1.mp3,mp3,10031,d7b99e0ab0c8ccec88337c72085ea4f625ee4cf3161b47e616079f17a04f2e55
res_n_main/medium/audio/eff/Voice/eff_hujia_2.mp3,mp3,10031,d7b99e0ab0c8ccec88337c72085ea4f625ee4cf3161b47e616079f17a04f2e55
res_n_main/medium/audio/eff/Voice/eff_hujiao_1.mp3,mp3,13719,15eda6f1ef0a8b39b7a7876a2b78815e9356e31d6c44a094027a465749fb91f9
res_n_main/medium/audio/eff/Voice/eff_hujiao_2.mp3,mp3,8704,6f55994eed00d5ade569f23d4289cf21f027fb25138c88fded142809c50102b1
res_n_main/medium/audio/eff/Voice/eff_humei_1.mp3,mp3,30879,2994811ad203b85b37bc9406f8d970457f24a802eb87b9a2e8c37a9ba13d67ae
res_n_main/medium/audio/eff/Voice/eff_humei_2.mp3,mp3,14578,eb7a3ebfb67a294c3cc2f64db468c266fe6ac4cebe6ab9bc69c99622797b9278
res_n_main/medium/audio/eff/Voice/eff_huoji_1.mp3,mp3,11667,e76dc9e3646488604087579cfe3e9238042b8536e06b91687c9efa99a7e03e3e
res_n_main/medium/audio/eff/Voice/eff_huoji_2.mp3,mp3,11458,216fb6055d4e07dbab80386510923b5b0d3cef2adade3105cbd066984e23cc2b
res_n_main/medium/audio/eff/Voice/eff_jiang_1.mp3,mp3,10399,1e191db00203accb7fdbc33d314c92ed75d4174e717d387f8d40dc9a4e73fbb5
res_n_main/medium/audio/eff/Voice/eff_jiang_2.mp3,mp3,19989,4c5523247f760b2e515485e95139222a05e62f9de2de7e8e268cc481a5423784
res_n_main/medium/audio/eff/Voice/eff_jiangwei.mp3,mp3,27341,2dd2b8c6a1b3a1caa2dfb2c26bad6fc2284b14a48907006e836640027510e088
res_n_main/medium/audio/eff/Voice/eff_jianxiong_1.mp3,mp3,0,e3b0c44298fc1c149afbf4c8996fb92427ae41e4649b934ca495991b7852b855
res_n_main/medium/audio/eff/Voice/eff_jianxiong_2.mp3,mp3,15429,ba89f846e1dff86dff28099ae9f76d394fe18421f7897a6a9a4fa3c7af6a49cf
res_n_main/medium/audio/eff/Voice/eff_jiaxu.mp3,mp3,36536,497fe4518384a745acdbe1512899cb327b757968ee68685555ae276d0d0f9cd6
res_n_main/medium/audio/eff/Voice/eff_jieyin_1.mp3,mp3,22116,ffecf747879538e1c53101d7f23fdef51692a9c47ecc8c29a69e0e9037118fe1
res_n_main/medium/audio/eff/Voice/eff_jieyin_2.mp3,mp3,7070,42781a5306991a3c08429e6b8f77cad779a1d77fb6e9aa8846122c046d16cc29
res_n_main/medium/audio/eff/Voice/eff_jijiang_1.mp3,mp3,29431,c7cefe7aa2bc3fe696b244c1d6aee5a0efb2992a027f02eb8d563a8f7c84c709
res_n_main/medium/audio/eff/Voice/eff_jijiang_2.mp3,mp3,14384,7ccd43fda2b3016bbe86b73baee1ac8bdf58265006058b66c92dac4090ecb98e
res_n_main/medium/audio/eff/Voice/eff_jiushi_1.mp3,mp3,21734,4696eaa1370c0ed1fb32c268adaa61348c22f404137c9ffca0cef83fd72d8609
res_n_main/medium/audio/eff/Voice/eff_jiushi_2.mp3,mp3,16509,b0612cecdab76c1ffa999422ef922fc1da07b9e918c448c716a1f1fc1dafc4cc
res_n_main/medium/audio/eff/Voice/eff_jiuyuan_1.mp3,mp3,21698,f72ef6770071d315e041515c8c84d53349f162d74b1f4555863b6b0be6666375
res_n_main/medium/audio/eff/Voice/eff_jiuyuan_2.mp3,mp3,10205,e583c712b14312705f4bfcf7140a19bc0695a171d4cf02b8e0166f2d2a82f214
res_n_main/medium/audio/eff/Voice/eff_jueqing_1.mp3,mp3,8742,f3cfb9aba7290f0de3d0048e1d582bff92f9bd2080e656537d47a9bffae0be71
res_n_main/medium/audio/eff/Voice/eff_jueqing_2.mp3,mp3,8324,fc28f137f33888b6d56d1be712a51afc09e19367ed8fbedfeb4225548e611af3
res_n_main/medium/audio/eff/Voice/eff_jujian_1.mp3,mp3,20027,db9b95afd6a325a2e80ba0d8aeec9f2cca81070ab9976ad647cb35e6618dd0da
res_n_main/medium/audio/eff/Voice/eff_jujian_2.mp3,mp3,7906,8cc5040b4b75ad31ebaf76bf00fef12898cc99d6a9b2a47b407d3e0cf19f6073
res_n_main/medium/audio/eff/Voice/eff_jushou_1.mp3,mp3,11838,280842f924be4ec46bd1caf2de0578136203f321d9e52c1ad5d301003d0ebbf2
res_n_main/medium/audio/eff/Voice/eff_jushou_2.mp3,mp3,24168,5ec750101d4b61df8e6ccc9e418033504617edf2bf4dcd2daa1c2425e20ac2ab
res_n_main/medium/audio/eff/Voice/eff_kuanggu_1.mp3,mp3,11249,5545bef584700f11ec81fb26690ff292386608aac67bf2ed350450ad6c9128b3
res_n_main/medium/audio/eff/Voice/eff_kuanggu_2.mp3,mp3,14384,f95f6837c78fbdf92a0b706f838ca40aa90367b614bad036094014eade0a5588
res_n_main/medium/audio/eff/Voice/eff_kurou_1.mp3,mp3,22743,7434baf285286e7ce0fe31df658108a91ecb482eac01867e5da41fdca54d7e82
res_n_main/medium/audio/eff/Voice/eff_kurou_2.mp3,mp3,9160,cdc4f6340a76de30f2402c379e4d909d1e6de057d93b1ea3159f77dc5c28af88
res_n_main/medium/audio/eff/Voice/eff_leiji_1.mp3,mp3,16056,aa6e44a6714b3e3307ef00a4c72e39c51a538abd477c871507bc7c024bf296c4
res_n_main/medium/audio/eff/Voice/eff_leiji_2.mp3,mp3,14593,67928d93da176d2ff92c75437a63db00498fede7d489b994fad6f9eb54d1cfc8
res_n_main/medium/audio/eff/Voice/eff_lianying_1.mp3,mp3,15011,757efa0581a2b27a0eaf57db2923f7cb3bc8a491b6b29e06ca7ce58be1f5f5d8
res_n_main/medium/audio/eff/Voice/eff_lianying_2.mp3,mp3,12712,2a48323eec0e91704f63fec12a47e3535de5173640bab4e71f10c663fe154737
res_n_main/medium/audio/eff/Voice/eff_liaohua.mp3,mp3,42976,c8f3458d7ce7684fd2b13f12b52c9c174773874c13ef4f7d499194cea009a303
res_n_main/medium/audio/eff/Voice/eff_lidian.mp3,mp3,17295,4c7fcf15f5fd5a2ddf975bbe69b4300b34dcbb5bb8e2566af327a03d7950c213
res_n_main/medium/audio/eff/Voice/eff_liegong_1.mp3,mp3,14175,a5390b178b51b6c45b981023df48918209cbe1e216ebaea119965c4985bbec69
res_n_main/medium/audio/eff/Voice/eff_liegong_2.mp3,mp3,5189,6809d6a5f573e507a17210f70f4a25e9157672b56a4eca9e8413e6f3e4551ac8
res_n_main/medium/audio/eff/Voice/eff_lieren_1.mp3,mp3,10623,0b559ec8230c2536b68d7b93707cf86f3c039529aaec1c76bff237f89d76f87f
res_n_main/medium/audio/eff/Voice/eff_lieren_2.mp3,mp3,10623,0b559ec8230c2536b68d7b93707cf86f3c039529aaec1c76bff237f89d76f87f
res_n_main/medium/audio/eff/Voice/eff_lijian_1.mp3,mp3,18355,f755116f752f236610369a2e54cfb036a9281bd07b8284ed25beac7a47e5e5b8
res_n_main/medium/audio/eff/Voice/eff_lijian_2.mp3,mp3,9578,ed52c3997d001b66681a5fcd613fc8e2b752a00a865bfbd509d7805ef3b3ca27
res_n_main/medium/audio/eff/Voice/eff_lingcao.mp3,mp3,36312,679c6dabebc706a9ad4ee84fe5295ae0576602e07a61f54974fd7a950565588d
res_n_main/medium/audio/eff/Voice/eff_lingtong.mp3,mp3,26714,6884fdbdfeea553c433c492261a45e3d17ec0df1ca6ed8983d5b4c4b51fd0654
res_n_main/medium/audio/eff/Voice/eff_liru.mp3,mp3,37334,3a552bf49771142c5f8796e8a9bdea23bd26ffe0135420eeb56c1a20dabe5240
res_n_main/medium/audio/eff/Voice/eff_liubei.mp3,mp3,19191,25e4f13ae11c429a3dc21ad5b97e6f8ce7c37bc3c3afbe0b76e62eb289965d89
res_n_main/medium/audio/eff/Voice/eff_liuli_1.mp3,mp3,7906,c408d8c8370e906d2d0fc533acfd4cad178ac33af30ab3c2262fea937cc0bcf5
res_n_main/medium/audio/eff/Voice/eff_liuli_2.mp3,mp3,11667,515a6d55349fda9052c4ec2efb04cb8814e374895e896895151e3f4378ee600c
res_n_main/medium/audio/eff/Voice/eff_liushan.mp3,mp3,11249,059fbbc7233b8db86b6664492de762e1499624c443b046b63380c36367936a1d
res_n_main/medium/audio/eff/Voice/eff_liuxie.mp3,mp3,31373,cc55a81d97a609daad0d6df19e03eef65e7f1cf17f26c5da7529514967cfd5b1
res_n_main/medium/audio/eff/Voice/eff_longdan_1.mp3,mp3,11025,23c0b460d41bac19ff4b47f5be04b7de0b412d63a4112fe812e4072109dbb847
res_n_main/medium/audio/eff/Voice/eff_longdan_2.mp3,mp3,28162,3104ff86338fe2fdb480ed376df29bf64a490ebdb1377855084764042cc16686
res_n_main/medium/audio/eff/Voice/eff_longyin_1.mp3,mp3,26885,676c59d0f2dcf678ae9a649d4cf7aa9d743bd36d21069a3e74ad7b704de3ba24
res_n_main/medium/audio/eff/Voice/eff_longyin_2.mp3,mp3,13510,f793e8638eb9eb702af9f2893aff24c5f6d55418dbe03ec0fb901331a58ccb11
res_n_main/medium/audio/eff/Voice/eff_luanji_1.mp3,mp3,13130,063df9217871fb9b868640e0d65a4724a9d2a5a5e63eee84fe99b25e7f472df7
res_n_main/medium/audio/eff/Voice/eff_luanji_2.mp3,mp3,8951,bab21efbac32bb854c72dfcf638c895492020be95ef4c52876d0abb3ed3c8a11
res_n_main/medium/audio/eff/Voice/eff_luanwu_1.mp3,mp3,65375,dcc1f44ea165b9b0c5887bcd4a00fe756d765124e7a869994a58377bc0bff549
res_n_main/medium/audio/eff/Voice/eff_luanwu_2.mp3,mp3,20654,1055281ee28d4eceff4a38abce5d87e74155a4f5fc2c45139d4becb05f309d11
res_n_main/medium/audio/eff/Voice/eff_luoshen_1.mp3,mp3,15847,8a043c0b225ddd67c05f65c0edbf3dae160437d87ea1a21cd2db4863394c29dd
res_n_main/medium/audio/eff/Voice/eff_luoshen_2.mp3,mp3,6234,ffa7fbc569b13cadabac0c45a9a38907790a4403adcd14451190ac89fe7a690a
res_n_main/medium/audio/eff/Voice/eff_luoyi_1.mp3,mp3,12503,f45c12182707405985635377202c779e963b3202d07e362d93bb773d514a5115
res_n_main/medium/audio/eff/Voice/eff_luoyi_2.mp3,mp3,7488,6a3bdd0d48b452f264f15496223e8bbbbe7e8922f10828765ede405504a33f15
res_n_main/medium/audio/eff/Voice/eff_lusu.mp3,mp3,39880,49d775604843bbf8efefe8139c93aa58e249dfbb64e8a9fb28f82956eaa49ee2
res_n_main/medium/audio/eff/Voice/eff_luxun.mp3,mp3,16683,95622c272ee19efb689078db2d57928f205840f7bf573103d32d6dffcdd361f9
res_n_main/medium/audio/eff/Voice/eff_lvbu.mp3,mp3,0,e3b0c44298fc1c149afbf4c8996fb92427ae41e4649b934ca495991b7852b855
res_n_main/medium/audio/eff/Voice/eff_lvlingqi.mp3,mp3,20654,7b3cead83ee73e2fa3f4c672bafb4e27162891951c3d7e71ef6f30d98f2cdb2c
res_n_main/medium/audio/eff/Voice/eff_lvmeng.mp3,mp3,27550,0c81f2dc090106666cafe884fb100700311dc2389f2ae84c45b6569527e720dc
res_n_main/medium/audio/eff/Voice/eff_machao.mp3,mp3,30058,2b56bbf90fb0c0ba3896edf79182d8201a8a7d6cc553baf4ba4e9b364abf40aa
res_n_main/medium/audio/eff/Voice/eff_menghuo.mp3,mp3,21316,34eba557f07c1e2b93a0f5c2a5c43852504be96407b1823d8d4cf365c4a0d8d4
res_n_main/medium/audio/eff/Voice/eff_mingce_1.mp3,mp3,22519,8f8b1073155286d81bfc7d8e8ee634e57e6c8d1e2ffe4b194dca6f6952fdf419
res_n_main/medium/audio/eff/Voice/eff_mingce_2.mp3,mp3,13973,a555c3a5f6cbb21da9a12d53b9ae56b5a6ea3ee973806e09b8bbf8314e700509
res_n_main/medium/audio/eff/Voice/eff_mo_diaochan.mp3,mp3,63948,b6dfe5e9a746225984f258d2bdd84b0d8a4ce6def4bf401c4293a5d52051d2b6
res_n_main/medium/audio/eff/Voice/eff_mo_kurou_1.mp3,mp3,22743,7434baf285286e7ce0fe31df658108a91ecb482eac01867e5da41fdca54d7e82
res_n_main/medium/audio/eff/Voice/eff_mo_kurou_2.mp3,mp3,9160,cdc4f6340a76de30f2402c379e4d909d1e6de057d93b1ea3159f77dc5c28af88
res_n_main/medium/audio/eff/Voice/eff_mo_leiji_1.mp3,mp3,16056,aa6e44a6714b3e3307ef00a4c72e39c51a538abd477c871507bc7c024bf296c4
res_n_main/medium/audio/eff/Voice/eff_mo_leiji_2.mp3,mp3,14593,67928d93da176d2ff92c75437a63db00498fede7d489b994fad6f9eb54d1cfc8
res_n_main/medium/audio/eff/Voice/eff_mo_lijian_1.mp3,mp3,19644,1fcb1fb6bfa349b77f2189c6e83c8398f94c0fadaeccd014bc28210e5e2403d9
res_n_main/medium/audio/eff/Voice/eff_mo_lijian_2.mp3,mp3,19610,5e109ce6575f2969c37e6f473b12a62a8df6b46cae7ed70b8cbd3109e271ae82
res_n_main/medium/audio/eff/Voice/eff_mo_luanwu_1.mp3,mp3,65375,dcc1f44ea165b9b0c5887bcd4a00fe756d765124e7a869994a58377bc0bff549
res_n_main/medium/audio/eff/Voice/eff_mo_luanwu_2.mp3,mp3,20654,1055281ee28d4eceff4a38abce5d87e74155a4f5fc2c45139d4becb05f309d11
res_n_main/medium/audio/eff/Voice/eff_mo_machao.mp3,mp3,44897,b3238001d1c6c62e6f42e58d87b8205c4616eee9277e572c57c21ab0845ad4c4
res_n_main/medium/audio/eff/Voice/eff_mo_paoxiao_1.mp3,mp3,0,e3b0c44298fc1c149afbf4c8996fb92427ae41e4649b934ca495991b7852b855
res_n_main/medium/audio/eff/Voice/eff_mo_paoxiao_2.mp3,mp3,14804,6d6c9b2370cb4702fc839d7377e457cf6e03fb9f73a3f8020f685866483a8609
res_n_main/medium/audio/eff/Voice/eff_mo_tieji_1.mp3,mp3,13759,9cc8f323a6beb9d6e099b5d8785f0b10e10f3d502f62ac664d83a8f77f1fd724
res_n_main/medium/audio/eff/Voice/eff_mo_tieji_2.mp3,mp3,12296,45cc80388f016da79605d93d54b68ff55263ea14934ad5cdec44f2a708d25d6b
res_n_main/medium/audio/eff/Voice/eff_mo_zhangfei.mp3,mp3,31731,5000beeb2fa83ea4762ee273e5d944ef5a410ba009d4598fa69be5cb43ab8612
res_n_main/medium/audio/eff/Voice/eff_niepan_1.mp3,mp3,22743,73c67718273f7ed5fb7aefe2d5f2767e2af2a978f139c62bf09466b880385e47
res_n_main/medium/audio/eff/Voice/eff_niepan_2.mp3,mp3,13757,68e58e619c1b1acb18b6cf83713836f89393348158aa719bd0011fe5c406469e
res_n_main/medium/audio/eff/Voice/eff_pangtong.mp3,mp3,19609,ba9ca6189babbec936ec4ef9a52e3e6d540ef0beac383e62ea2f22667ed83c8d
res_n_main/medium/audio/eff/Voice/eff_paonanxiahouyuan.mp3,mp3,28387,3e300d6062c9a27da16b898ffd5618fe457f7fecf6666d4eb10da73df56786e7
res_n_main/medium/audio/eff/Voice/eff_paoxiao_1.mp3,mp3,0,e3b0c44298fc1c149afbf4c8996fb92427ae41e4649b934ca495991b7852b855
res_n_main/medium/audio/eff/Voice/eff_paoxiao_2.mp3,mp3,18146,037f28280a179ef88a550df4ad06ea58e6f164e558b4b017971f52f793f9584a
res_n_main/medium/audio/eff/Voice/eff_qiangwu_1.mp3,mp3,0,e3b0c44298fc1c149afbf4c8996fb92427ae41e4649b934ca495991b7852b855
res_n_main/medium/audio/eff/Voice/eff_qiangwu_2.mp3,mp3,9354,e342a5e694008045b8c43716a7ded3dea00e38f2c9828ca7989b53615e675c64
res_n_main/medium/audio/eff/Voice/eff_qiangxi_1.mp3,mp3,9578,616acf768cfcf664331bf2856006352d92e2e51d153e02db1283d4e0d12b3903
res_n_main/medium/audio/eff/Voice/eff_qiangxi_2.mp3,mp3,13548,3f10cb8a1b652183382abe3fdb51439fbdd907555c1e4ea5f66c668d01b71b7a
res_n_main/medium/audio/eff/Voice/eff_qiaobian_1.mp3,mp3,21525,dd1b5cd48c8f89b29ef016df157386028de18b56e52fd4e67442c32ea30d8325
res_n_main/medium/audio/eff/Voice/eff_qiaobian_2.mp3,mp3,8568,d724ce75f06496c5a1d77ae8885ed8c87613ecfbe8a95ba5f8dd4db331b7ee6f
res_n_main/medium/audio/eff/Voice/eff_qicai_1.mp3,mp3,15011,5909009caa4a44151ea5f3a43703143ba08823849977fd1d8fd93659f2b5e197
res_n_main/medium/audio/eff/Voice/eff_qicai_2.mp3,mp3,4144,67e093da61e8803b48abb17e75852a075e6a5ae0febdad058e7d5f1a224a938d
res_n_main/medium/audio/eff/Voice/eff_qice_1.mp3,mp3,30461,b09192f5b8d2a0eba035f5b1d32ee1e20784611c28212969e028feb542f37a98
res_n_main/medium/audio/eff/Voice/eff_qice_2.mp3,mp3,13137,c58e48739f142ccc59e858b5efe5f08b484dfec00cdec95a01d72b80c28a4274
res_n_main/medium/audio/eff/Voice/eff_qingnang_1.mp3,mp3,22325,15354b1439caa2b07ab338c0848bf31c88360ca9cb43e0eb24bdc00da9d468b1
res_n_main/medium/audio/eff/Voice/eff_qingnang_2.mp3,mp3,15638,de0674c759f3ee00207fe49048be7d8eaa498eaf468ab0328c9598702541ea8a
res_n_main/medium/audio/eff/Voice/eff_qinyin_1.mp3,mp3,17729,6a423b0dea2f61e51252accef047a6a32b298220a9cf657a45a538de97276fd1
res_n_main/medium/audio/eff/Voice/eff_qinyin_2.mp3,mp3,17729,6a423b0dea2f61e51252accef047a6a32b298220a9cf657a45a538de97276fd1
res_n_main/medium/audio/eff/Voice/eff_qixi_1.mp3,mp3,13757,eee66fee244f492bc40b0e2f2031a96c8d54cb33239d3a9f27cbd3f542eec28d
res_n_main/medium/audio/eff/Voice/eff_qixi_2.mp3,mp3,9578,cdd0b91bb04d7d1ebac0ecc03ecd622dd0366d919a24400832ef0a128259e80a
res_n_main/medium/audio/eff/Voice/eff_quhu_1.mp3,mp3,25939,5fd5cbd0f741acda4f062f3c83a136567717e75d78c562d045569551f12d6a10
res_n_main/medium/audio/eff/Voice/eff_quhu_2.mp3,mp3,23431,75c6ff1daf2b00355cb0bd8bd495f05b7aad070d7ba9faec6eb1282976824e96
res_n_main/medium/audio/eff/Voice/eff_quncaiwenji.mp3,mp3,72480,b716a02a356f88a88b2d3640d36c13d237640f015e3fb06f2ff9bc8b61ec73c2
res_n_main/medium/audio/eff/Voice/eff_rende_1.mp3,mp3,22325,882e61132abc8c894eed565e602c95297f54b92dc4f677146b392eebb3b67d79
res_n_main/medium/audio/eff/Voice/eff_rende_2.mp3,mp3,11458,84ff1a7638ed7d3f05ce6808bba232e1018621339e93495e4e09163f9c201d86
res_n_main/medium/audio/eff/Voice/eff_shefu_1.mp3,mp3,32356,dc24ceb5343a21be04abb6bbb7908195eb59592f074832682eb169bb6224b0df
res_n_main/medium/audio/eff/Voice/eff_shefu_2.mp3,mp3,13757,043ea2d8149fac64c44444d63b9eece042a8802e96943f8ed6ced2c7a6cf7d9d
res_n_main/medium/audio/eff/Voice/eff_shencaocao.mp3,mp3,60151,c2ab0f1046ac149700eb8714a32188eeba6634660aa73f56e50d15ecae009188
res_n_main/medium/audio/eff/Voice/eff_shenfen_1.mp3,mp3,27585,28de28b56ae3a50b3ad487be97d7a6cc3d9bcc96377f347909210f74a9afd314
res_n_main/medium/audio/eff/Voice/eff_shenfen_2.mp3,mp3,21943,2f606acf5032b83e419bf5543248e1d9e0d29d10e696e21003cab2080b6c145e
res_n_main/medium/audio/eff/Voice/eff_shenggong_1.mp3,mp3,14175,a5390b178b51b6c45b981023df48918209cbe1e216ebaea119965c4985bbec69
res_n_main/medium/audio/eff/Voice/eff_shenggong_2.mp3,mp3,5189,6809d6a5f573e507a17210f70f4a25e9157672b56a4eca9e8413e6f3e4551ac8
res_n_main/medium/audio/eff/Voice/eff_shenguanyu.mp3,mp3,34826,47d324322a3952ee30d7ddd3e2b9f9ec22cb23ed8531ec1d4eb3d52ec50e09f6
res_n_main/medium/audio/eff/Voice/eff_shenlvbu.mp3,mp3,34899,5119c1072a178365a4fdea2b23ac1d3589c1ea0a355ecb2f34b445204397481b
res_n_main/medium/audio/eff/Voice/eff_shenlvmeng.mp3,mp3,25878,61d89deaca876939a95e895e19a2c7d5c08230eeb1afd9da09393adce0dc2fa1
res_n_main/medium/audio/eff/Voice/eff_shensu_1.mp3,mp3,12503,20161e17d4a1f9cb8a37ddc2f25e00a37825b71c75186a71121bbcf2eb2c187a
res_n_main/medium/audio/eff/Voice/eff_shensu_2.mp3,mp3,11458,ca8e22e8d125de016145211ea4ff461ac5cd5157f456b07ea9ca35c718a02652
res_n_main/medium/audio/eff/Voice/eff_shenzhouyu.mp3,mp3,28178,a7b83ee8411cb28336642f752bf44825a50100223e965c2e6ad8d776e63de8af
res_n_main/medium/audio/eff/Voice/eff_shenzhugeliang.mp3,mp3,36955,481f1cf3e69f7f31157556dd042e954b131b123797e5d64b8db888ca3aba971f
res_n_main/medium/audio/eff/Voice/eff_shuangxiong_1.mp3,mp3,10623,706dc383f4b150d0de0b950e07f0e340fc757539087591475c0152ad2f42fc0e
res_n_main/medium/audio/eff/Voice/eff_shuangxiong_2.mp3,mp3,9787,b5c085d338a4b7eed1600623881a4f354adbc5f4d04d3c20d3d41c4583222a8b
res_n_main/medium/audio/eff/Voice/eff_shusunshangxiang.mp3,mp3,27968,4c41f59c6b5ae03514b37e30512e5c78693ef5e0d6ee2dd0f21220737d0aef31
res_n_main/medium/audio/eff/Voice/eff_simayi.mp3,mp3,17310,bdc9326a71d9989c97072140bc302a99f40b14757f09e0b7a3aabe1a7ac3f298
res_n_main/medium/audio/eff/Voice/eff_sunce.mp3,mp3,19989,640cc1363cc47bdf98afaf104ec2a6f93b145ea3e6df700f648ad7cc9642b88d
res_n_main/medium/audio/eff/Voice/eff_sunjian.mp3,mp3,26923,044ada1c9cbf49aff54f7b9841f4e628c032c2c4da493338898d0aa6b8cc06b7
res_n_main/medium/audio/eff/Voice/eff_sunquan.mp3,mp3,23161,66d59f0a9887a3d4bf79d00eb1bc15e9ff4123946272eeb5876c01d3c2cc68b7
res_n_main/medium/audio/eff/Voice/eff_taishici.mp3,mp3,30894,58966bbb74810bb9baf1695a9ff1ef459b91ff538c3dacace51f9a6995380151
res_n_main/medium/audio/eff/Voice/eff_tianxiang_1.mp3,mp3,10414,f9919b4db287861c15a53321cf24ce770bec48166047e3087f77b255b566035f
res_n_main/medium/audio/eff/Voice/eff_tianxiang_2.mp3,mp3,11040,5b2d5a397766a11fe5d070358278f55dc55c3ff5372f70cca0db866da8cb4e71
res_n_main/medium/audio/eff/Voice/eff_tianyi_1.mp3,mp3,12712,d7c4d35e77fa4d69aaaa54d212607972b3798148ddfd51f8aaf4bc4dc8fa3a4b
res_n_main/medium/audio/eff/Voice/eff_tianyi_2.mp3,mp3,10205,4e7a3ecf103be429542ef14c4ed0b76b3a968f31a3a574bfeb5d11576804898e
res_n_main/medium/audio/eff/Voice/eff_tiaoxin_1.mp3,mp3,0,e3b0c44298fc1c149afbf4c8996fb92427ae41e4649b934ca495991b7852b855
res_n_main/medium/audio/eff/Voice/eff_tiaoxin_2.mp3,mp3,9787,52e7f9d28515efa6c94e0c834e2f0a1c7ea72d5646ac30ca48bdc7f29b1dc3e4
res_n_main/medium/audio/eff/Voice/eff_tieqi_1.mp3,mp3,22743,4d5b75e91100600b7643ec379c2fd4bcf705eef6541820716fe6ae2dbce71c31
res_n_main/medium/audio/eff/Voice/eff_tieqi_2.mp3,mp3,11040,73e64892440e2136570180ae4a8a1ac09e90dd046b816a5902ef9951950aaee6
res_n_main/medium/audio/eff/Voice/eff_tuxi_1.mp3,mp3,9742,d1e88d38ac0b5fc5373663f0c7cad01b0b8f90d18c38a26b1679ce2afbae3767
res_n_main/medium/audio/eff/Voice/eff_tuxi_2.mp3,mp3,10787,a3b006da05016fe8629114d07feffff5e14d4c0a08c736d6891d0d4b24ab0cea
res_n_main/medium/audio/eff/Voice/eff_wangyi.mp3,mp3,16683,620a57aec95f76003ffd1d30d8b98a3adb2a6e6cef7abd8653d26fb9efe83159
res_n_main/medium/audio/eff/Voice/eff_weiwudi.mp3,mp3,54962,bafd4d5a2f54173d14e568e36e97e2a5b93e4448175a47b1eb90f825abd0db54
res_n_main/medium/audio/eff/Voice/eff_weiyan.mp3,mp3,0,e3b0c44298fc1c149afbf4c8996fb92427ae41e4649b934ca495991b7852b855
res_n_main/medium/audio/eff/Voice/eff_wenchou.mp3,mp3,21698,8fc1a3ae256a01e78a129c444ae652dd8c5ae38d682ea5ddbe396613d8a91fdd
res_n_main/medium/audio/eff/Voice/eff_wudadi.mp3,mp3,48657,b235a4267a5fb338f0f21c9b4e097637c24d4378887f91539caf5c34d56b4cdf
res_n_main/medium/audio/eff/Voice/eff_wuguotai.mp3,mp3,42281,882c09d408b43393bdb2ba86404b5904003bbdb67b80b580c820799ef7bff55b
res_n_main/medium/audio/eff/Voice/eff_wuhun_1.mp3,mp3,15622,24f3c267b46c8acd06837381c8ee4806f9353eac53e3340d960f89c628b766cd
res_n_main/medium/audio/eff/Voice/eff_wuhun_2.mp3,mp3,24047,87b8e331650395295b936f92e6ed94c563965647f3839485cde5c5c6e2c042a6
res_n_main/medium/audio/eff/Voice/eff_wuqian_1.mp3,mp3,9578,a9214051d54e539864cf8415a6847237f0feeb5183a6e9bda12cff68351b53c3
res_n_main/medium/audio/eff/Voice/eff_wuqian_2.mp3,mp3,10414,13d6422157b2808849da5734874d419ba17d84d77909d4d0764ff2c686c44523
res_n_main/medium/audio/eff/Voice/eff_wusheng_1.mp3,mp3,16892,e4501f14e31e766d398817b5d3bcafa550fff5c2f06a0e8356a3216ca1bdbf62
res_n_main/medium/audio/eff/Voice/eff_wusheng_2.mp3,mp3,11249,120ac26a906446d495ad0b85e557f68a309d3ae068f3542f3584e2bd677332ac
res_n_main/medium/audio/eff/Voice/eff_wushuang_1.mp3,mp3,12503,53da792ed7de3713f8f625dc0a7788b24141fdcf15ea18288405eaab41de7506
res_n_main/medium/audio/eff/Voice/eff_wushuang_2.mp3,mp3,0,e3b0c44298fc1c149afbf4c8996fb92427ae41e4649b934ca495991b7852b855
res_n_main/medium/audio/eff/Voice/eff_wusunshangxiang.mp3,mp3,24168,1f7758aca9cb9f4478fa006708c9257c62ae7afe1b289e5d528dc69e46cef097
res_n_main/medium/audio/eff/Voice/eff_xiahoudun.mp3,mp3,18773,26a44468d8264641eed8262b56d2db92185ccd39979e59fbc1aa542cdfbd78cd
res_n_main/medium/audio/eff/Voice/eff_xiahoushi.mp3,mp3,20012,fbc39cdd3eb673e98becc6e3624317b6bd07cf5676001a71d2fc722e1a417913
res_n_main/medium/audio/eff/Voice/eff_xiahouyuan.mp3,mp3,34028,4267a22159aaa9c014c90b89216e77414c695ca980a0cbe5288e0b62bf3f7602
res_n_main/medium/audio/eff/Voice/eff_xianzhen_1.mp3,mp3,31483,adaf8b7de7c225576f955c188080ad3f9fdf147ccf7e5f5b9d12387c863f109e
res_n_main/medium/audio/eff/Voice/eff_xianzhen_2.mp3,mp3,31274,990259c4243ade2fd51707e1dcdd1d34b9bea933de041c8d5a37456acbd23b4b
res_n_main/medium/audio/eff/Voice/eff_xiaohu.mp3,mp3,18967,21d4a00bac15ca0e441a2adbfb1da62bedc6d08a6064e3ae5fd333593cbe1851
res_n_main/medium/audio/eff/Voice/eff_xiaoji_1.mp3,mp3,11838,2a2fb6b8b9390ac603b4bbabc946fded77d67b8b5ecfa205638f5613cd8e6d31
res_n_main/medium/audio/eff/Voice/eff_xiaoji_2.mp3,mp3,18967,3b74d0e6f785b5eb6f889b261a8fe8faa312de1c625a16c13a51ab1cb9d224c8
res_n_main/medium/audio/eff/Voice/eff_xiaoqiao.mp3,mp3,19400,bc299e4f1e18cb2d47251fba15515c4ccf4cc0a334f33ab26523698e57d388ae
res_n_main/medium/audio/eff/Voice/eff_xinsheng_1.mp3,mp3,46567,3201a85d879718748f27b7bad6289ff2be5f201ad9d5b5e0290a48e19b71be8f
res_n_main/medium/audio/eff/Voice/eff_xinsheng_2.mp3,mp3,28177,30e701d10bcc1a9da804ed7de905c87e2c2691e92cae58bff43aa79fb1b69b56
res_n_main/medium/audio/eff/Voice/eff_xinxianying.mp3,mp3,36939,4459708deec029abf86c132120eef4cb7bdedcbff4ab41a3f4fb8e1f93ebd3cf
res_n_main/medium/audio/eff/Voice/eff_xuanfeng_1.mp3,mp3,9578,7f65591535da377a4d86f2585a78907819e2da92665c86c1d2b47b434917fc42
res_n_main/medium/audio/eff/Voice/eff_xuanfeng_2.mp3,mp3,10414,0aa9ed83fc833773c957a6316e0eaaa926db0f5fc5a212b7b5c1ec9b74176ee7
res_n_main/medium/audio/eff/Voice/eff_xuchu.mp3,mp3,24624,85e1c2880e247227677b6b6caa36955d2dee64a6c72e100393c3d0938cfd5624
res_n_main/medium/audio/eff/Voice/eff_xueji_1.mp3,mp3,22116,8304eeef6486f9f6a8c1c2871ae969a58ea81ea76560ed0acd226f756c2266cc
res_n_main/medium/audio/eff/Voice/eff_xueji_2.mp3,mp3,7906,9e6e4e31c6fadd93cd6c530aa396f0edfdc0d5ff0827d1114d8058b87b8e388c
res_n_main/medium/audio/eff/Voice/eff_xuemeixiaoqiao.mp3,mp3,15431,fafd57b01c72df41b5c9492873260bc3a2913eb46dfea881e346091c51214b64
res_n_main/medium/audio/eff/Voice/eff_xuhuang.mp3,mp3,18181,ebc20124d19b681010ab78c34f3310388b59618591b4504d341ab39333bd6f44
res_n_main/medium/audio/eff/Voice/eff_xunyou.mp3,mp3,35894,076d1236bddb6e37457e143c2972fdf1e10f232cf272e8b5af3de68f2b40c472
res_n_main/medium/audio/eff/Voice/eff_xunyu.mp3,mp3,50376,9859b999fdb68e94d87101ecb4b16b376fed28f0c064339d1ec2e43f993a210c
res_n_main/medium/audio/eff/Voice/eff_xushu.mp3,mp3,26714,a7ce1bcb3b61acf26b013dedabdeb7dbe0aaaa083dd30cd1a60e76b64b3a1cf3
res_n_main/medium/audio/eff/Voice/eff_yanliang.mp3,mp3,23370,9ca3ac3ae9b58b3d250349f5b1b6cc03909f98b872a95af5c1997daddc04022d
res_n_main/medium/audio/eff/Voice/eff_yanyu_1.mp3,mp3,11234,11c1a1b0166b856c789a8440765550bc63ea2707e6a3666e8e6755ae930febf0
res_n_main/medium/audio/eff/Voice/eff_yanyu_2.mp3,mp3,8936,39421d542617a323fc28b2236e0b2f7724d380f220c7429809db67dd35b03835
res_n_main/medium/audio/eff/Voice/eff_yaowu_1.mp3,mp3,8913,698fa424ce74beb14dc8d7bc1733e8d6481ece2fa77c8c3a36961b2bb4177668
res_n_main/medium/audio/eff/Voice/eff_yaowu_2.mp3,mp3,17899,fac0c25c48b5ad9de3b2103430d080a6ed1add256adc2f4883b81011bf7c0c11
res_n_main/medium/audio/eff/Voice/eff_yiji_1.mp3,mp3,16892,b204c188086c0f3716f55769b08de06223344e70d5fa09f3365e71d62c916af7
res_n_main/medium/audio/eff/Voice/eff_yiji_2.mp3,mp3,8742,d21fe45eca3345b194d04517b21aaac6bba58a91cee76efcb3f0d5338005e81d
res_n_main/medium/audio/eff/Voice/eff_yinghun_1.mp3,mp3,27132,613506f30d2eb4674f4aa3263b1cc295c6ca19f569e69ab219d3d58d24fd5fe9
res_n_main/medium/audio/eff/Voice/eff_yinghun_2.mp3,mp3,13966,029005db9c878df59df8cbc12b75feeb59c733f3f87c88cd14b524e00c5bfc19
res_n_main/medium/audio/eff/Voice/eff_yizhong_1.mp3,mp3,23146,f01906719da2f4611f345116946597679c55821fa5c29d0219736009bce0198e
res_n_main/medium/audio/eff/Voice/eff_yizhong_2.mp3,mp3,12279,c9f8190b242c21803b67424ab4238f75f63881f1b325a29cefe2bb2d704e33e4
res_n_main/medium/audio/eff/Voice/eff_yuanji.mp3,mp3,32109,4da4cda052b2c9670f98b8e2b60725f40dfc4d532a8b98fb8d341b838ff4f97b
res_n_main/medium/audio/eff/Voice/eff_yuanshao.mp3,mp3,54508,14b89c11e29bc8ce055f7e24337bb432d052998b52f35c7608f612be440b0521
res_n_main/medium/audio/eff/Voice/eff_yuji.mp3,mp3,50329,165aabf65d2dc17b6fd821c6ab0be5bcbb9d7347906d2766d70285f98fa03c5e
res_n_main/medium/audio/eff/Voice/eff_yujin.mp3,mp3,29834,7385ef278c5d07a8595e6835377174c6465f6ea1afc6b3ac178fae97ca42673c
res_n_main/medium/audio/eff/Voice/eff_zhangbao.mp3,mp3,26958,97cfb426119302e9b8b8f77bf2dfb28a1ff1607ac452bbd7bdbd1c9af47f443e
res_n_main/medium/audio/eff/Voice/eff_zhangchunhua.mp3,mp3,20236,6336256088190e382cfd3b21af0ec9c128b64e39b27aecea2cdd7cf044928569
res_n_main/medium/audio/eff/Voice/eff_zhangfei.mp3,mp3,17101,741ebbec03c54ddaad381fde77940b0d3e990ca2649d7212019b6aa73825df7b
res_n_main/medium/audio/eff/Voice/eff_zhanghe.mp3,mp3,19644,36fa4fc0f51485198e69269a058faee5e96d445564e389e2b1f981ee1c54eb0a
res_n_main/medium/audio/eff/Voice/eff_zhangjiao.mp3,mp3,29431,50886e8c1803020129b9c736a8635930e6ecb73a3d57406aa20e0bc74ebfb985
res_n_main/medium/audio/eff/Voice/eff_zhangliao.mp3,mp3,21265,937c8561832225a842ee2541eade230c3a71cdec1a4f224eecba4d500290ab5f
res_n_main/medium/audio/eff/Voice/eff_zhangshi_1.mp3,mp3,22078,0b49882c1a37d36d543ea358e66b2d961cd624b91363318cebceef8f6a3dc3cb
res_n_main/medium/audio/eff/Voice/eff_zhangshi_2.mp3,mp3,9958,de9d2a1d54e9020bb042cf78ee7d787433550b03428e4ae21c8ac926ca221ec7
res_n_main/medium/audio/eff/Voice/eff_zhangxingcai.mp3,mp3,20639,45e44da931c08958d8de58df9199139a5d6cebe7147ffc8271a22a66464a9bda
res_n_main/medium/audio/eff/Voice/eff_zhaoliedi.mp3,mp3,60778,f6b18dd5de052f089d6cf03edebc6dba8308872c9d5a05ac611cdf2a55a0018d
res_n_main/medium/audio/eff/Voice/eff_zhaoyun.mp3,mp3,21806,39677764c7d2200465f3aa0afc2535d0bb651e6d0658e600f53927366ebd0086
res_n_main/medium/audio/eff/Voice/eff_zhenji.mp3,mp3,24415,7663239b789946b36cb4dd904a999f205d000267e49512f7fb34a5a5f72564c0
res_n_main/medium/audio/eff/Voice/eff_zhenlie_1.mp3,mp3,10832,27727d7846d656393402e70c87148007da1a2b44fe366e97efd26b27b2f842f6
res_n_main/medium/audio/eff/Voice/eff_zhenlie_2.mp3,mp3,9787,1945daf3f5813148851c6eced9366bf887468b5bad8032bb9cd16bb73ed2e482
res_n_main/medium/audio/eff/Voice/eff_zhiheng_1.mp3,mp3,10832,2ba685c5ad2191abd2737d0199e44fb1ede5967116e5a996458f6beeb307d942
res_n_main/medium/audio/eff/Voice/eff_zhiheng_2.mp3,mp3,6652,6988a0fa96717175d0cab77f92e9d266427acd678abe3c7f02bacdc8ea8a1e6e
res_n_main/medium/audio/eff/Voice/eff_zhoutai.mp3,mp3,20445,3dd88733be6ededaa420ef60ea5ba24b7d4df8b74bcdf80b6cf49920767b248c
res_n_main/medium/audio/eff/Voice/eff_zhouyu.mp3,mp3,29849,efd598a73cf476c28fb07a384e7ff91ace4494998728e9da140c44037dd7bf9b
res_n_main/medium/audio/eff/Voice/eff_zhugejin.mp3,mp3,31138,9a7cdc38e172408ec92360bd0d914408f5c2d7b017173e8055364a32f89457ad
res_n_main/medium/audio/eff/Voice/eff_zhugeliang.mp3,mp3,29849,6fe6a2a07d8620c8607025833c832e980eae029726a7c9b6e0054ab59c7f860f
res_n_main/medium/audio/eff/Voice/eff_zhuiyi_1.mp3,mp3,24833,e74f08be17aa0c15f6961d6e9db5d2545ca85747e66664ed1414b6515f361684
res_n_main/medium/audio/eff/Voice/eff_zhuiyi_2.mp3,mp3,9369,8ba3be7fb335952b26946711bd6e839e9a70d1af4974c3e1d4ffd759bb11f1ae
res_n_main/medium/audio/eff/Voice/eff_zhurong.mp3,mp3,26087,bb73d699c3f33ce2cd51bf398aaf4f9d42d02861f089582d514bd987671ef590
res_n_main/medium/audio/eff/Voice/eff_zuoci.mp3,mp3,76451,38b1749d99b433daba42508655360bfdfce41184f8169978257e52709d36d00d
res_n_main/medium/ccb3/02_10_PlantTiee/Resources/MainScene.ccbi,ccbi,847,1e366fb583ebf8596ad66e0c15da00688ae6ec5fa1b3345409d38189d7ba59d4
res_n_main/medium/ccb3/02_10_PlantTiee.ccbi,ccbi,1756,32e9b4e6ab069b4f1753b563428d68c1340c6ede072a790c2aa3d04c1ca56a1a
res_n_main/medium/ccb3/02_13_PlantTieeDlg.ccbi,ccbi,1204,4a99cc2dea1436e4a352e7e70d9d1c4e228a2aac86372a9af835f495bc921fdf
res_n_main/medium/ccb3/0_6_1EquipmentInfo.ccbi,ccbi,2522,e88004d3f7f33dccdadbbb9f10f1f9cfb740474b4b76ee900af995dd673c3764
res_n_main/medium/ccb3/0_6_1GeneralFateTitle.ccbi,ccbi,516,7ae4d425a82be523cd64d222cbf31bfdf63744cb5250f9705af73c56e85443d4
res_n_main/medium/ccb3/0_6_1GeneralHeadAndNameCell.ccbi,ccbi,457,37fb0b9003cdc948a79802170968d410218ff192f566b5e56f8a78ec2570d272
res_n_main/medium/ccb3/0_6_1GeneralInfo.ccbi,ccbi,705,a4ab5dc5385280dbe71ed61b4b70e9450c08a466f673e787865f8e66bf367468
res_n_main/medium/ccb3/0_6_1GeneralInfoButton.ccbi,ccbi,859,c2bb3e097336e51850b9b99aeb7da1d418e67d11a3a1b696a85074eb52bbf23b
res_n_main/medium/ccb3/0_6_1GeneralInfoButton2.ccbi,ccbi,674,945091e27bf4f866f7e6f1ff400c0f8f1a87d771731c5f4f204766a30eed03a4
res_n_main/medium/ccb3/0_6_1GeneralPropertyInfo.ccbi,ccbi,1789,725e44b5e487e702264adc97006c0563c143997374217c75f737581cb41c3e8a
res_n_main/medium/ccb3/0_6_1GeneralSkillInfo.ccbi,ccbi,2653,dd15309ca100a39518d89189a15f4860ebedd24cb818a47128800e5456ebb73a
res_n_main/medium/ccb3/0_6_1GeneralSkillInfoCell.ccbi,ccbi,1153,d23f95425b3153ab9531bb9885d166430f530df0766767e22ed1897e1673e0a2
res_n_main/medium/ccb3/0_6_1GeneralSkillInfoCell1.ccbi,ccbi,988,f497835ab791b059da1054bb0293ad3a6c5fa2abb059d24f504f89ea4a5c5b2c
res_n_main/medium/ccb3/0_6_1GeneralSpecialSkillInfoCell1.ccbi,ccbi,1146,bf14b40cd20c26700394e2a7ef2f943eecf6944ed49d074c69f974f7ccffaa30
res_n_main/medium/ccb3/0_6_1GeneralSpecialSkillInfoCell2.ccbi,ccbi,1038,959383fc2061e57605f8057778b27c53df8b711c79d6a219f9d933d1e40e1f89
res_n_main/medium/ccb3/0_6_1GeneralSurrenderBG.ccbi,ccbi,1258,7089239e5a8c73c1ac0bbf4d6e5a08ada830d4175a30b60c57f9571a19073f47
res_n_main/medium/ccb3/0_6_1GeneralSurrenderCell.ccbi,ccbi,1581,9b864d6d39f32dbb6da795182e334327d2d8da1917eefb5f90dd0234d46d4800
res_n_main/medium/ccb3/0_6_1GeneralSurrenderPopup.ccbi,ccbi,1083,f63849652a4aac764c4cb38a322dfcca3fd25049a4d170078b36f54c842575ae
res_n_main/medium/ccb3/0_6_1GeneralSurrenderPopupALL.ccbi,ccbi,509,7504e96be27bbc5a2d8369505a0c681eb56d1fa279845f2526021b5d2e40cd70
res_n_main/medium/ccb3/0_6_2_ContactUsCell.ccbi,ccbi,659,f2cdc0505101e12d3a23939d78a93c52784dcb62931bf226aa5db5895a3a7042
res_n_main/medium/ccb3/0_6_2_ExchangeCdKey.ccbi,ccbi,1012,1e914cb52c526adcd6b7c38766fac6f470d0ccf8940defd0c4a8b1438bc6ccf5
res_n_main/medium/ccb3/0_6_2_MessageCell.ccbi,ccbi,802,95fb700c3fa0e4b5603e847e96e4370534a41787abf54fb20d9311ed4f8fd070
res_n_main/medium/ccb3/0_6_2_PublicNotice.ccbi,ccbi,671,9e92b238c2d5a79a179320f2e1c33ce05bc07cd67a16a283549e9ec3332e807a
res_n_main/medium/ccb3/0_6_2_PublicNoticeContent.ccbi,ccbi,1273,3d9ce159a8be07a1d1516bfffb332c3f5087e3eb3551d27b3874f9fcf3f2372a
res_n_main/medium/ccb3/0_6_2_PublicNotice_2.ccbi,ccbi,696,a357044be63641589197135bbbcfa80e171e9773d77d91efa589eb3f161167f0
res_n_main/medium/ccb3/0_6_2_PublicTip.ccbi,ccbi,732,7f0c0f306851ec275da1dc7c7ef2827d036c1f19750430f95c5db01c6977c647
res_n_main/medium/ccb3/0_6_2_SendMail.ccbi,ccbi,878,e7ff4fb404d0aac1abcbc2755fc4a4c657c950bb4228af7d865859ea45c4ba5b
res_n_main/medium/ccb3/0_6_2_SettingCell.ccbi,ccbi,826,110c9ef72988ab290d68df228c1d121d7d3cc55fb87feb08f2876293d7250888
res_n_main/medium/ccb3/0_6_2_SystemMailCell.ccbi,ccbi,776,12c6056ea543c073ecf5bcfc10b74056b27e1a4d9fa6db0de1abdb5a75af05fc
res_n_main/medium/ccb3/0_6_3_Dialog_Search.ccbi,ccbi,1192,1b7b4ee5836c9d20ecc50094fd02abaee8c90c5d4897db4bf4b4030b3eece325
res_n_main/medium/ccb3/0_6_3_FriendCell.ccbi,ccbi,871,5fb723fdc871ce988907cbed8d80d35730f1e05fb7a02729cb3e1dce32f7f1fa
res_n_main/medium/ccb3/0_6_3_FriendOperation.ccbi,ccbi,1023,f22b62bdd08678f52ee8215c5606b0e6ff786d4749a78db997f491588a0019a1
res_n_main/medium/ccb3/0_6_3_SearchEditor.ccbi,ccbi,765,4028e670eaa924a6f54c38f5fdd4c9ab0e76b4cdbcd7e6fca11feac1626c2c8c
res_n_main/medium/ccb3/0_6_3_SendMsgToFriend.ccbi,ccbi,1072,f1c124406a7d5281cb5215e18741eaa7644bfaf741514eec1616f20fa2a98443
res_n_main/medium/ccb3/0_6_3_TipInfo.ccbi,ccbi,479,ee55af4489d82bb7a397c3d6fd649760991ea9af165f947eb0f3f6321460fef5
res_n_main/medium/ccb3/0_6_4_Dialog_BindTel.ccbi,ccbi,1511,5a4054567787685b2a4bea2f53e1a53125a9463e6468e38faccdcb26873c8f40
res_n_main/medium/ccb3/0_6_4_Dialog_Login.ccbi,ccbi,1758,c56a37e5505c1f7b81aa23bcc8916fbaee9ed5dd1f645492160cdb8435311326
res_n_main/medium/ccb3/0_6_4_Dialog_Register.ccbi,ccbi,2228,457041737a8eed99560b3c68b71fde0a762d30f23e560ea610c650264dcc5c81
res_n_main/medium/ccb3/0_6_4_Dialog_SaveTel.ccbi,ccbi,1513,2d30b6e1b52db8c6cf46993c955a78eada650ee19194f43f56c9628f254243b7
res_n_main/medium/ccb3/0_6_4_Dialog_ServerSelect.ccbi,ccbi,1099,314332ae23c8695dbb947b4a2140a96b53469c0f8c1b0edf77367214cc4507c1
res_n_main/medium/ccb3/0_6_4_EnterGame.ccbi,ccbi,1805,9e7e654bfffcf77ed25ce8a4bb3d5d61fe081af38764d621ef33f2567500a5a7
res_n_main/medium/ccb3/0_6_4_EnterGame2.ccbi,ccbi,1316,f77b73824ea08070e237737e45d23d15342786c7bd7a6eebdef9c2a5d4c5bf73
res_n_main/medium/ccb3/0_6_4_ServerSelectBtn.ccbi,ccbi,773,b1cbffa3eac7ca25de31e9c1a7ce9f216f5caab98782486a3fe3b6795cc32c69
res_n_main/medium/ccb3/0_6_4_ServerSelectBtn_2.ccbi,ccbi,767,4190c3c132ade5695dcb044424bc7d22bc9ea72b640e391c32868075a1f40aba
res_n_main/medium/ccb3/0_7_0CmnDialog.ccbi,ccbi,1080,17d7980ecc585381a69a5a6f7c7f0c26702638e7ecd261c9b4fb92ec0392b37b
res_n_main/medium/ccb3/0_7_0SkillCell01.ccbi,ccbi,1476,6b3d73073736d94a783099922f7537a36dd3b8ab0901f14cfbe6eec44f7400a5
res_n_main/medium/ccb3/0_7_0_equipCell01.ccbi,ccbi,1415,5b08a26c2d4a13644ac6c8ebb98b6972a5238dd78e78cd7c7e0bd60973ed91af
res_n_main/medium/ccb3/0_7_0_equipCell02.ccbi,ccbi,1718,ce2470885c0dfcc9a4822d477293d38653bf502fa3f37de8ff28ad1eca766efd
res_n_main/medium/ccb3/0_7_0_equipCellHead.ccbi,ccbi,301,a324043f9ea57d6a589610ccba7f860099f53550b81de9d5bcf8bc619d77a496
res_n_main/medium/ccb3/0_7_10_DungeonDetail.ccbi,ccbi,3349,db8fe5a9573d5302fce31bd3089fa5526197768e0e82d63acca7c6f3f5c48a4e
res_n_main/medium/ccb3/0_7_10_DungeonTitle.ccbi,ccbi,456,812632ac9ed8d0c0f3f224530cc7ace1a11ad5e2e2e93933aeb8f2f330d73e3a
res_n_main/medium/ccb3/0_7_10_FightFail.ccbi,ccbi,3240,c176e01e68ecde145b2d20d8ba54ad5043ef29f096ce8690952dc8ec4042e590
res_n_main/medium/ccb3/0_7_10_FightSucess.ccbi,ccbi,2992,82cb1a10793b6cd066fac1216d0afd47fc174aff3306024df27a36931e93a08c
res_n_main/medium/ccb3/0_7_10_MulitiFightResult.ccbi,ccbi,748,3b30bf2cf9d64806375cc0ec668044d2c59b29f8581e23e4e1c64795dd72d9e9
res_n_main/medium/ccb3/0_7_10_MulitiFightResultCell.ccbi,ccbi,1493,ffe4be8a42c8dde9f8c57c082e99d25688ccf746df47e9fd45c4575a5f93cf7b
res_n_main/medium/ccb3/0_7_10_PlotDialogue.ccbi,ccbi,955,2e898837bacd67e72beb2ebd9b71da729195d90ce70832fc75c6950106b961ea
res_n_main/medium/ccb3/0_7_13_BottomBar.ccbi,ccbi,1022,e53c353a48441de3159b4b0cdc40390bbdfddb194dc84115d2e5b6c98014f1d4
res_n_main/medium/ccb3/0_7_13_Combat_InfoBar.ccbi,ccbi,667,5994adccfd6e656fb751b01c57cc7467a08db4bef37e96e58abdb11275ec1ec3
res_n_main/medium/ccb3/0_7_13_UpgradeBar.ccbi,ccbi,638,2d46e0c35b8ae7dbc85d2ac3a49a460bcae82700070ab6006f47c5297413d537
res_n_main/medium/ccb3/0_7_14_GoldTenDraw.ccbi,ccbi,1438,d06b6a066fa9d2d48932cab12a4dc8e8d3e77b64a0ed4a7f4b4b75c9c99a0ade
res_n_main/medium/ccb3/0_7_14_Toast_WineCup.ccbi,ccbi,1399,060d9700fa87d320311bea2f494174cf3e250cf5f93c1e7f30c81f3a85f390c0
res_n_main/medium/ccb3/0_7_14_Toast_WineCupInfo.ccbi,ccbi,931,586c60562152977f99cbd23af22f623e7ad24b8fe128574e09f9ba371d9374ff
res_n_main/medium/ccb3/0_7_19_GeneralTrainingResult.ccbi,ccbi,1537,d54c19cf0c6782639ed236f50832432e85c94251a9647d87126a96803bbd3349
res_n_main/medium/ccb3/0_7_1_EditSignatureDialog.ccbi,ccbi,715,80a1a05196baaf64e1536e155174e4d9e9f149f273c5dbaac85d8959f933f53c
res_n_main/medium/ccb3/0_7_1_PlayerChangeNameDialog.ccbi,ccbi,791,51c6d2c8156841c558a26d44a0103a0a17cb7e87ca95ab3627fb6f78c6623be1
res_n_main/medium/ccb3/0_7_1_PlayerInfo.ccbi,ccbi,5059,4df422b34c28c24f643c2f3ea1b85f5c31d95a1698bb03781579481bbd3afe1b
res_n_main/medium/ccb3/0_7_2_MVGeneralFightAndStrikeInfo.ccbi,ccbi,629,d55031ff34cb2110bc4e2584ec57c0cddc58ecf8e0ff1a7c42e2d39f1304f29c
res_n_main/medium/ccb3/0_7_2_MVGeneralInfo.ccbi,ccbi,1896,9747c2ba83afd360064e47c1b2f23e8a220c6b853130538ffe01788269c53afd
res_n_main/medium/ccb3/0_7_2_QueueTeam.ccbi,ccbi,2446,2350b2d7fe5b239949fbb734bd23d4fb6dbd2d2d9706e6500d4388303e8f1290
res_n_main/medium/ccb3/0_7_2_ReplaceCardListBox.ccbi,ccbi,939,ff12005846e0f794fc507cb6c47f241d228d904cf6e4080b42d91ea9a7ddc524
res_n_main/medium/ccb3/0_7_2_ReplaceCardPanel.ccbi,ccbi,760,55a2ac234876f96518ff3ea79aa0292daff8a51537c44df43453c89ddcad2fa4
res_n_main/medium/ccb3/0_7_6_AlchemyBar.ccbi,ccbi,3366,3c7f0b27c356e9a94bbaa65ea041a7a0b7a2a712374e408e6d5b498b4f8d02c1
res_n_main/medium/ccb3/0_7_6_AlchemyResult.ccbi,ccbi,1346,bd88ecd9379f5adebf698728fcc49b10f3a175202085f076326cf6a7578ef0af
res_n_main/medium/ccb3/0_7_6_PlayerInfo.ccbi,ccbi,2140,8324000c2fde27610366424ae206bb14ebfee0730af8e6c9525fda7dc480456a
res_n_main/medium/ccb3/0_7_7_WorshipAddCard.ccbi,ccbi,778,7911d3687a8191b42addb649357465385740773ed969b8202bb1c7f449e3daca
res_n_main/medium/ccb3/0_7_7_WorshipDesc.ccbi,ccbi,884,503dd897c4293eae832476c555fbb50bed89776dab2e3e0f7232b407f25f5a61
res_n_main/medium/ccb3/0_7_7_WorshipInfo.ccbi,ccbi,3557,62675cd44090f85e57b7cad1212294f9d2d8ed688cc1c93f06d61f0e5e89ba63
res_n_main/medium/ccb3/0_7_9_Breach.ccbi,ccbi,930,55f3f3a9cb01af4ea610d37fc6f10c7cb5cb2537e297cd7c7441a4c33915ca07
res_n_main/medium/ccb3/0_7_9_ProgressTimer.ccbi,ccbi,520,7f3b4fdce3c745e206c4de8045336dd42b1b55bf18abb14abf7f59418ac072da
res_n_main/medium/ccb3/0_7_9_Transmission.ccbi,ccbi,1859,4a7227a93893592a57895270f109131acad8fed665310043b09c0893605db3a3
res_n_main/medium/ccb3/0_7_9_TransmissionResult.ccbi,ccbi,3956,26749ff93cb38051a6ece7b8a361a3cf00b064f1d474d25f91b17ac58d8de7c5
res_n_main/medium/ccb3/0_7_Cmn_CellStyle_01.ccbi,ccbi,1594,947f46c0b53b76a8711a8aba362440c47ff1c86e07b3d740ef11d61cb6b7df05
res_n_main/medium/ccb3/0_7_Cmn_CellStyle_02.ccbi,ccbi,2107,d8764254965ff5c69948685baa36329341f68bf1e04e922575414b811cc89563
res_n_main/medium/ccb3/0_7_Cmn_CellStyle_03.ccbi,ccbi,1894,cf18a41530787a9031d47d70dae410777c451e50451dcf9edf7041650723dd79
res_n_main/medium/ccb3/0_7_Cmn_CellStyle_04.ccbi,ccbi,1708,9cb88b91079fe8c38e97090fdb79ef6a4e2cc34101a083cbf30ab5d870b602bc
res_n_main/medium/ccb3/0_7_DialogDetail1.ccbi,ccbi,717,647ac7f2a102e5a5d74568e073bf77a7100f1e263c175e087fbeb5f9497417d5
res_n_main/medium/ccb3/0_7_DialogDetail10.ccbi,ccbi,1196,f9a4d4667ee5d50c2baca85ce82e662c5a23e2d7394c5b6addf4634d60890045
res_n_main/medium/ccb3/0_7_DialogDetail11.ccbi,ccbi,714,04a4b3215d04406db1b8aa31d4c2f1dd54ddedc1b51f3869cab677f11be6034b
res_n_main/medium/ccb3/0_7_DialogDetail2.ccbi,ccbi,459,45976f11215834d7fa9bd98486827bf7aa4e7caa5a26aba40d42abf802362880
res_n_main/medium/ccb3/0_7_DialogDetail3.ccbi,ccbi,699,b712a1b3d9da1ed72328e805d6c0684e0201270d69f668aa1676513d6637a92d
res_n_main/medium/ccb3/0_7_DialogDetail4.ccbi,ccbi,355,3d8db2115d92a7c52fff484e3d842dcd575de02a20261596ca028e394de5a6ff
res_n_main/medium/ccb3/0_7_DialogDetail5.ccbi,ccbi,1460,a30d95a880137feb50bc6b2b0339797fd90a74c84b3682a1be38bbbedba93c16
res_n_main/medium/ccb3/0_7_DialogDetail7.ccbi,ccbi,526,9cd3be805722415e6484ab85dc4a95a4ffe591d9844cfff4f570b7b3c034a854
res_n_main/medium/ccb3/0_7_DialogDetail8.ccbi,ccbi,1049,f469a0c171a4c5cdcd98670035ddecedde1ba93e9aaf330e42cee4a412d12b73
res_n_main/medium/ccb3/0_7_DialogDetail9.ccbi,ccbi,840,8d32524befc85aeef7c4d5dd67ab7e9000f1682c0af34fe928a69f99742c7c1b
res_n_main/medium/ccb3/0_7_DialogDetailBG.ccbi,ccbi,1484,4e10375e2c4dbf929c7be49a75d6cbca698d7b19b62c8f20a3f87e582b8b4758
res_n_main/medium/ccb3/0_7_EqualStrengthen.ccbi,ccbi,3221,ff9832279926d15ed49a509ccdad05d4978ae74285c956bc616322d480990afb
res_n_main/medium/ccb3/0_7_GoldNotEnough.ccbi,ccbi,1075,e630cd7d2eaa525e625e26f4b69d859dec9f20dcd7bf968f26e06356215d893a
res_n_main/medium/ccb3/0_7_PowerNotEnough.ccbi,ccbi,741,0dcda574a4e6878d32fdd6c8a48ffa6530d574169407cf3e85f6c6f6e5017819
res_n_main/medium/ccb3/0_7_SkillDialog.ccbi,ccbi,1931,e87a2e0ffcdaa91f1c099124fed276896ff0f422320f2a8a7c9c90891a4d84b2
res_n_main/medium/ccb3/0_7_SkillDialog_Panel.ccbi,ccbi,1183,0f2201fd2c667765ef438632995afcf786c6db896a600580657c7515c42afee6
res_n_main/medium/ccb3/0_8_2ClimbLadderChooseDifficulty.ccbi,ccbi,1398,8c19e803525fe72a40bf7924f674d3bbddaa1e7c1e3650fead614e5f27913e16
res_n_main/medium/ccb3/0_8_2ClimbLadderChooseInfo.ccbi,ccbi,1852,7b9937b963f7e96cab410f4f31efa37f0c96f0e641df792e10be1a90bcf1eebd
res_n_main/medium/ccb3/0_8_2ClimbLadderChooseProgress.ccbi,ccbi,981,f5881e02708a3ffd91aa0aca13496554a3e32704654b8fb2429a04fad564c99a
res_n_main/medium/ccb3/0_8_2ClimbLadderChooseTitle.ccbi,ccbi,476,9c0559c4f9da640772c089566dace5b7cfad2645bf652b9524d12a67d0d44936
res_n_main/medium/ccb3/0_8_2ClimbLadderPropertyAddInfo.ccbi,ccbi,1537,fe2c8bd792ee5fc8df9205fa718ace9e64d51cd071a75724e6e1d8034f9cf7d2
res_n_main/medium/ccb3/0_8_2ClimbLadderRankingCell.ccbi,ccbi,2190,9e0b5ab0554aaf95124b50d934e1323ee386e31ee179877d9ca02135e013e056
res_n_main/medium/ccb3/0_8_2ClimbLadderStart.ccbi,ccbi,255,d980d0c871d801ea055ef56d1182c34f77d8f609d3f2b5e4bc0b05a8f77f21f0
res_n_main/medium/ccb3/0_8_2ClimbLadderStartInfo.ccbi,ccbi,1301,4ccf5ba72d5e2dbe8867660b53d5836d1abe0bd278436ddb211e4067792a3193
res_n_main/medium/ccb3/0_8_2GuoguanCell1.ccbi,ccbi,1182,0b98e018a4daaa767b47820f662a7c6de640228576f1734ab9cfd150eea5bbdd
res_n_main/medium/ccb3/0_8_2GuoguanCell2.ccbi,ccbi,1048,abe89f84e500ebd8211036e528b1df7dfbeaeafcf2cc7549541dfdd6591c71d8
res_n_main/medium/ccb3/0_8_2GuoguanCell3.ccbi,ccbi,875,f03481542300b86cec94b66ed20ca3e0efeb5ed4961a929974242b98520f418e
res_n_main/medium/ccb3/0_8_2SurrenderReach.ccbi,ccbi,2054,f50611505b39b52e1ecab8043b42cd6e28b39a6007c26900d4cd6bdd4f2302c9
res_n_main/medium/ccb3/0_8_2_LadderChartBtn.ccbi,ccbi,459,f3064c92c0ba4a1db804a382cc72f8fc09043cd5d3ae8dec0f8494c7ad820109
res_n_main/medium/ccb3/0_8_2_LadderChartCell.ccbi,ccbi,1498,17affe4b9975d6815d72ce626992cd8ca8927790d1497f72c6843fd3b3220b8a
res_n_main/medium/ccb3/0_8_2_LadderFightStart.ccbi,ccbi,578,ebeb525a2042fe8c5c7db139b8013e29804c717c95231723a7b4e8d4759d30b2
res_n_main/medium/ccb3/0_8_2_LadderLabel.ccbi,ccbi,644,944b6dfd0da1e6a8cfb9036ce4e414f5650ca5f6d85c3d9e07ab4203ffc68571
res_n_main/medium/ccb3/0_8_2_Selfpos.ccbi,ccbi,460,4fb87fd3f868b194140171bcdd7f9effa8be14e948819cf30685f33798a8b427
res_n_main/medium/ccb3/0_8_2_UserLadderInfo.ccbi,ccbi,769,13b935a00b5210003ed8024b472c57f3f55b2b468bf65ba2405232c9f7a050e4
res_n_main/medium/ccb3/0_8_3_ChaosCell.ccbi,ccbi,1052,4614c9515483dc50400a051234ab8586cbfe7e5f0bc18a7a97ebf844bd5a0d59
res_n_main/medium/ccb3/0_8_3_SkillIconShow.ccbi,ccbi,545,4b18a033dce1137cf2d743b5284050b5d7a7f00a21017931ec5a12d991a6df56
res_n_main/medium/ccb3/0_8_3_SkillPiece.ccbi,ccbi,381,613654a0157f777500df069d81347ca7644764cad59f2af99bb350333ac393ac
res_n_main/medium/ccb3/0_8_3_TipInfoBar.ccbi,ccbi,1034,d771f00b4054f899be755ee8e511f0c6bfe2c50e8f8d2a2d8d190b274024d956
res_n_main/medium/ccb3/0_8_5_MultiItemBuyDialog.ccbi,ccbi,1606,6f8a67e4b27cdc7ddfb4460dc78d6755d569318e8cd6273b498054589de135aa
res_n_main/medium/ccb3/0_8_Speaker.ccbi,ccbi,559,38545e56bb36d639018d95f633cb5aa6c95a78a3ac6077c23ad1de53e494eeb0
res_n_main/medium/ccb3/0_9_1_FirstChargeDialog.ccbi,ccbi,1236,3c7d618f9fe8ca6a26fd2979cbca3afa6901f4d870df60ce999af7555b6a35b7
res_n_main/medium/ccb3/10_26_Rank.ccbi,ccbi,1847,40a0d74cad421aa9836b215d3d0b8c01be127ab052b4ccddb4516641b21e9df5
res_n_main/medium/ccb3/12_21_Christmas.ccbi,ccbi,1756,762bd0cce7c43c946c66a403db78c9d75df6ae1900e21216742e0ca833955bf5
res_n_main/medium/ccb3/12_21_Christmas_1.ccbi,ccbi,539,a9b21ae891e1a91a7d71733ee4d04fab220b2999abed9d3f55cb662d59e74f14
res_n_main/medium/ccb3/12_21_Christmas_2.ccbi,ccbi,1761,ea5862ebcb9f4b2b1fc3423ece9dbed6abef3155a952d20440181f7708354ac8
res_n_main/medium/ccb3/12_21_Christmas_3.ccbi,ccbi,1767,e38f43d7a9c48d43dbdd96856d149ce7f10b3040a228674dd2fd3920f399aea8
res_n_main/medium/ccb3/8_30Evolution_Yuanfen2.ccbi,ccbi,1677,8552d08d86f47a84775366daf76d6067fd5db319469fcf1a77511eb9cd545771
res_n_main/medium/ccb3/8_30_EvolutionControl.ccbi,ccbi,874,c789aedce1fa3b3afe36a71e6a403689efbbcf3c2f2fd36e245599fcfadb6e40
res_n_main/medium/ccb3/8_30_EvolutionInfor.ccbi,ccbi,1886,073e4a23a1978f93e2194ec910e51bec2d2c89213f81e9252abdc88afc2174a8
res_n_main/medium/ccb3/8_30_Evolution_1.ccbi,ccbi,910,5a7f37c50fb74b1e46ca40f3289434b35d2b201fe4633e53577a62706474608a
res_n_main/medium/ccb3/8_30_Evolution_2.ccbi,ccbi,909,1c91f98925212083525759f38500e00e05727fe2f9a47b3d1e453ce8384fc472
res_n_main/medium/ccb3/8_30_Evolution_3.ccbi,ccbi,909,f99ae2079269fd921b9a187c7305f0d9993d0c1da8c86849e956170cbf5dd5ee
res_n_main/medium/ccb3/8_30_Evolution_4.ccbi,ccbi,910,022cab3b32e22ec8871e196358ad800a0b89ada37fad84439489d3b40f1f4813
res_n_main/medium/ccb3/8_30_Evolution_5.ccbi,ccbi,912,327b1f85d21eb0dc1e35df96c804249cb0af313802f72fb3fab7d181c51e6f26
res_n_main/medium/ccb3/8_30_Evolution_Confirm.ccbi,ccbi,1115,61694b1d947e3c69dd0753dc7b4bddba748f12683e3b123fced68f8735cf2818
res_n_main/medium/ccb3/8_30_Evolution_Yuanfen.ccbi,ccbi,1173,cf12a597b247957853e8f6aff284d59171cb396177f601027a20f4e1e887dccc
res_n_main/medium/ccb3/8_30_Evolution_guoc.ccbi,ccbi,3112,3f2b01d193d917e1615e479e96fa4dd0d310c060fa04c9096be5f3331b51cfd4
res_n_main/medium/ccb3/8_30_Evolution_yulan.ccbi,ccbi,1973,aaa16da17e693c207f8580d4404007ace414f6e901098ad1d6fadd9189e83792
res_n_main/medium/ccb3/8_30_Evolutionbaoxiang.ccbi,ccbi,919,dd97d386c25b6a26183db30aa26e93dcaf57d06e7ab1c34f646496d614563a56
res_n_main/medium/ccb3/Achieve.ccbi,ccbi,1452,716bc1c4af3346f4c79a5c3a9893b84301e3a1a9e659cbadf78484a41c44edbe
res_n_main/medium/ccb3/AchieveDialog.ccbi,ccbi,2239,e03dabcc7ff657d8e4a85dd75e86a8bf07c4ea353f9027da6ad7716200e525c4
res_n_main/medium/ccb3/ActivitiesShow6Icon.ccbi,ccbi,499,a3a316581511c5218edfe1091b8454b6051bbae4b396bc4d908e200367241550
res_n_main/medium/ccb3/AcupointListCell.ccbi,ccbi,944,f5ed012127123fd1d4704607db71b2a6f2b684b93e026db2e80441c4a0e84d66
res_n_main/medium/ccb3/Adventure1.ccbi,ccbi,1522,ab56228e19670cab6a9d587c38895f648ba5a4bc2e4a4d1a072210d44635aa70
res_n_main/medium/ccb3/Adventure2.ccbi,ccbi,1325,092544c8115c7a32a315f29b888528596f2c50fb7bd033656d480c09da985737
res_n_main/medium/ccb3/Adventure3.ccbi,ccbi,1300,ea250855076f0b43c0e0888aa9619a4bf20ac1a7eab365c3f5894214b05a41bc
res_n_main/medium/ccb3/Adventure4.ccbi,ccbi,1245,12cfeb40d6b45bbda8d46a909381ddb6597365f5424f045ab50e70d122e58981
res_n_main/medium/ccb3/Adventure5.ccbi,ccbi,1378,b6dfee084960e29badc27bcf6747a48df93a55856870266e15867bffe5a05f1e
res_n_main/medium/ccb3/AdvertisementDialog.ccbi,ccbi,319,64f6f3a3c54a5eec2283acc69fe0194f384ef4eceeee0b87964052d862da4600
res_n_main/medium/ccb3/AgaSurrender.ccbi,ccbi,953,27ae00e78f0b5ef5e62f87acefab886021edb0840515ec08405d7c53eec22aef
res_n_main/medium/ccb3/AutoPracticeDialog.ccbi,ccbi,5733,b89c17f0fca78857fe5315c43f935098f4b8028257b750f1eb3b41dfbe0ff688
res_n_main/medium/ccb3/AutoPracticeResult.ccbi,ccbi,3187,f31a484c4549393f922a0ddc02485d66eb04b1badb6cad6777234f365d3ca557
res_n_main/medium/ccb3/BeautyInfo.ccbi,ccbi,2113,dd2f6a4512de0ccb0c65b6ae7f5761a896efdcaa1e7bfccece3af6a3e3ecb512
res_n_main/medium/ccb3/BeautyTips.ccbi,ccbi,1054,7f50394e137e8c518dc8d54cc163d76765dcd84cd06be948d0579e4fdc1b3aad
res_n_main/medium/ccb3/BeautyTitle.ccbi,ccbi,985,d014c6e7aa51ad4e5616187828863dcd903eeb1e08e1c68526257592f699de46
res_n_main/medium/ccb3/BecomeStrongerDialogCell.ccbi,ccbi,797,34319d4e1622a6fda9df534abc309d6ea770efe5cc4d00c278dd6881a124a77a
res_n_main/medium/ccb3/BlueProgressTimer.ccbi,ccbi,317,8bb205c572658b08ef6bc67756903b85e258f25b84209b283f506a9352432e1a
res_n_main/medium/ccb3/ChargeItemCell.ccbi,ccbi,1586,eba0e4e60f60a6ac1d79b19e20702fde0a1acff04dd9d0ee5f5c1af5ca86018e
res_n_main/medium/ccb3/ChargePrivilege.ccbi,ccbi,1709,6735f0a6c06f92b635f5c304d5b36065f8c7174aa309a1097b1facd7deb242ff
res_n_main/medium/ccb3/ChargeScene.ccbi,ccbi,1748,ece208c088a77d0a40ae31539fa4c911fe99d78806d0d8cbe7ce9119edb14fb3
res_n_main/medium/ccb3/Chat.ccbi,ccbi,537,019f48680207a4fe29c26dcd3efbba4f3015c2cedc051bc0a8a406d9d3a0ef3b
res_n_main/medium/ccb3/ChatPage_world.ccbi,ccbi,918,e2091a1988faa42675b2049aaa5d55dc4b3f6b4aecd078e18d2b307bbc91332c
res_n_main/medium/ccb3/DecisiveBattleMainView.ccbi,ccbi,1453,8c05dfc6901e4ee9da83f09157aeb99ad97618edeca7d6649b26eb9863e90ba6
res_n_main/medium/ccb3/DecisiveSupportDialog.ccbi,ccbi,782,8333ef1670f3aff52aac3005aa882436adf5e3e7beb5b9d2c18114ba50d8172a
res_n_main/medium/ccb3/DecisiveSupportDialogCell.ccbi,ccbi,1182,19d231ea0f03190f2431aca2c285995407bcdd085bf405ba7bd9b8f6be1966e0
res_n_main/medium/ccb3/DecisiveSupportDialogCellFirst.ccbi,ccbi,935,1172acddc59f35bb91858c5a984a809cd33fe376c9535bf7f8f256df662a7244
res_n_main/medium/ccb3/DevelopScene_instruction.ccbi,ccbi,764,64c558a9eafa12ddc6f2e83bb87480054a02ccaf38e4dd5d42f0e53a85faa0b4
res_n_main/medium/ccb3/DialogDetailStyleR.ccbi,ccbi,1892,df1ab43b0162f98e0ddff44fc26dc183fd0e4618f5557dd62787c6a9813799ce
res_n_main/medium/ccb3/GarrisonLayoutDialog.ccbi,ccbi,4813,664c18976762dc44506e60f7af5043da40701b8ee40854a81dac2a1287ffec7b
res_n_main/medium/ccb3/GemComposeList.ccbi,ccbi,675,b252d175e48aacc50a65a439c216e9cb14498b8cdf6cb85dc8cf9606773b6967
res_n_main/medium/ccb3/GemComposeViews.ccbi,ccbi,599,1be74056aa050064adaba8178a2ffbb6bed1576317a1c9f4f9c556bae93d661f
res_n_main/medium/ccb3/GemsEpsPunch.ccbi,ccbi,2066,ec12a3c3e4fcdaebd49cf253e3e7ad969510468747cd7ce63290f7a54b92429b
res_n_main/medium/ccb3/GemsNoSelectEps.ccbi,ccbi,688,6236de788f928d3b2f3f3f7c751c8de1d1c9625b9523d202dece7c59d712c01a
res_n_main/medium/ccb3/GemsSophisticationEps.ccbi,ccbi,2294,47d0d66fd39f25890cc9bdadc188347da3f53cbbd8a3892ecfbfd53507570768
res_n_main/medium/ccb3/GemsSophisticationReplaceCell.ccbi,ccbi,892,dc1548a15d4c263f1c5b3b57b9374e0ff9e8ecf75634dd57fb63513ffee85568
res_n_main/medium/ccb3/GemseEquDetailsCell.ccbi,ccbi,976,3c18e0b3f37679135e4a27d0f9dd227c960de6ac94c89c35a7886d3509953599
res_n_main/medium/ccb3/GoddessAchievementCell.ccbi,ccbi,934,92196809526f882856531299ab02a02d017ad73fce0014e57120637b7edb53cd
res_n_main/medium/ccb3/GoddessAchievementDialog.ccbi,ccbi,1052,4377ed9d453c67ff1f367757f9f4f8243c10fd3ec2b7dad6249cb35aea50dc24
res_n_main/medium/ccb3/GoddessNoSelectView.ccbi,ccbi,788,a9028a8f901ac7878a370e973ee1d82231d5e6453af9e3730843a824bbb3f26f
res_n_main/medium/ccb3/GoddessSelectView.ccbi,ccbi,2372,e02526e1ca05461fb50f64347a74f590690d4bcfa75f6729e005d61658288aff
res_n_main/medium/ccb3/GuildDialog.ccbi,ccbi,873,4b7823db7323fd98f5509ea4650e5ef36e315d1b1237c66ac9728db088c21e0a
res_n_main/medium/ccb3/GuildDonation.ccbi,ccbi,3525,9c0d2943a7aafe723a8cd050bce3bc23b00d3a6cf9f77854ccd9a473277a9f73
res_n_main/medium/ccb3/GuildMain.ccbi,ccbi,2407,1c32f920817ee495788affd8734e11d4608ddabede33c0d1e556e2a84caf9937
res_n_main/medium/ccb3/HulaoBattleMainScene.ccbi,ccbi,1630,b541d1958e6d3f035980c6905f950c10f7f2ef01bbe53db170a9a6c88f34e1da
res_n_main/medium/ccb3/HulaoBattleSelectDifficulty.ccbi,ccbi,1204,8895b53fa81c605965ac10d546accc1ecdfe8603d3a3ea87ac134b2a5ad8816d
res_n_main/medium/ccb3/InterRegistrationInfor.ccbi,ccbi,1040,3f6789c4484928d0edddfe4dbc244638ca3f850bbf894768c90c13d4066e1f8a
res_n_main/medium/ccb3/InterServerhangRewardDialog.ccbi,ccbi,1087,ef2277acbb795d8fb27cd41b3a89749cdb0fcb19e16f45064d1419f90d96f2bc
res_n_main/medium/ccb3/InterServerhangRewardTableViewCell.ccbi,ccbi,1317,9d29655b688a4bd27fb810507b625abf79de6de1c4d848250d75de9078ad8f9f
res_n_main/medium/ccb3/InterServicePlayerInfor.ccbi,ccbi,1237,ec41a5b82b22af2f9e7d85d84063ca43dc254a17bc8fa3c554aae87916c947bb
res_n_main/medium/ccb3/InterServicePromptDialog.ccbi,ccbi,1224,6f40ece315752342ac4d2dd7ff3ad103608944fa8065bdd10085d046176139a9
res_n_main/medium/ccb3/InterServiceRewardDialog.ccbi,ccbi,939,788d2375d39162485f261999c5bf3d2b3ba95bbd392c0813de9c943dfb9aac5c
res_n_main/medium/ccb3/InterServiceRewardListCell.ccbi,ccbi,812,30906a361af8d1d562dec76646f6241291ebe0b85c2d998b2079c0d3504c44b7
res_n_main/medium/ccb3/InterServiceUserInfor.ccbi,ccbi,1513,58fa2204f921fb55a37e91065e6085d8ac4ceecf0b26bda2f5bb0a22ea9848e8
res_n_main/medium/ccb3/InterServiceYuanbaoPrompt.ccbi,ccbi,646,892df76f65fb981a38158e186263e2b316d4db683f8f6fa5c1a70e567bb2c286
res_n_main/medium/ccb3/JinengLianhuaBaGua.ccbi,ccbi,1107,79af8bf241e6672835f0f3301a4b47c9c2264d03f03b372332d1a49de65c1f9b
res_n_main/medium/ccb3/JinengLianhuaInfor.ccbi,ccbi,1752,4e0423b1579f2f8398ee5a2a47cdbcef38498e725be1161a30944f4af6ddb418
res_n_main/medium/ccb3/JinengLianhuaShow.ccbi,ccbi,707,7c20a76ec5cf220584e4d8a6db8d901d45bd690e1df9c2b5e2199cc37e0659b2
res_n_main/medium/ccb3/JinengLianhuaShowCell.ccbi,ccbi,665,9665891882b4b3e4c7f525b386193a8019a6d9c95141d44db6b51de0c2048a8a
res_n_main/medium/ccb3/LadderTenFightResultCell.ccbi,ccbi,1718,9e1a32c1033c550fb7073450ce3e4531087d3522ff4c52d8b1e2bf3ffd2859d6
res_n_main/medium/ccb3/LightenLuckCell.ccbi,ccbi,1130,1ddae784d29c86b4ecfefac5b981d6a435cb242de21caaddf91fcf01101d8c77
res_n_main/medium/ccb3/LightenLuckDialog.ccbi,ccbi,1264,750135ae00746174f5284f59f45588fdd307972dcdbd3bf99b154ce7b3c330f8
res_n_main/medium/ccb3/MainMenuHead.ccbi,ccbi,1954,4eaf7e1a19bac19948dd640700556877c8afa87b8d270b8d97cd633b4152c473
res_n_main/medium/ccb3/MainSceneMenuBtn.ccbi,ccbi,714,6c18364e7c69817d49be949c586322198b20148a4fb9dd5081bebc480c8ae040
res_n_main/medium/ccb3/MeridiansDetailDialog.ccbi,ccbi,827,561dd1b6f7fb868e84bdc1c7d724ad11b329f371bfc372ada76a08df5b78482f
res_n_main/medium/ccb3/MeridiansListCell.ccbi,ccbi,526,d3472979a681c29053496f44e70ba9d41717fa05c4b4d52d157e174afa89b229
res_n_main/medium/ccb3/MeridiansMainView.ccbi,ccbi,3470,0c29ca4ae98e28c20ccaeb8f58dfe6301a33fd25b994243a668477fc553e6039
res_n_main/medium/ccb3/MiddleMiracleWeaponIntro.ccbi,ccbi,631,e60aee828fe9a16c84cdb59aa93d56efba572ee9b2748f716449bf33cd9e2bd2
res_n_main/medium/ccb3/MiracleWeaponInfor.ccbi,ccbi,1659,5358075ef8f36a04b0e624b9fc37c1edd6818db09fab9d27ff7c02ec786c698d
res_n_main/medium/ccb3/MiracleWeaponJiesuo.ccbi,ccbi,656,fb6dc02e96f74015622e6d0783e79f39787513dadab23f0b7f413eab9a247ec6
res_n_main/medium/ccb3/MiracleWeaponsBaGua.ccbi,ccbi,3780,7ff588d6c6d79d988bead45ada98e5b735e17cfc1e2af4ca701dd073a9b020bf
res_n_main/medium/ccb3/MiracleWeaponsIntroDialog.ccbi,ccbi,2031,242f691a906b41a9c2df265f11f0a3228fbc80cfeda16429293388cd9dd9db16
res_n_main/medium/ccb3/PracticeNadi.ccbi,ccbi,1591,ea999f625ea2109a54141290a265e7567a3c169660674085b909176e4d3cc625
res_n_main/medium/ccb3/QueueTeamTablePageView.ccbi,ccbi,753,38af20e4d01400f8672121396bea6f6efaff6fdacf74d91df71bffc9284884bd
res_n_main/medium/ccb3/RechargeRankDialog.ccbi,ccbi,1121,47ae416f6c9b675f08e183fb528172c8d4633a39cfabfef63d1cf08be2a7d8cd
res_n_main/medium/ccb3/RechargeRankTableViewCell.ccbi,ccbi,1516,899a486b68f9337d60d661253c95dc15da7b6f8666dac73873142d8f7711740b
res_n_main/medium/ccb3/RefineEquipDialog.ccbi,ccbi,1710,d46cbd86aac3620b04b51f1685464197b97610d352e783c78e9c28287a5f425d
res_n_main/medium/ccb3/SupportRecordCell.ccbi,ccbi,1248,ac947cd096a2f49fffde7a3bc66aa35d52e15d7376adb028a3e99692b119b8e3
res_n_main/medium/ccb3/TaskCell.ccbi,ccbi,1327,23710e1b0e2005df4e81576f0c95f9ffdd91b184401cd5b13bac2718270b6746
res_n_main/medium/ccb3/TaskDialog.ccbi,ccbi,1006,e2efec64c9d0bcdd5644606204be5c404a283b09f7a485175ae87cee1a923bc6
res_n_main/medium/ccb3/Top128BattlePreview.ccbi,ccbi,10286,6f64883d92d40fb3cb747f57bff90e02cabff571e8f8f960183302a5378b1819
res_n_main/medium/ccb3/UI_wujiang.ccbi,ccbi,2146,e17ff11ed2e80b9d58aa7c225c730441a31d6db9105cc44fd3fa273a67241f76
res_n_main/medium/ccb3/UI_wujiang_evolution.ccbi,ccbi,1699,4fe70f434e39fd828d4c41f42aa8108e2c603c087d4ba1c42286baaa20236caf
res_n_main/medium/ccb3/UI_wujiang_soul.ccbi,ccbi,1129,5314cbd29fb8478c0e47973cf0d255f29fdb6731614029e47284876f3a716236
res_n_main/medium/ccb3/UnionMemberCell.ccbi,ccbi,1900,7d9f601dec86cc9b73719f5fb4aed85ed4b8921069221d98a45f7c53709afe5d
res_n_main/medium/ccb3/UnionShopLayer.ccbi,ccbi,689,de8d103adb09ff540aebab21ad6e969deb5cb55cb4b61b0a288e745798621197
res_n_main/medium/ccb3/UpgradeGuideInMainView.ccbi,ccbi,633,8aeb02513b765a9cc61f57b628f60291c50f5a258bc84446c8652fb70b1d36f7
res_n_main/medium/ccb3/WuJiangYuLanDialog.ccbi,ccbi,871,5c8bee34b428b625afb9b87d2a14df925e004844b4f1dd41f48a4ed30493a06e
res_n_main/medium/ccb3/YangchengErjiMenuHead.ccbi,ccbi,1418,e9112b1d6ac7ebcdd0de4e53e62b92dac11ef2c068826f3869c4f44a3f1c4357
res_n_main/medium/ccb3/YangchengMenuHead.ccbi,ccbi,910,09266869d38c0e9d1617ef973d75c70fb8a735da71bdc8c244fc1736c7f0cac7
res_n_main/medium/ccb3/YuanFenReplaceDialog.ccbi,ccbi,1132,02b7fb245a083b32a7cdf3134be0b1620bc99efad59a653a77994588cc9345e7
res_n_main/medium/ccb3/YuanFenReplaceDialogCell.ccbi,ccbi,1885,a5d46afbbb82f1a8a0bdf0c70c6e3a322fdec7f6a120049a3d72a9521a18c82e
res_n_main/medium/ccb3/alpha_18_Baoxiangjiemian.ccbi,ccbi,1203,7fd3042b83deb7bbd038371dc4376980971c58bd01f39205c91a0405f61afa05
res_n_main/medium/ccb3/alpha_18_ItemShowListCell.ccbi,ccbi,857,def2678c2a7649f2dd9f85139f589770817d7f5f32ddc0e6de33db7eee0b29f9
res_n_main/medium/ccb3/alpha_2_Vipxitong.ccbi,ccbi,1016,96fdc427b17d5c9a72473c5dfc982e2d3c0a8b5248a9901deff4378cca350673
res_n_main/medium/ccb3/alpha_6_UpgradeCard.ccbi,ccbi,589,7ded6d02eed4746e4260b6bbf23178cd23cd44c5285de8d584c4e1838fe25a0b
res_n_main/medium/ccb3/alpha_8_WorshipWineInfoCell.ccbi,ccbi,1277,8880cb357d5604f7d757b74c7919b8c441a25b4268fc4458f4ec5de2b38538eb
res_n_main/medium/ccb3/alpha_9_baixieMenu.ccbi,ccbi,1537,337ef4ffcb3eb90f8adf31e6ebf2433c4adde18e5491e1bb20b67bc164a41d19
res_n_main/medium/ccb3/alpha_9_baixiejiemianjieguoLianbing.ccbi,ccbi,7656,0e20d54e725dedeaf03b8075f0ca39d99f8e85ed13a55846c8eb8ac6f105c198
res_n_main/medium/ccb3/alpha_9_wujiangzhidianchuangguan.ccbi,ccbi,748,f174ab442b74c995ea55df6a3ca9c0a75a15e780dd048e086967cf6d83c1715d
res_n_main/medium/ccb3/alpha_9_wujiangzhidiandaojishi.ccbi,ccbi,1036,dae111ce51596ee91a543ee0a89d2502ce4ac928770b5e0129ca324a69064e37
res_n_main/medium/ccb3/alpha_9_wujiangzhidiandaxie.ccbi,ccbi,1097,15e700faeb9441313cae5ac56984746f3e08ecf9c28b8a82ed563839a59d22ab
res_n_main/medium/ccb3/alpha_9_wujiangzhidiangouyubanner.ccbi,ccbi,541,abca3de4360dad47f78b814ec82139a8e969e4dde3eb13bf868982940e6cef54
res_n_main/medium/ccb3/alpha_9_wujiangzhidianjiemian.ccbi,ccbi,1042,7ca9d7cce9369562c8e604d53929474b52d86a7ca269cb0d381bd7d35b4ee627
res_n_main/medium/ccb3/alpha_9_wujiangzhidianjiesuanspeak.ccbi,ccbi,664,9be7243bf8f77066aa90ad70c407f61efbccd71f4eaca36bf003bd82abeecf45
res_n_main/medium/ccb3/alpha_9_wujiangzhidianjiesuantile.ccbi,ccbi,1098,f1de3e8e4b57d59f47072cef8d0e67b62e009a9249a0146da25c14daa5e074ce
res_n_main/medium/ccb3/autoMultiKillSelectDialog.ccbi,ccbi,2112,78c6235bcbcd03013c0ca7e739c7f558552ea2106a087a15e0888a7e38526dc3
res_n_main/medium/ccb3/beta_1_duihuanfengludi.ccbi,ccbi,708,bcf1f339e5bf0a2804fe25201389fe8de9751c74d3b951493f332adc35afa6af
res_n_main/medium/ccb3/beta_1_duihuanrongyudi.ccbi,ccbi,775,0d9c71437e2d5eb38e00337d448f22c7539e2dc3aa5675b23a0cf908336f8f93
res_n_main/medium/ccb3/beta_1_duihuantanchuang.ccbi,ccbi,654,c5472192443b08ed695d8cf07f1c4bafe0842ecc5be7fbad11c2f6cc0eb02fab
res_n_main/medium/ccb3/beta_1_tiantipaihangdi.ccbi,ccbi,472,bb5aab590e077ccfff40ecaf21491c653de03f860c495de8ea02798b98cf9982
res_n_main/medium/ccb3/beta_1_wupingxinxikuang_lingzhi.ccbi,ccbi,1146,c6659b059bbac71a0dc2de7207cb2e8c5d32d8e2a54c04c5ed93ec36240106d3
res_n_main/medium/ccb3/beta_2_kaishipaihang.ccbi,ccbi,465,e79991c0107d58f679c190030a35771d858ea170115765a02481c1d36557f01c
res_n_main/medium/ccb3/beta_2_kashiwenzikuang.ccbi,ccbi,771,26699ae00079f48e2197cc3b3acf010d2b09d7f8867e442813c8b34959abd89c
res_n_main/medium/ccb3/beta_2_renshuwenzikuang.ccbi,ccbi,1651,228073d5f8a4dccff296c38601af8808644b96286bba1682a83a5ad20aac5c4b
res_n_main/medium/ccb3/beta_2_shuxingjiachengtanchuang.ccbi,ccbi,874,e34487a99cf971b49f41f8f16874448ee65f408e1c73d43cdb2acf446268982c
res_n_main/medium/ccb3/beta_2_shuxingjiachengwenzikuang.ccbi,ccbi,1282,839b30187f4f2b0f48336fc7643992f9409f4e190851457d93742663bc3ddede
res_n_main/medium/ccb3/beta_2_shuxinjiachangbiaotikuang.ccbi,ccbi,515,9e8dbba25492164d423eb4618676cb4eb18f70c3b06c9abb2b22ee1901ec844c
res_n_main/medium/ccb3/beta_2_startInfoNode.ccbi,ccbi,639,8ea531afac51a756e8c5b0d1d2557990a8f36352be3044ff50cd2c5537a64dd0
res_n_main/medium/ccb3/beta_4_qunxiongzhanluanxinxikuang.ccbi,ccbi,1297,c94c9cdf7d2acd876912319ba41c12458430d7adef638f47755ed54a1c591f48
res_n_main/medium/ccb3/buttonZiTi.fnt,fnt,1378,14b6c5bdeca251fc316a593096affef498b4667962905290900139ea66a31ee6
res_n_main/medium/ccb3/chgNoticeSign.ccbi,ccbi,1069,ae3d5bda10709d80cfad59752ee3825609edb094d3e74b96d65426c7ba65580c
res_n_main/medium/ccb3/create_guild.ccbi,ccbi,1477,d282023f9aacda6f6a36f9d2d378cdbf14060a100d8659a713b75fd30cbe9462
res_n_main/medium/ccb3/demo_wanjiaxinxibiaoti.ccbi,ccbi,453,f21438c28c6e6b8420ca82d7de4f5949c9242a3426db4925ffa25c08797486c0
res_n_main/medium/ccb3/fightRankingDialog.ccbi,ccbi,1895,2526c06f36805d55da29034d44da24ac271f815a5384b7eee3c92c7eb72df409
res_n_main/medium/ccb3/fightscene_userinfo_side0.ccbi,ccbi,706,9622ca5d8f396bb90d0c325e226beca9337fd636c6633dcbe29ba4685d78aec7
res_n_main/medium/ccb3/fileLookup.plist,plist,301,1b4bb39d9149cc2e6f82196743970e3a15b6843eb1ed90ebeff67c65af78fb45
res_n_main/medium/ccb3/gemsEquipmentAdd.ccbi,ccbi,885,8aea0764c03dc78c45eff60d9ec3ad09cbed57e2691472f6b016429fea19cb8b
res_n_main/medium/ccb3/join_guild_01.ccbi,ccbi,1162,1696fdedf299b5fc9fc6db9ab003eaccec82b9ce1d23f9ea48bb00b08ac5ad18
res_n_main/medium/ccb3/join_guild_02.ccbi,ccbi,440,2edfca4bbab79584ba771f765d80b03335a5488e786760196a885c3632d3ce93
res_n_main/medium/ccb3/laba.ccbi,ccbi,708,2fafc054608451d619e25e31f0aeac66344178ac7c3aa6ac60985f7872f76b17
res_n_main/medium/ccb3/locked.ccbi,ccbi,371,49985526e56591e37ab1a84c489c8f1b2062f4865bc243d9abbe69a4c7abb2b4
res_n_main/medium/ccb3/main.js,js,527,acbdaa5509519e4c4bae8cc28bd736593e7653b181118277e11fb7d18ff119d4
res_n_main/medium/ccb3/mysteryStore.ccbi,ccbi,1252,6a4febaf1b2d8b45eaa8b303227d3615f64f4dde466c0ed509d4599731cbe439
res_n_main/medium/ccb3/mysteryStoreCell.ccbi,ccbi,899,18fe8eca0116010971dd20663312bad1cd5ff605a421225d235bc8fc42b7b49d
res_n_main/medium/ccb3/outPlayersCell.ccbi,ccbi,982,71726671de2a1c19f64a715b9b86a4f2c454036aa5794e1513640a15be80e9a0
res_n_main/medium/ccb3/party_dialog_Double11.ccbi,ccbi,2719,926ad274227785fa1d51c513c21f82254bf4e4162aab3fae3927b72d1ec7392d
res_n_main/medium/ccb3/party_dialog_advertisement.ccbi,ccbi,805,86fae040a6c4dc527a63b2f78ecde300f4cd2fa7a280f754f35709ec01e464de
res_n_main/medium/ccb3/party_dialog_cmn.ccbi,ccbi,1239,1979a2de35629efa4e905b55ba9b99d665eb0b2f4a3a25294e9d4447bee745f5
res_n_main/medium/ccb3/party_dialog_eat.ccbi,ccbi,1562,dc728d89d0b3fb99d3d5376a2ec3fabd291ff84f38078e1fd9357f88cd89234b
res_n_main/medium/ccb3/party_dialog_slotMachines.ccbi,ccbi,2222,c205c591307180c3dd60300d4501e559522d7df6b7148e01f259dae408e4083c
res_n_main/medium/ccb3/party_dialog_slotMachines.ccbi.ccbi,ccbi,2302,0207724af33f23328ef4ba20b31a96c537f039c23a5c340bdee2a48b4b8aef7d
res_n_main/medium/ccb3/party_dialog_taleMonthCard.ccbi.ccbi,ccbi,428,8bf69c2d92a92bb44436a977676cf62e9e5c66abab4645f07d72d404a66e1c49
res_n_main/medium/ccb3/party_ladderCompetition.ccbi,ccbi,1477,07bdacd324d02c58b71d68c6431003105ca0bc079d4a1c4ecc9ad60d6508d2d9
res_n_main/medium/ccb3/pointsRankDialog.ccbi,ccbi,759,e5a871cfd2eb8df3b9d9da477b5c225127f7e2253502f96808439797ad919933
res_n_main/medium/ccb3/pointsRankTableViewCell.ccbi,ccbi,1191,08aff89d4dd43b30b9c93f86bd4f6601d8d377c7defd6c9525c5c079bdac27a8
res_n_main/medium/ccb3/popularityRewardCell.ccbi,ccbi,1476,fefb3a63d6b6f8cb0566d6662328a8a5ae916948f1379a887b183d8cb2893947
res_n_main/medium/ccb3/quickFightResult_chaos_fail_1.ccbi,ccbi,737,e650e01c2507dacb49e37fabfaafae1f5cd06469a581d27ffa33ed2dbaa1e6cd
res_n_main/medium/ccb3/quickFightResult_chaos_fail_2.ccbi,ccbi,887,f64c02a406920ab08536d46149af11e4bf83026ddee70e74d83686a0861d669c
res_n_main/medium/ccb3/quickFightResult_chaos_win.ccbi,ccbi,1058,9e1657230856b581b9e681d03704cb9bdef769d7279894b90cec155bacd9cb7d
res_n_main/medium/ccb3/quickFightResult_climbLadders_fail.ccbi,ccbi,1200,098d9d38ef65c945a6867f7e6e48f28b9dcd88e0667c67a28cbd03ab6aa32f80
res_n_main/medium/ccb3/quickFightResult_climbLadders_win.ccbi,ccbi,1734,d9c3bab07daa49d67253c365edc609593af57d6bac61d9b5af6645cbb03ad265
res_n_main/medium/ccb3/quickFightResult_ladder_fail.ccbi,ccbi,904,3e322be13b171da0cd4f5816abbd984109cf26f3ed1671ebf332efb41f8caa85
res_n_main/medium/ccb3/quickFightResult_ladder_win.ccbi,ccbi,1218,3faf4dad0a6ae0f877f6c96318d20f2e3915b110cc9eaeec234756faaa10552d
res_n_main/medium/ccb3/selectOpenBoxDialog.ccbi,ccbi,1526,33ccdb844dd28c2b6cdb3420240a9ebf0a1aa192b662e5cbcbf831ded9684b8a
res_n_main/medium/ccb3/societyApplyforPlayer_cell.ccbi,ccbi,1151,de80c58cfa4eeacc74b3723d2690342e8fff3e2f0ef9d162d8db7c611867f6dd
res_n_main/medium/ccb3/societyRanking_cell.ccbi,ccbi,1074,a8a36c586095a8e198818c50bcb0c5d04c5e9678375a174a75ed5ad9b94b5d59
res_n_main/medium/ccb3/story.ccbi,ccbi,964,2eedfa01ac6c0b49991eec2200240643bebc86011cac195a1fe53c652f7a9765
res_n_main/medium/ccb3/tip_Alchemy.ccbi,ccbi,507,5a627e680be45cb46a2922751d9d4fe6aa859ae3ff74d70fe77101f33f58343a
res_n_main/medium/ccb3/unionActiveDialog.ccbi,ccbi,852,d6477f5410e77184368409d4ea9120081470336cd2b4572feb62c74c9fed4d22
res_n_main/medium/ccb3/unionActiveRankingCell.ccbi,ccbi,1017,342e5e798315562b6295a97932cc3fe8844d4195bf450ab3c27e85991b3a1694
res_n_main/medium/ccb3/unionCombatMain.ccbi,ccbi,694,e1b3714b23497ec98b5ed6ebbdf295390ac89116e22589f83a93bcfa031cb418
res_n_main/medium/ccb3/unionDepotDistributionCell.ccbi,ccbi,1122,70ebebb3cb29feaa107d6eae9b0bb92c07414f8d463efda7236958083efca942
res_n_main/medium/ccb3/unionDepotMemberCell.ccbi,ccbi,1780,4d1bba01440c14c8fb900ed1014b298c9f1909a29f45771782dbbd1e05850e81
res_n_main/medium/ccb3/unionDepotMemberDialog.ccbi,ccbi,796,2515acc8add75d8331dedc16f9dcc24deb6eea2300a0ad4d7d43a9bbf475818f
res_n_main/medium/ccb3/unionDepotNumChoose.ccbi,ccbi,1552,c10bfbe974806c8fde6ad2964bcba82595ffac937a7545c35a628a0d81e560ea
res_n_main/medium/ccb3/unionDepotNumChooseDialog.ccbi,ccbi,1552,c10bfbe974806c8fde6ad2964bcba82595ffac937a7545c35a628a0d81e560ea
res_n_main/medium/ccb3/unionEncounterFlow.ccbi,ccbi,2267,9f7adc8d3a9b7cf3c4bdd857be443fbd2395555d3199a73130b07db3a915024f
res_n_main/medium/ccb3/unionEncounterSubject.ccbi,ccbi,7961,cc1197d3378a9f345095769aa9431d7a8c9ab0375a7575eb4d8533d746ad929e
res_n_main/medium/ccb3/unionShopDialog.ccbi,ccbi,1306,49f4fb2c10cb7e6095abc803de9620fa85f8844be4a71f16601c725ee8595c10
res_n_main/medium/ccb3/unionShopTableViewCell.ccbi,ccbi,1232,95e44db5b7b94dd077c7341a314c6a2e073c96d515c144fdeb55c39822dd3962
res_n_main/medium/ccb3/unionWarBattleResultDialog.ccbi,ccbi,796,2515acc8add75d8331dedc16f9dcc24deb6eea2300a0ad4d7d43a9bbf475818f
res_n_main/medium/ccb3/unionWarBattleResultDialogCell.ccbi,ccbi,1089,72b0feb73043e9a850fd74618d1039870bad3d2cb001dd49ab5f2c55795e54f1
res_n_main/medium/ccb3/unionWarFlowChartCell.ccbi,ccbi,1373,feff85119e5d69611fc337a6dc4bfa50cd20762e3db0052479f9fa05e24baf9a
res_n_main/medium/ccb3/unionWarFlowChartDialog.ccbi,ccbi,811,26bad6469bf42bc1867ebbc1f675f686b8bcd57a7ddd6eddfc5cd106a2851b99
res_n_main/medium/ccb3/unionWar_battleView_doubtful.ccbi,ccbi,895,c8595e1940e1ddbd56f7c66e43c8c3733280018faefd6d471c230fe05b8da857
res_n_main/medium/ccb3/unionWar_battleView_fighting.ccbi,ccbi,852,7c83cd0c108e93d62a370525b95911e46f5fddabd69c1e30155b2106c78bd6d2
res_n_main/medium/ccb3/unionWar_doubtfulHead.ccbi,ccbi,762,89163d76f3574ff2af4b7a85835203c0e4f552facf06b771e167b8839d74384a
res_n_main/medium/ccb3/unionWar_fightHead.ccbi,ccbi,812,10cb97759dbbca72554ed284d811c67c4454f72d24fff1672bc2be8c57a27e31
res_n_main/medium/ccb3/unionWar_fightHead_L.ccbi,ccbi,772,37961dc7649aaf3051539dad90214b4b9b52a658f5ef714e1e7b5be511653995
res_n_main/medium/ccb3/unionWar_fightHead_R.ccbi,ccbi,770,a9ea3dd539ebf079b57961068e507b1dfca5c3307612fb0e8d26909c38b439af
res_n_main/medium/ccb3/unionWar_title.ccbi,ccbi,316,f51edc6b6ad9249d6b4fe7a8fb1420246f8f14404bb3ba12152105090a586377
res_n_main/medium/ccb3/unionWar_vs_title.ccbi,ccbi,900,a175ea47f90bb912b5c7ac819952984679046e862ecfbdbb1e7879f82f0f918b
res_n_main/medium/ccb3/user_upgrade.ccbi,ccbi,2861,38176bad6193328d129513ff6e1cb209676bbe7921440d521b0aab8c7e196002
res_n_main/medium/ccb3/user_upgrade_1.ccbi,ccbi,3005,bf5bbaaebd235c6d2bd40e0aca3904bef8106b76c68500478dd7b19e2d84de2d
res_n_main/medium/ccb3/user_upgrade_willopen.ccbi,ccbi,1658,9bb0c3b4e5393e0f51aab105b1ea095510e3ccda9442e8fcdd2a682a46d5ae43
res_n_main/medium/ccb3/worship_info.ccbi,ccbi,1343,15031b8f5ce3e1837747c7becc408848626b628b7329a2e23449793c8f621b2f
res_n_main/medium/cfg/sgs_keyword_json.js,js,92837,38e8f282446450f744fc2fef96ff6534076cd77761904424b4d9a5fed1b6492d
res_n_main/medium/cs1/armature/Baox_Jx_bj.ExportJson,exportjson,65015,f37b92249a8b8a3ed573e5983182c90b70ad1ca7eb94e0771426cff3bfd0ae06
res_n_main/medium/cs1/armature/Buff_FengWu.ExportJson,exportjson,69078,75948e725b80a232a1ae984c69f8b1b8c7fb9503114edff5b100a4a5855b2353
res_n_main/medium/cs1/armature/DrawGeneral.ExportJson,exportjson,242555,1df46be8e64f542844370f4533ab52352f8667fc0130b8ddee43e547ad0709db
res_n_main/medium/cs1/armature/DrawSoulAni.ExportJson,exportjson,420367,7deccd0e39d3563a81d3d33585456ecff8888a3307b4db9c8ffe09dc2b7ba178
res_n_main/medium/cs1/armature/DungeonOpen.ExportJson,exportjson,49207,4346d67609a47d25525b5755ea1418b5cb6969c8f0770a1bfd598ec131b7d47a
res_n_main/medium/cs1/armature/DungeonRoadAni.ExportJson,exportjson,17973,81ba3e887e02ae3218f6a81d574a292ce581b108e8b9038eced807b1adb54053
res_n_main/medium/cs1/armature/Eff_Panding.ExportJson,exportjson,149390,172ac348087dfec79148ca0d912853ac2238fc08d09f94d933da44b897b694b5
res_n_main/medium/cs1/armature/Eff_SpLeiji.ExportJson,exportjson,24336,527f768c52fd1830c093e819614bfe2982740a49d540edbf1f6626dfe1bf0862
res_n_main/medium/cs1/armature/Eff_SpTieqi.ExportJson,exportjson,24858,4f57f590586156606d6bafa0b659403cd14e4a462e2d7d6a2e6eac3062b6f953
res_n_main/medium/cs1/armature/Fengyin_kapai.ExportJson,exportjson,47189,34fdb2579c7ab4a1daa71d620888a3aecd106f7bbb95aa7d4b48e123d26db23e
res_n_main/medium/cs1/armature/GemLight.ExportJson,exportjson,10270,af58f498a9c0b20ba08ddd695e6d503479e26077f8b0056b1a4927358a2ada08
res_n_main/medium/cs1/armature/Juexing_Ani.ExportJson,exportjson,40745,44fb210016b590dec4b0e475199c344e43268635054de8389c4d0280880a8d6b
res_n_main/medium/cs1/armature/LevelUpAni.ExportJson,exportjson,65464,e16a88fb31538e9216496eca9ce6311fcf573f1c21c9c3467b6e6f5ca94fdc4e
res_n_main/medium/cs1/armature/Lianmai.ExportJson,exportjson,22704,3468f068a953743be99f7e1373c3493c48aad19e5fa03cbfba4b225ca81df827
res_n_main/medium/cs1/armature/Newplay.ExportJson,exportjson,202473,97f432d97fe714b7c41f3613572cbb89e280f0efa9ac6585839062e845344af6
res_n_main/medium/cs1/armature/Reincarnation.ExportJson,exportjson,93626,185039b243aa84a452a7d5669a41ab66dba3e6a15c4f65f6ac99713405469317
res_n_main/medium/cs1/armature/Skill_JiJiaozhishi.ExportJson,exportjson,31179,2d5e0d3b9f41584dd7070c74c6c5b25df3b4f8896a79b812ec2df39d3d84dde3
res_n_main/medium/cs1/armature/Skill_JiJiaozhishi.txt,txt,25,152d664f44933a2438b68fb94e8054725d7c40edf6e3945f9678c7b61aaa75ae
res_n_main/medium/cs1/armature/Skill_Jianren.ExportJson,exportjson,81230,78bc0d6ce7cd1fdbb2c62283afba71859c119fbb62b56a3124ef66cf2090b26f
res_n_main/medium/cs1/armature/Skill_Jianren.txt,txt,43,6c636e31ae4412d5a7a8aa65d5bf67e366353b8d9b6bbae5c932c8524ee894f6
res_n_main/medium/cs1/armature/Skill_Kuangbao.ExportJson,exportjson,56605,1e8a4ce69da0166b25408c6b7e2ca03e5f388c7ace347eca1687d63664e9765c
res_n_main/medium/cs1/armature/Skill_Kuangbao.txt,txt,45,0245f798f16a835051b1d3d6f326d022c5d05be74c7b0a040bedfca62db80aba
res_n_main/medium/cs1/armature/Skill_Qinyin.ExportJson,exportjson,172411,0be2f28ed63e8534e5101ca3cdfd27023c63b9fbf00042a000dd920f544fe842
res_n_main/medium/cs1/armature/Skill_Yijue.ExportJson,exportjson,32063,6fa37d82d89136d4da410a1f8d0d28fb7ef44bb6c0de7aeee47c6a06a0b9b47a
res_n_main/medium/cs1/armature/Skill_Yijue.txt,txt,21,60f4bbbeab7f979e4d82850c1989eda1cb6280d4511e2bfcff7da1093ef6775f
res_n_main/medium/cs1/armature/Skill_qiaobian_v5.ExportJson,exportjson,17003,2479e9db8ddd245c21e1265ead17b97b025a8ab13acff5a72d4198e2ac316a6a
res_n_main/medium/cs1/armature/Skill_zhuikong.ExportJson,exportjson,51259,28f2ac5d138d5686a0ce083cf7f504e5e1bd5a063ddf2bb6c5daf53ba8b8ee35
res_n_main/medium/cs1/armature/XuYuan.ExportJson,exportjson,57985,f3919d94d2ff3adb96587e293741f7633f7670bd9c2b011670c00fb3ab4b8765
res_n_main/medium/cs1/armature/biaoji_tiannian.ExportJson,exportjson,49360,c72a6bba3c8bd532da4674039726e232155115bd4b80c2746ff7b41d65eee951
res_n_main/medium/cs1/armature/buff01.ExportJson,exportjson,4153,a02c6d9a937a33684788f77614276982d789826d9e799ba179578b1de03efb73
res_n_main/medium/cs1/armature/buff_down.ExportJson,exportjson,57401,f5fcc518b50c884310a472d11a0ece1c82d96347282ba2b560f702a5b00aedb8
res_n_main/medium/cs1/armature/buff_fangong.ExportJson,exportjson,5987,5afb580faff0926d1503f0eb03881b4086a6341fe182c8c70901beaa37e19c29
res_n_main/medium/cs1/armature/buff_pojia.ExportJson,exportjson,5958,e502c5260f3ad997f734a20e6fc3b82265a330287147fb9f9bf5539181e7b595
res_n_main/medium/cs1/armature/buff_xuruo.ExportJson,exportjson,5958,898a82477b5da5d52fc30c4923884970b2fcf472f16b870f1900e74f289eefc6
res_n_main/medium/cs1/armature/buqu.ExportJson,exportjson,24832,e119dae5df1579a25c5cf6f8a9f94c148e1882422cae15848ab7cb088d11bf20
res_n_main/medium/cs1/armature/come-on.ExportJson,exportjson,9896,3a91a4aff7f85eb8b76a6f5991cc9366604bbe0eab9f39afc9da2b9bbee8e5ae
res_n_main/medium/cs1/armature/dangxian.ExportJson,exportjson,45600,19b279f31e017cc75e0ec2fa14e3bab428e9ab37ad337668fd724c45e1e4b8da
res_n_main/medium/cs1/armature/denglugame.ExportJson,exportjson,15206,5eaf9e0933507f073d884390bd7d34184546c95929ecb061cee0e4482136cba4
res_n_main/medium/cs1/armature/dujin.ExportJson,exportjson,18383,8259fe5c073285da2526621aa772e2b8751d9e20346d5d423ebc6c5b223a08e8
res_n_main/medium/cs1/armature/eff_mianyi.ExportJson,exportjson,28302,cc98af84af0ab50c97107f2c9b0c9c0c022845e84d2a757b307d826a5c8edc26
res_n_main/medium/cs1/armature/fangquan.ExportJson,exportjson,58966,2c8929a6393dc6896d14a31366f956c75800a35567b6ffe10da1992ce2a85112
res_n_main/medium/cs1/armature/fanjian.ExportJson,exportjson,13480,0d43655c8ce13a0bd9ba68712a476a248d4e267f0f080513b136912d4cfc01e0
res_n_main/medium/cs1/armature/fencheng.ExportJson,exportjson,21407,2661394a587c311a87da9977071594b84720611072f9b8102563cadc2e6a2e4b
res_n_main/medium/cs1/armature/fengwu.ExportJson,exportjson,104873,2fe44d47fdd5a8d9532e9d7cc91b099e5ab942b6049bcde1b0c0854c98f5b7a2
res_n_main/medium/cs1/armature/fightSkillName.ExportJson,exportjson,248539,0a1fcddae430663693f101900392a5164c175fc3168df6486845725372d8c08e
res_n_main/medium/cs1/armature/fightStar.ExportJson,exportjson,54307,7d7efeeb8b27f62019cd9253f542be15f3b1d3a41c83c301d3b10c0e55104e86
res_n_main/medium/cs1/armature/ganglie.ExportJson,exportjson,41363,4fb98b2e69df84371d8fbcaf82e4eb72e387d85189a0f92ae602ee2ac3c3ec17
res_n_main/medium/cs1/armature/ganlu.ExportJson,exportjson,84197,dcfda46d8e03195358049e7011a8967fafefec1a8b6c9177ae0fa56a972f2342
res_n_main/medium/cs1/armature/guhuo.ExportJson,exportjson,61500,14f422b286dbeefa5cead4ebc69784bcf04fcce79c73589489232e0a5ba80595
res_n_main/medium/cs1/armature/guose.ExportJson,exportjson,125582,6edbee44273bc546586e38173fd43d82e8541ee30eb7f3e9f6e740d52d083d40
res_n_main/medium/cs1/armature/hujiao.ExportJson,exportjson,22592,8a6606c4db06a9cd1cb5c78d9db0a5bc479c70bb3d86e02225f683183bd2d59d
res_n_main/medium/cs1/armature/huoji.ExportJson,exportjson,24933,cc3c299ad7cbb3595b1f06982984a9f073bfda21717dd83f2bb7ada6cfcc2bbf
res_n_main/medium/cs1/armature/hurt.ExportJson,exportjson,4078018,8be2be335e34d7d07b193b904b6cb35890ead78677ba061539429e7a472584bf
res_n_main/medium/cs1/armature/hurt_all.ExportJson,exportjson,11978,db6507a8d7023d0ddb5abc4852bf9d33daedcedec04b5389b65157d3785e1e1c
res_n_main/medium/cs1/armature/iconhurt.ExportJson,exportjson,5468,116221a121dbaac06804037d0137b50047b47aacb3bd0656dd7082ba2db4ad21
res_n_main/medium/cs1/armature/jianxiong.ExportJson,exportjson,14879,0648350560719cf989d9ee000d30a420749b6a3a1b0397b7e003a587228b120b
res_n_main/medium/cs1/armature/jieyin.ExportJson,exportjson,27757,419b48baa1489ef54901b336ae3e2dce22213f4b8a4bc8442e785424b48956e7
res_n_main/medium/cs1/armature/jueqing.ExportJson,exportjson,28548,39db1b7050d55804c0ca0e3afb36db4a65d2a7b998e3e14a72e21c90ad9b41f5
res_n_main/medium/cs1/armature/kaichang.ExportJson,exportjson,130800,307dceae6304068a10cabfffd26c3073dbd81494155fa81a5267b696f2605d80
res_n_main/medium/cs1/armature/kuanggu.ExportJson,exportjson,38949,eaa73697abccc7c4c23b4dda5c2bac62eb0ddc30697a2fd89d37e6eefe0cf5c0
res_n_main/medium/cs1/armature/laohuji.ExportJson,exportjson,204196,46d017cb0050be0473542acfd341327f96433ec290be0eb6f61d74d280968374
res_n_main/medium/cs1/armature/leiji.ExportJson,exportjson,45859,52f672ea8e78522aad4137efbef597fe4a082bc621d7390c2cbd72cefeb0786f
res_n_main/medium/cs1/armature/lianying.ExportJson,exportjson,25916,a2b3509a9d1babe30ecb82492f6b7a9fee53f4229acb3fef1e720bb2751bb3ae
res_n_main/medium/cs1/armature/liegong.ExportJson,exportjson,51991,fb58806f153f12f66bef1fb325bcd0e3a9257c1e89ff0421610519ca8eebfcd0
res_n_main/medium/cs1/armature/lijian.ExportJson,exportjson,81646,e9a63f783ec55451a435542ba76664f7111f0f8a0a8a4092073f4a084aaa30a0
res_n_main/medium/cs1/armature/loading.ExportJson,exportjson,82581,67ecfdccabc8e44990082a135ae975250a361426421f5638144b5bae2c6ec8c2
res_n_main/medium/cs1/armature/longling.ExportJson,exportjson,37409,9c6cb1135e9db46a5e074a94f8c545688d81f537d8ae8fbbf2bc563349225326
res_n_main/medium/cs1/armature/luanji.ExportJson,exportjson,89769,701346d8461a37dd83fb088ebdc24eb4e62a3e02598350e79cd885f52de9feb5
res_n_main/medium/cs1/armature/luoshen.ExportJson,exportjson,79982,b6662516adb168ea0b2aeba76639738ddceea682f299221621eb1b37f817f3b8
res_n_main/medium/cs1/armature/luoshen_jinjie.ExportJson,exportjson,61848,84d1f966d2aade1bcf3cef923ba971efdabbc609f520ff653b61d95791c1feab
res_n_main/medium/cs1/armature/luoyi.ExportJson,exportjson,35406,a7467eae4040f4a5fcffa2619583486f753acf527e25c0f31ba9f115941d46b8
res_n_main/medium/cs1/armature/mingce.ExportJson,exportjson,36786,6483c99d138eaed8e79db8de46f604accbbb32e755758204f71fa7334e61ea84
res_n_main/medium/cs1/armature/niepan.ExportJson,exportjson,24024,716f2ee52625fd7226a4152f21f14da627aa7aa2d9671b703a803fe59bdcccb2
res_n_main/medium/cs1/armature/paoxiao.ExportJson,exportjson,60354,41bb33f332f0260d25e97902ffe410e115e679092be5b507948f868eef5e79ee
res_n_main/medium/cs1/armature/particle.ExportJson,exportjson,12063,a4b5bb8919b4fb96931065b0172c9856cd4f4a6603a74121d60cff4385f5cbf8
res_n_main/medium/cs1/armature/qiangwu.ExportJson,exportjson,65986,4823269e3d549db0f625992b4983f8e88281b8faff6f99761835621890d0795c
res_n_main/medium/cs1/armature/qiangxi.ExportJson,exportjson,34874,65184fe26d26bd32cbac905f51c083fe1c623614e9c4719d4a6248e269f64483
res_n_main/medium/cs1/armature/qice.ExportJson,exportjson,47358,55420033654246a506cc93b8d86063f0d9795efcaa3af040b52db90171b0e885
res_n_main/medium/cs1/armature/qingnang.ExportJson,exportjson,39320,01d31c9b1beaf35c4d72dd0110a49b93d6226f42ddba7e20e7ad2d6f366b3511
res_n_main/medium/cs1/armature/qinyin.ExportJson,exportjson,61788,968220df318578933de56d28ad552f3e27a3af4839c12ce8e32ab373e3e2968d
res_n_main/medium/cs1/armature/reinforce.ExportJson,exportjson,70534,6994d311830f77148305cd788e6c8553d0660ba72d526b02d57c84864010ba58
res_n_main/medium/cs1/armature/rende.ExportJson,exportjson,31998,44209585106d565a38cc57282e4eec4fbae5df70a3a695d4ff28c53cf0e07fba
res_n_main/medium/cs1/armature/roomguide.ExportJson,exportjson,7115,3a6a1d64707c21d6f3a0ffa00f3a04302f890382cd6dcc44d371882ef4ea88d9
res_n_main/medium/cs1/armature/shensu.ExportJson,exportjson,35952,4a07ff5ff90d58bac38df05cf279d5f938f8f0df402ad450b4977a21dc1ef092
res_n_main/medium/cs1/armature/skill-light.ExportJson,exportjson,8331,ccc5fb5fc97ed675a8d888a872e1b7b2abb2f32ebb28cb7c90f5d711b7a7a39b
res_n_main/medium/cs1/armature/skill_baiyin.ExportJson,exportjson,49882,2d2756dd3275f504354a2d4a0bba5bf1dd6ab01d4dac0d6658a97fcb0fc8f64f
res_n_main/medium/cs1/armature/skill_dimeng.ExportJson,exportjson,84405,be1fd4105e272a13dc10c766cf09572bd203d8ae6a7241dcba9351ff3152b43b
res_n_main/medium/cs1/armature/skill_duanliang.ExportJson,exportjson,47460,2bba64b6692499050829e9d793dd2868c9f8b2d3952a9282bde17c4cb9a8b216
res_n_main/medium/cs1/armature/skill_enyuan.ExportJson,exportjson,56797,34412885f7cd9aeff24d5ec03bd53494eb8f963f068c7a24e13e77ac4450b991
res_n_main/medium/cs1/armature/skill_fangzhu.ExportJson,exportjson,35084,75d46c0cc9bd25cf245f93b542d9e2b64520564c01aab1ddcfe507018119ad0c
res_n_main/medium/cs1/armature/skill_fanjian_v4.ExportJson,exportjson,30729,496b796d43d610dd2d5216483f286ab80fbcfcce7760351af564f3590e4005b4
res_n_main/medium/cs1/armature/skill_fu.ExportJson,exportjson,5889,dc6dbaaa5595806f25f39c8846b636fbb6371bc6206b3f5b79ba090310ee4176
res_n_main/medium/cs1/armature/skill_fuhun.ExportJson,exportjson,36276,ddaaa4e0f3159c8c4a9db28e5036221e14e90260dc943ed01ce5aebcf180484e
res_n_main/medium/cs1/armature/skill_fuluan.ExportJson,exportjson,30403,a457571d077f6fc0e5f046ca09afd4caadfc8811c5aa9f79249d61ba937debfb
res_n_main/medium/cs1/armature/skill_ganlu_v5.ExportJson,exportjson,69369,cff28e08508e83ecff2c1e69415049addc0892c39014e59996a7cff5eb9e52f5
res_n_main/medium/cs1/armature/skill_gongxin.ExportJson,exportjson,87984,da35d41f5566e71f2ff23584548474b55ea4f7849ba360d81f3b0d4ab2c1165d
res_n_main/medium/cs1/armature/skill_guicai.ExportJson,exportjson,52760,9a72b56a4bdbc718f45985c1755a3ee99dd8eb94128349e6dea32bda0d4628eb
res_n_main/medium/cs1/armature/skill_guipu.ExportJson,exportjson,72361,f76dc87c8010c5bb3b6000e066e908fbdd71bc6e1865b590752679c00f8268ab
res_n_main/medium/cs1/armature/skill_guixin.ExportJson,exportjson,73819,60a4f7a5fb44a34602dc7a98dbbfcf3e24fd5b4ae190c28ff032f2144d702601
res_n_main/medium/cs1/armature/skill_guixin_dun.ExportJson,exportjson,36417,b300abfefcd9f784fe65dc736689639a881b1cf3d72fac2c5984b1877df02b67
res_n_main/medium/cs1/armature/skill_haoshi.ExportJson,exportjson,70541,f7ec8bb18d4656b7db3497938c793b235ecbbf3d3ec3ae562620d893a202299e
res_n_main/medium/cs1/armature/skill_huitian.ExportJson,exportjson,11386,dd5d13a50cf16009c13a55558e73e61f9b9705a2aecb40a167c5d53b1fee1b06
res_n_main/medium/cs1/armature/skill_hujia.ExportJson,exportjson,107499,43e292633f284221e155a82c74db246d7622717509e678d989292d110e851620
res_n_main/medium/cs1/armature/skill_hujia_v4.ExportJson,exportjson,73363,bb023b55c4f2711c6af4ceaf744c66281b2488e797fe29c24fd641db79a5606e
res_n_main/medium/cs1/armature/skill_jiang.ExportJson,exportjson,89331,e9deb197caf934cb4dae3065ac421e7ad35ac69a871d4fe4ce47abb35e53d10f
res_n_main/medium/cs1/armature/skill_jianying.ExportJson,exportjson,20973,355209f0a977bfd7c81b4f6f5a0d19ebd6411bc01ba7cf8a2871b6387b204e70
res_n_main/medium/cs1/armature/skill_jieyin_jinjie.ExportJson,exportjson,8871,5e0ef4f35d4beb1d82fcdcb8a8235a2ac4dd1af41eb0fcfd7868e4089b6ace5c
res_n_main/medium/cs1/armature/skill_jijiang.ExportJson,exportjson,60764,14b482a03c7c40c746c237f23609ad67be4d4955eabb863ac3302539e9f4a224
res_n_main/medium/cs1/armature/skill_jijiang_v5.ExportJson,exportjson,60109,a78df0e214d9e9b2399b2bb583a87c1bd393983c701fe124f122de43d7f33f44
res_n_main/medium/cs1/armature/skill_jiushi.ExportJson,exportjson,74104,916d1b6a6587b5477ed0fdc4e8cbc9d1902853dada0dad16e550f921488b771b
res_n_main/medium/cs1/armature/skill_jiuyuan.ExportJson,exportjson,57946,d407f1e11bc5dd3541fdf237a663763a444f48f316775f7827ff36721101e625
res_n_main/medium/cs1/armature/skill_juejing.ExportJson,exportjson,52168,fb5410a0eb0998af9168a9670fbfd9af436f039759a34f04b2cfdbe256d7d9ec
res_n_main/medium/cs1/armature/skill_jushou.ExportJson,exportjson,30177,2e678aae08e94a2859556fa0891147d023add0e1b2a3847e86c8869dc4bc83e9
res_n_main/medium/cs1/armature/skill_jushou_v3.ExportJson,exportjson,7205,d726605fb62e730983997c4e51371aba06a0ebd671ff8deeb81c71f5056eb4ed
res_n_main/medium/cs1/armature/skill_jushou_v4.ExportJson,exportjson,7922,0632a50955ed3ab2cc38babde369a064ad798935860d7f0fcb58fa70e3c08e13
res_n_main/medium/cs1/armature/skill_kurou.ExportJson,exportjson,28683,ca3e10e01e83213875be882facbab48f77bfbc0615b18d4f96e701ce84a1fac7
res_n_main/medium/cs1/armature/skill_lianpo.ExportJson,exportjson,53318,4d14b6eaf9db7ee54b28d0eaf41e112627bfd1dc3f8b56e879a1d95566403405
res_n_main/medium/cs1/armature/skill_lieren.ExportJson,exportjson,118056,e0dd0447979035bfcb05ec8300f14716b5913d0faee406ae284eac012055b986
res_n_main/medium/cs1/armature/skill_longdan.ExportJson,exportjson,52813,8f2afb58a4a5c06601e152e28dae7059d94825ef39b586da163f7d1c97df5b6f
res_n_main/medium/cs1/armature/skill_longdan02.ExportJson,exportjson,63790,5b6b68bc311eb840050fec302730a3953a99e846766457815b3f52a166c89e69
res_n_main/medium/cs1/armature/skill_luanwu.ExportJson,exportjson,139942,93e9063b9d54858ac03b53a0824520954f58ae8f7dd9c1541e65b96363b96b52
res_n_main/medium/cs1/armature/skill_mo_paoxiao.ExportJson,exportjson,64468,75e4e3a03e32370234fb38f0945483d95c5ca6f43972f776e5f7178bfd78e87f
res_n_main/medium/cs1/armature/skill_mokurou.ExportJson,exportjson,56485,a598562661439f92c9b907501172e44f08e09c5acca0994b568c105f4378e419
res_n_main/medium/cs1/armature/skill_moleiji.ExportJson,exportjson,77478,76bb427e2d309e2713fc72f2d7ab5821d89492e27cbdef2d983d9b8ea58799bd
res_n_main/medium/cs1/armature/skill_mumu.ExportJson,exportjson,82305,5f0eaff6641506202989269243476ed0ce8bb0818043f0f5e270adbe9386d526
res_n_main/medium/cs1/armature/skill_pojun.ExportJson,exportjson,92296,f9f12f4e0dace6cf22e01033a8942ea2a58cd8ab359d2489c81ffc6879f55ae0
res_n_main/medium/cs1/armature/skill_qiaobian.ExportJson,exportjson,141410,4b1064b35f2ee414762530c1214599d5f976206ad60fde77c0292b76b63ee938
res_n_main/medium/cs1/armature/skill_qicai.ExportJson,exportjson,31151,e7cc5a05ab2beb75e685ae41cd05988949dcdf0368105e063280d290f1526ed9
res_n_main/medium/cs1/armature/skill_qixi.ExportJson,exportjson,74487,b7ae61fb45b1a99469a1b4bd8192fbc457b2a184bf272f67283744679ba188e3
res_n_main/medium/cs1/armature/skill_quanji.ExportJson,exportjson,34532,5faf60081dd076f092acc607031dac6c52927fae90798e2a6a69e05f2288860c
res_n_main/medium/cs1/armature/skill_quhu.ExportJson,exportjson,64284,2499c4a48ed96c265781ba38b925645f8884da7986dc9ee5a72c115d78318f81
res_n_main/medium/cs1/armature/skill_raoshe.ExportJson,exportjson,152631,a83928a0ad9e222479ef79c83080965e4b6c3c2a698df73a3c765db49cdbd997
res_n_main/medium/cs1/armature/skill_renjia.ExportJson,exportjson,40494,4be7ace1344539667417d1113fbf5a255d5e1746b5f28ac3450eaead03f0374c
res_n_main/medium/cs1/armature/skill_shefu.ExportJson,exportjson,77952,c39441aa5bee021d5269701f943e20aef8d916821c380d7f19d4c960adb5ca6b
res_n_main/medium/cs1/armature/skill_shenfen.ExportJson,exportjson,44225,4534ff3818ad32f5e3bb52d8375ce72d4849bdee18dfb958c8ca58276f32ac8d
res_n_main/medium/cs1/armature/skill_shuangxiong.ExportJson,exportjson,125754,173ec5154f1c0b6a21caf5e9ae328012c4d7c7781442195d85e288a39d351f57
res_n_main/medium/cs1/armature/skill_shuangxiong_v5.ExportJson,exportjson,15816,cb2dd5879d40fbfd1de8c6eb27a2f5d82b8c2b72841301871df8e46d2cc06a61
res_n_main/medium/cs1/armature/skill_spliegong.ExportJson,exportjson,56201,eb416539658e26e887f207de503e56cf7400ed0278572623e1a698367f2eeaef
res_n_main/medium/cs1/armature/skill_spluanji.ExportJson,exportjson,81934,a7b711a0161e303034fede32cbdf33c11c614c2cede6c3b651cf19ccdeaa2458
res_n_main/medium/cs1/armature/skill_tianzhao.ExportJson,exportjson,33882,7b9c8f9e82323167fc9cbf3fef48f0d8f51d8d6d6deac1e00a05c5f4632ea07d
res_n_main/medium/cs1/armature/skill_tiaoxin.ExportJson,exportjson,33505,ce0c6ed52a2c8dd835f9ffc692c70c8a14cb4287015b4081580509229d3ab0f2
res_n_main/medium/cs1/armature/skill_tongji.ExportJson,exportjson,35697,49696df27b7df316bac4f6a64f3a3d3e50f9f03333bbd881d77e7d3c2f619178
res_n_main/medium/cs1/armature/skill_tuntian.ExportJson,exportjson,26828,c171adaa72a2a97b18aa81c3615f8dfcc121a89eae45ca7af153b51c970fa4b0
res_n_main/medium/cs1/armature/skill_wuhun.ExportJson,exportjson,78666,b62f50f7c45917f7e0c042de18e2510c0a86092f2a97e9ec2206ba70ab99548e
res_n_main/medium/cs1/armature/skill_wushuang_jinjie.ExportJson,exportjson,16427,b8c37f6f2d86d8636fdc9f5707219fc06bc6e9e2965a49372965b1af2821fa93
res_n_main/medium/cs1/armature/skill_xingwu.ExportJson,exportjson,52513,8f8074c8752b8351f86fd797e8062bda473fe9b804902e86a3e00a0bd5f93c38
res_n_main/medium/cs1/armature/skill_xinsheng.ExportJson,exportjson,50721,49150f5f07f6849673c748cbc7c47314828df4a9844c447cb02b49263668f8cf
res_n_main/medium/cs1/armature/skill_xuanfeng.ExportJson,exportjson,61942,f25b62ce7e989bd09a46c4547945742ca442716cf86d459d602ba35171ee0e87
res_n_main/medium/cs1/armature/skill_yanyan.ExportJson,exportjson,49315,d5128b8fb129a5a1bed1a44d62a9f16e6451e39d5b85eac6f7f8a35290835431
res_n_main/medium/cs1/armature/skill_yaowu.ExportJson,exportjson,69534,670d9423f3e5e7d5b7bca8966bce84c2697017f2edcb66abab43e22e19da6f96
res_n_main/medium/cs1/armature/skill_yicong_v5.ExportJson,exportjson,35938,3b741a943649658275780f8b81f7ae5d5ec2f042c4e7fe0028609b805aa67f59
res_n_main/medium/cs1/armature/skill_yingbing_v3.ExportJson,exportjson,22211,e1c1d75df3647b1e833e15b557eb000dfef23d482ce7121ad0d87ea843117735
res_n_main/medium/cs1/armature/skill_yinghun.ExportJson,exportjson,110654,2a1a3b337892db46bd7d9e00df8ac6abfaeeb342773352bf98433d52a8e0587a
res_n_main/medium/cs1/armature/skill_yingzi.ExportJson,exportjson,33725,4c984e0abec9f9f03ddf697e86add457bf2d96186fb5b74a29cfd54734fd632d
res_n_main/medium/cs1/armature/skill_yun.ExportJson,exportjson,35151,9f62dfc63f7542149cccd76ff1f4dfa8d5a5c4465370bf198962c04f67f6f7ab
res_n_main/medium/cs1/armature/skill_zaiqi.ExportJson,exportjson,68024,fc657aa54fa85319e15dc0510fb429a8f610ed8c5faf335d8a24080b7c907deb
res_n_main/medium/cs1/armature/skill_zhaoxin.ExportJson,exportjson,40520,4ebc44e3aaffbf86098976ffd154ee1a7e5607af6674b20cedea2184fe615db7
res_n_main/medium/cs1/armature/skill_zhengnang.ExportJson,exportjson,51029,e9dd217f81b16daa78ce7e26e3982a4a7395546b1694fddf1eec6aaeee14fcbc
res_n_main/medium/cs1/armature/skill_zhidao.ExportJson,exportjson,37511,ec26ddb98c7dbcb865750929e6162c4416d2794e61edbc1b34efa7347dc155c2
res_n_main/medium/cs1/armature/skill_zhuiyi_v5.ExportJson,exportjson,97249,1714540f044d878088be601826a6621ecad6ea764064c18c1e7932b66f20914c
res_n_main/medium/cs1/armature/surrender.ExportJson,exportjson,8169,49270e0d5a3384f10e8b93a6d0593bf2448daee2da918ed2411856794001a5c0
res_n_main/medium/cs1/armature/tianxiang.ExportJson,exportjson,16559,e4a5e4a4d8ca535f03bc655f8fab1b1301bb3866f02b93d343b3913b9592caea
res_n_main/medium/cs1/armature/tianxiang_jinjie.ExportJson,exportjson,16727,676e09607212b730984828a20e785087cd9c635286d47f2731ec1836a6db453b
res_n_main/medium/cs1/armature/tianyi.ExportJson,exportjson,44122,edac2f991aa80683f094bed83955de7ccc25e633e20f8d43027c9300c8aaef02
res_n_main/medium/cs1/armature/tieqi.ExportJson,exportjson,68594,7fbc0b713d2a28e67d83774926fbdfc0ffdf674562786ad6323d33b618f5878c
res_n_main/medium/cs1/armature/treat.ExportJson,exportjson,20329,47e0f45563d731bc295db9cabfd856742a3a5478dd5cbffe9b6a77697a7349d0
res_n_main/medium/cs1/armature/tuxi.ExportJson,exportjson,42218,664f087c126556439599c70f5745190be622138c7197cf43bc1c8ff2129c9cb8
res_n_main/medium/cs1/armature/unionWar_headFight.ExportJson,exportjson,12000,f408abf46c73745ce10e5a3fa5a01d26b8d411d6516a7a038b28e787d39e70a5
res_n_main/medium/cs1/armature/weaponsoflight.ExportJson,exportjson,14922,a0b099bb725b2cc476b800708bc278f6007365b4fb60d1f06e19486b15bcf17b
res_n_main/medium/cs1/armature/wuqian.ExportJson,exportjson,20134,26ec7514d0af1dc7c024984120c2ed1a233a69e3d123486f667bc6ad9f05ccff
res_n_main/medium/cs1/armature/wusheng.ExportJson,exportjson,40622,7439995036429a12d9a334fa6cf7ae0873abdc047170328ea7e750c9a7774718
res_n_main/medium/cs1/armature/wushuang.ExportJson,exportjson,25572,dc843230de0e6eae506cf5ef3f2bd184e23f15e8c70a70f3c93353731eb6ff07
res_n_main/medium/cs1/armature/xianzhen.ExportJson,exportjson,63272,b03fc8f7392e062e6aa1e8a455af81a12bdaf1cec044e57567d8c3028df63634
res_n_main/medium/cs1/armature/xiaoji.ExportJson,exportjson,53537,5373049e2f62dab5e617ba9faf82927f63d4e48c467f632628a224556e4890e7
res_n_main/medium/cs1/armature/xiaoyong.ExportJson,exportjson,168153,048cf4f934c333d07b51d04f4c24dc640b2c2f742b913fa6ccd257d64d5a0e39
res_n_main/medium/cs1/armature/xinshou.ExportJson,exportjson,6911,dac76672a3aa13fa027d6eed3d8762a75e41cb8c3afc7723af653f7b7f1f55d1
res_n_main/medium/cs1/armature/xuechi.ExportJson,exportjson,28235,70c471ebe9a98f01b668c21963c4129cb1730285011888a1b2247d58855b8a01
res_n_main/medium/cs1/armature/xueji.ExportJson,exportjson,23533,1df9b3cd9257f791d7e828c9c0754ea058f2171d928cece83f13a9683356f180
res_n_main/medium/cs1/armature/xueshang.ExportJson,exportjson,63410,f5591ded62a418dd66e54be15636c786549185113de02e9861c798b205f4bd90
res_n_main/medium/cs1/armature/yanyu.ExportJson,exportjson,35669,ec331c6903f84d2ee4abda36f976d52136b66377680e58f7a242d06ee57b7995
res_n_main/medium/cs1/armature/yiji.ExportJson,exportjson,45988,30ce5f481961436c6312236c14c03b93a03c2e2e72d0f64b42bacfcd66d6679f
res_n_main/medium/cs1/armature/yizhong.ExportJson,exportjson,20475,30081704526c61b4ed28ba7c88fb1bf6caeaec01b556041af9b406838e2d99d3
res_n_main/medium/cs1/armature/zaiqi_buff.ExportJson,exportjson,17624,bdf46ce1eb2a3d53d312fa4f80ecf5932d74933d92aef9f8a0d491ca44efb1c6
res_n_main/medium/cs1/armature/zhiheng.ExportJson,exportjson,62277,155a8c599f02a48463d19c0c82b7f4c4002813358ac2d71d5aebf38142410f71
res_n_main/medium/fnt/Card_Shuxing.fnt,fnt,1169,fba59d95bd2180c4d63fcd722ccb82a0573b8b7af304a2453851e68eb431b7e4
res_n_main/medium/fnt/Card_Shuxing.pg,pg,7706,612d8c1092049e345c05dabbb0d6f5ec9c26b14184a8e6aa719646a081b2cc8e
res_n_main/medium/fnt/FightHurt_all.fnt,fnt,1740,be9a2e082843ffae138fee4699ee7c26343524271d5c6d62964af58e36d93b11
res_n_main/medium/fnt/FightHurt_all.pg,pg,16212,7cf2109cbbd0a0597855f04ec38ecde10f2e1a5be6f3163e7c66f2af0434885d
res_n_main/medium/fnt/SXJC_nomb.fnt,fnt,1326,4842d0e9577bc6b892e738558c12cf802b1d64720511307ae3098d2382f606e9
res_n_main/medium/fnt/SXJC_nomb.pg,pg,16064,419c3d02a3583be46c6dc5c4e899cbe76f43da27f358797f0b330795f57d5729
res_n_main/medium/fnt/SXJC_shuxing.fnt,fnt,1275,17a692427f66b5cb729d773de864d6d82d463c137c87f7769c9b5df9ad0afd4b
res_n_main/medium/fnt/SXJC_shuxing.pg,pg,15507,978a2b9d70255bcff9a9cebbb613137059fd49caf928c677c16e4a986106005e
res_n_main/medium/fnt/chongzhi_money.fnt,fnt,1420,02cc440d9cf970129d144cf4ad0d11ebf815482cd929688234b51a6cc5dc25c6
res_n_main/medium/fnt/chongzhi_money.pg,pg,5807,ae7a8414c87e5d356f25dcd7879fb3a3c68d105f65ac1a30de6eb41eaaaa8e6a
res_n_main/medium/fnt/fight_cure.fnt,fnt,4184,73d7a6d9977a5d3cd5a04870752d32342c21a58e7d0789512c64a9123fedbc6d
res_n_main/medium/fnt/fight_cure.pg,pg,35635,4ce3abc3ec93c6666dde5ebb70e9497c7a46290859f6251bf47408d768d393a7
res_n_main/medium/fnt/fight_hurt.fnt,fnt,2836,2865d89027a083820cccf6c734045de96ba2f15e9c745abfe1b58d6dce770485
res_n_main/medium/fnt/fight_hurt.pg,pg,22082,349af384fe4528b35ed5e6c50588e29e0822b5322fc93205c2e68cdd2718e704
res_n_main/medium/fnt/huodong_dayNomb.fnt,fnt,2362,c5fcf7292b4bb76fb435d178a7aa350c386579a4b57d72ea2ac51f57e8757ab5
res_n_main/medium/fnt/huodong_dayNomb.pg,pg,6409,9f948f5a42d8bc5e841206a3cd061298dbbc74cdda239ea644eda4c7eb254c2f
res_n_main/medium/fnt/jie_Nomb.fnt,fnt,1746,cda7bd53dfcb01e6fe370206121182ffd6942b6fb613c9d70f3b04dc3314518e
res_n_main/medium/fnt/jie_Nomb.pg,pg,7154,87008323756a98a74d3ab3ee633baf5ef8417888f45def53d04d8e8dc3892ed2
res_n_main/medium/fnt/laohuji_Nomb.fnt,fnt,1614,348231a789c98d3d562ab52a39545afbe804c83a173c0b394a8e7fd0a99b99dd
res_n_main/medium/fnt/laohuji_Nomb.pg,pg,14456,0b2fc9f7b44563bfaee237af62e297883ca00f6ece26fa4e17edb44d9d1b1100
res_n_main/medium/fnt/paihangWZ.fnt,fnt,2130,0388c0b9fb6a1ea8604a9b0d1b2476f744bfe4a69f160ea6e5f683d2db087c76
res_n_main/medium/fnt/paihangWZ.pg,pg,7847,11a12a3ed0ae84497711390a24763c1b7b82e47002e3a64f0b046b6777861ae6
res_n_main/medium/fnt/qianghua_done.fnt,fnt,3891,184db3c278004a170e3bf116838c226e91aba84fb53dcc034ef002d2f33d1035
res_n_main/medium/fnt/qianghua_done.pg,pg,35657,6fe0021d1c550cb8bdf4b05fbae5ebaed529c649203ff0583b1ea2a645c6fe0b
res_n_main/medium/fnt/qianghua_doub.fnt,fnt,3120,ebdc11c540d06a3739b78332c6fd15b4185aedf9120620bf512712de7edbf9cd
res_n_main/medium/fnt/qianghua_doub.pg,pg,26419,b205064cdaea51abc87af01c0bdc6a8397c9ab4a8764c84f5625b541027adbaa
res_n_main/medium/fnt/shiji.fnt,fnt,3766,9245447d5c1905bea9346bc58c2a0b75a551379b2bdaf661df6390c9811465b8
res_n_main/medium/fnt/shiji.pg,pg,14142,3391330bd39bc27e0a59dd52533c41433f3ee89db8173e7b076e38699368c16d
res_n_main/medium/fnt/skillname.fnt,fnt,11213,35590e2ae3c3f56204185376cbdd06b7fb63119f77ba7f611e9d21e0d745d717
res_n_main/medium/fnt/skillname.pg,pg,117102,b6944a41d7c6b6e99ca31fbbeff112d9c7afbeb9dfc46df4b1f130f15d874f38
res_n_main/medium/fnt/title.fnt,fnt,11931,13b8a8a3463acb53e3a8a8f850c7bffc8694b82c97a16ddfa81833602c353c12
res_n_main/medium/fnt/title.pg,pg,68939,cfac202b45945919b2f2ab75f134b5f3de55f51e24c9883edf6d8416bb6e7163
res_n_main/medium/fnt/tupo.fnt,fnt,1661,7c70274bb0380a2e8fa095568af0d24dfe6e975c838126118f47d0c6a087ce25
res_n_main/medium/fnt/tupo.pg,pg,4583,bceba4897031c1a49f24c970ac7ab760e03070f45aaca4b6778ef20d9165486d
res_n_main/medium/fnt/unionCombatSubhead.fnt,fnt,2881,9c59bff60db76665197bd6c5a9c8c0e8c74031eaacbfdc6d14ed45aabf06c5eb
res_n_main/medium/fnt/unionCombatSubhead.pg,pg,15715,3a0f9b487f71061ffb7e79a45e85c0408bf1b57732f8ce6ba960a848067e1cfb
res_n_main/medium/fnt/wujiangName.fnt,fnt,47483,d555b565689c4874b3a8b35b35cae7cd7dec9af2e5420589c0739894c7d303d4
res_n_main/medium/fnt/wujiangName.pg,pg,258054,3a153e1e6141f6c7c06681a4d8dddf7e9d5ce7cf01fd324a01acc02642f04b8e
res_n_main/medium/fnt/yuanfen.fnt,fnt,2634,a556a67a673b2d8be64fe8b782654802433cd65c828aa84559ce17477b5ab31a
res_n_main/medium/fnt/yuanfen.pg,pg,10842,80c356570e4ad36f9ee9eea13098d1c107bac19a1e61739a82d85c0472935af5
res_n_main/medium/fnt/zhuangbeiName.fnt,fnt,64995,41d36af5e7e349049bf264fb9fe5d72aee22dcc27c727b50f3143a51571800b5
res_n_main/medium/fnt/zhuangbeiName.pg,pg,296507,04fd3d24fe22c6730597c104a482b6984dc8fb9104e665c13dc500b57b4e9284
res_n_main/medium/particle/lightEnergy.plist,plist,9543,a845bff208fc1f4bc2cb4895218f5bb60a5f85897aa6c30e4de94c0c5ed75c97
res_n_main/medium/particle/testParticleFire.plist,plist,9676,4abd60f5059ce44b37f7b84bad60c0b5da7867b6b0a798f254201d4e3cf3efd7
res_n_main/medium/particle/treasureBoxFullStatus.plist,plist,12815,4515fc3d3cdce8eebeb72f7af6bf45232d6ed59fb3c1bf565160d04f48448b44
res_n_main/medium/tex/0_6_4_DengluScene01.pg,pg,55135,a702e0306e481d7c3901a453ff65a1f954be1b4850309344a3fae7c4a07e0109
res_n_main/medium/tex/0_6_4_DengluScene01.plist,plist,11444,07239655b675a745ef0eeae69f1ffbc1300668620b4fd1cf910754543ea86b33
res_n_main/medium/tex/BaixieMenuScene01.pg,pg,119417,1f82262f9e3a42c0f689418eda239010dc48aeff6b1e3c07928430c7749f4322
res_n_main/medium/tex/BaixieMenuScene01.plist,plist,4188,2b3a0a9542aceb86adec26dd06dd464ff1d6d600a6cb457d9a19284f923f367e
res_n_main/medium/tex/Baox_Jx_bj.pg,pg,20919,4e8e4ac4855650baa9502a27e034f2c7e8977abcdd5f78b8334cc44588ecd455
res_n_main/medium/tex/Baox_Jx_bj.plist,plist,4956,b570f4ef6d1b6068221ed639c7b7b2dd24245dee4d5be58bde2ec8bce776a91c
res_n_main/medium/tex/Buff_FengWu.pg,pg,7533,0a0df2bc17d9a69d8d8d9818e9c2a32885a40257f1f6863579b7846a2e3b1292
res_n_main/medium/tex/Buff_FengWu.plist,plist,5440,289f02d4395ff8cb62df30d374a95e20e1805b433dbffa8d033c5bc44e3b32d4
res_n_main/medium/tex/CaidanScene01.pg,pg,164324,2834aea1287d907bcf134f00f09aeb445a1cf1d3d56778990aa4e1b50aa8c28a
res_n_main/medium/tex/CaidanScene01.plist,plist,3171,33c96442f2fa205b72448572e9c50149508151ff4af3b1ef4c1dec9420ca63b4
res_n_main/medium/tex/Chongzhi.pg,pg,90866,aad3e0e1dcb0f599a9de919e4fee1557ebcf4221a5de6c1c8b8833e8a40e2a1f
res_n_main/medium/tex/Chongzhi.plist,plist,1703,7b5851c9ef67d9359bb1b0ab9fd548217c009133cc720751323441bc728e2f67
res_n_main/medium/tex/Cmn01.pg,pg,2336757,c0af176d9baa8188fe4bf0cbda2d858df2f7f37e9150258648c23ecd5667da4e
res_n_main/medium/tex/Cmn01.plist,plist,124112,a83eb80946a98a7c48b7dd8c12da02989f2b47bdc5c42b4a148fa3846df71d6e
res_n_main/medium/tex/Cmn02.pg,pg,278163,bcb2e466e32e8944426a0f0f28b0d5f52f57456c6069d81c84f89c2963e6df84
res_n_main/medium/tex/Cmn02.plist,plist,66376,2d1aacf1d06c23f7222413da3f54b4d6e2d859537040879da2db6cacd8ef3439
res_n_main/medium/tex/Cmn03.pg,pg,454640,ac5fd077a92d699be2143cbde25dc8e06a19e088fe7136934990515e06dc1301
res_n_main/medium/tex/Cmn03.plist,plist,57784,cb0688337a269987011bf6a44fdaa51b22d0d86a457a5e9d1732444e6d3da241
res_n_main/medium/tex/CombatScene.pg,pg,139979,50eec3edc3ff52b5fa34695b07c86cba3130a09a305ca92f50b0de312e7777b2
res_n_main/medium/tex/CombatScene.plist,plist,2683,720565583e934292e5b586d7e8c4d5108e96df28a089b9d25ea9f3aa021f62b3
res_n_main/medium/tex/Daojugoumaixitong.pg,pg,3587,fbdcf7b64a1ac6b66c6d072703e82f81aabe063835b211df65ac02ec05c0f14a
res_n_main/medium/tex/Daojugoumaixitong.plist,plist,3977,94e382ac2faf940542b7e35fdece5eed862585050fa8a96b7a4303bd21316c95
res_n_main/medium/tex/DazhanyikaishiScene01.pg,pg,62183,283ffffcf1546c7b9c44e80639e3b8c7202a538d79faa2c76f2969feeceafe26
res_n_main/medium/tex/DazhanyikaishiScene01.plist,plist,4773,553baf56e7611d6836c50038c7ce39462918b3174dd48d3707d334b22f162116
res_n_main/medium/tex/DlgCmn.pg,pg,104511,3d924a980a2f4d5e2daacca010b5b48fe8a84204584f6c0ec93436e392b9541e
res_n_main/medium/tex/DlgCmn.plist,plist,9797,ac62da6aac602d7174126e5b755b6c4da94970c4de467ded3c2b7a29a4fd4900
res_n_main/medium/tex/DuiJiuScene01.pg,pg,303495,ffd72498be17c592fd709c3c899e0e07a7b5f8948593c955b1b0f16070b953f1
res_n_main/medium/tex/DuiJiuScene01.plist,plist,24976,cf14bd62724f3cfc53e270f1057122d7a467150a91b22c606d4b1cd748d949eb
res_n_main/medium/tex/Dungeon.pg,pg,149956,dca0599f173e6d2068752bfd741d04164cdb95ea9049883c5b25f34aeca8a7b6
res_n_main/medium/tex/Dungeon.plist,plist,10866,3d1346696d89b4e30b9a433e81311e082bd1c2bcd8ebf3358b51e6bb0fe70543
res_n_main/medium/tex/DungeonView.pg,pg,25717,966234f50b7ccfacbb1116f7dff92a65fa955a33071855e8614b90b82962d8ef
res_n_main/medium/tex/DungeonView.plist,plist,5505,93b96c39779c09c5208a6e9fb160087e3220b5014e5ad7fbbabef3e0344dc1b5
res_n_main/medium/tex/Eff_Panding.pg,pg,111760,dc80ba7c9355bf44d2b8d8fdd6124a44b9bde5923e83bda8d1862f54b773e808
res_n_main/medium/tex/Eff_Panding.plist,plist,9704,49319cd96f0db9127795c0145d67c9214db12a14a1f3827327246a667bce0924
res_n_main/medium/tex/Eff_SpLeiji.pg,pg,158076,d25abac4b2461ab02eedc90bfd8178080117a0489ad1656d67ca8ab2b26ed348
res_n_main/medium/tex/Eff_SpLeiji.plist,plist,7879,88b858c44bcf49a2b09f7fc57fe7da957d37080e9b9a9357307ef36df7225d77
res_n_main/medium/tex/Eff_SpTieqi.pg,pg,174756,b1365a0e5c73986b12244c7775b94ab28d05cd1cfa1c5476b2958aad00e65d28
res_n_main/medium/tex/Eff_SpTieqi.plist,plist,10360,692a71fc8f4de86b3d28dab2e050fe3c0929e5cdbc6650b0b64b7161d9940620
res_n_main/medium/tex/Evolution.pg,pg,242688,e11900fbad6d5d90e57bd4b1221ce270c158f34d5a92b4a8eb43a8a79c921bf9
res_n_main/medium/tex/Evolution.plist,plist,8282,744c14f27ad230ca3e92d50572691b85443ad49d08b03689f7c32593811a6dff
res_n_main/medium/tex/Fengyin_kapai.pg,pg,28680,82903e12bc2b0119b4133443e5af91d96395e94c5d0e53b3ba975aad031693ef
res_n_main/medium/tex/Fengyin_kapai.plist,plist,5978,67eb467d34c5bdab73dbe1b8c15105fa2b321c836e8459141e26cf4c5a5918d5
res_n_main/medium/tex/FightScene01.pg,pg,54746,86d9ede3f34775fafdab1ef6a790731ff9f98edf788653b17510fdca265cfb9d
res_n_main/medium/tex/FightScene01.plist,plist,6480,389d5b0d3018708005e8a9a4942555b1bb879b8f95649cdc820ca51fe88d34f3
res_n_main/medium/tex/FightScene02.pg,pg,772056,37af6cbb1a6501076ca9badad0ec20daffdad3ae53975b18566cf447f6629be7
res_n_main/medium/tex/FightScene02.plist,plist,37664,b01fdcf71bd34539d69907571496abad7ae76ff1f51b6308d6cfb7964d766b25
res_n_main/medium/tex/FightScene03/FightScene03_baiyin_luanwu.pg,pg,21304,4a51c81d6ea96c30f48d4ea383f29bd6bdb9c9dc273729ad498f9933b0892735
res_n_main/medium/tex/FightScene03/FightScene03_buqu.pg,pg,20027,bd536ca66403e49e4ef3297b03a28e69c6e0c6c5f6d9b27149f94a23c611e295
res_n_main/medium/tex/FightScene03/FightScene03_buyi.pg,pg,34458,f03aaabf28f8edb4bace9da5abe3186d77337036483406c92d46b6494a1c1b88
res_n_main/medium/tex/FightScene03/FightScene03_caijian.pg,pg,21563,53bf0ee3f4dfdd52a788ad2c43e8560a524a79498cfdf75f87b0a351738cad04
res_n_main/medium/tex/FightScene03/FightScene03_chengzhi.pg,pg,23087,f2147d5099c2e20dc53f226e2d2f6e6b74ce1f517f68d68ec77d03438adebe60
res_n_main/medium/tex/FightScene03/FightScene03_choushu.pg,pg,23444,1b47f6181505873fdf3c0d5be9155a93128312b5f67b401f01e0cf89aa54fdf0
res_n_main/medium/tex/FightScene03/FightScene03_dangxian.pg,pg,21730,6a50c1448fd89b6991c855db20fa604ac0d754c55e0e54fd07a9f15e4fb161e2
res_n_main/medium/tex/FightScene03/FightScene03_dimeng.pg,pg,27676,ef0a0465765431d9d13e4f9cc206849085ff57a9d91de389f662c03e931b96fb
res_n_main/medium/tex/FightScene03/FightScene03_duanbing.pg,pg,22275,3d0c7220047718847f311046242565eb1397d7c9c46d4127842b1501551511fd
res_n_main/medium/tex/FightScene03/FightScene03_duanchang.pg,pg,23821,2a3ba696a92963c73eb877873c8a8147a4c34fde1635d6ddbbae080e1a22eaff
res_n_main/medium/tex/FightScene03/FightScene03_duanliang.pg,pg,24024,3a35242905edad8973f9938b97006f36f2961a8c8580c6ddcea9a0fa9a5feeb9
res_n_main/medium/tex/FightScene03/FightScene03_dujin.pg,pg,19780,53050146f8b0b5423614ed43d975edb9a832e8e1ce1578df61e2933e8b2a4445
res_n_main/medium/tex/FightScene03/FightScene03_enyuan.pg,pg,21739,bfcc3bf2598d74c2daa00634d5f1017e2109d20c15977c720176d2604c5b14ed
res_n_main/medium/tex/FightScene03/FightScene03_fangquan.pg,pg,22020,6076f7aacbb52588e0af5139559d36a75c125bfddc1014328870a72cb71ff549
res_n_main/medium/tex/FightScene03/FightScene03_fangzhu.pg,pg,22562,becf54277de4cc48285e0f6ab55e6b277a1c54cafbda127b0fe2a3271c25cd2d
res_n_main/medium/tex/FightScene03/FightScene03_fanjian.pg,pg,23435,c950848476ebbbf39e3159f2855aa7102c4897982d5b151ccbd9e70e2a4d22ee
res_n_main/medium/tex/FightScene03/FightScene03_feiying.pg,pg,28064,4a6445167dc810c0839103275dc29b73ff717dd92f9a16bc79d24f03bb4cb3a9
res_n_main/medium/tex/FightScene03/FightScene03_fencheng.pg,pg,22331,559c4cc9b6be462293ddbdc115cda82a7da5d224fab0a9cbb378df78e99bc2e9
res_n_main/medium/tex/FightScene03/FightScene03_fengwu.pg,pg,23778,061ff01ad5ec8836cc42df36131c6ff0851b4dc963c668c69fde9d53bc8ad64e
res_n_main/medium/tex/FightScene03/FightScene03_fuhun_skill.pg,pg,26933,2e14e67ed716657b23f32c646bf3ecb1587319fcb6cc575eacefde247d67aff9
res_n_main/medium/tex/FightScene03/FightScene03_fuluan.pg,pg,27930,ccaac89c12126f6141deeca6aeb3061a76a82f47055d002a3782e3a89a299b06
res_n_main/medium/tex/FightScene03/FightScene03_ganglie.pg,pg,28818,1dec759d717bf2efb1ff6e92228057c775a97b6dc3767b405ec3f4dfd8c6afc6
res_n_main/medium/tex/FightScene03/FightScene03_ganlu.pg,pg,34458,f03aaabf28f8edb4bace9da5abe3186d77337036483406c92d46b6494a1c1b88
res_n_main/medium/tex/FightScene03/FightScene03_gongqi.pg,pg,21847,254d11cc5b8cdf83a2a01cda6dab2d503d7178be50da207eba9c6f0cab5b54de
res_n_main/medium/tex/FightScene03/FightScene03_gongxin.pg,pg,16259,3cd5ab1354dd856e9e1526926fcaa6e88f30804a9f4ad146e7fb6e0d2d0bd02f
res_n_main/medium/tex/FightScene03/FightScene03_guhuo.pg,pg,23449,b6f0edfe96a0e731538f2f0106b86f40d6eb1401eda3fc354264be6e04a0fc46
res_n_main/medium/tex/FightScene03/FightScene03_guipu.pg,pg,29578,ad95ecffdafeb9b7b9956a6df5efe2baaf4bca874399f0d56c33e6c72d0cfb86
res_n_main/medium/tex/FightScene03/FightScene03_guixin.pg,pg,34558,c8c79a6e1079643b721d3b65cdf152dbe72fe6db90d7563511ab99c50b3b8266
res_n_main/medium/tex/FightScene03/FightScene03_guose.pg,pg,22093,6e868f9cb9138725a20afdea8c4a71d711b37ee65fc8ff57b68ff8e2098d497b
res_n_main/medium/tex/FightScene03/FightScene03_haoshi.pg,pg,25590,6b63e88993f802262a1977741e9480d4f923d8ca8197c0402ae235d2567d24e8
res_n_main/medium/tex/FightScene03/FightScene03_huashen.pg,pg,26054,70091202c2b977c96cdd4dec0a12ac4a65251b43f17864142e60bbda46db7f7b
res_n_main/medium/tex/FightScene03/FightScene03_hujia.pg,pg,20741,cabf04cd11de25ec3cd3b2716f6dbbec5794aeb04d9d5eced39fa5fd0f8421ec
res_n_main/medium/tex/FightScene03/FightScene03_hujiao.pg,pg,22369,23304025074690f3be95b3ac428656a27bbe16038225672580eba2841360fdbf
res_n_main/medium/tex/FightScene03/FightScene03_humei.pg,pg,24213,e06333748983113fdc492f50d131ec737f7676588260fd41359cbcf7ab65d4df
res_n_main/medium/tex/FightScene03/FightScene03_huoji.pg,pg,24076,bbdb55a0ef4a7ad2e3287215c8f3fc8fd7c4cb8504b1cde2f50f86c71a0e2819
res_n_main/medium/tex/FightScene03/FightScene03_jiang.pg,pg,24863,f35ba79e1770609b77e92c412766ecf0b3bcd4a4eff51126648a4be69d38b69a
res_n_main/medium/tex/FightScene03/FightScene03_jianwu.pg,pg,24070,57d4fe9a1def84dc65b342389673150e17eb80c8c0e824f1b5263746f2031b00
res_n_main/medium/tex/FightScene03/FightScene03_jianxiong.pg,pg,24071,7bd7c338d67fb91bb31a042482949f1d041b4a75094f4c75dd1a3934a77fe74e
res_n_main/medium/tex/FightScene03/FightScene03_jianying.pg,pg,26875,0ce106d0952d244d35b697844be53b81def7b418f7675306f9badb2199bb671d
res_n_main/medium/tex/FightScene03/FightScene03_jieyin.pg,pg,23791,24bb19df5e704309209fe0b8d0dd71143d03df4bbfd61cdb3e3603c38495f9dc
res_n_main/medium/tex/FightScene03/FightScene03_jijiang.pg,pg,24027,17b37682add3a6ae4c3724441cdc5d2cdab7813a6fe7b0ba2ffb8b026fc6e5c2
res_n_main/medium/tex/FightScene03/FightScene03_jijiaozhishi.pg,pg,23269,57f76c9a28c503d383cb33dfc4ac696136934098e11e3b82e875f97b36475ee8
res_n_main/medium/tex/FightScene03/FightScene03_jili.pg,pg,31293,4632e076c79d62e20f7666e003222b9b80edb54508505dfdcece0db3c1b06eca
res_n_main/medium/tex/FightScene03/FightScene03_jiushi.pg,pg,18793,40882b6f0c9c503c71c2df015d2ec8b8213632b12e3c9d9c1be9e8702432a5e5
res_n_main/medium/tex/FightScene03/FightScene03_jiuyuan.pg,pg,22358,56f6181188cc221077ec92b6c7d5478604ba1555596fc2237d2f947056df16aa
res_n_main/medium/tex/FightScene03/FightScene03_juejing.pg,pg,28267,9bb568b874969f51174f5d0813ab5441c3231c573d70403a1e849acc1fbb33b7
res_n_main/medium/tex/FightScene03/FightScene03_jueqing.pg,pg,25289,4c33c4fe2d41d28fe9cf757b931fe33da2cf198535c4c62fbda63962c5371e91
res_n_main/medium/tex/FightScene03/FightScene03_jujian.pg,pg,21895,5f7fb2f81a349d5b33904004091ca874784214db97b84a4bd3761ea1f35f6087
res_n_main/medium/tex/FightScene03/FightScene03_jushou.pg,pg,25084,7de98074af1a6da16f84d8ca42b15c072885ed5fec39f685a8c89989b510a29b
res_n_main/medium/tex/FightScene03/FightScene03_jushou_live.pg,pg,32131,2356b1afee35140df8be2b345cbaa683751577ad0885d05fc095eaf4c792154a
res_n_main/medium/tex/FightScene03/FightScene03_kangkai.pg,pg,25173,c5c9df8b82bc992654044712a67c81456970c21e6edc79b940536c4a6e551280
res_n_main/medium/tex/FightScene03/FightScene03_kuanggu.pg,pg,24197,b3d2cfa2ba95f3fce9ce47f2cc7f7a79202c1b19ca9ca472325bc71861e108fd
res_n_main/medium/tex/FightScene03/FightScene03_kurou.pg,pg,23657,3a3b7fab99603fd10a457a9dfc58eba543b9a626f474e0ed177ee2d9894493c1
res_n_main/medium/tex/FightScene03/FightScene03_leiji.pg,pg,19283,71d051dd36cec5e1b144f000bd4e77041db5a1ce87028ad8864a29713ceb90b4
res_n_main/medium/tex/FightScene03/FightScene03_lianpo.pg,pg,24224,89727b479700548fd4f29f870f8671b444ea0037bc6d7ee527499518109136a6
res_n_main/medium/tex/FightScene03/FightScene03_lianying.pg,pg,19189,db6f5e929a7574bf914e730b4ac4bc4a8782171c006eb24f65ae3bf477f56e1a
res_n_main/medium/tex/FightScene03/FightScene03_liegong.pg,pg,20830,b0b6655a17af86e6178b30c6f01c4e7623f800886accf413520fc94885838c87
res_n_main/medium/tex/FightScene03/FightScene03_lieren.pg,pg,17249,f359d64cee9b0ddf4a6343f65f27d54f2f961ffd629b9e7779979d58002ec9f7
res_n_main/medium/tex/FightScene03/FightScene03_lijian.pg,pg,21470,c9f55ad4f6658078f3eae43fef9f297c8a07c582f6fac544d9faa205040a51b1
res_n_main/medium/tex/FightScene03/FightScene03_liuli.pg,pg,22093,208441b0a39d11c0c6e5a3339b8309807749061e260cfc395a4bef9bafea27f6
res_n_main/medium/tex/FightScene03/FightScene03_longdan.pg,pg,22845,9003c184f67ae64df7084d48e2e12f2040961e48d89d647c7c3e4b20b63d3f5d
res_n_main/medium/tex/FightScene03/FightScene03_longyin.pg,pg,22323,e31aecf9fdbd52cb3059b12d6f7af62cda0adeda1b660de4f120ffe3c4963b46
res_n_main/medium/tex/FightScene03/FightScene03_luanji.pg,pg,20604,714135f8af0a88e25f1228309726320e56813d5d0edfeb629a5cb5dc699bb7d8
res_n_main/medium/tex/FightScene03/FightScene03_luanwu.pg,pg,17328,15ef5234f89da896cf5408398d57a533840bf3ad0f98407bea3826e84fb4b526
res_n_main/medium/tex/FightScene03/FightScene03_luoshen.pg,pg,25043,ef1d709a8bf1a16d7eb6294a048df20ad665fa3fe591f2f602522dfca3e84a3a
res_n_main/medium/tex/FightScene03/FightScene03_luoyi.pg,pg,20954,efd6e51821fc819652eb0776f6915e2e7c4cae152865dd601cb7c4c497fc818b
res_n_main/medium/tex/FightScene03/FightScene03_mingce.pg,pg,24135,2ab9e71575ebe6d27b2b3d8eec2e58a6ee8633195a4729809dbe5e36f3fd61da
res_n_main/medium/tex/FightScene03/FightScene03_moleiji.pg,pg,34385,09e0c45afa0eae89a0d25fdd1fd9add5b37e57eacc03c41c1ab182ee34f42cea
res_n_main/medium/tex/FightScene03/FightScene03_molijian.pg,pg,36317,a3144dc04c46462214c9c964ff9f4fa77156453156aabe12e3fc904fbd8c695c
res_n_main/medium/tex/FightScene03/FightScene03_mopaoxiao.pg,pg,37986,2d1d9a7b93e962fc8a53da04c9ca99643a4f9a31a44036ad5e6531728222d725
res_n_main/medium/tex/FightScene03/FightScene03_moxuanfeng.pg,pg,37017,d1e78849a8c1ae85ecbfe274f3f9f5f637335f3fb1b9a596affa20d6c897a933
res_n_main/medium/tex/FightScene03/FightScene03_mumu.pg,pg,24998,f56490c0f8b87bb1da47f12034e25115654932672a9d9521eb0752fad7c9f66e
res_n_main/medium/tex/FightScene03/FightScene03_paoxiao.pg,pg,23829,237e6a79f335a4ed907955516f7fed111f201db62d1fd90f43027ed0594f1769
res_n_main/medium/tex/FightScene03/FightScene03_pojun.pg,pg,25737,edd792b43083596753135f00d02c10534f01080ee8f5dd93a28823a0d4e2b40b
res_n_main/medium/tex/FightScene03/FightScene03_pojun_left.pg,pg,25737,edd792b43083596753135f00d02c10534f01080ee8f5dd93a28823a0d4e2b40b
res_n_main/medium/tex/FightScene03/FightScene03_poxi.pg,pg,22939,e09e5a45b140415682d5f63d1b7a3dbd898e252681186bc1453508a325aa0ac6
res_n_main/medium/tex/FightScene03/FightScene03_qiangwu.pg,pg,23287,1ecd0d2a2a4291f88a5bfc77b2a0a98c03af236f79870f3be915cfb77ba6ea35
res_n_main/medium/tex/FightScene03/FightScene03_qiangxi.pg,pg,20186,de89738a09dc0545ad0c435394760218fb7d749f618753fd38e1fb6c75c609a3
res_n_main/medium/tex/FightScene03/FightScene03_qianxi.pg,pg,24312,0644d3dd09037e771fd46a8d281864b0fe3a8d6bafbe1c89c9476be327e47da5
res_n_main/medium/tex/FightScene03/FightScene03_qiaobian.pg,pg,24940,8372ba9b098c8e85a295ae6d432864a2465eba1e3acdd1055fed288058398804
res_n_main/medium/tex/FightScene03/FightScene03_qicai.pg,pg,26229,a0f659440ec289c765aa909f422ab27d8236a5ae42f90a55d8e003357da08d77
res_n_main/medium/tex/FightScene03/FightScene03_qice.pg,pg,21314,beadb9100b93ba50cdebfe5b6941168f263937bf1d18782237c4598c4157933d
res_n_main/medium/tex/FightScene03/FightScene03_qingnang.pg,pg,23161,86be620545838af2e12503e547c69f1f6b6d0a739864b687617ad177af8b347b
res_n_main/medium/tex/FightScene03/FightScene03_qinyin.pg,pg,23485,ec7184154e80ccc6af7e36d24f07413c782ab4c3355ecf32649a79b9639ee970
res_n_main/medium/tex/FightScene03/FightScene03_qixi.pg,pg,21901,586834dbc2c4d98d122c2f85a761f374e17dc872bef9485eb42fcd639354ea5d
res_n_main/medium/tex/FightScene03/FightScene03_quanji.pg,pg,37123,a019423584b42ff96e61600c449247f5c4d0c8aba06c96fcc7473da0f5bea743
res_n_main/medium/tex/FightScene03/FightScene03_quhu.pg,pg,19394,c6428803c1de4701b3522ebfccf5d2fe14ab841331cd119e951a56097cc50a20
res_n_main/medium/tex/FightScene03/FightScene03_raoshe.pg,pg,25400,1757aeb202ad6dc56882ef002e32fee6759f4f4e2fac74cd5d2c62b4f0e4d322
res_n_main/medium/tex/FightScene03/FightScene03_raoshe_extra.pg,pg,25400,1757aeb202ad6dc56882ef002e32fee6759f4f4e2fac74cd5d2c62b4f0e4d322
res_n_main/medium/tex/FightScene03/FightScene03_rende.pg,pg,19841,6a270ce98435958909cb27ce3d1b9736c1f47ec5d0ab9263c0d5ce065aa31c74
res_n_main/medium/tex/FightScene03/FightScene03_shefu.pg,pg,19305,e94791d993839a5f6234296740cc98f7ec6e6c711b6ecfa779be44919f0e0ef1
res_n_main/medium/tex/FightScene03/FightScene03_shenfen.pg,pg,26061,0a6b8efb48e0fe4de7bab44f88daebda92c6bc64301c327e123755c4a16d8743
res_n_main/medium/tex/FightScene03/FightScene03_shenggong.pg,pg,16639,79c0f6e582a4d7365b1699bda14983fe2c0304f803d61f09b77b1f07cfb2c76b
res_n_main/medium/tex/FightScene03/FightScene03_shensu.pg,pg,26018,c6be75d34137d1d27d527166f682fe698246bae4e37cccdca97be7ba75062b76
res_n_main/medium/tex/FightScene03/FightScene03_shiduan.pg,pg,22662,7de301344b8dd7e3dbeeca5b06ee0b6398862bd8d5f1736f8c9af49b01967a83
res_n_main/medium/tex/FightScene03/FightScene03_shixue.pg,pg,17429,d5e6347d3d3d93bd6ff09897005217790355fd881bfb7517ed4a38cbe1096115
res_n_main/medium/tex/FightScene03/FightScene03_shuangxiong_left.pg,pg,31111,5b0e90be0d732d5fe17873b48853a185453676c329f908dcbc4ce0fd5b7a2e12
res_n_main/medium/tex/FightScene03/FightScene03_shushen.pg,pg,24147,fb84109e27bcda2ad425652e7912f1e4c187b2c2fc94eb9df93a7dd73c5224fe
res_n_main/medium/tex/FightScene03/FightScene03_sijian.pg,pg,25294,8f2eb39415669f3288fcefc60fb7048b4fd2b33d7e8e0962ad4625b9329e7bd8
res_n_main/medium/tex/FightScene03/FightScene03_sijie.pg,pg,25427,0916524f0e52d4bb1601913519ecf0467ba13619feccdc35d034161fff9b3e53
res_n_main/medium/tex/FightScene03/FightScene03_spleiji.pg,pg,22700,4f65aecd82db76deafbfb60d165363d3142ae00786697d4fa25eb1763f78f00f
res_n_main/medium/tex/FightScene03/FightScene03_spliegong.pg,pg,21718,02c3fab3d77d568cc0933ad6ca7ffe3ad63f734a7ee0b9204efc8e56d219bb76
res_n_main/medium/tex/FightScene03/FightScene03_spluanji.pg,pg,22171,1dfdf1dfd396c4ef2d8daf41fd22a725861718f499a102a71b2ceb4f1e1d45cf
res_n_main/medium/tex/FightScene03/FightScene03_sptieqi.pg,pg,25769,5727bfe0010d907b25c58df8d9ccf23a6d803488c5c6e7848c66f9176ee558d2
res_n_main/medium/tex/FightScene03/FightScene03_tianxiang.pg,pg,21955,f49202a102914ec1681057ca3602b4c04c5cbd5dd35a60080515c8217d0f6769
res_n_main/medium/tex/FightScene03/FightScene03_tianyi.pg,pg,20234,89b83a29538518813b658559bf8e72c315bb7d7c6cfa0b7629d63c8ebf4e35bf
res_n_main/medium/tex/FightScene03/FightScene03_tianzhao.pg,pg,23448,b65bcf60ac30c726f83ffa473779267d8cbc330a25919ac9d405bcc81a954773
res_n_main/medium/tex/FightScene03/FightScene03_tiaoxin.pg,pg,20286,b92656676cedb77992af557cfaa862d55f88409e1f04e85e4ee35559d640588e
res_n_main/medium/tex/FightScene03/FightScene03_tieqi.pg,pg,24128,27e88acca0f6c20deebf0e5e52ab4fed971276bb2aa8d9069cd9981fcdb5c7a6
res_n_main/medium/tex/FightScene03/FightScene03_tongji.pg,pg,32169,8f1b2cf166e23c635d4d9545fc84ffcf4bb05e280f061510686f1bdc8c5875bc
res_n_main/medium/tex/FightScene03/FightScene03_tuntian.pg,pg,32378,9eecbd42eff18e68618029dce2b79894aedacdd4d1cce8f555a397a4097f59a9
res_n_main/medium/tex/FightScene03/FightScene03_tuxi.pg,pg,24240,48062624a32dfa946456c0c6467e52975a1c372dfaa33e676f5db53edef43f31
res_n_main/medium/tex/FightScene03/FightScene03_wuhun.pg,pg,24636,bcef1d717427e4176de9eb7a38f350dc598360b760de04a41f2fde17a39c2bbe
res_n_main/medium/tex/FightScene03/FightScene03_wuqian.pg,pg,23125,168eaf44271609b5bfea1bb60fef7e7d8c7acec4420ee3ad53bf78d09b49e261
res_n_main/medium/tex/FightScene03/FightScene03_wusheng.pg,pg,21427,ab5221e758c194e474482baf1ea332c894a3e1fa4fe34a4a49d30ccdd72ec4f8
res_n_main/medium/tex/FightScene03/FightScene03_wushuang.pg,pg,19604,cf105da27c75d210c1731430fc861ccb1e6e400c7b17ff29fc0db689be805d9d
res_n_main/medium/tex/FightScene03/FightScene03_xianzhen.pg,pg,24280,f7ec3ea4cd5eef7c3c0b631227c0cd6adacb296cf6d5fd435b754928825fb0be
res_n_main/medium/tex/FightScene03/FightScene03_xiaoguo.pg,pg,22970,fe3fe3a5d00dd51e4f4ea6243ff2073ce8f700326b6feb178500f9c4cc2e74f0
res_n_main/medium/tex/FightScene03/FightScene03_xiaoji.pg,pg,24642,cf8fbc88841b31312d880d61c3f9792724fcfb0b28d85cdb2cf2bec04bf26df7
res_n_main/medium/tex/FightScene03/FightScene03_xingwu.pg,pg,26285,534fbb2b4fb146b3dfba81cc37e4b5d45c00909573d82e3566a199b9a447a4ec
res_n_main/medium/tex/FightScene03/FightScene03_xinsheng.pg,pg,19250,683d8af1def6b2c92ef08659b82c33b91e0d31171a25ab2b3871ef57a7d1db54
res_n_main/medium/tex/FightScene03/FightScene03_xuanfeng.pg,pg,23108,66f0951d62a3b3a529e6f891b211bce47de757a63e238e924108400f221e7d2e
res_n_main/medium/tex/FightScene03/FightScene03_xuanlie.pg,pg,22260,4154f5b3b6faa63eff6391f26163cc10af7a71d02e6ba201d5eea625795a727d
res_n_main/medium/tex/FightScene03/FightScene03_xueji.pg,pg,22998,52b048a3504cf70b2ecde48c4dddc054f620f3fe00a479c579de6f788483ba66
res_n_main/medium/tex/FightScene03/FightScene03_xueshang.pg,pg,22987,d5daff97528b703526c919027f650914d943015580ed13b51089e04baadcd95d
res_n_main/medium/tex/FightScene03/FightScene03_xueyi.pg,pg,22445,0809bf02457852ca89f239bed882b43ade193ae1f28e21d46bfe62035ff9f4a4
res_n_main/medium/tex/FightScene03/FightScene03_yanyan.pg,pg,25824,96f34dae1fe5ecf4570ac927c5f3fdf3ab62755e0e2d4da5404fa823a98519af
res_n_main/medium/tex/FightScene03/FightScene03_yanyu.pg,pg,24390,96c9769af2435beb56bb55e7fe1277f6fee7e945520d13c682321b4c616f225e
res_n_main/medium/tex/FightScene03/FightScene03_yaowu.pg,pg,25733,a84ba3b8db06ccab5dca8de111ee88e41601ce707b0732b1780b0d95e1899aa2
res_n_main/medium/tex/FightScene03/FightScene03_yiji.pg,pg,22600,812ef6430a8e9afab76da976dba4d9f8a784df71a39d0e480b8ae206387d37c4
res_n_main/medium/tex/FightScene03/FightScene03_yijue.pg,pg,29799,369c8c2f07863a2ee9988862feb9da36769987a1ca34c7be1bad82bb74292e54
res_n_main/medium/tex/FightScene03/FightScene03_yinghun.pg,pg,21132,b381aafdca8ffb2753512d1580fe83a2ec2a49f0edfce95f5b23284e2ae7697f
res_n_main/medium/tex/FightScene03/FightScene03_yingzi.pg,pg,26623,e4305127bba3466a6ff4ac81d8e9cfb471284127a893c74455299f65a8bb0aac
res_n_main/medium/tex/FightScene03/FightScene03_yizhong.pg,pg,25313,3984b100798400a66bdf7e4ceafb527a54ca5df0a59c5f4ace1d4802a54a6567
res_n_main/medium/tex/FightScene03/FightScene03_yongjue.pg,pg,23865,6540095438b6b18af1ef933825489d9182a6bc7f719a8b5e0441413e3e741f2a
res_n_main/medium/tex/FightScene03/FightScene03_zhangshi.pg,pg,23490,9f6b6e52ff7d268352de109b8e8ceda372c7c17852ab32552c9d26645e3f7702
res_n_main/medium/tex/FightScene03/FightScene03_zhaoxin.pg,pg,27223,f091d99793136f51528aad9e5e9deef62ec2fdf9b1f2ef393574c9146a6dedc6
res_n_main/medium/tex/FightScene03/FightScene03_zhengnan.pg,pg,27591,abae99d69670f126683a9db6a1e5235fe0f8aa91299c9e764ff77cb86bdfb055
res_n_main/medium/tex/FightScene03/FightScene03_zhenlie.pg,pg,22483,a066645f089a2dcf2f3d597053a57aacb807e462efd04a4e6a5ae81c1cb7d72a
res_n_main/medium/tex/FightScene03/FightScene03_zhidao.pg,pg,28232,de039597338ea5b4f08ecc913b757e1a9f36b670629e58adf0f211fe3bcc2cb0
res_n_main/medium/tex/FightScene03/FightScene03_zhiheng.pg,pg,22369,536432b7da18f859f8efd249616c4410831e73b47d446baa0c5ca4103e1b1f21
res_n_main/medium/tex/FightScene03/FightScene03_zhiyan.pg,pg,23351,6623cc46f14394f0e3d29a21fabadd01ab9a735a7aae66e5fda6ddad04496e4d
res_n_main/medium/tex/FightScene03/FightScene03_zhuikong.pg,pg,32761,1fb6eab690ec10ae7f8dfa52263b0418963c62eb283d926c7ca7242a4ef06fec
res_n_main/medium/tex/FightScene03/FightScene03_zhuiyi.pg,pg,21049,6becc522538ba9c9d2a6b26baf18e4311ad9a6b690c466ae4c8a1fb69bc176fc
res_n_main/medium/tex/GemLight.pg,pg,9487,50ffd80d5f251c34836ae450ae523ebead531c87103de0da38f47c9ff14f3cce
res_n_main/medium/tex/GemLight.plist,plist,4464,ac3e0a72b579e6a3296f0c22ef61c52ca0573c53a894b4754340dfc0bf400679
res_n_main/medium/tex/GeneralSelectScene01.pg,pg,149382,362d8237f06e446cba1fffc655729f003ae9f32a8035a6235cdbe779fc8d8707
res_n_main/medium/tex/GeneralSelectScene01.plist,plist,9623,03de4babd5f40a908217946c85de9d4492939f4d4c06fe6ca7e5751d99ab0618
res_n_main/medium/tex/Guankajiesuan.pg,pg,91524,f5c744a0e3f5d86f93ea40255d4e939375aea3933eaffc420a1e6ffd565eacf9
res_n_main/medium/tex/Guankajiesuan.plist,plist,8012,83ee1a67c08926b3f801254047c6bee3728e70042bc2ad4e00ef96cae457c7d3
res_n_main/medium/tex/GuildDialog.pg,pg,491804,ece6596e2b3dd0dd2bf15477b2d5cf285b139e5e45de20fb76e2a9d159584a42
res_n_main/medium/tex/GuildDialog.plist,plist,35851,93ee40f4666ee445d01b9361dfdae7b1321f57cddd1fdda032628242c5e7840b
res_n_main/medium/tex/HuLaoBattle.pg,pg,6224,6a8e3e392e4e56dec9a79c89540d6ee47b9cf796dc3da8fd8e76b73fb15c23ef
res_n_main/medium/tex/HuLaoBattle.plist,plist,2190,ccd1cada37a882742fab3291588f3ed6966be6fe392f233642f66a9e027914f5
res_n_main/medium/tex/HuodongScene01.pg,pg,1376899,caa26246cde7a4b95177c220aa4dec75faa9477280af7fa72a03f1e9297a2e85
res_n_main/medium/tex/HuodongScene01.plist,plist,24699,bf8c59e1da77e1a8a2a4ea0f3cf5d831a8ca654d0ba1ee45ed7529caa37e0dda
res_n_main/medium/tex/HuodongScene02.pg,pg,388402,ad601bbe0f728e2d4dbd904f98831f661fc74b7a91855eb3b6bef3544d05724c
res_n_main/medium/tex/HuodongScene02.plist,plist,6558,7408169767606e24528cb66950140a8c65eeae64701cbd54d924b7e19279cf69
res_n_main/medium/tex/InterServiceLadderWar.pg,pg,22440,b389c10c2c3b7f2daa144dc20ee9e3499d35c59d0f43044011d5bdd6ca17854f
res_n_main/medium/tex/InterServiceLadderWar.plist,plist,1762,00a33a3b8d5a480e6704203bbf8ea955fbb8b44a02bd03534bc3aefe6bdd39cb
res_n_main/medium/tex/JinengLianhua.pg,pg,110166,8411a500e77d2015c141fb95b5392beb54dded23eeed5375da7ada3e7005a930
res_n_main/medium/tex/JinengLianhua.plist,plist,6052,ad0a9426eea53422dcec8595f5b7cea0264c8d3c52d367ff6d7f93cbf387bf7c
res_n_main/medium/tex/Juexing.pg,pg,96986,771e4de1362cc9fe549fa66cb2cac4c5dc8efc9ab0ed5d1197ed79210aab2ad9
res_n_main/medium/tex/Juexing.plist,plist,4510,566d3ed517ee4636defbcd019691bbc297c55d89736027d955fe9936d7a10877
res_n_main/medium/tex/LianDanScene01.pg,pg,65346,5d9e8d324e0e1c82eb64531328ee0c92c3fb1afac6316f977dfec3eea7a7ec1e
res_n_main/medium/tex/LianDanScene01.plist,plist,6519,4014c49f0107c20427202a49d8239e3fe65834c8bea71cb2e5cfde1316bdb4fc
res_n_main/medium/tex/Lianmai01.pg,pg,189894,c19032940b8438a82ca430aab7ee556169f66f318af264d12b0031b7968a72a6
res_n_main/medium/tex/Lianmai01.plist,plist,4542,2370860468524c7a5e5c51fb9054fbfd6924412c6dfc6f2ccf265591308dcfd1
res_n_main/medium/tex/Lianmai02.pg,pg,175423,dd8ff1b2e89260ffad7270a540645f3bd0b19343e37d4d605a94022eb53e1a3e
res_n_main/medium/tex/Lianmai02.plist,plist,5013,db7e8ed592372c4c9428625e2f7c5a653d3ee8e64e58e8645122fd3473efcd33
res_n_main/medium/tex/MainMenuScene01.pg,pg,155337,c2d25643ecd3761d5ba035f3aadd7d8e9addf170afab4e0203865fee8b4aea46
res_n_main/medium/tex/MainMenuScene01.plist,plist,16531,d427a93ac5031318ae87b895bf50438681d75c0332c24e6e73279ad55d6eebaf
res_n_main/medium/tex/MiracleWeapons.pg,pg,298966,8ef66a43497badf5e9771010be3fdb4424b2b2180363201ce0992e5559bdb2a8
res_n_main/medium/tex/MiracleWeapons.plist,plist,7039,d5fa37e77d59f0f86f6415d6c58ea6863fcb34cf1985c13198e1e89cb1ecb866
res_n_main/medium/tex/Newplay01.pg,pg,491130,4137f28a0f8aeb61958e453e2cabde6347b5882bc8f0ae413ab966ea77668d63
res_n_main/medium/tex/Newplay01.plist,plist,16009,67e900975acc96a7dc860f06d0e50c7c5f1b2f6b2b39a27fe4b990669522213e
res_n_main/medium/tex/Newplay02.pg,pg,791461,331697829b221621594f9487b22e102ae38468aef4f4830d2ed43895ee71d2ca
res_n_main/medium/tex/Newplay02.plist,plist,2670,9a86e4835d5873c82f45d704784b47d193c604c745348c9d99664afe29863be7
res_n_main/medium/tex/Newplay03.pg,pg,645514,0c6fc24154dc139f0c7ed3ce5843199c3469119dfecbd386922486f88acf99ab
res_n_main/medium/tex/Newplay03.plist,plist,4109,04d49928ba3fda01aae79aaa412087981bedaef3fb0f96e1443b5b9d3f7d63bf
res_n_main/medium/tex/Newplay04.pg,pg,284720,8f1493c0c308da5c7dbbb19912878ff7e7b63644dce9d44760f5c61c426bedc7
res_n_main/medium/tex/Newplay04.plist,plist,3130,0807e821064c5f019667a912fc6a70be8f40582446001a2f2d683a282d9ed731
res_n_main/medium/tex/PVEpatapaihangxitongScene01.pg,pg,37300,0ce114251efac81e2d700050ade89d4971dd956bde11be54accc27bcb5c2215f
res_n_main/medium/tex/PVEpatapaihangxitongScene01.plist,plist,1793,947540af08d0cbab4878e73b9391be22f111172a66b177aa64c482669c8abef8
res_n_main/medium/tex/QiyuxitongScene01.pg,pg,436270,105377efbc36d434d972635cbc0d808abe28e9dd704910b2cd1c9981fa832ea4
res_n_main/medium/tex/QiyuxitongScene01.plist,plist,6095,c2b5bb2b0bd0b9ed867349e851f3d400680942f1bc5ecaea70bbd5ae6e4a0b1f
res_n_main/medium/tex/SellTag.pg,pg,22491,fc4d81e60b489722f22503dd0d72e5dbbb694c7325e16a4a5cc01a97bc1ef86c
res_n_main/medium/tex/SellTag.plist,plist,7780,3c3a71b64c8a6100c5751955b9b528b9f30d099a955566ad1e25f0a501cd5801
res_n_main/medium/tex/ShuxingjiachengtankuangScene01.pg,pg,34420,59cd7c6059c2e98c7298ac93fbf7dc960446289b0e12ccf9a5a461d47acf779b
res_n_main/medium/tex/ShuxingjiachengtankuangScene01.plist,plist,1275,3bdd9dac144a12d7afe5b383d8d13453e620f991aa3a9b52cdc7dfec63a60560
res_n_main/medium/tex/Skill_JiJiaozhishi.pg,pg,230415,d032a0e58ff3186fb1b004c4fefbb6e7234bb30e28d5a3149b5403ab46a5ed29
res_n_main/medium/tex/Skill_JiJiaozhishi.plist,plist,8195,3e1055dee4d477d975806cbc3b92ae28c5bfe0112cd903646fe9e9096956b549
res_n_main/medium/tex/Skill_Jianren.pg,pg,188109,1af3ed84eccdcad34c3b8abcdafb20495960ea45b08ef27590789744a39f83ea
res_n_main/medium/tex/Skill_Jianren.plist,plist,17355,0dbab0cedf67454df54f15bfecb334cd65a1cf902fe55309401bf28f54734eb2
res_n_main/medium/tex/Skill_Kuangbao.pg,pg,294465,8a21e9b2c5f6e50745a3ed4518005bec81484fe9b194e1d889ce5f3d8e22205b
res_n_main/medium/tex/Skill_Kuangbao.plist,plist,8563,b11b465abe7e29a311c880d823408d7b78590114cc1b5b6805eace6b6c3f49eb
res_n_main/medium/tex/Skill_Qinyin.pg,pg,516691,c6d85f8bab27213d27448db35b8c6bd7834cffb82613ff61fe6dafc97aedc6c7
res_n_main/medium/tex/Skill_Qinyin.plist,plist,13971,9e539e9deeb75d25c0323c1c8812c7c3709fbcb3a3ec9ce0148eec94a327fb52
res_n_main/medium/tex/Skill_Yijue.pg,pg,335029,49193283962d7343b0a8e37f336f3cbefda7a50c73916cbf6762b82b9cc2db21
res_n_main/medium/tex/Skill_Yijue.plist,plist,6098,57e77786a8a19e3750e93d50c07db038b53b1f0fbcfb99b63082fbe6b5dbb1f1
res_n_main/medium/tex/Skill_qiaobian.pg,pg,427108,0efe73bb87e1af76d977012ff3a75183b93a9123d553bb5a886f6243e6b1208d
res_n_main/medium/tex/Skill_qiaobian.plist,plist,6555,dcd39627464502847ca2c3eae7cab22ba10007b8f40797eaac8b4e85c8246e33
res_n_main/medium/tex/Skill_qiaobian_v5.pg,pg,427108,0efe73bb87e1af76d977012ff3a75183b93a9123d553bb5a886f6243e6b1208d
res_n_main/medium/tex/Skill_qiaobian_v5.plist,plist,6565,78ecaf89a3e44e3e23aa9d27c3e93bffa3e30cd06e7fa498f911e1d2ff97bcfe
res_n_main/medium/tex/TiantixitongScene01.pg,pg,52030,8096fec0f0b5de007a5f44fd7c05842e60596676e95cd84c5818bb191f9afe08
res_n_main/medium/tex/TiantixitongScene01.plist,plist,7645,d84d228f62049dd55aa790a8e887b166f3f94a1175d77be1c0b2c272a5cc8f57
res_n_main/medium/tex/TiaozhanScene01.pg,pg,843435,4fbb46d3ca87a0822939c6f658f5270b4eb37820fe44b13b0029d3604503242c
res_n_main/medium/tex/TiaozhanScene01.plist,plist,9683,60adf7d5196ff627ffbe09516a9ea66be435adea679117be7b7e0c32dc2036ed
res_n_main/medium/tex/Update.pg,pg,4585,134c1294579aa4b97b3d8173a40ed0839252c2e7f7c567bc7614aeedc4bec690
res_n_main/medium/tex/Update.plist,plist,2648,cf871d15fbefaa653abb8eaeb439ad8b18a72bd163dae9dcc248cb9c7fcfce33
res_n_main/medium/tex/WorshipScene01.pg,pg,11759,0dfd3e78e635f81a9471044c2fd0aef9ec37ad4b06d0b7c77d6db7d2e4fc37cb
res_n_main/medium/tex/WorshipScene01.plist,plist,2693,d16f953a005dd24e1ea4867317374fe165e156215bf48751ef05d3aef2235a8a
res_n_main/medium/tex/WujiangScene01.pg,pg,6792,bdc38b4b126acfda29e1dcac7dea333aa128184b5599cb255faa0c4e713e0151
res_n_main/medium/tex/WujiangScene01.plist,plist,1720,67aafd5656f49f068690cec9e59884a74418408922925c985a8787108da31370
res_n_main/medium/tex/XuYuan.pg,pg,35844,dbec23c00e60ca34ece530adc5a4e9132b5e2024821108e641f984b97a1d3b34
res_n_main/medium/tex/XuYuan.plist,plist,2643,5926079d3eafc97b2275179952b45059cc804cfc710e7aeb087aad77740bdf9c
res_n_main/medium/tex/YangchengScene01.pg,pg,464045,f58b311be4f0e593802d88fabaf64eff81c91d8cd77cc2b581dbe3ecbd884bed
res_n_main/medium/tex/YangchengScene01.plist,plist,10010,79e75b346df54020d01ca5ee7fba520215d5507b6c202a3e587be983058ef004
res_n_main/medium/tex/ZhanDouJieSuanScene01.pg,pg,105708,a3261c357a6d886c550deafb6a9c5f42224bb7cbc727281bbfcd23cf77301e8a
res_n_main/medium/tex/ZhanDouJieSuanScene01.plist,plist,10109,247a99d05cdd1444aa46bf8b4c847df84929cbab811fd04e93693247f028904e
res_n_main/medium/tex/Zuduijiemian.pg,pg,154692,e1dd2c35fa058d540cd74745e8ab3c358c3e529b567a9bf87a22deeae1c85fab
res_n_main/medium/tex/Zuduijiemian.plist,plist,3156,1c54c0ed6b5192149430b5834a2e8a3551bc119295b438d61db9149104e5f08d
res_n_main/medium/tex/ZuiduiMenuScene01.pg,pg,53314,c5a94d6eddde375541f49c0cd815c2e562702b85f7fca202f32176392e26aa06
res_n_main/medium/tex/ZuiduiMenuScene01.plist,plist,3199,f41de659290c18d93ecbeb24440de8fd88d53b52cff28f6222c711f36180c5d0
res_n_main/medium/tex/biaoji_tiannian.pg,pg,21150,0eed500bd2ccaf5183244999643450175291c3548d56d1c2cdf4f92363ef49e5
res_n_main/medium/tex/biaoji_tiannian.plist,plist,3552,2d052998ad9014176a7fb79106983e2576a04a955484db0609b7d42f5d60fce1
res_n_main/medium/tex/big_picture/HuodongScene02_ad_chongzhifanli.pg,pg,151767,d615e285dcc031e30854fc0091439a64fbc22d6ca19f473dabd878ae374b89f8
res_n_main/medium/tex/big_picture/HuodongScene02_ad_fanshuangbeibg.pg,pg,174824,8ca7d50414033192abc463927c4d0244c009d3f167f0200f82034e45c0fb46a1
res_n_main/medium/tex/big_picture/HuodongScene02_ad_fansibeibg.pg,pg,170527,507aebe382a7fed3533241289cc7bc7e9bb6278ea038aea81ae9e7fc5fca2b25
res_n_main/medium/tex/big_picture/HuodongScene02_ad_lingju.pg,pg,159724,1835b3819f389ac3ed05cd7079d46a6d4c58360a896f2379cf8b1c6c3da13ab8
res_n_main/medium/tex/big_picture/HuodongScene02_ad_yuekabg.pg,pg,161590,1733db89720dec5141f7c2793c7d1dc3b8ffe1881ac8af4785e13daed1fa2188
res_n_main/medium/tex/big_picture/TheGoddesses_diaochan.pg,pg,182491,073372431f3314dbbd6fd67ef9fc442457211437ce073a19935b47d79dd930ef
res_n_main/medium/tex/big_picture/TheGoddesses_guanyu.pg,pg,165289,013ca5237631d4be7b966e1c0a4928abccf0e7f91e163f9f04bcfc52bc0453ce
res_n_main/medium/tex/big_picture/TheGoddesses_machaohuangzhong.pg,pg,210334,1aff648bca9611895fcdd8912fb3c9b0fc46541575866d011baa6947f8274510
res_n_main/medium/tex/big_picture/TheGoddesses_zhangfei.pg,pg,181415,bbebf34b217efb3abe5018750bb42db47ce18418f65349434aab484ab74065a2
res_n_main/medium/tex/big_picture/big_picture_hulaoguan.pg,pg,359328,7a1fe023ba9b29c61f4d0d507b8c1d55a2af051e086d03fa2790eea3e39416a9
res_n_main/medium/tex/buff_down.pg,pg,121706,1ae169a232605c094ba9516160d04f1e41c5ce1e78c010dcdf7768e631e6e106
res_n_main/medium/tex/buff_down.plist,plist,6936,a463d02075ea1ad77d9d7c67cc5649bd7a6242bb734fd0c0fe24b9d46f2f3507
res_n_main/medium/tex/buff_fangong.pg,pg,3727,b8b05bd7572cbb0f6942fc6eb56fb6e297396c1ad609654bffe2a84578e69f15
res_n_main/medium/tex/buff_fangong.plist,plist,1217,a02ab0201040d7b35bc2d15b70a772459569ea66a612b7ddf33fbcb3bc1c9cd8
res_n_main/medium/tex/buff_pojia.pg,pg,3360,300b3431c8bbc4e1d1b51a96d6471b4de2c9dae504bee11cf11e884ab170fbdf
res_n_main/medium/tex/buff_pojia.plist,plist,1211,bde63c5d54ebcc7c31a63c57cf23940c11bda8aa9fda27c82a512c77caafb79c
res_n_main/medium/tex/buff_xuruo.pg,pg,3317,9c8fd40aadb6bc81e7157f6a576720fc7f2aeadab359d1d8acae9a7a66a05b8c
res_n_main/medium/tex/buff_xuruo.plist,plist,1211,63fd9a3adfff93b2fa712006aeb05657bf92826ccee8e696577827cb3bbbadbe
res_n_main/medium/tex/buqu.pg,pg,69126,5bad0f59f29dde9f803fef11afe35ee911d383d09a447efd1e9faa757785293b
res_n_main/medium/tex/buqu.plist,plist,1682,9f1ac72630d4ed0092e2e2aa74fa1663a72a72602d2a6363d07a27887efbd128
res_n_main/medium/tex/card_bg/card0_1.pg,pg,64416,7f7253dc773291a7f9d725c15232e2b5b22601f1793ea2a07de03167135a07c2
res_n_main/medium/tex/card_bg/card0_2.pg,pg,86449,a08a40295c75049ddd8c689e673ffb457dd034ea1b977d0a53c23e5bba748a79
res_n_main/medium/tex/card_bg/card0_3.pg,pg,43756,4a1ff6841e4ff469a86babba7d256c54f0e6d79133bdf6056ca31ffd5664f047
res_n_main/medium/tex/card_bg/card0_4.pg,pg,69536,b33c30e73186edbce0c85a0b6fe511d18bad9419eebebbabbfeb748f7c861c92
res_n_main/medium/tex/card_bg/card0_5.pg,pg,69060,d208384129aeadac68b4a06b2391ffb9442cd24e7f903b7cd1d0bfb7d490f8fc
res_n_main/medium/tex/card_bg/card0_6.pg,pg,50777,3db22cd2b4b58bf17a60326d1aa087e4d17c4a362a22585631fd68cb309b727d
res_n_main/medium/tex/card_v2/0.pg,pg,52876,2d2b6dc9907cddb2ec3539cec44abd0fb7de884c75f2e231fa17b7aafa5f2ab5
res_n_main/medium/tex/card_v2/100000.pg,pg,52876,2d2b6dc9907cddb2ec3539cec44abd0fb7de884c75f2e231fa17b7aafa5f2ab5
res_n_main/medium/tex/card_v2/11100001.pg,pg,55675,5429711961f4848419b7af29f30403e48d89ebfec879ec16e62a2b2226eaf399
res_n_main/medium/tex/card_v2/11100002.pg,pg,79981,bf0e552a38f2d482154ed7fab973111c8f297b9268e532e47f5f30b4cbb30203
res_n_main/medium/tex/card_v2/11100003.pg,pg,43286,d7a66dd03cbd5d3fa158417c887bc4c8e3718c9cba4b58f5c58ec493ce5b1e11
res_n_main/medium/tex/card_v2/11100004.pg,pg,39142,7c5e1e63f59b43922bce3eb4084a24d89c9a0505dd46e473d2b2d0dcce504025
res_n_main/medium/tex/card_v2/11100005.pg,pg,49193,02293af54a9a9257ac7011103cea8045981eb644a3a943697af820fd49255ba9
res_n_main/medium/tex/card_v2/11100006.pg,pg,34404,cc4d1594dabafee7949ae8e9e16f4299895b69e828c5f9ab937689052e5917f3
res_n_main/medium/tex/card_v2/11100007.pg,pg,49223,d4e3b3eb969474ea9f4c6bed0e442209d656435dbd0cbeabcbb7f18d48aed8b6
res_n_main/medium/tex/card_v2/11100008.pg,pg,46648,f40a36b665633eb61d12921fe30e6f4ec865fbaf7c7f106723231eb03ed8e1e7
res_n_main/medium/tex/card_v2/11100009.pg,pg,46617,18a37377ec4c3eec256518d4196cfc86a08ad43ba9c903a068b5b8866e65ffc9
res_n_main/medium/tex/card_v2/11100010.pg,pg,79417,02408570fb3a610974dc537a04fd7fd6856d16a6c2978539fd886dda2d882f79
res_n_main/medium/tex/card_v2/11100011.pg,pg,86812,d25ab9624ed2002986c1b8a89cb8bec436aaf7515af40cfdc0e5198b6a9ff174
res_n_main/medium/tex/card_v2/111001.pg,pg,76991,23911a6f99cb06f3ef655ec4d99736f3fc5a9add99ee4dc90d432516b0a4550a
res_n_main/medium/tex/card_v2/111003.pg,pg,101523,583baa182e00b807c16c3670d5ee3a26cbe9c3f2e974b166ae1accddf58cd6c5
res_n_main/medium/tex/card_v2/111004.pg,pg,71881,5e49f8dcab1bb87b2041e5ecaad6f626e8b3d661787ee545523218ed8bd6c3e2
res_n_main/medium/tex/card_v2/111005.pg,pg,89379,30ac014658c6864f783fc5a83c72fc50f3fc364871659f5a721c97d0c2d0cb8c
res_n_main/medium/tex/card_v2/111006.pg,pg,69579,dbc01229ce8f17fcd5464446a9fb8e3bd46e3570435b8aaa0e48bd0527bb8770
res_n_main/medium/tex/card_v2/11100601.pg,pg,85722,f3c2e587fbf9194b49469b46f255a069537f050945a0265ccfc13be87212b11b
res_n_main/medium/tex/card_v2/111007.pg,pg,70018,a022fcd6125adc62c0bf354c7b51076edba373421ce14840dfdb36a2ae0c0257
res_n_main/medium/tex/card_v2/111008.pg,pg,79455,013cab5d237bfa953bf2dfeee38ad76b44d71983925cc7fc3bf29eb68af71fcd
res_n_main/medium/tex/card_v2/111009.pg,pg,64507,182a4cdf953b97fba6f0d3e2d4eb22ae70f4368115df1137213336524f616cb8
res_n_main/medium/tex/card_v2/111010.pg,pg,69301,a01b5c279abdd9f7de1a23a3c7ffa0e407b28e00f3d82d85c8921a35522f92a2
res_n_main/medium/tex/card_v2/111012.pg,pg,63885,80bc8c9c9cc0871c2daca30e2dfd39b273677eaa0ee46eaea95c702ed52d0799
res_n_main/medium/tex/card_v2/111013.pg,pg,76225,61f2b361c6b42e2ffdc7570f17fcb1aea31595fc61afb8618c67faf1142ae975
res_n_main/medium/tex/card_v2/11101301.pg,pg,97553,fff00e568837a1c4468c8c16d9ed676bdb94abc89bb6bb074c4ddbb69de53b03
res_n_main/medium/tex/card_v2/111014.pg,pg,61416,a9ed95d5ea12c64182d98956ebbed9c912da0f46136229ac6c9faf5d4431758b
res_n_main/medium/tex/card_v2/111015.pg,pg,48766,c6352e378d6a8a06f26136fc86741af6c8c54f676452e41d2e063a88a8343534
res_n_main/medium/tex/card_v2/111016.pg,pg,79187,27dce06a2c6c2de78447ee48c2bfced3ade79e9b513849416bec43af1501f57d
res_n_main/medium/tex/card_v2/111017.pg,pg,63533,f77cbdc17bde46a1b99bd803049af925c2f9f3fea0c12efd924ec0d1ffa8ec26
res_n_main/medium/tex/card_v2/111018.pg,pg,82133,fb120c5e9cb8c8b57cf7ff2b4426f97eba9bba353361ec6ddc038a95add3eca1
res_n_main/medium/tex/card_v2/111021.pg,pg,56440,0d48bf16457b06902130406c366c49596fabfeb1a92735af0625954ee6b5024d
res_n_main/medium/tex/card_v2/111022.pg,pg,90228,8741807cec59ea6c0934441dce45e4e13314ae4ec10e7649256363b1d75c7958
res_n_main/medium/tex/card_v2/111023.pg,pg,76497,c243130f851d971fe3543459a1947f5734e6708faaefd62b6b9b190ab50783f9
res_n_main/medium/tex/card_v2/111024.pg,pg,90028,b119ff0f8820f0fe5062ba3641686c37b0afd05041479064fb72fb8da5fb49c3
res_n_main/medium/tex/card_v2/11102401.pg,pg,88784,8dbbdc9b5d554069b1f188f4025e3e9e4dd7055ffa6e4b2cea66d805acae415f
res_n_main/medium/tex/card_v2/111025.pg,pg,91360,9b15d88c424f24cc2500ed2fd58bb977d8fd97f2cb56093bf126dc1bb92e4cee
res_n_main/medium/tex/card_v2/11102501.pg,pg,93100,3574cfb863bff38cdb74128a0aa3236241eee257a83d49a71e83476deeb7c8ab
res_n_main/medium/tex/card_v2/111026.pg,pg,116642,3294d0ff0203143095b8a5a208192e21dd7c29e8d7b0d40aca5ccee2787d487d
res_n_main/medium/tex/card_v2/111029.pg,pg,75819,21ad2f8d101542981235cf9c38c35c82568fea041bba962ff0212f91625e86c7
res_n_main/medium/tex/card_v2/11102901.pg,pg,77094,f10a4aa51c9134d5d1b6b43f7e1e2f7c144bd29b4dc560542e831b76b460cb00
res_n_main/medium/tex/card_v2/111030.pg,pg,70144,3d16cf10a305e8dc4088c6beb2608d69fc6267b607e39476fed668b6989b2de8
res_n_main/medium/tex/card_v2/111031.pg,pg,109951,fef3288d6758d9df24488d87cfec78f3d43f9352c4d9e7133655fd538e011b6a
res_n_main/medium/tex/card_v2/112002.pg,pg,48935,30360f440dffae2d54082a8d7abb95bf7a636fc7e22ff3f302329db249c79a06
res_n_main/medium/tex/card_v2/112008.pg,pg,57605,ad5d3fa5d6968a343bcc409d70e5ed46e5dc02ddd116449f61014f5f6af812d1
res_n_main/medium/tex/card_v2/112010.pg,pg,73155,d25ea012ea9b4daf3f229c9474b82d6d86825d1f6fae931aacce4e6b8b02511e
res_n_main/medium/tex/card_v2/112011.pg,pg,72153,12caf403baacbe7975985b29586b5bda28e3b4065280cf4b9393c261b18a0fbb
res_n_main/medium/tex/card_v2/112012.pg,pg,74418,afc8432f440f12f1c1fcf46d20ed8d9cf2c1b007b8ef722911fe62cf9c35205e
res_n_main/medium/tex/card_v2/112014.pg,pg,63533,f77cbdc17bde46a1b99bd803049af925c2f9f3fea0c12efd924ec0d1ffa8ec26
res_n_main/medium/tex/card_v2/112016.pg,pg,56292,def47512321bdc29b58bfce05abbcd1e1ced9f7044a0d3d7a76aa2d0608e0fbd
res_n_main/medium/tex/card_v2/112017.pg,pg,66289,ca560161c67fde2852f9bbb861cded2d55750c8d9aaa5122583a4546c3f1ce11
res_n_main/medium/tex/card_v2/112018.pg,pg,52107,972648658eb3da79d9b2ca473f89748390238afc5248f1b90b56f47f83dbfa16
res_n_main/medium/tex/card_v2/112019.pg,pg,65401,94258d05c1e6a2b9dd3fc5709e7b7243e8e1eaa8100a3f04ead3a2534721f0c1
res_n_main/medium/tex/card_v2/112020.pg,pg,61467,56529bc65eaccc731cdb65b0c7836ffdff6003f745b3d4a97d91fc2ebc946175
res_n_main/medium/tex/card_v2/112021.pg,pg,77790,c69c6596aa9f6e68b51e1f2fdb22e816ef8a71ecdb36ddcea19aad03a74fdfab
res_n_main/medium/tex/card_v2/112022.pg,pg,72486,ae1ad47f56664c74f0e491f5748224d9050e627bcd0145ce3bd9f623aca61cb1
res_n_main/medium/tex/card_v2/113010.pg,pg,65678,3554a57c97655fa63290a48d9aa3e549e864531d7d86ff3be7653af5bbef51a5
res_n_main/medium/tex/card_v2/113011.pg,pg,51339,741d6c03094197fa5dda5f6594abd19eb29bb365da27f2144ffd8838c9de6414
res_n_main/medium/tex/card_v2/113016.pg,pg,52484,b89d7bebe83d7ab0e14947726e4654b9f1cd960d4d2ddcfd0ef21133264b0ea1
res_n_main/medium/tex/card_v2/113017.pg,pg,71604,317358f0bafdc16da8c59cdb56ffe62b27f568de081b6643799fbf9a399a50d8
res_n_main/medium/tex/card_v2/113018.pg,pg,68273,d87f8dd81d1989c2f20d2d84d625f2f6af1aebf45d93e1c6bdca3a8ae863b0be
res_n_main/medium/tex/card_v2/113019.pg,pg,60120,82e6e2f4357c937fc44f783c3c3526343aad79a236a1102afd11494036f78121
res_n_main/medium/tex/card_v2/113020.pg,pg,55972,277e2683dde47d89dc3dfb044e44a84466069d54f641de7ad9908bba4cdddd76
res_n_main/medium/tex/card_v2/114001.pg,pg,85047,1812c3d1cf8de358597362fe099badf5e7bd609e24d16a665aeee0ea61c0455c
res_n_main/medium/tex/card_v2/11400101.pg,pg,126132,15263fc7f5dbe4f7d0fe3aabc449184e73b3f47ca4cd05180803bd8ef76c8bb4
res_n_main/medium/tex/card_v2/121001.pg,pg,139732,0fb6663e64793787c1b722ce97fb69630ff1bd2ed0fe9d986b40648d05078169
res_n_main/medium/tex/card_v2/121002.pg,pg,154180,15525860ebfdf10c99d2fc2f4adbba315d9b4fd6fcee7755bede9f091bf82a40
res_n_main/medium/tex/card_v2/121004.pg,pg,76338,d72562ac63f6bbc1c0f29b6bd2170f30fe28291d94220705ea5ced2b5bf0da97
res_n_main/medium/tex/card_v2/121005.pg,pg,58766,d2ea34039c95dd26f954bded7fe8b77b6925513429f3f380451457d1e546d499
res_n_main/medium/tex/card_v2/12100501.pg,pg,91415,7e341d6d866e92f4d75290e6263fa86b30b32b7a19cdf29628a78b6013059ec1
res_n_main/medium/tex/card_v2/121006.pg,pg,93118,bd8b83a41828c0c7468e32e7903cb2525e11733eba41f5a067fe2b997ebc830d
res_n_main/medium/tex/card_v2/12100601.pg,pg,97405,c5e5ca082cba74dec5ebb851523de8ed5a987a52b16de7f463203fdf9ae60df7
res_n_main/medium/tex/card_v2/121007.pg,pg,68399,637781533c5fc8d93495386c492ea88f334bf35ad066fe9bab504f27ef78715a
res_n_main/medium/tex/card_v2/121008.pg,pg,73364,bd528ef93681fb09677a6f108e34440517e9a24c9b310dc0019961609719c221
res_n_main/medium/tex/card_v2/12100801.pg,pg,94630,38373feeb8fa2f39ffc047fee50b7dd79b828565cc4dbb7bd476e8a01f097047
res_n_main/medium/tex/card_v2/121009.pg,pg,90121,a9628def455f14daaa29bd2341a7b0b2defae6c79cce16e7f4b47a741f46df4a
res_n_main/medium/tex/card_v2/121010.pg,pg,75171,5f3bc64b239c992d1c8e33171e691148776574f9b67eb2f0e79add078f769fdc
res_n_main/medium/tex/card_v2/1210101.pg,pg,85575,3affbec2efeee15a9c413534cf7ea2c719aa1889909e1e19ddd9574beb5bb8ce
res_n_main/medium/tex/card_v2/121011.pg,pg,75882,47a9f1f6caf039aed03e08012025cce6c40ce1a8be3acaae98548fd6bf05e085
res_n_main/medium/tex/card_v2/12101101.pg,pg,166000,a3adb4749d009c1a374d7e4d7fff2747db75927cfdbbfd6cb716674f63e819b1
res_n_main/medium/tex/card_v2/121013.pg,pg,69029,5db2418dadbd59549262fe5e4e60aca03bac70a2083678684ca5d996308b2efe
res_n_main/medium/tex/card_v2/121014.pg,pg,55666,1affb4f6e65bdf6c22013cfb62bd06d75e33589a738d0cee9548e00cb127f651
res_n_main/medium/tex/card_v2/12101401.pg,pg,101574,7da5b79b9c7eb8057aec16cd5f1b233bd27837d3840c5215ae94a0ae424be0cf
res_n_main/medium/tex/card_v2/121015.pg,pg,52877,bdf0cf4ad0c4a9561cac6300e47f1793fbfe1ba1cd76b7f080032ceb57e4956e
res_n_main/medium/tex/card_v2/121016.pg,pg,53232,9b08b2db618df416d5753b0f6664675513bc43e5aab47ae4ee397cd13904aaab
res_n_main/medium/tex/card_v2/121017.pg,pg,84444,198329c703d157a5d3577a0f6175ed30f1b2280066fb334d48cd98efd8cfc9a1
res_n_main/medium/tex/card_v2/121018.pg,pg,62323,63c4323c6141c5c271880fe7c3b31032e0803b789b00eea1f2e52964820c1f01
res_n_main/medium/tex/card_v2/121019.pg,pg,53468,504207d6d0a9df4247a85346942f46d098d480c1a109e175e179add75ef9112a
res_n_main/medium/tex/card_v2/121020.pg,pg,77895,605315d029ed929861e1a644fadbe8591a0f28b3b1180091ea6e5d00e609ae47
res_n_main/medium/tex/card_v2/121021.pg,pg,92316,049f22977966047250c51386ef6ad6aa4c69e501779993434d0e3210cd0da8c9
res_n_main/medium/tex/card_v2/121022.pg,pg,88304,fec3ef758ea291a13735f61749119efba197f869ad3aadf79bef10350f84b903
res_n_main/medium/tex/card_v2/121023.pg,pg,95450,b2af146ccffe710277edec136239fb3ac8e4aadf4c80c57799b039debf82631e
res_n_main/medium/tex/card_v2/121024.pg,pg,111945,957f09cc6f81a0f0e6dbcf980db415887b0708385cb40b513a7d6eff6d6d3abf
res_n_main/medium/tex/card_v2/122007.pg,pg,70473,53f1dbfc607239dd3e49c92358dd282ad55edbecf55eb44e6ff60404ca81c921
res_n_main/medium/tex/card_v2/122008.pg,pg,80338,bc4fe7a7322df642ae0a89e22bc80bb293db2e9726815ca6ddef3bd8c23488f8
res_n_main/medium/tex/card_v2/122009.pg,pg,52675,81b75746db8a5dca24d1f1fac63ca3a6ab2776fc536e8bc68c78e070ee1a8797
res_n_main/medium/tex/card_v2/122010.pg,pg,76475,3131c0c6da48737abe42a2c4ca4586e0931cbd479dcf863ef4cf5b9a99f85823
res_n_main/medium/tex/card_v2/122011.pg,pg,121453,ef15c521b051a33ea859a9383521d3d1cb1286e5b2309194e1e92028ff655635
res_n_main/medium/tex/card_v2/122012.pg,pg,84067,bbea26d51011276e9fe76bcf6bb3f62d917cb4c7f1ccb1c477c3b529645a9c98
res_n_main/medium/tex/card_v2/122014.pg,pg,54538,6b082b0c5ef90a6e1a540bbf0284e2f47d9fc03a34dae279cab90d5a14a2b740
res_n_main/medium/tex/card_v2/12201401.pg,pg,79402,80183a3d879806799507dfa2e23cbd7c5ccaca7ad52ee76ec440f2e232eea04c
res_n_main/medium/tex/card_v2/122016.pg,pg,47424,0a89b7427848f3ed3e306ccece1c557bf3be6050af83d957cf0870ae84da6e1a
res_n_main/medium/tex/card_v2/122017.pg,pg,59136,996658d84f0f4308a4fae8a603e76efa8466095a7f630b7c0d596e34065fa89d
res_n_main/medium/tex/card_v2/122018.pg,pg,52937,072ba88103ce97b62588b5d97720a0af51e60b9d3aaea49e3e179f8616aa3b7e
res_n_main/medium/tex/card_v2/122019.pg,pg,50629,868b8190c3cfce908caa041db7d84bdd019b4beb7b2c6bd2af9d528974d5adef
res_n_main/medium/tex/card_v2/122020.pg,pg,64136,b48c4c12ae1e56a49221fa837357c5c7e45617a78ecfa02fabc8ef3b727fb213
res_n_main/medium/tex/card_v2/122022.pg,pg,64974,6da78d7b36179ecc34c47ec5f37a33a744f43d8559c641b75d3e7ae4cbf89893
res_n_main/medium/tex/card_v2/122023.pg,pg,61315,1d2d10af8235def0faf9c47b4c294d0f40a786733bc65d927f750b7fab0f8906
res_n_main/medium/tex/card_v2/122024.pg,pg,59486,bcc465cb4a7c15d77d3c7b146cc0e7e64062994a7b4fd7a942ee44d2290b5fb0
res_n_main/medium/tex/card_v2/122025.pg,pg,67552,8fec8e33137c8e783410a42a6107eb2e4f1cd42f7033ae9a447d3ff2dc77e79e
res_n_main/medium/tex/card_v2/123005.pg,pg,68931,bd86d23b4c5a932325711c9e50656617d8b512470a7089b717e58a725ea2befd
res_n_main/medium/tex/card_v2/123008.pg,pg,50576,e90e99d80cbd434cc73b9167179475f4a5ff7987af70776af1217d26a81b8a3f
res_n_main/medium/tex/card_v2/123009.pg,pg,65592,ce55cedb7ee0c95a6d3146b23e9021254a12709e3d07e9e3f57886d54748dc73
res_n_main/medium/tex/card_v2/123011.pg,pg,45351,2d26f11fce1bd9fba7b9bcf271c5440d4c328d1fb6bec430a4e59ce010433998
res_n_main/medium/tex/card_v2/123013.pg,pg,69580,d0619628e6efa486e6cc4ba1de9e64089af808f6b0e7b33017524bb9dcfe591b
res_n_main/medium/tex/card_v2/123014.pg,pg,59568,7b248ba91c764eb427d80df21547150c83b40f94f6ff5255df544bb1d5f6e56e
res_n_main/medium/tex/card_v2/123015.pg,pg,53970,0ac8840b716473c346aef5322e01bb7f4338079c7ce3eb74bda38571fa228bfb
res_n_main/medium/tex/card_v2/123016.pg,pg,64782,b02016087adc252cc94187c41d1dbc45b938ca9eabc59939f9e5571e93312735
res_n_main/medium/tex/card_v2/123017.pg,pg,53881,d54019a69a8cb8fe0938b59e3136d463163660e95bb65e06686c893b5d4a500a
res_n_main/medium/tex/card_v2/124001.pg,pg,66557,a28820d7d7c1c51b3392572068dfebe3f66003c3cb9100ebeb4ef8ce8b81c194
res_n_main/medium/tex/card_v2/12400101.pg,pg,86383,4da0933cdee4b312cbdd897a827c4cf787d670e34fca35aec1054aacd09d69ee
res_n_main/medium/tex/card_v2/131001.pg,pg,91583,ca5d4396da0f39948bc67604d8cc81ed8b7ebb32cfa8c029ecfacdbeb234b57e
res_n_main/medium/tex/card_v2/131002.pg,pg,72688,2199320732081c566cc5e39442b98f35c595e6e7cad3681560d7b633efdd3886
res_n_main/medium/tex/card_v2/131003.pg,pg,75011,2fc27c0ba74509cfc43f572e3c119001e4a181877a3bb0a5d95db87e363f3dc0
res_n_main/medium/tex/card_v2/131004.pg,pg,76369,02900febad355031e790fbd15a521a727fe42ba3e264c5c5be63af3bc37a908b
res_n_main/medium/tex/card_v2/131005.pg,pg,62809,50f1a32f28e1e3de1fe451c2e2f2379616e1a75866349eb83bf457fbe641800c
res_n_main/medium/tex/card_v2/131006.pg,pg,46431,bd19fdfc8710221cc0b02a584e1d1423a1c09b4649e49a86ba8e75e9a79cf407
res_n_main/medium/tex/card_v2/131007.pg,pg,51333,2b952396ba6d4dda8a0ce7623045b25ab44ea4944139048065662b6f4de0b9d2
res_n_main/medium/tex/card_v2/131008.pg,pg,46516,cc8ad9e971ae81adef65bfdf3975ee5e61956c24354a35b096a6b8baad309ade
res_n_main/medium/tex/card_v2/13100801.pg,pg,75774,77485acd8f309fc3d39127a0e9699f231615b80b932320461aa5584c172089d0
res_n_main/medium/tex/card_v2/131009.pg,pg,114382,49a3010c78cf650b1f67f4fb42360d5d211700d64d6822e508a3478ec2073552
res_n_main/medium/tex/card_v2/1310091.pg,pg,145075,b939317a598de76966dc212288d3349ab518f59310a35b6dea43ce31ecefe15f
res_n_main/medium/tex/card_v2/131010.pg,pg,70156,46eaa8396126c4e7b47e82c34ca5824782f41755466028477befdf6e290bd167
res_n_main/medium/tex/card_v2/131011.pg,pg,55933,fe64e930e557166bc0808e5f22d34fdc1ea81625ce028e4ddc0f451f2cf1e4b5
res_n_main/medium/tex/card_v2/13101101.pg,pg,111374,de634002fc5265334c113ac0b37738b3e06e3c4158ebda6c51223af5cc8f0d9f
res_n_main/medium/tex/card_v2/131012.pg,pg,90280,8ca9180bd287b50204aa2bec233cc4de05a522394234cda0db4660a19d53c4c0
res_n_main/medium/tex/card_v2/13101201.pg,pg,100968,cfe6003cc417767bcfae82b166741c31e4f44b313fc534801b81d71cca0305cb
res_n_main/medium/tex/card_v2/131013.pg,pg,60903,ced113a64eba52422bbd3e2d0d68a56c124bad2057ba17ae86178b6ce629ac0e
res_n_main/medium/tex/card_v2/13101301.pg,pg,110493,da48a9ba6413c5fa2d46342862c553460b1cf75cf7f0ecd7a05087e3c560df13
res_n_main/medium/tex/card_v2/131014.pg,pg,88048,74e6ffa8c1d99c7f0648e093cbd5bdca8832a8e204dccdfa8648ad34fea9aef8
res_n_main/medium/tex/card_v2/131015.pg,pg,70734,0570ef8386f10284a23f7605b025d37a031aee650c6edbb99fa0aaba49fdf3eb
res_n_main/medium/tex/card_v2/131016.pg,pg,82459,1d43ebd123237a252e450cabb7988f308d7ee855abc19a0a4a65fa4d9c7b3661
res_n_main/medium/tex/card_v2/131017.pg,pg,56935,1c9dad0480a150a6bcc26532bb85d3d5cf7d52d6930ae5da7e4ad7597ed4ed79
res_n_main/medium/tex/card_v2/131018.pg,pg,70275,2a1c42bce7bb7c0abfcf5c5bd49567662ca6fe03f43f6e22a22006fc732148a8
res_n_main/medium/tex/card_v2/131019.pg,pg,63524,b2e0b3804c790f3b117072e0b5cb576e7437974271f2f6c05b44c7a5c6aba548
res_n_main/medium/tex/card_v2/131020.pg,pg,64207,2c7c6ef03a8b79bd0cfdb5c170660024360cc5682f37b1d86b62221c3b5d3533
res_n_main/medium/tex/card_v2/131021.pg,pg,115565,726d2298fe5e60b563e94876e15ced2e06ed5d67fc845447afaa597cb7c6c09b
res_n_main/medium/tex/card_v2/131022.pg,pg,67489,47854762a2d0d290e27262df6709fecdbb0a81296d265c065dd0bde309086e09
res_n_main/medium/tex/card_v2/132001.pg,pg,50360,2599c47b4fcac31f96a9ce86c4deff7226e5e634d41a36b0915305062707a5f9
res_n_main/medium/tex/card_v2/132002.pg,pg,64182,4dd66f931c9934c83b5b7d2294cfa9ec947a2c9dd7f25876759bff57f59d47ac
res_n_main/medium/tex/card_v2/132010.pg,pg,69698,eac7a7cab0ff0b887d6dce3098f1002b583db3a39744f9cd2faaf65ce8406920
res_n_main/medium/tex/card_v2/132011.pg,pg,51678,89ff8dfc408167753c02c113b2d869acd6fb79e128c2cee60493aa003c88030d
res_n_main/medium/tex/card_v2/132012.pg,pg,69200,21455b9f44c2d7fe8fb963e008d0abcc8cc2ef8804bb21833df760ea1a7f0f4b
res_n_main/medium/tex/card_v2/132015.pg,pg,66882,8124aae454efa73bff6217b49995864f2913605359edbf79aa1bf749a684e18e
res_n_main/medium/tex/card_v2/132016.pg,pg,67595,ea2479baec896cf6b6417e0da922603537d0f43486ef1b7518ec2b0dc6209307
res_n_main/medium/tex/card_v2/132017.pg,pg,64776,84d5fe4034bc20779550cc410d371c0ae72bfba07156cb25322ca59ae535096b
res_n_main/medium/tex/card_v2/132018.pg,pg,52876,2d2b6dc9907cddb2ec3539cec44abd0fb7de884c75f2e231fa17b7aafa5f2ab5
res_n_main/medium/tex/card_v2/132019.pg,pg,64231,0052703a55fb10cdfc1b4396720be21fef65145b8e1da590fa1aefdff16f98ac
res_n_main/medium/tex/card_v2/132020.pg,pg,60963,614ada2ed0e5b3ca9b647e769d1d2006c3649eb6d53bc3d094cf1713b3686912
res_n_main/medium/tex/card_v2/132021.pg,pg,54450,079eb6f62eb338567777c57cc5758957d3e62ffac7943af70c25c26d688f2d6a
res_n_main/medium/tex/card_v2/132022.pg,pg,57508,2e9a7abeceb36dd07940ac1b55aeb50f48503218188b68b15557706a81793374
res_n_main/medium/tex/card_v2/133005.pg,pg,79254,73377e8d086c14c8783c55164547ddd5106d5195df8bc3de5d49acb5ef2747a2
res_n_main/medium/tex/card_v2/133007.pg,pg,51386,e9b49339d754ec82f608ffd979f00953e2d8f290022281734385e1eab80fd928
res_n_main/medium/tex/card_v2/133009.pg,pg,60059,7dd635fdf8b818abea9963889e22d1d5e3ea34720a5f7ff0f390923c5cba2c5d
res_n_main/medium/tex/card_v2/133011.pg,pg,59996,fe7bb9a2d32de6417385eae2c5d9fd181e89cd967c451a355d994f367eedf8ed
res_n_main/medium/tex/card_v2/134001.pg,pg,83444,a995da56aa0dee018e9981a4db6bae4e8abf5c12ae075d6f89522aad025375d2
res_n_main/medium/tex/card_v2/13400101.pg,pg,81083,865434b826d9a5a798e9d6403de7c55547fe3e4dd114071beb09d91d5d885c0f
res_n_main/medium/tex/card_v2/141001.pg,pg,114169,ad8f441b2fa3e4ad7c1c8d6a7a310ce38cdbc6ef857406cf96d5166331e8188d
res_n_main/medium/tex/card_v2/141002.pg,pg,87675,3eeba47e6a701147c9030e3ef53d81be18c7055f67520ae83f2c3e97a63a9232
res_n_main/medium/tex/card_v2/14100201.pg,pg,114448,542279ecf81e4dbfc5e7dfbf15522a2289f27f90d73d9d083cd9bf7310b4f0d7
res_n_main/medium/tex/card_v2/141003.pg,pg,74006,ab9ca80c220703e0209032ef54a15fb58b1622883208c041c9b438dfa47bfd9d
res_n_main/medium/tex/card_v2/14100301.pg,pg,88250,b0dd3c4dcd2c9fa615fad9494bcd309f4b6c6d836531c385f0fe0041e82b8c24
res_n_main/medium/tex/card_v2/141004.pg,pg,76448,4692c149e312c7929fb8aa222737cb304e99f95516da8c21395ad8533b398115
res_n_main/medium/tex/card_v2/141005.pg,pg,77049,ddc4749eabbd37493c4d84df934ad4a5fb2e9bd5ce3d3645c8499a5ce0a69f4a
res_n_main/medium/tex/card_v2/141006.pg,pg,70612,20c5773948bae1c96d86052ca941d97660137ceed8c846129f25cda41ac8d864
res_n_main/medium/tex/card_v2/141007.pg,pg,84378,786bf17dfd84866ec62c7ef64fc318a3b13b1edba09a9f334512ca0d0d5465cb
res_n_main/medium/tex/card_v2/141008.pg,pg,69076,de20daad2182de9fc26dca5e8de0aa0ef95b10e9417f6f9770b0380db0c287cd
res_n_main/medium/tex/card_v2/141009.pg,pg,128635,7c03f32046b68f810fa9d1df32297f9b8b93e68db5f935bce0d90ea467c8579d
res_n_main/medium/tex/card_v2/141010.pg,pg,68092,2424c841468bbb527aacdad1a3c21385f095a59e440fe0df6f867aee93b88f55
res_n_main/medium/tex/card_v2/14101001.pg,pg,100734,3d140c82d857fbdbaafecb54675acb2bbd7890c3c6b1f89a28e1802bb28d311d
res_n_main/medium/tex/card_v2/141011.pg,pg,65450,5c8ae8437e0bf27f8a702a9734564959d1aae9a3fed13b74416f7a67e89c871c
res_n_main/medium/tex/card_v2/141012.pg,pg,80586,d043f59a0aab318082f3d9559dad23de235a145d4bba527be7d0396dde8537e2
res_n_main/medium/tex/card_v2/141013.pg,pg,67056,f9fba2a19d173c9b86119bb43a4d2077a267894ab070cbb0ca7a89ca0f4d63ea
res_n_main/medium/tex/card_v2/14101301.pg,pg,100742,5f391e4267077ac4c88d458225c256c48669da8171e3eca9b3658798157a401f
res_n_main/medium/tex/card_v2/141014.pg,pg,62716,98d4703951dac23843a0f39f33642090ee4c59e747cc7edd41a81049349b3f0b
res_n_main/medium/tex/card_v2/14101401.pg,pg,89225,a4e9988adacfd84174bbd61839c4d3ae9c19f32b0beabda41dfb975ab97d42de
res_n_main/medium/tex/card_v2/141017.pg,pg,86360,0709a518339656eb12eaae9d7db0cfc8746f2286e48a148c9df5a7a826cec59e
res_n_main/medium/tex/card_v2/141020.pg,pg,74870,a89e9b898a4832459a49ccc765e303166aefb2d3e456a8faee4ca281698508a9
res_n_main/medium/tex/card_v2/141021.pg,pg,106469,91f3fdd261b3a3762dcdda8dc5090ce7f643b2080826981f494df4eb032b1624
res_n_main/medium/tex/card_v2/141022.pg,pg,98665,48c48a331c588b3b6a107951eb7242f10641473b1d80f16dba2e61d210e6c0a8
res_n_main/medium/tex/card_v2/14102201.pg,pg,107213,c6f32e63faa85e8f355aa54f58494a71e2513ac455e532b14e434cc55de968cb
res_n_main/medium/tex/card_v2/141023.pg,pg,97498,3a30d4e616e61c95f205d5c1aacb3479c1316af58b9ba3b2a976b01fc234e1c7
res_n_main/medium/tex/card_v2/141024.pg,pg,123772,26887f7da4c531494055ce961e71920cfdad6b34fa998a9134f886f48f30f458
res_n_main/medium/tex/card_v2/141025.pg,pg,86818,bd5ebe9e2058ed0ff8eaaf653b93d31cd371ac97a98fc0fba48a69c6996f8cc1
res_n_main/medium/tex/card_v2/141026.pg,pg,73820,d32748c35633790088b159b4f6989d303f7f3855049e7f0963f7cbd65f697ed2
res_n_main/medium/tex/card_v2/142002.pg,pg,77395,8706fc14293274cbd5386a9b478176cea02408717ceb0438824dd6613159da44
res_n_main/medium/tex/card_v2/142003.pg,pg,75749,79869da0fb14bdc7b64315f5f8fd083a51871b0afd68dda89b3b8cefca8ac19c
res_n_main/medium/tex/card_v2/142005.pg,pg,65363,835b30e78fb3d60d5ba94b72a36823d5d259925f82489eabcf0183996f13996e
res_n_main/medium/tex/card_v2/142006.pg,pg,83766,f5800583f3f7d8f73fe03ee06e42884e26bf689c67f14eeb4526d1d80992e9a6
res_n_main/medium/tex/card_v2/142007.pg,pg,80285,441d4bfcd0d943b3eb770ffb3d1e09d771b0f383aebc504eae1407c963adb654
res_n_main/medium/tex/card_v2/142008.pg,pg,90397,edf2ed97775d270ba879f32358e29d087017097a3b9bde0fb48024784f401743
res_n_main/medium/tex/card_v2/14200801.pg,pg,90040,f0a980363a4cce3ea1a829d9b73320c5f33172a6a5affb3b1a898a6942c9c9d3
res_n_main/medium/tex/card_v2/142009.pg,pg,71228,9ee3bf3056521d182bb1720c7977532c5ae427db3ae6641a54cb3ee650874e53
res_n_main/medium/tex/card_v2/142010.pg,pg,63272,5e5e1da1efaf60e1d347cfdd0bb878380062fc78b8ec0bc68e6e91d18af219d5
res_n_main/medium/tex/card_v2/142012.pg,pg,77534,dc5d53c9b1c906192976c9d9ce3cd2f53c5f8d860283f703725f13399b1867a1
res_n_main/medium/tex/card_v2/142013.pg,pg,73356,c137e9b11345ca6f3cbbda5fe1875741105471737ae9bab0f1b11bd7d405fba1
res_n_main/medium/tex/card_v2/14201301.pg,pg,86114,38b97d6a08b67dc38c177eaa55f740f1391f2f8ea1d64cb16cfc6d42085f70b5
res_n_main/medium/tex/card_v2/142014.pg,pg,66892,edf9346d5f8745857c9e85f312cd1fad4cea7e531d8243a4f49c89f9df273f38
res_n_main/medium/tex/card_v2/142016.pg,pg,56856,3a73f9f1e7cb0a9288582cc4390fe4204dc5588f885af450bd653da208a63e61
res_n_main/medium/tex/card_v2/142017.pg,pg,53411,68b931d3245a3f309d19c26555839501043c1ccf806518ef35725a3d60e83ca7
res_n_main/medium/tex/card_v2/142018.pg,pg,60100,02097208c3b9bb5eb83c9107f0d7f7c1e385dc4921b2bdca73455ca5be2a19c2
res_n_main/medium/tex/card_v2/142019.pg,pg,64802,0a3c0d166c8ea7a914d9ebe27b9e294b8fc9730117551274c8726f073a82f31e
res_n_main/medium/tex/card_v2/142020.pg,pg,54923,28f574ef236115304975afb61a99c660d9453bae5803eedb3930194f6c617edc
res_n_main/medium/tex/card_v2/142021.pg,pg,69232,268b956326277f0c4e71b3524d584411e00d0859165d2bf2d73660dce2b5e89d
res_n_main/medium/tex/card_v2/142022.pg,pg,78544,2af3d234dcf423b9b9e79590844a9007fb66e674f69364fbb7feeabd937727f1
res_n_main/medium/tex/card_v2/142024.pg,pg,59226,b6f7b7af2bf567f7ae92c3a06fe9217d57846ba1b83c60305bd9c8077466f230
res_n_main/medium/tex/card_v2/143001.pg,pg,58468,f043a90be2f5e085995c86ed71072a25e020838db06d9cbdaa5f9970cb9a99aa
res_n_main/medium/tex/card_v2/143002.pg,pg,53391,7d267930584f7dfee6d63b9d8bd5e94239d19bdd0110c13f64e9ae103bf4ae81
res_n_main/medium/tex/card_v2/143010.pg,pg,53218,dd5c6723a6f3c3cd059cf607a7e18c93d54bc067de7cde86d7cbf0403eb5e9ce
res_n_main/medium/tex/card_v2/143014.pg,pg,50150,dc8a779ffd52c4b6cb6a7d3b9a252475c4f4ea0fb9eaf93134d3774255f53e89
res_n_main/medium/tex/card_v2/143015.pg,pg,57653,705194913867ae5e6c5139cc49655b55d283d06d1e885e1b1e8b80bf60efafff
res_n_main/medium/tex/card_v2/143016.pg,pg,42122,c6fb692aaee3715f0c48f15216033f6b8dc9255f47c29a0f4192acd736780b94
res_n_main/medium/tex/card_v2/143017.pg,pg,52388,fd9e1f216400b54aec988d53eb1d054375be2396a81418f7e682c51864f749e4
res_n_main/medium/tex/card_v2/143018.pg,pg,71109,e822543182ad8f526fa237fd76ace0fb33a9322f103eb8a361b495cd61a4fd23
res_n_main/medium/tex/card_v2/143021.pg,pg,57919,537be8bf71be242b59840dfcd52a29db85abd31db9be8022c8d77de12c5f5815
res_n_main/medium/tex/card_v2/143022.pg,pg,54682,929a88d93204045147a9950a01f348f313d179845517deb40bcc7685034214a1
res_n_main/medium/tex/card_v2/143023.pg,pg,68459,1ed1cfe25024c2225ef7aa5aec619ec8cf00dd5ecadd5fac425ecf9535ab7e48
res_n_main/medium/tex/card_v2/149001.pg,pg,50592,513e21b52574a729511e9cc5242b285c96dd45321c19489909546fe22c814681
res_n_main/medium/tex/card_v2/151001.pg,pg,64289,905f9fc15c5585b021913f4b08c3462b72332b6251013f46f26747fd0ce33118
res_n_main/medium/tex/card_v2/151002.pg,pg,90862,d36acc78e2b5a1514f416ea065987b21b7a062f780bd3cf908da151a33a6a98a
res_n_main/medium/tex/card_v2/152001.pg,pg,51529,db049ffd265debf6cbae259f3ab589704cc56f1126a56fcd1cd6f856cdd88658
res_n_main/medium/tex/card_v2/152002.pg,pg,93797,86b1d92bc1c54aced651bea61a3fabab74d4dd8e81323f1947a86241ea5416b9
res_n_main/medium/tex/card_v2/15200201.pg,pg,103873,ef8fa5cef49582c3f6ed7450abeebd3462485f346054fc4299d4134cc648c5c2
res_n_main/medium/tex/card_v2/161001.pg,pg,113738,b91270c4fa98e56927c872fdd0b7d1e16cc7db57826b668b000974ede0547e53
res_n_main/medium/tex/card_v2/161002.pg,pg,75316,18c0d0aac9a812cfd6b0dd79db65012fba677d997ae41f2a210a4ee29b39422f
res_n_main/medium/tex/card_v2/164001.pg,pg,41924,70cb6318ab3e28438997e1bab8bc08307e979410656cb65fc9ec25c16b33f4f6
res_n_main/medium/tex/card_v2/164002.pg,pg,37935,a861f6e4f2d3b00cbe4d569e50832b1f25f845cc523f44256197e3049a3cdb44
res_n_main/medium/tex/card_v2/164003.pg,pg,47532,7ca3b7b41abf945dc2ae6debff497891d23bdcbcc478e957190f7fd402f9e977
res_n_main/medium/tex/card_v2/164004.pg,pg,36069,c81616a44d2dad2b2aab2aa10005114fddc4db5fce6be78f5cb60bd06f9a5827
res_n_main/medium/tex/card_v2/164005.pg,pg,33583,cd7463f037488805b94e4ede6f127e8434bd2c762277b158fc4eb15fe0929f6e
res_n_main/medium/tex/card_v2/164007.pg,pg,33521,5da151a210c89a8dfb86e343960bcaa1fd197cf7a52348d6ab3e6d73cf4910f0
res_n_main/medium/tex/card_v2/164008.pg,pg,37495,86dfe3e03c63d0c1abdd3c40b813dacf4a91b39aae86b26338ff7a3def9b0f0f
res_n_main/medium/tex/card_v2/164009.pg,pg,36136,b21579024dcbc8416236c79d9660c9c08bea67ea37840dd46eb3ad2f79e4724b
res_n_main/medium/tex/card_v2/164010.pg,pg,37748,3626aeb4bc5eabdcb13c61fa55d0a5412a16bb07e6bfd1c134caea16ab3e2a4a
res_n_main/medium/tex/card_v2/164011.pg,pg,56649,abdebdd71858a670797297f7c195f8b2d9e540a3127ed745133adcaf0078cc17
res_n_main/medium/tex/card_v2/164012.pg,pg,44254,7017da5c4e1f5b485528960f07e1ff0aaaa9c183e2112d85ad88d89309ab17b6
res_n_main/medium/tex/card_v2/164013.pg,pg,56170,37cf7e5a11546cc0e0bd03494de789a0bbf6ca3e73b0bcd1afe9a39095e9dbcc
res_n_main/medium/tex/card_v2/164014.pg,pg,53474,b703a7322c1d2e3cc8c5b98f2e8b54fe75a87c844904533e55db4b257f2a2416
res_n_main/medium/tex/card_v2/164015.pg,pg,42259,e26b3a0a1ecc781aa7bbf4eceb58d6b9213ec94e1d4ff165be7f12114d8c5e3b
res_n_main/medium/tex/card_v2/164017.pg,pg,37763,c3b9b11beb42b8f9f11b92965457260690e44016933c6bf630ba9c083622fddb
res_n_main/medium/tex/card_v2/164018.pg,pg,44210,24b746955a322674138f17d13a19f5c07aad46e54ec51ff62c5007afa8cbfd08
res_n_main/medium/tex/card_v2/164019.pg,pg,47189,906362b02bdb76f1d8889e04377607abca22201cde84a79118f1158f139dd94e
res_n_main/medium/tex/card_v2/164020.pg,pg,48914,b5dcd8aecb34f7bb95f5cf2848111056c6b18e626c7e02076dd6d7647aee251c
res_n_main/medium/tex/card_v2/164021.pg,pg,42338,b90d97caaa2600b39f9e00c887c9c495fc68cbd5efa973712986bccd129a48c8
res_n_main/medium/tex/card_v2/164022.pg,pg,36848,17aacfd38148043feaee28fbf90b6adbbcefa7515be89af4b5b826b14e5a1737
res_n_main/medium/tex/card_v2/164023.pg,pg,41104,59bed11c02f850748d3d5cace12b4cebbcf92a44b3e75616f4bfc220d4daa495
res_n_main/medium/tex/card_v2/164024.pg,pg,33574,0be0baf1b60f8b7506859fedcc09b28723752c9f952e2cae8431e461ac01545d
res_n_main/medium/tex/card_v2/164026.pg,pg,57462,ba61bf2147ddbaf535d6d43321b91d0fb6a655d997144c1cb7881f21d0cf83bc
res_n_main/medium/tex/card_v2/164027.pg,pg,55136,e5ab31601bd45cb97744c077b6cded690383ca0e5ecad248d1c9aa5d7a7a02b1
res_n_main/medium/tex/card_v2/164028.pg,pg,50055,778bf1bd292168b2afe6cab6498a09c8edb8d82cd6ca5a9f822156de1dbe4efa
res_n_main/medium/tex/card_v2/164029.pg,pg,38400,640e2b33dd578823a34df769e0adf77ab04889a727666e1152602a55a3aeb5a6
res_n_main/medium/tex/card_v2/164031.pg,pg,37868,b95abab48c89da7c655cabc1b563c888c83f9677e64d7c4cdb7b753686c76cc7
res_n_main/medium/tex/card_v2/164032.pg,pg,53776,2d9eebabf053ec486d4d1b1068894ffce2a9010e5822b4cc99d11cd1b962f6dc
res_n_main/medium/tex/card_v2/164033.pg,pg,40161,a66019bf119cf816b7a397ae556a43960289e947ae3befd678947e18a0b0c760
res_n_main/medium/tex/card_v2/164034.pg,pg,40673,1a7a3e42061ef83b0d8f5499fd3e9c490a1bf1c5c2f75ad46f35e747a776586a
res_n_main/medium/tex/card_v2/164036.pg,pg,46948,ef10b47989694227509fb35c6ab8f7504ccc4234fc21e36e6b4df1eaa69debf7
res_n_main/medium/tex/card_v2/164037.pg,pg,62330,d3df70ec0a64744b8f52351a9c3ace1f1854d0cd41a3dcba9105c108507b9ed7
res_n_main/medium/tex/card_v2/164038.pg,pg,47021,d1a99e9b41e18c5574059cc5a6fb5955980c0267888fb340afbb85d493b8c107
res_n_main/medium/tex/card_v2/164039.pg,pg,49986,d2a3af7054c104ca9c6a472bc24980a491db2029c782ad1210c6907a5dce5aaa
res_n_main/medium/tex/card_v2/164042.pg,pg,42238,97bbfb5f7942bb75d7313467b0025300d614d3b4a56994f575710dd275d4ee8f
res_n_main/medium/tex/card_v2/164043.pg,pg,40381,81446f6e6034969f0895c6c9c2d6bf17da5b3dec27084c8b4d027876cab89c98
res_n_main/medium/tex/card_v2/164044.pg,pg,41360,f4a609d26d0b72d61d8b3f3e67026ae9c01d837055cc9545e7d88bd01446e44e
res_n_main/medium/tex/card_v2/164047.pg,pg,56344,526c3e40662db9c24ec5a3e828aa7882bb58f27a0d2bd5a49c8e2b6d7a89ed22
res_n_main/medium/tex/card_v2/164048.pg,pg,49202,0c919229d75627527cdce0df7c0a5cb71909c5d7b98e963248884fe918451e45
res_n_main/medium/tex/card_v2/164049.pg,pg,44254,7f39dd3df6e57ad2e183fbc2ca38a28454d7bd59a8ded1992ea26ef811e137ed
res_n_main/medium/tex/card_v2/164051.pg,pg,43588,89236c464eef59887c30c0ef55d7b6aa50427b02b515c848043a1195a797953d
res_n_main/medium/tex/card_v2/164052.pg,pg,37282,c75484012bc6c38fddbcdeb9ff832d1938bba3fbaf1180d1e1293d3611c1a20b
res_n_main/medium/tex/card_v2/164053.pg,pg,57494,26f21a57a2fb3ef09d94297af09c89209dbd826639d3b7cc793c33ff2771c54b
res_n_main/medium/tex/card_v2/164054.pg,pg,54919,909dc8f470e96b8f4f2fe75bf3ffdf56851b53f2892f9c61ceec6558ab2da30f
res_n_main/medium/tex/card_v2/164055.pg,pg,38377,c013a7d32250489b84b4995ef42d561812497091db098b0719bf896ac46e2a5e
res_n_main/medium/tex/card_v2/164056.pg,pg,41500,446ce58e2391784365b5054ed9d111eeb714b4107516e045bc25002aa22d4fbc
res_n_main/medium/tex/card_v2/164057.pg,pg,55518,47fcabc1c04522ac0268a52fc0ba7a71b2f68809b5cc12f995eb2683818819a6
res_n_main/medium/tex/card_v2/164058.pg,pg,47988,959561348be1af91469e68d414323e2907578a0e08d27de7965e8f538a22d533
res_n_main/medium/tex/card_v2/164059.pg,pg,49918,4179d2ec6d9d31218129287dfa2c836f6204a8cce7c3a9d818199033aa95743e
res_n_main/medium/tex/card_v2/164060.pg,pg,63972,dbf47fc4b986b2c53ba646c72aa6d27e35cc414f5f6f1216fb27d2900d17c31c
res_n_main/medium/tex/card_v2/165001.pg,pg,50814,7601873d63df140129049d01db254541306ebc1dac591042f8e2b58d2e10f6e2
res_n_main/medium/tex/card_v2/165002.pg,pg,58413,7e6246dafe4850e0e4d6ec4a4a66890ae7862de636f72bf22d8d3a8e0789dd6b
res_n_main/medium/tex/card_v2/165003.pg,pg,51059,eb7f6ab8670823a65ee215f3f937d852ea3b079f17310bd9df28bc3aa6e824ca
res_n_main/medium/tex/card_v2/165004.pg,pg,60970,81a2b1e5a2ea3df4a18e45bb02fcf52d847169e3b114ffedc36c7b674995d6be
res_n_main/medium/tex/card_v2/165005.pg,pg,77893,b9a18ff824a0fc3ebe9b86e76563511f874b0e668529b95a0976476bc25d51ab
res_n_main/medium/tex/card_v2/165006.pg,pg,70042,8281012e16a7b1e77fb42f0327998d8130b4181f64ad8c8575c9d4084a4e8100
res_n_main/medium/tex/card_v2/165007.pg,pg,104657,3991ef9091155c51b1526eec292f398628815a95a88183574dbea75898468486
res_n_main/medium/tex/card_v2/165008.pg,pg,90305,ac9bb564b3c88ab5d5c8e343762d43a81c6fb2a11d6c5d95331c59e2040f23e3
res_n_main/medium/tex/card_v2/165009.pg,pg,107879,5f6ab8f5c05d28091bba0210ac539eebf6befe710088b051afaa48ad25e297a5
res_n_main/medium/tex/card_v2/170001.pg,pg,37405,763bafb187d0e3aa268746aa4b58b446689a14bc464c5c40e1ace2ef57947c5a
res_n_main/medium/tex/card_v2/170002.pg,pg,39955,81a6e4fb5db19e041f3a59a0f375c49f4c188ed33ffa5a346a29e875ae9c70a3
res_n_main/medium/tex/card_v2/170003.pg,pg,72615,4476bcec67a90c4bd35de3c19abe6ebbcdbe2e78e7e0bf0cdf63ab0f56f5f41e
res_n_main/medium/tex/card_v2/171001.pg,pg,56392,b6e9d4ed9b2b1940bb1f02cfb5c5c747eea0de454ac53958f2a5dd4bc98b773e
res_n_main/medium/tex/card_v2/171002.pg,pg,59087,1d03663a404c883ecabeecf0f51ae35c873f5badb2b70e575ca80c62b339ba01
res_n_main/medium/tex/card_v2/171003.pg,pg,45609,9919ad27dcdc7e3b928b09e0a3af2a6ecf7381a4c310232d47a6e6e359416221
res_n_main/medium/tex/card_v2/17100301.pg,pg,65026,7ac501254be2e4add59bbcc635f01e78a91c21815e7373b028c0ebed667fe9e3
res_n_main/medium/tex/card_v2/171004.pg,pg,64724,303456a16041d60a5eaae83d16f78639d4a5a2ddc21fe32d0a89734427c54bd4
res_n_main/medium/tex/card_v2/171005.pg,pg,109818,b3514210ef6b3fb8b7f6089aafaf2e85574569ca80f8b72f99d0eee40a3a37e3
res_n_main/medium/tex/card_v2/171006.pg,pg,81947,b4a17f46b3e779ae72773f4bb48c4fa46380a05f39aca4bfccf135cf39169137
res_n_main/medium/tex/card_v2/171008.pg,pg,42723,bae4db7e578c4a9c425eb22f125038bc2c36ca3f936da54c07caf78a41b9f7c2
res_n_main/medium/tex/card_v2/171009.pg,pg,57045,5c9eeb09b758bb52769f8dbaeb607cffd2cff42cac8af5da6beff22c9ab45d54
res_n_main/medium/tex/card_v2/171010.pg,pg,42259,60cda3ee88b3a3bf97eea87b82697b8a8a1962acd38f06b510297543bf2e4c77
res_n_main/medium/tex/card_v2/171011.pg,pg,53069,2f567840ecfe213ef98b8fc126d6696996141e97182485359b3b1114ee8205d1
res_n_main/medium/tex/card_v2/171012.pg,pg,108893,24460bb7fefe8ff24e1fa2c301238e2a085211f0d7d2e096a1dd733dd73f1c71
res_n_main/medium/tex/card_v2/171013.pg,pg,43456,670bf65227b8fd1d0d8dc58184401e5b9ea4b837ef554f52baf8085804b80791
res_n_main/medium/tex/card_v2/171014.pg,pg,86377,ca09962cc15db02076b783671abfcf0ae72087efc00c5cc98f430e7532f18778
res_n_main/medium/tex/card_v2/17101401.pg,pg,114217,6a5fa291f29903a0319441161abf7273fe36a8af9dedf97120ec98d7500b6dbc
res_n_main/medium/tex/card_v2/171015.pg,pg,84556,651ea780032d25dd851a73d0e73131c979ded13dae0de97a047e6af87960888c
res_n_main/medium/tex/card_v2/17101501.pg,pg,103189,a910453666bedc029b7153597c67d7c9924b363a20f29b12ee4b4a7d8c091d15
res_n_main/medium/tex/card_v2/171016.pg,pg,66058,c4700206fbd676a17ef5bf2870274e0653d4d8e64d8bf05ba67c3b6c3b928bcc
res_n_main/medium/tex/card_v2/171017.pg,pg,82107,2623a10c388b514f4317993bfff0f7668b4173e1e81a9a188af5f0889288426a
res_n_main/medium/tex/card_v2/181001.pg,pg,130295,ed3e0bf3fa356d7112e23c9d2dd84a2a64f03add108f9cccaa0a4460b076e89d
res_n_main/medium/tex/card_v2/181002.pg,pg,134453,58ac6661aa3fbec41b9d7b8de8759f23ada41ceba264d41426ce44fef2ab0735
res_n_main/medium/tex/card_v2/181003.pg,pg,158043,e704ef596cf0284e63de60fea303fef653af47379d2a40aad7b01f1b97e98123
res_n_main/medium/tex/card_v2/181004.pg,pg,137710,3d8d20d7263c023bd68cc45060b270fd968d4d796e6c93f350e67b5493393a3e
res_n_main/medium/tex/card_v2/181005.pg,pg,110253,ffebf4d813ead12b6e64deeb5e30e6e7e54cf621a50f41fd55c7f1207850c5b8
res_n_main/medium/tex/card_v2/181006.pg,pg,137669,c1d3b53ab926d021b4c4124c6f6aa75c87c49ac0934327bc03a43cb6c1bf4346
res_n_main/medium/tex/card_v2/181007.pg,pg,122530,647bbc30072ef3b7be1a0a68abd66173ab6432fa1682272f69fa5a0688c19d36
res_n_main/medium/tex/card_v2/181008.pg,pg,127228,37023bc896c501fdc836227b6c6724482ac89df3c75547960bf9a82b5181fedf
res_n_main/medium/tex/card_v2/181009.pg,pg,122530,647bbc30072ef3b7be1a0a68abd66173ab6432fa1682272f69fa5a0688c19d36
res_n_main/medium/tex/card_v2/191005.pg,pg,57468,850ce3e3b5bb3bca84f3181d28b983ef177ac9a7c9bd7b921353fec7ca62a5ea
res_n_main/medium/tex/card_v2/191006.pg,pg,50752,1ec040e36998b9511ae59236331f25df219f67a84914db1cd86fbfa2eb194418
res_n_main/medium/tex/card_v2/192003.pg,pg,34604,c226041b9115e96a965384a390e4f75f493562635510f5c2b53c5b5099e768a3
res_n_main/medium/tex/card_v2/192004.pg,pg,53361,67dd73d6b1e5b5c8049c12b06d9fb074e71f811727d8b36ee92abeea95db0a6e
res_n_main/medium/tex/card_v2/193002.pg,pg,37886,9ff3eb1ffe026476423abc341b95f2e6eacc6515bac3fc44991c47107275fccb
res_n_main/medium/tex/card_v2/194001.pg,pg,59411,7154bc2c6d5aa901c42cb405174f923bbf54f39bd1ebdc600a07de4e191aa77d
res_n_main/medium/tex/card_v2/21100001.pg,pg,53484,4a9fdcf03b39234c0ecfb2e19a6e800064f862d98c17511044dec24d908537dc
res_n_main/medium/tex/card_v2/21100002.pg,pg,62458,8f9934b717665250be6771f6feb7e4d1f6106acb613a3a6079e2398c99ae6b7d
res_n_main/medium/tex/card_v2/21100003.pg,pg,51803,96ea9870aad2b1f19687693b504a36bad7f5d2885e1dadee5e0873b812c28995
res_n_main/medium/tex/card_v2/21100004.pg,pg,51470,91d33cb210064d636faf2448f9318effc8b2da195ab2ef3b7eb3588f95855b64
res_n_main/medium/tex/card_v2/21100005.pg,pg,77535,b0a728bb177033030104995fbe7a96583772d8137a6341ff4eee029d1e0d737e
res_n_main/medium/tex/card_v2/21100006.pg,pg,40519,ff05c5c3aa49a34e3af998652dcc0ef8f52235a76d9cc7d0f4a0fc861ac00005
res_n_main/medium/tex/card_v2/21100007.pg,pg,102480,dd8314994a8eceba666c9abde3ae710e96d28048c37e283e72ffbf8e14d3883c
res_n_main/medium/tex/card_v2/21100008.pg,pg,76536,3ce733b9d670d2987db2001191fb8c4991c7f0961e0a9c27fdfaf1ea2d807297
res_n_main/medium/tex/card_v2/21100009.pg,pg,56625,377cd9495b7550251f7c0e655b3a7473a96c16bfa578222b546893b6df929aea
res_n_main/medium/tex/card_v3/0.pg,pg,70089,eb0b982caff958fbc2d6220a517334ab0f8fe8ba60543f373d6bcfa067b97e53
res_n_main/medium/tex/card_v3/11100001.pg,pg,74802,c964d646efc14628e78561809cc3a82845828378f1b0cc6161325901664f8163
res_n_main/medium/tex/card_v3/11100002.pg,pg,78665,ef0b5a0bf86c2159af688784456eb6b46653784084a80d34af9adb2ebed8adff
res_n_main/medium/tex/card_v3/11100003.pg,pg,60526,2f1a8ffa6c8f4cefcefc99033d26a4bee21fa17f3af96fcf284bd5453a003ce2
res_n_main/medium/tex/card_v3/11100004.pg,pg,64880,4887f0c9aa1a95542a59ab6ae4866ea8e3c6f2c1922f2bfae4c99f0c9c5140b1
res_n_main/medium/tex/card_v3/11100005.pg,pg,73127,d8632f601d03346a7a7bb2ce892b73fae2e6d129e04443b7edf9166b912eea8b
res_n_main/medium/tex/card_v3/11100006.pg,pg,63018,64e48a8e37f5ef3eda2b6cc22b832eb52141bf8f896c3b1d3ae80707653945ab
res_n_main/medium/tex/card_v3/11100007.pg,pg,68314,1449e5ebb238fe886a2c4015569e719a9457e827f50963f84a9125150e278004
res_n_main/medium/tex/card_v3/11100008.pg,pg,65279,668d60006fa26952832693dab5895da177c15ec5fe39dca6413df092abd6b58b
res_n_main/medium/tex/card_v3/11100009.pg,pg,70894,539b5730cb8961db3357bc344ae234ec9737c75bed45f21b127a2312e509cb86
res_n_main/medium/tex/card_v3/11100010.pg,pg,84952,f181e17161c2f93321acfe0aadf2181e2aa397178261c269879114e7ce003371
res_n_main/medium/tex/card_v3/11100011.pg,pg,90094,8e81fbd04b5382a307bfe64bf55c6b438d6721f34cb9ccb44be8bb2e24e19b32
res_n_main/medium/tex/card_v3/111001.pg,pg,86907,3c15ff5e7efe28d9406bf985aeb4616cce4c88b0c661ee72b61dca5204f3da56
res_n_main/medium/tex/card_v3/111003.pg,pg,100495,c7fd41b4ed4338ef0b5d86b08d1c7eae5ab6b31d8c2b04b4e3145cffbb4b8504
res_n_main/medium/tex/card_v3/111004.pg,pg,71682,a1cc43d62f30c2e0983b105d9d829bd0b64a137f2b0cb32d0309cd773fd7625e
res_n_main/medium/tex/card_v3/111005.pg,pg,82942,dbd20b42c4edee9046d66803bbf24758cfc2d3ecffd4349b55e8d68d88ee48e9
res_n_main/medium/tex/card_v3/111006.pg,pg,78030,354b307dc59f8ab64ee80d990c427297b4592d3d3b4ddf71dc0b05bb1f5a0a2b
res_n_main/medium/tex/card_v3/11100601.pg,pg,96692,432c3a129a23f44ad4f903993b5a5ac96f5e432da43d1ee1cc04cbf419da2a59
res_n_main/medium/tex/card_v3/111007.pg,pg,78900,109bc8ed42a7676b0a32bce99da01669a12999f530e739bcf8734a1468414231
res_n_main/medium/tex/card_v3/111008.pg,pg,67780,700948155e2eba3bcbcae48fabda867862104cd85688ab1cdc92a01fd0a6a295
res_n_main/medium/tex/card_v3/111009.pg,pg,73383,7c6430e2a437670fe55cfccca4b1ddfb94e46e14445ee53e44feee0e2be38b86
res_n_main/medium/tex/card_v3/111010.pg,pg,71781,6c12355c38acd3f215e3a0b1dc54b16e681a81ae6742ef39a584e1c7847d113d
res_n_main/medium/tex/card_v3/111012.pg,pg,69955,6c57c247a853430deb990894a6294a800787007ef05459fd62383231b695c9af
res_n_main/medium/tex/card_v3/111013.pg,pg,78090,7de640bde94038c06eae2c066a04b0d33f3bc30a101211ef7ca2938cf0a77364
res_n_main/medium/tex/card_v3/11101301.pg,pg,95115,07638ffcdffd04da652aeb453023cffaafb261ba7524e027140e464916168cee
res_n_main/medium/tex/card_v3/111014.pg,pg,65872,e660f6fdd6a99e51f1aec48fb4a18d134fa2fa33df1f7edfdbd20ba4f112598e
res_n_main/medium/tex/card_v3/111015.pg,pg,65562,ef4fec40e606a83a2d5af22ba4ff11b2fb485dc0ddf9751a535336be5278842e
res_n_main/medium/tex/card_v3/111016.pg,pg,85187,322cb4e18987ba97f717cc3ec399d7607bb4d7589ce4754b8c80e8821834b55e
res_n_main/medium/tex/card_v3/111017.pg,pg,78364,d81fd2b2d35ac39dabcae47feea3d7da02169f628f87dbec9f3e827c8211d55a
res_n_main/medium/tex/card_v3/111018.pg,pg,92025,cb3a211a404eb8e348025617012ac698abd4e229345f3238e768193777dcce4f
res_n_main/medium/tex/card_v3/111021.pg,pg,70427,516f915d8e57619648e460c90f7367a3aaab3ed27edbddbc93414b43da12a734
res_n_main/medium/tex/card_v3/111022.pg,pg,82885,bbaaaf5c1c17cc443c49b89a1288e7a1d932cb2419fe16d09dd7248add34d96a
res_n_main/medium/tex/card_v3/111023.pg,pg,83472,cb66e8d2baa2d5e8aac6a2bb11db6920d51e5e1cc72958930ad2804e30b41a66
res_n_main/medium/tex/card_v3/111024.pg,pg,86845,79fa68b1ee7608ebfecdbac565fff715bc450ed04b0d86b0c7b155f8898df7a1
res_n_main/medium/tex/card_v3/11102401.pg,pg,92008,2871e5134bef60fb17983871436a06b763201b51ed5d76594e8a8906a24d1110
res_n_main/medium/tex/card_v3/111025.pg,pg,88250,02f288250203f64137738149719a3f0b50881f18c3342986be62bc87ddaa2425
res_n_main/medium/tex/card_v3/11102501.pg,pg,94373,791ffe532a207cdb62d9d83a5ac11c66edbdf58c2e129f3f26a519c2c1387cf9
res_n_main/medium/tex/card_v3/111026.pg,pg,104804,82d8006f78a1620513ae99224a2f1d122828c69a1d2784253659fd5dbf5377b4
res_n_main/medium/tex/card_v3/111029.pg,pg,90356,87a2c6c643620e9ecffcbdecc84c990ecf5847214216b081514527de01fce656
res_n_main/medium/tex/card_v3/11102901.pg,pg,106134,a1cb2da4a9da604b291c1cf5ae3841d55b208b9eaf14ae82c26c5c97778f03b5
res_n_main/medium/tex/card_v3/111030.pg,pg,80767,9484f2ee4d830423c7e282037781653925a13162a02a9da8c0fbcfa0f9738e46
res_n_main/medium/tex/card_v3/111031.pg,pg,103539,012508d108c4f3b0a7a6e41cdc37deb8300031047b9d3806a96bfd1829f570aa
res_n_main/medium/tex/card_v3/112002.pg,pg,65742,80c6e9dcab4e3266a9f5de8554dfd3f6590faef4784e462a2616f5007bb8de49
res_n_main/medium/tex/card_v3/112008.pg,pg,70121,d04469df7d975fa783faa682619c7f662180c44bcb5d6366944735dafbc347d8
res_n_main/medium/tex/card_v3/112010.pg,pg,77556,ea992086de2c72debb2556c80aadfc2cf3b72c43be1c45fec86af3e51cee7da4
res_n_main/medium/tex/card_v3/112011.pg,pg,78551,7a7b03cf1434e1b9971b31dabbaab622b6adaf5e18a0640f0e0b704d89663e38
res_n_main/medium/tex/card_v3/112012.pg,pg,73521,f6dac97e379dbfe83be3b5826ccb4c329963278fbad3e097081940bd1b63a8c6
res_n_main/medium/tex/card_v3/112014.pg,pg,77251,619bd6e37fddbeab6e84959b7e9be957ec879c1abe8da03988d6f399b53785d6
res_n_main/medium/tex/card_v3/112016.pg,pg,68653,e164debaa5303c29988b85095e9d238202dad41a3cbb3478c6fa145893bdb60d
res_n_main/medium/tex/card_v3/112017.pg,pg,73567,2aa24aa2d7c51fd5d18da053fb8b9f7f6dafac30542417f97e8ddaed2a5a3763
res_n_main/medium/tex/card_v3/112018.pg,pg,63070,7d6bfe424d362ff0b4649376531719e86b0dccc2ab53f234aa76e65af412dd66
res_n_main/medium/tex/card_v3/112019.pg,pg,75622,e565075c03bda587e79f59e753629d11635e5ffe8e7e8fd627a0a265962a4a89
res_n_main/medium/tex/card_v3/112020.pg,pg,78551,ed76dd712cdcc607f148c3e3a8cb7b68f08f5931e3f351dfa67a4b15a605f8ac
res_n_main/medium/tex/card_v3/112021.pg,pg,70691,f36fd9c9a1a198847c6df85cf54af11ea062aab04ed812c1a4a54a73e1f36088
res_n_main/medium/tex/card_v3/112022.pg,pg,73162,3f05817c12066bdbc248fe3d4dcbfe2a75139406a8b987f1b6e04994e6dd79b7
res_n_main/medium/tex/card_v3/113010.pg,pg,78364,62e42bd424f943f343911ed55e2bd9e96b619d2beecc8bc5f5f5cccca971fddc
res_n_main/medium/tex/card_v3/113011.pg,pg,71008,040206631267550eb39a1af1f09c8d8c1cb6caebce3d9b1f408de35468dc4c65
res_n_main/medium/tex/card_v3/113016.pg,pg,73273,7cff659414ffe29e6f598d130a42c236eabb6477152021ad7ae25f007a7085f7
res_n_main/medium/tex/card_v3/113017.pg,pg,86671,0780c3446b17333cb73e057642da7929ca7a0ba1f2c1e5d6ad5e50ab2b1d8528
res_n_main/medium/tex/card_v3/113018.pg,pg,83593,37bb18db94fca2df97657cd9775f4c712806b36673a4f9607cf92b41f1431ade
res_n_main/medium/tex/card_v3/113019.pg,pg,75070,2b3abde103e2ea760b60fb84912778f1e3eead62afa58c9496ee9d28e92c1248
res_n_main/medium/tex/card_v3/113020.pg,pg,71237,726b9d78c00abea2de164a57da02f20778ad20d36b42a92348f870b0a86a2c77
res_n_main/medium/tex/card_v3/114001.pg,pg,88512,2cb0765c8e8c95617010c276d6720233529e04c74422c98e522f46360d8cafea
res_n_main/medium/tex/card_v3/11400101.pg,pg,107502,72a8832b963ec7de9766d5c4632406dc3594e621b34dcaf4b7a934d2bffb7718
res_n_main/medium/tex/card_v3/121001.pg,pg,146098,60b43b946c5247de7c94dc2f527b2c3a43a15c1bd1beca24d11ec859be5fe4c0
res_n_main/medium/tex/card_v3/121002.pg,pg,97186,8efadb0d4bd00eec364e851dd29d07431eec0ac14d27cec67dfb6160038f9c40
res_n_main/medium/tex/card_v3/121004.pg,pg,70376,e9e3bdf9b90c886352581aa52b32c78c686085af51db24f718f60c4b7ea20482
res_n_main/medium/tex/card_v3/121005.pg,pg,74110,4a7376f46616a3a8e6005ca7a89c51d78061c44bfb6c0a62518cc19a6c1cfd59
res_n_main/medium/tex/card_v3/12100501.pg,pg,89061,f89a55c312677d041eadc7f20dc488972e0a9fbabd09f62adeaf01834495ee13
res_n_main/medium/tex/card_v3/121006.pg,pg,81478,1ae2aeed7e08bec5634b52b5366f28dada5859dd72129780ea0ccb04ff7982ac
res_n_main/medium/tex/card_v3/12100601.pg,pg,99545,09eb0e2deeb258728073a683874b96b933dedae2ea6b2b571db6031199655dbd
res_n_main/medium/tex/card_v3/121007.pg,pg,73564,9289ab4a9bd288bee74908e910eac925c219047f299f2644ba1f8a01fdd376e1
res_n_main/medium/tex/card_v3/121008.pg,pg,80341,534342859cd1288cdc663669ada82a2e04bd6e4a99b08791423e4fc9ec893f56
res_n_main/medium/tex/card_v3/12100801.pg,pg,99394,2ff06822a188400a418b117426d5bbcf19d5ea13052864c5308caecad6a23786
res_n_main/medium/tex/card_v3/121009.pg,pg,85066,c930dcc40123949b9684b5c55397faa867635aa08534bd5c8298841dc68394d1
res_n_main/medium/tex/card_v3/121010.pg,pg,80536,fa6cf2231dc53b8419e22337a2303d83dd93a126ee163c6c8f44d2d0fbf4fb66
res_n_main/medium/tex/card_v3/1210101.pg,pg,102693,46d61b1fbb8e5f4ec026abd5fb2b62ff01b5ba413257f317c1d7a19751b33401
res_n_main/medium/tex/card_v3/121011.pg,pg,71880,d51e54c0a0ab7f29da00436c0d4ecf0afb32be81f647c20b7a2fd634e0e1c80a
res_n_main/medium/tex/card_v3/12101101.pg,pg,135889,85bba82c4eb139486317d346b6c7006939f8f6245afcae8c6f9cb0e212187c4b
res_n_main/medium/tex/card_v3/121013.pg,pg,72560,99f0dbcb550f929f254bbee70e941f017a81bcbe4f7f5dde15132705fe6edabe
res_n_main/medium/tex/card_v3/121014.pg,pg,74399,186e10c6d5b554ec1a06808b1fb0f93db571afbd78ccd3379704c507618aeb8b
res_n_main/medium/tex/card_v3/12101401.pg,pg,102073,e06af990c3f51823c49daaa1b62817b774544abb1f3f54d48c0a1ef2f372975f
res_n_main/medium/tex/card_v3/121015.pg,pg,67277,2d1214c60050f266033ea04cefa0bf78afafdba42864aa7da7fc41ffa6c85e57
res_n_main/medium/tex/card_v3/121016.pg,pg,67149,53074a20897e91bc11b2ed07e1a1577231e3c3cb9d5990dffba1a8b1c60d5b15
res_n_main/medium/tex/card_v3/121017.pg,pg,70097,4da99d6a283e71c01e30e154e06bc16dd9d40cd14068010b1b4b4672adf74b36
res_n_main/medium/tex/card_v3/121018.pg,pg,82419,bc47862ffdf60f55f62387865bc8ead6bacad5c05f10582766bf6af1ac94b19a
res_n_main/medium/tex/card_v3/121019.pg,pg,65671,85ffcab739e2e9c66e6b88111ce57c7a2244090ab614e9fc4f9029b7e3387d72
res_n_main/medium/tex/card_v3/121020.pg,pg,92706,99975a57d18b23c8fce37821581c16e9ae45e548cca8c4c4a2fab635fe49a3b1
res_n_main/medium/tex/card_v3/121021.pg,pg,88759,3d2f1d0a8873d8cebc6428eade7889c20e89952e25f3dc5dc0425bac8f82ad97
res_n_main/medium/tex/card_v3/121022.pg,pg,85825,c06d3b898939993f1f00695f7424e650a54a318729b971c40452b9ee8f441d61
res_n_main/medium/tex/card_v3/121023.pg,pg,97197,898e2e9d32cc19706efd9e1efbde16fcc248dfe747c0805dc48107083779af8d
res_n_main/medium/tex/card_v3/121024.pg,pg,99808,e6a2b7ff32fc5b5087e5d53660fb10de6ee76fdfbd344078bde69d6dd10f7ccd
res_n_main/medium/tex/card_v3/122007.pg,pg,68834,fe2e693ae83aca3fb533ce23811c6443a275c75c012c45cbf246c6ba67ace1f8
res_n_main/medium/tex/card_v3/122008.pg,pg,88745,baccc7010a9e27c24d02811a20f7dc53e4a0147952ff16230cab128398199932
res_n_main/medium/tex/card_v3/122009.pg,pg,66829,0940107113ddae6d71f5545ddb67219f1f671764c04f836c802071099658aacf
res_n_main/medium/tex/card_v3/122010.pg,pg,86810,39e32c73faaeb9355e28e6069d3f589f50a5c40025049dee16a16e9a7635a6b4
res_n_main/medium/tex/card_v3/122011.pg,pg,99944,8a78dc46704732a22607bfc6f55b6a42ca92828ee4df045a77235adb0f1e029e
res_n_main/medium/tex/card_v3/122012.pg,pg,81065,e90bb566d89cbe552b2733d3a680d6b0ffa43ee7508f693db932a12d21762b3d
res_n_main/medium/tex/card_v3/122014.pg,pg,72629,f77c5813b933e58a747a5b33fa212d5777fd549e589581415d39dff9c2604de8
res_n_main/medium/tex/card_v3/12201401.pg,pg,87243,cdbfecfae24093db2f4e00ebadcd64036558d114aaa5f4120b36666729a3a7ca
res_n_main/medium/tex/card_v3/122016.pg,pg,66603,6f31d33b968db03ec3b5877f07f74468a023c292bb20a39e5f170e48f95f3c7a
res_n_main/medium/tex/card_v3/122017.pg,pg,69452,0a0d29488f9c5ee06fd5c964e2910a43b3933281d01ada8af4981199be2b4634
res_n_main/medium/tex/card_v3/122018.pg,pg,63934,020fdffbe3f31e8902564f3dc015af028adfac64d6f5d20b049f8bfdec6b98a7
res_n_main/medium/tex/card_v3/122019.pg,pg,63057,dc90703fd1ffb4c2e841d84c708e3341f78983e01db4564aae03d74df37d76d0
res_n_main/medium/tex/card_v3/122020.pg,pg,77104,4c6a1bf419ae7a6e4fea56d2ea181aa1a1a09e6d626fee41dca66409dff3e59b
res_n_main/medium/tex/card_v3/122022.pg,pg,81830,3b29b1011fcaed8839a589af243a20734c5ac855e19515f013a5d292d73ae7b8
res_n_main/medium/tex/card_v3/122023.pg,pg,73378,21e6aa5302e6487daac6bbf3f2711667cb6fff9c4f5d34800be976d23ce209a3
res_n_main/medium/tex/card_v3/122024.pg,pg,71393,98e69e1e25ed842eb7039c04cf933397e724265101ac2799bd084ce9b2af5895
res_n_main/medium/tex/card_v3/122025.pg,pg,76400,a6b57cb8ad23387f0bd33d1752b1fecbdfb49e551631d72c516075e5b810f087
res_n_main/medium/tex/card_v3/123005.pg,pg,76111,cf474e5757cb189ca5f37840b0f1ade190edb29e23e4fca54b33b1279e72252e
res_n_main/medium/tex/card_v3/123008.pg,pg,71108,5ee7b2ae00c571c29947e5886812522b3ec256127b1bcd1776fd85df22e01817
res_n_main/medium/tex/card_v3/123009.pg,pg,80975,204136adfee973798ef2662bfc25005f37e8b619b60a8ec5908f8bc80686e403
res_n_main/medium/tex/card_v3/123011.pg,pg,69277,829c32052d525be4d8731a763bf947b31154f5a1124eebe7cdba94765fc30736
res_n_main/medium/tex/card_v3/123013.pg,pg,84821,a796a61285bdfefc923da702e97f55a1882e43087c42862943c5a350dc1f1415
res_n_main/medium/tex/card_v3/123014.pg,pg,76271,d0e9dcf18e82d254ad74ba17034acd6956cfaa71bb78e99de26ae8240af6b3ca
res_n_main/medium/tex/card_v3/123015.pg,pg,68084,079201662827019bb88bffd1c0d036ab7724590ef7bcbd8c4e6f9c6f25992c26
res_n_main/medium/tex/card_v3/123016.pg,pg,75474,7c014fcc24699595bdf1ca06a8818250e60de39420b1c66e7e36b6cfb5b29506
res_n_main/medium/tex/card_v3/123017.pg,pg,69813,5c731a295d36cfac7f2bd3490d5a903ff57af55e45d8eecb58b9da66781f9a46
res_n_main/medium/tex/card_v3/124001.pg,pg,79458,8641155a24a2f306220ec185adc0d8179ceac185049d1d6419eecc2522261d3e
res_n_main/medium/tex/card_v3/12400101.pg,pg,90002,4bf7fc2caad53bcd093775eafc7dda7436fa1e5f4783a0112bff5a8f82c8dd23
res_n_main/medium/tex/card_v3/131001.pg,pg,104771,0b354b86c2b14c3bfddace1871f9efe2b907ce89fe8c3cb65158ffbbad8bd722
res_n_main/medium/tex/card_v3/131002.pg,pg,83685,b40aaa30cabd196749ea721c0fe0aa6d07bf8251e5d1daaa1828c35196ba54aa
res_n_main/medium/tex/card_v3/131003.pg,pg,75347,5a91cffc2d7b8b8b4cea2511a9a295d92255df941d4e82ec46a91ee6b3e1af94
res_n_main/medium/tex/card_v3/131004.pg,pg,83519,f199bdccf4ab3305cb9000f37abdb99970c8d47ec99f4ca99edc02224d500afc
res_n_main/medium/tex/card_v3/131005.pg,pg,71043,6fa624fa33ac3b0d7d00a16b85578b058e4ae985977c4853c90d9537089ad529
res_n_main/medium/tex/card_v3/131006.pg,pg,64540,07804d7cb3939c520757a6d7fb92e041366e4a39a1e6cab00b811240cb56b0c5
res_n_main/medium/tex/card_v3/131007.pg,pg,61444,5f76d385aab716571a4d2a48e1d6fdca11a39e7ed923c9ee8999fbd66fc5402a
res_n_main/medium/tex/card_v3/131008.pg,pg,58260,9cc53704a2a0879dcc9df1102431f69720190ccef41544ef3abaee0185d89c2f
res_n_main/medium/tex/card_v3/13100801.pg,pg,85180,50ee900f6de1b92ce239f7e87c46ef7764bffc7f564e645a035c598b2c5220f5
res_n_main/medium/tex/card_v3/131009.pg,pg,94155,584d9e1868c2f75ccd8a059b43a37feabba5034a78e4135ac629249f6f15181b
res_n_main/medium/tex/card_v3/1310091.pg,pg,150230,be77888d330013fe83e52d51891f47796e051507b2178f84de148ee0031f6849
res_n_main/medium/tex/card_v3/131010.pg,pg,72503,4dcc325440b3f507ee88191081a633bb6561be0b5a32cd45d7d7551b00ac59db
res_n_main/medium/tex/card_v3/131011.pg,pg,71565,eb76f22ca0fe9cb5b8b3aebfc7eafe26e2b0741e979d6e6dda123bab05ef31f7
res_n_main/medium/tex/card_v3/13101101.pg,pg,83561,e89cf13670f4fb10dfef4d8007ab7b276f74acd4b100ec4a3eabed0ff8b0eed2
res_n_main/medium/tex/card_v3/131012.pg,pg,86377,1aca4bc996c4ae7b20fef1a05daafaff13e741f8f4bcb80db6f69dbaae649a11
res_n_main/medium/tex/card_v3/13101201.pg,pg,104625,0beb1930486c622b1e199b86206b8c1a1dd119619b4f026dcb4b17a79633d606
res_n_main/medium/tex/card_v3/131013.pg,pg,70027,7b403e30e401aa53ee28489c11854869f294760a66379bd917afa51aad291d1a
res_n_main/medium/tex/card_v3/13101301.pg,pg,95911,506cfec27a4330901e5154c7cf8043224b2962b866dc39245bd179a3640e3623
res_n_main/medium/tex/card_v3/131014.pg,pg,80887,a083de2081437e35299f3a1d9cfd2a433e424eea83994b3cf0b8ef6ed4e5e9a9
res_n_main/medium/tex/card_v3/131015.pg,pg,87166,0704c240a3ce6842c05d31178407ad9aa0f178e2e236b0887bfa551981730baa
res_n_main/medium/tex/card_v3/131016.pg,pg,88238,e1101d6f19d7d2a3137cfa342429d4a654f06a70933eabb6cb5d0e7bf96d88e9
res_n_main/medium/tex/card_v3/131017.pg,pg,68140,9e1234913055183ef61754f56c4577048c44cd2cd5396ec5681ea6fe7f35c0df
res_n_main/medium/tex/card_v3/131018.pg,pg,76998,5a45ae2109eb578379227e35cbb1325572194dbaa9a633d85077540299d5a10c
res_n_main/medium/tex/card_v3/131019.pg,pg,78148,c28444ac13979267f991bed76c75730c2be4d7de02ae44969299fb814101f4a8
res_n_main/medium/tex/card_v3/131020.pg,pg,72780,dde1ca0acbc88441c6a36bd20d92b3276c5fce80c791fd24c510eadee33a24ff
res_n_main/medium/tex/card_v3/131021.pg,pg,100641,670dc0bfea7856d2a32c8bf8c2230785af5cd44a957976aa0396e9ac7bd6cc10
res_n_main/medium/tex/card_v3/131022.pg,pg,78613,9d9872935dcfbc6a9d3578ad4ec52ab4fab3913fdd3833459e51069868ba667a
res_n_main/medium/tex/card_v3/132001.pg,pg,67767,ee7764c6d841720175bf685257fe6747d827170382a2ab64c6160bf0dcc863fe
res_n_main/medium/tex/card_v3/132002.pg,pg,71004,47ba914a912d4848b31195d01c740e6c8fc8c397ac7f821bc9700b5ae0aa7b4d
res_n_main/medium/tex/card_v3/132010.pg,pg,71691,b5d2a81aab30c098e823f4711cac1c4fb45f010b68c2d10591fb2bd341a9c995
res_n_main/medium/tex/card_v3/132011.pg,pg,69354,b2977bb0267c53bc25d9e6570401de6dcdbdc9f5262c109563277839f438c526
res_n_main/medium/tex/card_v3/132012.pg,pg,75413,57702336bcd3ac6269261f1aa95bf3de55ac7e66e76f7fd7b9973992f5c7c49f
res_n_main/medium/tex/card_v3/132015.pg,pg,71879,9bb7815bdeb712fb360218797d66f06be68040de6685118ff73fff76f8690378
res_n_main/medium/tex/card_v3/132016.pg,pg,73126,0e61acfe6ff4c87816ea96bf3ff2e04b9984d079b81a0b3bb072502108473eeb
res_n_main/medium/tex/card_v3/132017.pg,pg,72455,fc7620b38ccc7d36b8bdf5d1fa5ab7821abf6718237b7d5248d5359e1a554a4a
res_n_main/medium/tex/card_v3/132018.pg,pg,70089,eb0b982caff958fbc2d6220a517334ab0f8fe8ba60543f373d6bcfa067b97e53
res_n_main/medium/tex/card_v3/132019.pg,pg,83803,f75e569d2c5cd4872d2397a6b35ea254b0c8ca896df9ddae879f4bddfcf6947b
res_n_main/medium/tex/card_v3/132020.pg,pg,73718,9801afa9ae50f5f28cfdc8141285ed9737f1c86dbb69afde2b45da9672738629
res_n_main/medium/tex/card_v3/132021.pg,pg,60893,8b4009c5e06ede7302e0e978dc69f892f095606e19a2b19dd965cdeca8d1325f
res_n_main/medium/tex/card_v3/132022.pg,pg,64279,0890524bd875c6d139ad92b4339c4fc561667a1f6212903ba235e6a6af577993
res_n_main/medium/tex/card_v3/133005.pg,pg,74946,ae21bd872b7e3039932c4b7f55d57245fc9ef3307acbdab807f64f4e7484ba0a
res_n_main/medium/tex/card_v3/133007.pg,pg,82503,8ded5afdfa532e6c1678580c997725d27a600fa894eda296d8184949f0d5c6e8
res_n_main/medium/tex/card_v3/133009.pg,pg,71395,3a14405659fea57b8866226a9738c697421cf288ed9698941adae3366c36e5d4
res_n_main/medium/tex/card_v3/133011.pg,pg,73699,8626f0516f9c19d173190ec315a575babee9da48ed1ff907eef60b27a760fbda
res_n_main/medium/tex/card_v3/134001.pg,pg,86554,f4f259850fa8eb7813cb126b8890bad58e313fc99ced05ca048f7fcde78fa43d
res_n_main/medium/tex/card_v3/13400101.pg,pg,89387,8d9ecf4d84c345c8640bfd7c0d12104d9a85dafa931cc71083d4384bb46f3d46
res_n_main/medium/tex/card_v3/141001.pg,pg,110476,a11b1f38c01b3335767747b3f24da0c2c51929949979f4cda37384ca7d1976ea
res_n_main/medium/tex/card_v3/141002.pg,pg,90551,d7e57c30ff596c1e6badc991ac155325b26aa051186522b0994e71bef5cc5efb
res_n_main/medium/tex/card_v3/14100201.pg,pg,110508,8ca1eb3483956987ee93864d9a5b282a9da0fccd5f46f1048522592c9d52fe99
res_n_main/medium/tex/card_v3/141003.pg,pg,72697,7be0d668e2d1691caaeb6efb2387d4e629f2abf8dfb6f408f66d6975e1633f2a
res_n_main/medium/tex/card_v3/14100301.pg,pg,85810,c86d48d75fb4d9898928e53cf3537b3f097c7c3eeefffc9272607f1a3f9b4dea
res_n_main/medium/tex/card_v3/141004.pg,pg,66995,7c546299d6b8036c3534c6d2976df764b704c71e7671ebdc2958202b9c7409a8
res_n_main/medium/tex/card_v3/141005.pg,pg,98929,fba3cff4fdc6b448c7cb6396248b197c7ff42d1a26249377cac0aacdc47b77e2
res_n_main/medium/tex/card_v3/141006.pg,pg,73420,8d3b5ef37e107eea1f33966d262b4246a05e50cbf3e706c4b3533ef1dd31486e
res_n_main/medium/tex/card_v3/141007.pg,pg,82462,a8b348cee423e2819ea1d5a3a4247e5274d7ddb367fc1fe364ba7bb1095659cf
res_n_main/medium/tex/card_v3/141008.pg,pg,71158,c3f4ddd2be63a6d430d76e76ac3dafe96a028139b44ce83b515a0b54f43c6945
res_n_main/medium/tex/card_v3/141009.pg,pg,81756,b089be94fc36f01b555fc14971b705eda36fc93d07226b9ba34347e87ccacb30
res_n_main/medium/tex/card_v3/141010.pg,pg,72504,a75a38eccd07ac295a754d0b3af31d238aeb237c246b695594594c68db1242a8
res_n_main/medium/tex/card_v3/14101001.pg,pg,91513,9b7ae7dc855d9f5223d83d3702d93a92618ddfc1de9ad249cd9aec9c7935869f
res_n_main/medium/tex/card_v3/141011.pg,pg,68739,9917febbf6d2c1a730b4645d3748de46765611777e48675038ed7740911b1b00
res_n_main/medium/tex/card_v3/141012.pg,pg,81523,d266053f32f9bb6820672c3c003897bab413865672fc0555e28ef025a382528c
res_n_main/medium/tex/card_v3/141013.pg,pg,76839,169ed3225da35eea942ffa17c8dcfc538ab417e578054c49290ee6af439559ec
res_n_main/medium/tex/card_v3/14101301.pg,pg,107067,4d187c858f5d72a5b136e9d392e575abe413496419072c775aa633c854d2374c
res_n_main/medium/tex/card_v3/141014.pg,pg,75725,c54f36c967c50f725a0cb21f4272daa90909ae4cec3712cb4f06a8173ffb6c07
res_n_main/medium/tex/card_v3/14101401.pg,pg,102513,e7be9640f976adca74589a5adeb367308460e25b61944915ee09196d89a380ba
res_n_main/medium/tex/card_v3/141017.pg,pg,82047,b0b14a9dbfa075e87f78b263539711b495e31ce5dfc1ba3ad96a03db3a169b5a
res_n_main/medium/tex/card_v3/141020.pg,pg,90487,c88819e21c3e1a3bfebdbd7d25a34bd634d2c02fc88d1d895bceb7d7e888731a
res_n_main/medium/tex/card_v3/141021.pg,pg,103117,e3b26c8a4c2466eb7000d41a70fbf474366c0a14d22d410d835fe82bb3fb39af
res_n_main/medium/tex/card_v3/141022.pg,pg,100359,c9d41c56e2bec5de5c9e2562dd0b1daa34a123a8ed960e4762ff75b255790632
res_n_main/medium/tex/card_v3/14102201.pg,pg,101035,9c1d1a3aa2d9bc6e0f47e286a10355b3f9546dae4419b8f296cd6d7e0a38d898
res_n_main/medium/tex/card_v3/141023.pg,pg,93747,1bad3ee7cea1be4114110146d21df642f558a6e151d96254e5a99b27407f793f
res_n_main/medium/tex/card_v3/141024.pg,pg,97270,a0289d07a79fa81dd6e0722b5c6ecddaa42ca60eb25b3af2559b7f57f37313f1
res_n_main/medium/tex/card_v3/141025.pg,pg,88224,df9a8777e0979528fc6300f826ddc76fa210a883307b0580550d67eaa7715fbb
res_n_main/medium/tex/card_v3/141026.pg,pg,94463,10e52c7fde5b9140aeffd3bd9b724fdb8b7944db31f122ca5f5d42d60af450f2
res_n_main/medium/tex/card_v3/142002.pg,pg,84068,9ba626beb31535aedc2d44e69f31b9b45a8c7cec289727e46ffc4933c6a2b2d0
res_n_main/medium/tex/card_v3/142003.pg,pg,91681,e8da21a0a8bf3f2c6a62b61cb915c90c517885b205380154ed9163f3f6aa12f8
res_n_main/medium/tex/card_v3/142005.pg,pg,70436,2d153e749f8f25e902ad77c7293f0f7dd9afa08ca7e1730810af4663de049f42
res_n_main/medium/tex/card_v3/142006.pg,pg,76449,25bf69b911e55b50f7190025374fc28343a2c436cac4b72b2d04e5525cfae0de
res_n_main/medium/tex/card_v3/142007.pg,pg,77448,5f05093b178f02d28002509d93de8d030199ff761ed891539297acc7a98f58e9
res_n_main/medium/tex/card_v3/142008.pg,pg,70685,56c60f8e037b8cc932ba2766b04bb69f0d519a4ca35e27b9929bd3d2cc55167a
res_n_main/medium/tex/card_v3/14200801.pg,pg,97467,0cd28e8a3535660dc41d8f00b0c680a092f02837f58da738792b914d89b483e0
res_n_main/medium/tex/card_v3/142009.pg,pg,68854,398d7b1dae197194a47ccfd01d867aad4d3a76b94717b39af35cd22ee14c4f60
res_n_main/medium/tex/card_v3/142010.pg,pg,74476,a16a735d345c695bab916c83d5611ba7d3ea167ab7cbcf21363f15229427eb22
res_n_main/medium/tex/card_v3/142012.pg,pg,70847,99242835b3bdfda139cf027e7453f9b676e34e53dbb26ebfc381a68ed3d1e40f
res_n_main/medium/tex/card_v3/142013.pg,pg,70834,769c3f1a0ef2d3dea8135c5f531ed12fea7f5a2011778b403cc4eeaf7b038f14
res_n_main/medium/tex/card_v3/14201301.pg,pg,87390,6d64316337f3a9c0bf60292d79c2226156e90a51678b5576e353cd95a29cab90
res_n_main/medium/tex/card_v3/142014.pg,pg,71445,47c288438555e22516f37683564e6a634d898bdd0dbe497ee8e36e2416424d60
res_n_main/medium/tex/card_v3/142016.pg,pg,73565,23d4cc90b2b0ec8f5dffec1cb5f71c2f3fc6943be8c1d2b571c01693e57ca308
res_n_main/medium/tex/card_v3/142017.pg,pg,72908,91f36771be8114fb4b87822c20e7a8e836a4b1a9a951d0fa904fd71d76eb1a4c
res_n_main/medium/tex/card_v3/142018.pg,pg,67956,f65082d9a3a9e9265fc92a1e4fc6ab67ff3c36cd713f14a686d18664a23a343e
res_n_main/medium/tex/card_v3/142019.pg,pg,72293,8629d91518af8d1d9909aeacbec838f8089c14292d66e35692b99fe93b5780cc
res_n_main/medium/tex/card_v3/142020.pg,pg,61014,1159155ec9f443ce2941304daf6f8c0e506ff5c3b926afa087f515ef1a1b0f4c
res_n_main/medium/tex/card_v3/142021.pg,pg,71759,8706f3693645591878722528b9911939b246e4f4484f426bb859d7b114010ba1
res_n_main/medium/tex/card_v3/142022.pg,pg,86959,ce41d1a3bb26de321481d87916a4416aa13adea761a3ac1deadb405a114812ab
res_n_main/medium/tex/card_v3/143001.pg,pg,73244,2c2f83646a8ce43865c9607ba90b1441b9f7eb53102ef87c54e8a4f6164ab532
res_n_main/medium/tex/card_v3/143002.pg,pg,73270,53993c69f3096c28b11060b201d8db5f940be547538fc7468a4d99b46df4c772
res_n_main/medium/tex/card_v3/143010.pg,pg,74596,f8ec03ce5151d0feb748a40aabb9e6727627bbaf4a41dd701883125c0686e257
res_n_main/medium/tex/card_v3/143014.pg,pg,71733,dc60b5bf2426d9cf0091812d4df30227196f9400d1f2eb2e169f1f5efc89df70
res_n_main/medium/tex/card_v3/143015.pg,pg,82164,28a2b622b60ddf790c39b8da46b546ae978f97c4f90ce64a5e8d8dbb10ce0e8b
res_n_main/medium/tex/card_v3/143016.pg,pg,61060,e8d3c4b07534d826a5046622b40ba428b95866d78743879619eee3db9cb975f2
res_n_main/medium/tex/card_v3/143017.pg,pg,73437,49c0f82614909f5a0dec1e04722f14b45229ea5461bddd78f233c16316ca1153
res_n_main/medium/tex/card_v3/143018.pg,pg,86107,3fb3baaeb81546e532ff9bbfb9c88dd93ca954a9eef91a4e5bd80bd2598f5941
res_n_main/medium/tex/card_v3/143021.pg,pg,67443,abae909fe134f7ebca27fae6895fedbe35e2693499e261ad322f34fc76958f68
res_n_main/medium/tex/card_v3/143022.pg,pg,68715,5d4c7355cfcb289b2c9983fbeec9951ba8dae6138d641be351f8b5520513edac
res_n_main/medium/tex/card_v3/143023.pg,pg,79481,3573888feb7def01222f7324f9b4627934b7a71efa5f81d429f11822b3bd275d
res_n_main/medium/tex/card_v3/149001.pg,pg,71632,6305f0ec7800f2967d1ed9ad1c4348ef64776a69dbf35f018670467d6200be1e
res_n_main/medium/tex/card_v3/151001.pg,pg,64697,e0e61916357de6ec5b5c17d8f6ecfc97730d8e402af21822c1b8f48560e33267
res_n_main/medium/tex/card_v3/151002.pg,pg,84809,dd26465572ac4fd7c9a949bcae8738ec981b810fd415cf0369107d3a318f4f54
res_n_main/medium/tex/card_v3/152001.pg,pg,69696,fb719f276b0a7eb7c4b4ce486276263f0118d3b8e711db2823fb54c1a2979e74
res_n_main/medium/tex/card_v3/152002.pg,pg,93922,df15fc391d61def1e24257e7d90ebfde52d02ab391f7d7c1832a5c4ecf546713
res_n_main/medium/tex/card_v3/15200201.pg,pg,107502,ad6d362373d8288dc1dfe471aaacd0a668dd1d970db7ff3347ae675266f60779
res_n_main/medium/tex/card_v3/161001.pg,pg,99471,9b71dfb985b4d774455c32b82d60608f0c2d871d8ee7f566fc6f71a2b3bf72a0
res_n_main/medium/tex/card_v3/161002.pg,pg,84386,f57a1786c696104526b8e5460320f527b778a5fad199b884f3c69a91b30703d0
res_n_main/medium/tex/card_v3/164001.pg,pg,57434,1edc5b03966132d65e5fe3ca407e003d2ca338deab32056d595d510823db88d7
res_n_main/medium/tex/card_v3/164002.pg,pg,55053,daba4112729cc45acaf29aaaef98a73b41b8a6cac705f396bec957a69ef58c05
res_n_main/medium/tex/card_v3/164003.pg,pg,67446,560f7414d50c7c25d23817d9dff7b476ecf833966369f2d13c002d6b89aa9b10
res_n_main/medium/tex/card_v3/164004.pg,pg,51083,a7060d8aa485026abe8466ab011336c2ab8a42a42626d25d968e70b7a2ab4f53
res_n_main/medium/tex/card_v3/164005.pg,pg,56304,c3c02dd294587083d932db4bc4526124ed813b67322b40d6104089a2746fdbc9
res_n_main/medium/tex/card_v3/164007.pg,pg,53175,a6c10ad842c3411906cc6b1f7dde402180ccf65ef573163de03df675407a613e
res_n_main/medium/tex/card_v3/164008.pg,pg,55556,2690b1af14dfe28160970eb0c79a1ba7ee826bc810143621b0e403c851f39e66
res_n_main/medium/tex/card_v3/164009.pg,pg,57682,f61bba0f9ac50171b7c75f093b8912cbff7bc8fe9d83da7cecb94e8e2c3210ba
res_n_main/medium/tex/card_v3/164010.pg,pg,53893,1a86d42462294ef0ca873eb0e480b22d09c850460bc5bf67d9f8f59179a95786
res_n_main/medium/tex/card_v3/164011.pg,pg,63965,1fc183f78968756b0c29b973c9811f0a35e7354391c6c538557f229c7d8e51fe
res_n_main/medium/tex/card_v3/164012.pg,pg,59129,62128081886b8dab0c5aa066a133a9e0de82bcd1276aac860ab329358eae2264
res_n_main/medium/tex/card_v3/164013.pg,pg,82017,a605f2d0e574bed7e1d7714551ae90f987f0d902c6637ffbf66a049c11a70f70
res_n_main/medium/tex/card_v3/164014.pg,pg,60720,506c5ce1e4b231085e2fabfd63a980d5e6c0f0ac1a568b3b1bd3b538b7a07d6b
res_n_main/medium/tex/card_v3/164015.pg,pg,62503,0a57b87f823d0cf895718e3f4e745b95b9ff4066a81e2baed1ddbd0261d1e349
res_n_main/medium/tex/card_v3/164017.pg,pg,56868,1ca5b0396e4cf47e79c19f8ed355cd06ef91b4afa22e11cc0c3d09f46e32fb95
res_n_main/medium/tex/card_v3/164018.pg,pg,63588,0f7e9f096cd27256c44024b9b2ca70428523a94f7994078c6b303f862b8f43fc
res_n_main/medium/tex/card_v3/164019.pg,pg,61737,32f22b2b838507bb3ad73fee641373c2f781c839b9b42510a7fe959869cca506
res_n_main/medium/tex/card_v3/164020.pg,pg,60385,ba8758d1bf4d53942d161a7916952e87497d4882cc42f932eac41620072c060a
res_n_main/medium/tex/card_v3/164021.pg,pg,60469,949209ff44a8d62aec39be70c22506c79565f520f3613655a7ce5217398b3e9e
res_n_main/medium/tex/card_v3/164022.pg,pg,52525,8c4fff4baa37981c5fe602b92c6deb03569ddeb81f071774e22be0886d69efca
res_n_main/medium/tex/card_v3/164023.pg,pg,56889,0b195ebb5f6cde138b1939239ee12e315b80e5a6628677a00b6a18bebca39236
res_n_main/medium/tex/card_v3/164024.pg,pg,55481,938f5ce3c18a8f6b2245db81079c20abfff4ff22171e82a5d5d0b4ca3090b2bd
res_n_main/medium/tex/card_v3/164026.pg,pg,65618,aca80611d9a9a61715894a2377540de505309a31953f1b64d9f5f417d3e05519
res_n_main/medium/tex/card_v3/164027.pg,pg,62239,b53a53b4d4a7fd45384c3a72d3e88aacabd2b6c1b14f317e8a05bc8a6cd33d8d
res_n_main/medium/tex/card_v3/164028.pg,pg,64910,b04ddb59b11d62c4ca03fe2cb32550bd14abeae2f0bdeeaa36863bd413973bf1
res_n_main/medium/tex/card_v3/164029.pg,pg,58514,866a3532fd1d49d88964cf77850f3abe60210dc77783ba8d1f863a305b39a167
res_n_main/medium/tex/card_v3/164031.pg,pg,56699,1ee45f101659bf737c6efaa7dd2acc24efe55ab6684635b08d83a057bd530315
res_n_main/medium/tex/card_v3/164032.pg,pg,69209,a6acca509823d29aa77aa73a03a393a5df6c9d2f2b6169a3fd3a78d620d5f91c
res_n_main/medium/tex/card_v3/164033.pg,pg,56326,af3f48fe57e8d672f873a53e293d85d920c82f5bc7b2ce20213851e3d37ae5d9
res_n_main/medium/tex/card_v3/164034.pg,pg,57366,396e72d687cc57fbc3aad02b3d505106532a9426d4f7ef4c33cf246fe427f9dc
res_n_main/medium/tex/card_v3/164036.pg,pg,65142,f8279baa4c5a5137e663b37f04032c453ec8c0607a9e4ca14c51cd45dafa1346
res_n_main/medium/tex/card_v3/164037.pg,pg,73828,217a7b34a27ac93cb256ec352ac80ececa88dbb66a5549b76f45925ecc3cc22c
res_n_main/medium/tex/card_v3/164038.pg,pg,61313,408c49e3c737ce72c97211a829afc4f9c002b6e30841b7a041140cf8e9bdc67c
res_n_main/medium/tex/card_v3/164039.pg,pg,65742,6c69fd80b06782fd98b253f6b53a30406209ddf4b72361c8b4dac25ca0a2eff0
res_n_main/medium/tex/card_v3/164042.pg,pg,56312,841c025a70da89ca9bd1e4c92041e72b2fe13c5a21e5823e2e94d55f379e5cb7
res_n_main/medium/tex/card_v3/164043.pg,pg,53891,3e869663a8a0ecc7c79b56dc7b487e74af8bf4a21351bbc1cbb064d083d2bb4a
res_n_main/medium/tex/card_v3/164044.pg,pg,59300,bbad84ab2d23e5434b9f0b5c2e76db77d390eb34cb22df8e6c371215db41c01b
res_n_main/medium/tex/card_v3/164047.pg,pg,64275,c1b0713880703dabf1838ada04218dad5b42caecbb766685a8843930bba00e4b
res_n_main/medium/tex/card_v3/164048.pg,pg,64406,920d09fe197ad393ec7800ee47e192505afb9cfd2c412a208ac9c8de5143c7d5
res_n_main/medium/tex/card_v3/164049.pg,pg,64456,b3750c0a0670656e07581c300c7150bf89fbdcbc264f836b8052060a72ba516b
res_n_main/medium/tex/card_v3/164051.pg,pg,57636,3ce27d07d760e57a9188e2fae2fa9187de07fbbb1c1257d48de7561f2ec7472f
res_n_main/medium/tex/card_v3/164052.pg,pg,51612,1d558f03c3fd890863464eaef3112b6b9ee353fa59b899f4f8a29edd38d50f6c
res_n_main/medium/tex/card_v3/164053.pg,pg,65806,eadf83667d9b4274bb7fb55c037d165ed9509ea745efd3a47a0e78033024a4e5
res_n_main/medium/tex/card_v3/164054.pg,pg,62816,1eb4abf46548b046beff69e35ceeec75d727e1c3de5604651390cfc87c51fda2
res_n_main/medium/tex/card_v3/164055.pg,pg,57530,09af8e90ca022d6f5c63c4fd27baa4b61ebacd09092ddfe4e5dfd5d94ba96909
res_n_main/medium/tex/card_v3/164056.pg,pg,56427,2d5a4b37bc4babffb1e82042e65b0817282f4b17580e6722dcf68a59e6c430c3
res_n_main/medium/tex/card_v3/164057.pg,pg,71666,21c633710010f55d8fbcbf6830e8674bf0bef79bb024747e96984e6f58012206
res_n_main/medium/tex/card_v3/164058.pg,pg,63566,50c7e18f53bc093ebbdea6776b517a791af2dc9cacdc2453e8d6451e1ad85aa0
res_n_main/medium/tex/card_v3/164059.pg,pg,64509,22c216b211c053b4434d2b9a9eab56b19cc4914710f0cb80e98ddb8bdcd17a32
res_n_main/medium/tex/card_v3/164060.pg,pg,79282,026f5c4da66ad89cc47a7b9c6c58cb4e8a7ca13994aa37ed012edc735b2177b4
res_n_main/medium/tex/card_v3/165001.pg,pg,65952,d4d004766c3238d3529703c4b3740f6d95b39925150927205c83b6d0e076a188
res_n_main/medium/tex/card_v3/165002.pg,pg,79554,e7c2056b5016c8003e2b0c8f173ae6f429ca2ecc88b54f5473b1f84a2a68367b
res_n_main/medium/tex/card_v3/165003.pg,pg,75041,fe42d02584a511afab33191b7327ac4b031c9ded8b96486d4cf66deb57f279d2
res_n_main/medium/tex/card_v3/165004.pg,pg,72808,f89964b16337d18f22b259cec7fc681ddfe1bafabaf765a102cb32413ce62de6
res_n_main/medium/tex/card_v3/165005.pg,pg,84042,53c5f74bb3acfc9d6895b75b66b042e332e6c46600089c13c2ff7eaaa70fdab7
res_n_main/medium/tex/card_v3/165006.pg,pg,77474,5a491b39b74416652c07d9e055144015615e934452182ee9bc27ed71aa922611
res_n_main/medium/tex/card_v3/165007.pg,pg,89037,8e67a001493020b0e30002217339faceb1d3b941b5f0362b508bb9586896262c
res_n_main/medium/tex/card_v3/165008.pg,pg,97606,31a0fe5920e8c0360b1b74c0b08527e6a358b97aa89f7607f39b967d6d3c814e
res_n_main/medium/tex/card_v3/165009.pg,pg,112282,c7a881a263b7072eaaa0bf6c6d1f10cd1bb4493106ad6fa17c228f0e54ac6b67
res_n_main/medium/tex/card_v3/171001.pg,pg,72147,718d55809f6b68a903f4f5dc12c0f5d1be6352250e03899c23ef7d033843d05b
res_n_main/medium/tex/card_v3/171002.pg,pg,65794,d5c31d584c7eb04d563f26252ac92b9b6d4fe23c8c723609f657dedcb486f9b3
res_n_main/medium/tex/card_v3/171003.pg,pg,59367,8e63f55ac6e1df254c97288fce20db4c8b4d605188333c4e87b022d3823c432b
res_n_main/medium/tex/card_v3/17100301.pg,pg,82360,fb93927bf8f883a3aa14b590f5eaa80f3a3c8625a22e1444ba6496a0ac1dfbf2
res_n_main/medium/tex/card_v3/171004.pg,pg,69934,1f396065dc690bd5de92dfa08f4528168b5b3954c7314a8776fa4259b550f539
res_n_main/medium/tex/card_v3/171005.pg,pg,104593,0e05a9fa09c6a13a9dd01c9b1a25895f88349a24745bcaeab32ff8e05816eb0b
res_n_main/medium/tex/card_v3/171006.pg,pg,76432,d8696891864b973d090070366d74da6200cfc4ba2c1298204fd6c2944bafa180
res_n_main/medium/tex/card_v3/171008.pg,pg,62314,db2990f341d8aa90e0261949ea23771a49068b581c7bdf216c299419d6056fe8
res_n_main/medium/tex/card_v3/171009.pg,pg,64302,194c9bb94d5470273f006a4527ff1e3cce57b7670e78ef0706d6470b8413591e
res_n_main/medium/tex/card_v3/171010.pg,pg,64199,e976a3dbdd419e0204f7689dedfddcee5ce0fcfed08db23f953bf886a0ba3273
res_n_main/medium/tex/card_v3/171011.pg,pg,68135,76bc95cdd875b3504864e832bef4748f3a01da5f36148e4627b54500076fd476
res_n_main/medium/tex/card_v3/171012.pg,pg,146462,c984eaebdd408fe27b23cc051cbd9bc3466c82ec13f4f24b957f63b5997ac847
res_n_main/medium/tex/card_v3/171013.pg,pg,62798,dd28f7b24578d088964e25587794ca75576ee82894e6c7130296a29ba6e8c5c0
res_n_main/medium/tex/card_v3/171014.pg,pg,78536,a9d552791faabd26e9b86828521c3d3ac78d72a63e9bcb3da8b0fd18a44743f9
res_n_main/medium/tex/card_v3/17101401.pg,pg,105958,4e108392847418d633a2ade1b45a16a70517ac062e242f99ec8751aee80b493d
res_n_main/medium/tex/card_v3/171015.pg,pg,108064,679750223b337c5a28f21a3d382e5e130fe7a4c6bd26b5aee18f745da6582d9a
res_n_main/medium/tex/card_v3/17101501.pg,pg,108308,ae99f55f2b06f4cc841fc9ad26b5bbf31b9fb66d47120577717a3d17aff7fb8a
res_n_main/medium/tex/card_v3/171016.pg,pg,77623,6f2c29eba8a386e83755ef38a554f9c44f687d87f466e3611d715818a9df3133
res_n_main/medium/tex/card_v3/171017.pg,pg,82403,7181ce272c45903c17d50b9f33ec3656c0dd7fd69b5ecfa5037ff52dc1785736
res_n_main/medium/tex/card_v3/181001.pg,pg,103442,75f6781eee305fddfde4d2182368e767f5bdbbc65b0be78ef86f3fafbba264f9
res_n_main/medium/tex/card_v3/181002.pg,pg,88838,59e53aadf02095a8b6974d1e3214b5a1e82966a875e3b323d470fc5a7c82da14
res_n_main/medium/tex/card_v3/181003.pg,pg,134043,e7cfd8f90c733d0542274cf7d1daf7f69c456d13d7c23ee5eea8b32274358b24
res_n_main/medium/tex/card_v3/181004.pg,pg,121048,4db068b010039686afbdde71c6ab853ee5b104b0aa5d8e0027c20ec2a6448a58
res_n_main/medium/tex/card_v3/181005.pg,pg,86348,68ef2be91a407baafaefb0479d54417c5e661a1c3a900b5d6ed61c724ffd0064
res_n_main/medium/tex/card_v3/181006.pg,pg,73547,c660da352248b8c0cbc1487a441e1d480d6c27d1ffa493768c85107cae09ad70
res_n_main/medium/tex/card_v3/181007.pg,pg,107193,2fcae2bb5f4e6b1e68093c5f091aea8fd8452d4126f3dc59476e6b77ef341aac
res_n_main/medium/tex/card_v3/181008.pg,pg,117770,649d1e5cee8047ccc26afe0602a639f409f56ccc089369253ed2c75cf669d1fc
res_n_main/medium/tex/card_v3/181009.pg,pg,107193,2fcae2bb5f4e6b1e68093c5f091aea8fd8452d4126f3dc59476e6b77ef341aac
res_n_main/medium/tex/card_v3/191005.pg,pg,72410,6c7425fee6c86fe8c5e1069fec04934a18386dfbc4e8ccaea6c191cc58e11779
res_n_main/medium/tex/card_v3/191006.pg,pg,67888,588c6a4e77dacaf4a5ae08c96255d943bf87c4d126f4fc736f62aa099d338c47
res_n_main/medium/tex/card_v3/192003.pg,pg,57022,62555540ce4c5aa5583c289cfe00a58ab1d81d6122a85779abba7f74164fcf4f
res_n_main/medium/tex/card_v3/192004.pg,pg,66065,e2348ddedd14c40f6301febb5d566a761b629d0157b53a4df881067e25082f37
res_n_main/medium/tex/card_v3/193002.pg,pg,70045,7a18d5b4c419feae80c72c39302ef1929b7e2004523eb06dec1a11945f7df2f5
res_n_main/medium/tex/card_v3/194001.pg,pg,66934,34444d871be51d3541b1a529fac6855deed4833790546b33d975c4f728bbfdd1
res_n_main/medium/tex/card_v3/21100001.pg,pg,60070,07289caec2b300e2957bdb65e4209a512f8d6ac8dcc7f83e74763f7aefeb79c3
res_n_main/medium/tex/card_v3/21100002.pg,pg,63482,b579ef82f872628b4481c0708c0fd9d12e5907067839716efdd827d60dc22fd4
res_n_main/medium/tex/card_v3/21100003.pg,pg,56723,0d31fe13575e6040f6cb2d32826fb04941a13a23c436f672cbdd3eaa9e8e92af
res_n_main/medium/tex/card_v3/21100004.pg,pg,60897,c67910a0f502024cb5fe57aa0e58640d03206cb87cd9ae18fa99979151fe591d
res_n_main/medium/tex/card_v3/21100005.pg,pg,67832,f4ba6ee63d56ee5891bd070254f9228e2c879e9cf8b27c8789895f836b15d5b0
res_n_main/medium/tex/card_v3/21100006.pg,pg,58903,71ead57ad01c3814eb3a8cad05f4bc9d1e010c9b702782987b20797cf987c299
res_n_main/medium/tex/card_v3/21100007.pg,pg,65010,d91c9af31b40a69aad04703c792ca1b2ea5ad03e8e9577180b0fe5955c565c6b
res_n_main/medium/tex/card_v3/21100008.pg,pg,66589,80053c18354587684aad512362bbfa47955bf2c149e254fea4ddc2e73e289949
res_n_main/medium/tex/card_v3/21100009.pg,pg,62816,b425d401abc9738f0cdc451e9236698b34e4a7b79d3fe27f2f108d1884baa47f
res_n_main/medium/tex/come_on.pg,pg,81245,db41b2cfe02647ea8b5f96d4ee85c58697041f02f64cac4fc98f498b4d325497
res_n_main/medium/tex/come_on.plist,plist,8772,dc39634275bfd30e5c41acc5c6670973752e1e5cd2367f9df07c6751aad83b07
res_n_main/medium/tex/dangxian.pg,pg,67151,a335f060d57340d2e9abdacceadb06183a8516903d392bcc9e57a900cb93cef9
res_n_main/medium/tex/dangxian.plist,plist,2179,5b17ea05fd252ecb006b020f241dcebc01bbed2977edc52c7bb70dfcee3979b8
res_n_main/medium/tex/death_fragments.pg,pg,112954,cf25c687a7a6b72901642b662c7f4162ee4c60265e24c687639e795a0615d551
res_n_main/medium/tex/death_fragments.plist,plist,6470,37033e6d1df82ad04f3e8b53aaef6e8dd0ed019f224d064379b47cfcc358bfe8
res_n_main/medium/tex/duijiu.pg,pg,13564,9e4b909b31e11f73cfbf53686507e848fcdbb06bf5a60c4b0d8d58dc25c5eed1
res_n_main/medium/tex/duijiu.plist,plist,3575,c8f0aa7b251c00187ba805e944f3c2cf9136224014ea02e29033c979a68803d2
res_n_main/medium/tex/dujin.pg,pg,138040,242c33ff57e1815ffa05178f696a9a39130ebbeec86dde6d6f255ac8a4de1754
res_n_main/medium/tex/dujin.plist,plist,3595,726ba819c13ad64df2cad84494229ed5418967f0236ff2c9ca7fd332823b8f8d
res_n_main/medium/tex/dungeon_bg/920001.pg,pg,285733,bdd330dc7cd2133e5df8521818d8aa2044909f7cc267f1cea05344b58295340d
res_n_main/medium/tex/dungeon_bg/920002.pg,pg,252096,1e158e217f2fc4cb61e4a62f96fdb4c3844a7b802c5e0c8a7406bcd990078ad1
res_n_main/medium/tex/dungeon_bg/920003.pg,pg,256966,2dbe0b0499ed89db40c2534c876981ca75e2007c731d5a0686b0cfa770d6bf35
res_n_main/medium/tex/dungeon_bg/920004.pg,pg,226866,d514fe1d8c3776c1ce1bd34dacf0c7419783c3f0b468ae22097756f7a8fbdc38
res_n_main/medium/tex/dungeon_bg/920005.pg,pg,235023,1461824d06ca8cc4a3ce7d54d14d659226171d7bf0c43b2e50886a753a42310c
res_n_main/medium/tex/dungeon_bg/920006.pg,pg,257553,92486f4e1164657eccb01cf070c6ce3a8027554c4a2da11a824156da8488be76
res_n_main/medium/tex/dungeon_bg/920007.pg,pg,200522,a1d935fa4b03aaa07ef9d74bda8ce42ad8b02aa85cc1c16697d012ac46b82438
res_n_main/medium/tex/dungeon_bg/920008.pg,pg,206450,a3b577f50d93adf96ad6f5bb1015864ab8573c02ce693c196e4b25f74d785f32
res_n_main/medium/tex/dungeon_bg/920009.pg,pg,207978,38d16d122a460a367736c520b58848c0ffad29ccc24f702467cff3e61815c6b3
res_n_main/medium/tex/dungeon_bg/920010.pg,pg,204976,4339af80179ba299e4bfa395d4bb7b1aa6d155c37d83b3e4d7ed0864ee6f8fc8
res_n_main/medium/tex/eff_mianyi.pg,pg,53762,74f9610efde901b132c3173db2f8660063db35fe0b020f0e31387713be2299f3
res_n_main/medium/tex/eff_mianyi.plist,plist,5007,18c942df801fa0489dd479baf56f6e7ee6d4ec073666a97643f9853f24e5d0a5
res_n_main/medium/tex/equ/211001.pg,pg,28559,9e3b46247c99f38aa3b2ffb8cf2c62f32353c92e471c92c97f90c6005ba30526
res_n_main/medium/tex/equ/211002.pg,pg,11949,1146420b66433065140b7a48059665d6501498e5460eb5ebd42167c645fd9340
res_n_main/medium/tex/equ/211003.pg,pg,11944,e56c8eb008a07f98107d72a95081ad0bac378917d96630f52bb0b1d94fcdd27d
res_n_main/medium/tex/equ/211004.pg,pg,11660,27fd3541e8d81e7ad167c040f9253d8c4a3e5a121450e522a38ba2719cd57edc
res_n_main/medium/tex/equ/211005.pg,pg,14290,e6e03a3508385ba505f1cf8ffabe40c9702aa80d43776ea6c9ef48378dbc968f
res_n_main/medium/tex/equ/211006.pg,pg,20634,c944498fe60119aa95c8259eca15ba11c381f2964f02c2c75e1339463c50f719
res_n_main/medium/tex/equ/211007.pg,pg,11331,6d1c2c054f7021cd3d677121c4de2514e89fcba2198caf2199855c8a4afc3405
res_n_main/medium/tex/equ/211008.pg,pg,14443,5d56d3440fd58a397dff26b3f0a550f6a1cddd5af309e0dbf1328c91b553918d
res_n_main/medium/tex/equ/211009.pg,pg,26110,ea944b597e613f8976226a1b0c185bb1d999cccb36594f2d45f244d214c1a8ef
res_n_main/medium/tex/equ/211010.pg,pg,19801,a610b9ba9f9140b58911e05aa9740b90ab86a2f4d0fac0e9ce984ffcb7c4243c
res_n_main/medium/tex/equ/211011.pg,pg,13262,2c77c8b280901f7c3009379231e210f2e71dc5edef31de78baa2067d463ba4c4
res_n_main/medium/tex/equ/211012.pg,pg,13736,22d9d94727fe69653a75ee507709ad2bc5e26be775c230080b8bafd7dc1ace02
res_n_main/medium/tex/equ/211013.pg,pg,37636,78d9fafd248720b31524894749b609918a0ee6b8dc5ac8153c5e419a428b613c
res_n_main/medium/tex/equ/211014.pg,pg,33986,d793549374b1d47512c54384609f358d1370745b231de4dd8787acfc22b0a6b6
res_n_main/medium/tex/equ/211015.pg,pg,40063,44c62f00bdf4f3496a8d53e9fa8c5917b31f9020050a2c6d8311fe4e2120aa3a
res_n_main/medium/tex/equ/211016.pg,pg,16758,63d7a05b54032ad792e2a434af8b06b4f9a752962d8f33ce58be079d1edc6699
res_n_main/medium/tex/equ/211017.pg,pg,26264,72b0327bc1fdddb97ad89a297d9d0cfc4d93a8b8e541300e8ffc76c3f5f4af07
res_n_main/medium/tex/equ/211018.pg,pg,14910,f50942014e98b537e3cfe358807e31125183a34b43642be372a8fd8f33061de9
res_n_main/medium/tex/equ/211019.pg,pg,14268,9c7369da09fdfdd2f16ff0fcd6cf24a30e1f137f1a1512f2d2eac13808596b3e
res_n_main/medium/tex/equ/212001.pg,pg,12262,152dd36dd27cb37675de0daebafd6c3d0ae3dabd3976ebd35e67376e28d8639d
res_n_main/medium/tex/equ/212002.pg,pg,13679,057f001a64b706051a31790700399210d2dbd5d857aecfc19abb0ec3ec37981f
res_n_main/medium/tex/equ/212003.pg,pg,14516,9008010f79f9e294c2aa17a75c9920ea218a2485971a9ccc8117ab93faac4a4d
res_n_main/medium/tex/equ/212004.pg,pg,28431,30e59cd9de15859a2bf06c7bf67c3c8afe1218ece944ec1d4e10062e63e867ac
res_n_main/medium/tex/equ/212005.pg,pg,10425,bacb3d63162bf5caf4f5c30a6c0fe5ba0c450db5f93562d83f7d42f2c433a35b
res_n_main/medium/tex/equ/212006.pg,pg,14186,f2e52876a6a2e63955a218ccebc712d478371cd7dfa3fdc810410dc47d2b330f
res_n_main/medium/tex/equ/212007.pg,pg,26665,f049c31ede106df462ef4650c472ec118381a7be31b7c6bd35d4860eff5d29b9
res_n_main/medium/tex/equ/213001.pg,pg,19715,580dd0f8f95c292a74cb02bfb3a2934cb5bd16c3711d843926fb8271414fb3ca
res_n_main/medium/tex/equ/213002.pg,pg,27162,f123ce9e3179613013879f362d63f2aef4e368c94b175878a21bbdd6b9590371
res_n_main/medium/tex/equ/213003.pg,pg,15156,036ecc8d6bf501cc4a4b14374c0347c0c546f642cddcf788d24a07ac7ea17111
res_n_main/medium/tex/equ/213004.pg,pg,8807,199fabd4ac0c61a3dde112e9c5ba89bc5df4f164f07e4b8bee501a632e27362a
res_n_main/medium/tex/equ/213005.pg,pg,25388,b9b9bbf00189b36fb560c082e0092cdb2b5b9dfd28e45d387c2f5705c63c7d78
res_n_main/medium/tex/equ/214001.pg,pg,20688,ec4b127406dc8e7f37db2b27262fa94cd59ae68e8b2ce5c826adad30c742cfcc
res_n_main/medium/tex/equ/214002.pg,pg,18956,a9239eb3896219c3286ce1203ce0e39294a30e816a3764ffcbeb4831fbe73114
res_n_main/medium/tex/equ/214003.pg,pg,11168,fbe56ffd94df8ed342290b9b7a660a67561991e82de42f29da1658c804006657
res_n_main/medium/tex/equ/214004.pg,pg,10321,28f5a9588700240b754549e3a79463a99ab65bf1a60b67791ced788815305748
res_n_main/medium/tex/equ/214005.pg,pg,20682,7f4b0a5d37acae6ef379d80ff6daaae41760da3025a2a7744014fd7d1e9a3529
res_n_main/medium/tex/equ/221001.pg,pg,37406,36864678dbfd3379f32cf3279853d68f99925d2f0b6850c50dab5f8d3e9502b1
res_n_main/medium/tex/equ/221002.pg,pg,70333,0d15fbea248a1c9965c1d567ea57f67bed5a4691c1cd4d4eba9b7df8e174b877
res_n_main/medium/tex/equ/221003.pg,pg,43079,5afe758ce1d5dd6a1d7b8cf9e7a237c3624f56ebdb41fed3610e92cca45bce54
res_n_main/medium/tex/equ/221004.pg,pg,31137,2420aaef5637aab83315cf29891cfbe11aa9817614791a441f56754884fcdd68
res_n_main/medium/tex/equ/221005.pg,pg,35455,418aa3c2eb11b9a8e58c836d22f29ed8f08f44c42e7172a5e9c86b9080f13281
res_n_main/medium/tex/equ/221006.pg,pg,35879,53595ef8fb592c9f772be6467f7e316b6c77898c5af4ef8898c84f417be9bb07
res_n_main/medium/tex/equ/221007.pg,pg,32762,8a8b8f08005114605e832ba888f59ff710d2fc370d978f655ece1b3a3cda04dc
res_n_main/medium/tex/equ/221008.pg,pg,30079,a379f6cee795a3171b10b4274c02452ee02c638755225771eda34c828d9a8a5e
res_n_main/medium/tex/equ/221009.pg,pg,32818,a4597dce58f3b67770624791f1a737812bdc2f48005ce5c1a8a9db2dc234bae5
res_n_main/medium/tex/equ/221010.pg,pg,34091,027be9493c6e02e2088e743ea8d5f949f0d161f22fc5dcff443c3d5ff9921e65
res_n_main/medium/tex/equ/221011.pg,pg,33845,3c95699d8d0ea56934c0cae7443b988eb46a39862b76645ec8314297ab95789b
res_n_main/medium/tex/equ/221012.pg,pg,38946,2c91347bbd0055b5497665624645832ff1e529db555575152d27c1ac058bb609
res_n_main/medium/tex/equ/221013.pg,pg,42623,7887cd3ecca086aa287f25e87c562420d05fa96b4fdc7fb4d2b3d2052611e95b
res_n_main/medium/tex/equ/221014.pg,pg,27501,e612b7cf17e38914d605a75a34cdc55cccce6186cb56919e0d6b158509c36842
res_n_main/medium/tex/equ/221015.pg,pg,19849,eabfb4ce3637be28d626cbbfca01eb5af620c35057611a9a86c4571589d34b1b
res_n_main/medium/tex/equ/221016.pg,pg,38191,e377d4a4e64ff3be421c7c0be9c16b7b3b7ebe4ad01347e3d7f2ca227dd130f2
res_n_main/medium/tex/equ/221017.pg,pg,46115,25424dc3113d609d1af52deeebcd7a11ae33f414bbda6332bba5d742da2ba749
res_n_main/medium/tex/equ/221018.pg,pg,42262,4d12ec9b5ad496b8569ff27629925166fbd93e429793a74e33f391b4f353eb71
res_n_main/medium/tex/equ/222001.pg,pg,28625,0f0f2d5d51f5e48c47e4c786f7e38acfe7a93e66695edc97e4b962ddfc20ed5f
res_n_main/medium/tex/equ/222002.pg,pg,20969,8ac2d36182bd7d64a486d1dd6ce427729eab389f349277b95aed7cd6ecfc8635
res_n_main/medium/tex/equ/222003.pg,pg,36047,3199964c028e82d1ffc3f0c66421e08e18e120c7754d689a68e3041ce0e15b5c
res_n_main/medium/tex/equ/222004.pg,pg,25350,da0bc17b9e049f51d5d33fdf774da7cec54adc8f27c2866c8471125ab1c44918
res_n_main/medium/tex/equ/222005.pg,pg,34689,aa2353ebe3e9db60e5a3219a6a33305a39e9e3467e5726e9d637105b180d22c2
res_n_main/medium/tex/equ/222006.pg,pg,44394,e2b73b7abb6984e74f068e1a0bc9acc2fae6fa037fe6a434477b080054303140
res_n_main/medium/tex/equ/222007.pg,pg,28018,3e14aabc97f2a0284d02a325d50bc9190995d1bdf033e53c42a2faa93571be87
res_n_main/medium/tex/equ/223001.pg,pg,32997,3636cd78a3d01ba9cfa3f7cc9fe25672aacc8930e1029c10733b4b182c8c6e34
res_n_main/medium/tex/equ/223002.pg,pg,51985,39de7f5e70bf06ce93bd6fa0ab73da650f4cb5e0a7ccefc5a322bb5ccd2faa72
res_n_main/medium/tex/equ/223003.pg,pg,20612,fe0f76d3c6e0c86e96f3af9b1b0472c2e3870299b838b4bc25d8a366ddc3e266
res_n_main/medium/tex/equ/223004.pg,pg,29708,03a4b835260ac26504c05d28a5d73b6bf6835cd6cd231c8024e65a2530bc35ec
res_n_main/medium/tex/equ/223005.pg,pg,40773,f3881b7315f8c3f478b9fe2ba5051f8786e32da4ae24e5ae7ebafe695f2f6d3b
res_n_main/medium/tex/equ/224001.pg,pg,32192,ad546b04a5a81c3577b2dff656425b97c50fe45fe7a1dc104521dbbcd3eec098
res_n_main/medium/tex/equ/224002.pg,pg,29490,57c67885d1da2b544dabeb6d11fff0f0c4ca506b714d1567b79424d4089046e2
res_n_main/medium/tex/equ/224003.pg,pg,32984,48cb5c611dac53b0856343a375f79f2293ed7beec01d0b2ae48284c5548587d9
res_n_main/medium/tex/equ/224004.pg,pg,28633,fe488e76004f3c9fbce84964072c2566023cc4092bad00585b0009ffb3f8e3dc
res_n_main/medium/tex/equ/224005.pg,pg,29015,7b28ec71bf3d7a15fff63d9c2f69b9beca67eba1426806522cebb0e00c391113
res_n_main/medium/tex/equ/231001.pg,pg,25640,2652a4a578c6ae948ad6ae718515ff4633a6b3466bd09bf4ac13f781dec93d2b
res_n_main/medium/tex/equ/231002.pg,pg,30281,c7a7d265994a1576d6c299c0ab2c5c7342e2e1d20de70fb12bd863484740779e
res_n_main/medium/tex/equ/231003.pg,pg,29101,20d837a31f291ce7316741c429fa110311f8e4da8ac04015abe846e4ee1140ba
res_n_main/medium/tex/equ/231004.pg,pg,32375,f60f388c14ccf9d0a3e8a79e3e673b23f266d8a00fb9a4ab12e6f8126f21f1e4
res_n_main/medium/tex/equ/231005.pg,pg,31418,7d6c653f7b213e9415f3bf911846f84afe70fa0da141880f40efe8392da72913
res_n_main/medium/tex/equ/231006.pg,pg,25869,56af9a1044fb0a705e09cebc59b2ec81ee2393a36529f93e33497c285e4864d8
res_n_main/medium/tex/equ/231007.pg,pg,36365,578bc99cd0f140251e112ed27d7d48c3d886ce11a50ea33b197435e2b26f721c
res_n_main/medium/tex/equ/231008.pg,pg,28036,9a12985fcf8f23a649cdac70c6a9338896f1976e5bd680e59a2d5a3e581eaaa5
res_n_main/medium/tex/equ/231009.pg,pg,35863,1a9cd7193dcd5173cc4cffd8dc35b6cd2a61ba3a793a63bfb60f52211bf9ebfc
res_n_main/medium/tex/equ/231010.pg,pg,27549,d083c842733a69e7de5d1771faa607d6874012254b49e1d353498f34cb8f36b9
res_n_main/medium/tex/equ/231011.pg,pg,36275,c9f2b1da3c136afa1bb5c10494d5869e72e95fa7f9f23599b9f89a8de95c0e80
res_n_main/medium/tex/equ/231012.pg,pg,49585,225949fa83a1ee746a6a5f9cd5052e3f8891737f0f221ffeeb1265020de295d8
res_n_main/medium/tex/equ/231013.pg,pg,36903,ddc7d5276c688dd203a7c97e4f2c595949cacf580c23e4954544106735e9a26d
res_n_main/medium/tex/equ/231014.pg,pg,32346,143e0ea4351860626d19b3b32f7fff70e29dffd782b1f4a5452a23c5c98f5fab
res_n_main/medium/tex/equ/231015.pg,pg,33887,8915bfb7fe4a9fec17dce54d1fd46d4ee02f25d05da0a931f50b2f36665f2ba9
res_n_main/medium/tex/equ/231016.pg,pg,35170,c4aad6537a3a81d9d0421f152402b53badd87be6c733aeac30a24101a4050312
res_n_main/medium/tex/equ/231017.pg,pg,29607,0af90c658265e7d2dea4ab64f32e33b8a48bbf684a40424adfcc9c1e86dcde15
res_n_main/medium/tex/equ/231018.pg,pg,47801,8fdc885adf22f3b17d65a5a9b4f8b79156fb9d900cf880efc989b479fa566401
res_n_main/medium/tex/equ/231019.pg,pg,34157,7baff3f1c722d6e8d7cf8fbfa72d0790aa88e45fd221afb185989670e9ee7fcc
res_n_main/medium/tex/equ/231020.pg,pg,26442,05c856a728157ef5e80ff9e898cb012fbbea0efcd693803c5a3fc6851e695765
res_n_main/medium/tex/equ/232001.pg,pg,27515,135d3d151ae1bca6218ca6fdeb26941d9d9a35b5b6f359cc1da472d148669205
res_n_main/medium/tex/equ/232002.pg,pg,30287,199ce63cbda4b3347e0b62e9584a04bafa5f45856c9183a7dad6b48f3fd8d8b2
res_n_main/medium/tex/equ/232003.pg,pg,27517,75ff74f4c99ace37485253429269efc8bb2f57738a7205566d7fac08673a494c
res_n_main/medium/tex/equ/232004.pg,pg,29055,adaf9f5feec645878d990f354105ea252cf1ad344baf98a7b50c752a9fc66613
res_n_main/medium/tex/equ/232005.pg,pg,29153,af646bf0dfbd2ad841765c6369e06c0b0f36bab9881ea040fab4b25a0e6605bb
res_n_main/medium/tex/equ/232006.pg,pg,32803,50aa1c8ed9d847905535fd36ef82a3949708d31cc06d98b2509412fe0c70e126
res_n_main/medium/tex/equ/232007.pg,pg,29826,0d14446a58d0d63b3c2123a174a8edd1489fbea5d70a27c4bb04f1b250907260
res_n_main/medium/tex/equ/233001.pg,pg,30999,cf4c997c32a299165e40039da3958a47f6dc5c17498ef7e1c3f7cc43d3906ae2
res_n_main/medium/tex/equ/233002.pg,pg,32458,1101a23b6964922a65d2b67727eedad8787773b5ca899bfd5308993087126b45
res_n_main/medium/tex/equ/233003.pg,pg,32187,3f894ca49ec601d0922d9119e21ee6ccc7e2da54b5aecc4f5719f27227f93592
res_n_main/medium/tex/equ/233004.pg,pg,26987,c00617372fd3df9561c2e40f5beeca74bd94f310008339b46277280a20ca805d
res_n_main/medium/tex/equ/233005.pg,pg,25270,81d60528abf0778dc3ff4e98d26ec5c88017d84a4a17396e2aba3f5c26837a66
res_n_main/medium/tex/equ/234001.pg,pg,30977,c6e968971846088b87e97d1b5b73f656a24bbc1d3e46a7c1fdb197f94a9d07e5
res_n_main/medium/tex/equ/234002.pg,pg,31286,997e600f78bc8b4807b2a9bc78e8dc0df875d69eca713c38a858941d0088cadf
res_n_main/medium/tex/equ/234003.pg,pg,18914,ee1ea9507c4a8ea435a25f8c7684b672bf41321d400d3398689e9f9e39e4159a
res_n_main/medium/tex/equ/234004.pg,pg,31498,cd79b6bc296a7f92e5d755d51c2ebffa96a81fd4efc0818354735bbf14bf93ab
res_n_main/medium/tex/equ/234005.pg,pg,23675,f34072306552956ff1edcb037612b6aec0cf33467aa882de096e594f85f3cfd6
res_n_main/medium/tex/equ/241001.pg,pg,69838,6c451556aa7ce53a260e2ae6f3508820a3c551ea0954f4b67c40395fdad85804
res_n_main/medium/tex/equ/241002.pg,pg,72954,75b010083800fc3cdb22da7433d8b74e33c6f1bb8f8249db1364e5d0ce3cb0eb
res_n_main/medium/tex/equ/241003.pg,pg,60641,1be00756f090bcecb1b11fb53bb69b4be6305c437bc054ef72e1416b8e75029f
res_n_main/medium/tex/equ/241004.pg,pg,84665,3223fbafa81d81e128b2bd1a7377010f1a46f80f2422105f267ce6cfcdcc2ea7
res_n_main/medium/tex/equ/241005.pg,pg,59570,c242fb00eedd3b8ad041b5b3a2b3db5556351bc00fe2f8744115adec99c47fbd
res_n_main/medium/tex/equ/241006.pg,pg,72905,893619a2747322ba06113d8fc5498a5947cd0734bfa333d856afde30931d876a
res_n_main/medium/tex/equ/241007.pg,pg,80367,5da34ee15b41ce591ed88d136f050c4ea21ba53ff19ee66ac884873932723e02
res_n_main/medium/tex/equ/241008.pg,pg,75658,ede679b1b73f1ef7605620b79c06452535fdd968b5c81846b42c675ddefcc1a9
res_n_main/medium/tex/equ/241009.pg,pg,77581,42da9725853466a803932e08cb440825e3fc0776bc879e1d35b59ce58f7bb9bc
res_n_main/medium/tex/equ/241010.pg,pg,70573,1f635d4c8351b2bdb80d4db70ece4711f87ddb2731d08cc27fc0b88df7d22334
res_n_main/medium/tex/equ/241011.pg,pg,68676,6ec9c0c083c410ff421e009ff48e466d5e7ad20476f6ad8610dfa4e01e2545d7
res_n_main/medium/tex/equ/241016.pg,pg,64845,b410d4cfdb3bb5fb4213e567804f191f8c1392c1edcc0e67c88d0c6bccc5c027
res_n_main/medium/tex/equ/241017.pg,pg,83652,ee94d9cca319e4e8b6aff9dcd070a4d36c9aa079eb443f47e5a44b33c3d44f0c
res_n_main/medium/tex/equ/241018.pg,pg,75129,fcd079ba24e9427d328294cf425cf240b8799faa6794f445295c89b3f9c953da
res_n_main/medium/tex/equ/242001.pg,pg,77915,ad040f37531ab553849d0e3532affbefeeb7e1c6845879f198a7951983bc3ae7
res_n_main/medium/tex/equ/242002.pg,pg,76382,8ba59b80d1da24795a76ff51237a710a059453cd1b9f3e584f7a72e97e50e077
res_n_main/medium/tex/equ/242003.pg,pg,74420,5a67b15a4c8c4e3caf0b8260a0ca9f69bcc4580fa99e49192bbd56a61aeaa06c
res_n_main/medium/tex/equ/242004.pg,pg,57788,ca7721626eb459b8b9bef2f254352b80a3d59b0ba8de4d45f35795fce2beee87
res_n_main/medium/tex/equ/242005.pg,pg,65175,c9d997d4b3a6eb7b121ab042007b40a846e325efb029f3b37aff1f488ec56eaa
res_n_main/medium/tex/equ/242006.pg,pg,63542,1770e53edded323cf14dcb4f1050a209ac33c793ac0688cce6d364bd48cb2e88
res_n_main/medium/tex/equ/242007.pg,pg,75485,c5dc4c9bca93c76842dd3f54479206ae8140a4abdc76e220b7dda072ba0accd6
res_n_main/medium/tex/equ/243001.pg,pg,88517,f3661483d137e6ae6cd861a4b9cc9cc5e68cb5b1812e405c729cec9ea7d67bd3
res_n_main/medium/tex/equ/243002.pg,pg,79528,a4eae0c9a23f5389a7d2f9fb368791ce247bd0a63f4fede62dbc13cfdfc85988
res_n_main/medium/tex/equ/243003.pg,pg,83255,34d1948ad12cb4875c8aafe244be186c1f28a12661ea2f6295483e38cec24128
res_n_main/medium/tex/equ/243004.pg,pg,63458,0031f55f8807faea0e8447e99cd02388105567cd97ce5503ee1346bd8d224872
res_n_main/medium/tex/equ/243005.pg,pg,76108,6c9606a5601978a20dcdec7d95f5f096a878b763b4dd6c57eb5e81cc50c3d0d5
res_n_main/medium/tex/equ/244001.pg,pg,62542,a42a91cfda28b41aaf1dc52e1394bdf8b26c6c198694cbb8fea2812e118b24b3
res_n_main/medium/tex/equ/244002.pg,pg,74406,55196e5c10be1ae7b975c0a606466b2674b463d11becc07b60c4fa9fea6b0b8d
res_n_main/medium/tex/equ/244003.pg,pg,65736,0faedfbe4ca0da687463f003209dc63488f59faa35e3990954c8584dc5cdd4cb
res_n_main/medium/tex/equ/244004.pg,pg,86727,0d4daaa892e6602aa53b4d47409867e4c9baa1c5563fa5b3006488b4f227430e
res_n_main/medium/tex/equ/244005.pg,pg,69046,9e0c34df42d200e7ca0cfe8793577363d7129e4d5d21371eed24aa69e9246b21
res_n_main/medium/tex/equ_cmn/Cmn02_equ0_god.pg,pg,34736,c41ed0abec28559e590786e6c1dd1bbfa08375ca81c36169389aee3d5c41846f
res_n_main/medium/tex/equ_cmn/Cmn02_equ0_other.pg,pg,38829,c15d09b55d94b1b9196f94492988526b6dec293aae154ac37f4b4ca152972cb1
res_n_main/medium/tex/equ_cmn/Cmn02_equ2_1.pg,pg,29817,9296eb3a23c2197d72aa32215a4ed0faccf78c9d731250b181240b10462ba851
res_n_main/medium/tex/equ_cmn/Cmn02_equ2_2.pg,pg,30750,a7b3e74103a8bae0d431e0b88188746700f1cb12e5d51882f376e0561fe082db
res_n_main/medium/tex/equ_cmn/Cmn02_equ2_3.pg,pg,35979,a9688fccc7d69947af5015efa6896a2ab3a2f2e15e772b7c453c6f8e045318a8
res_n_main/medium/tex/equ_cmn/Cmn02_equ2_4.pg,pg,29877,447245ba561d042973aaf90baf796f329cd606570140bf8f5d83012e3831f115
res_n_main/medium/tex/fangquan.pg,pg,59895,d9ed49d608398b3a600fd77d908545f587126fcef6ee6c6b70a7b215c89055bb
res_n_main/medium/tex/fangquan.plist,plist,6002,947828a1759f77cdce9a851417d3e8c96ad9cadb3e1e277a8296969f851e0032
res_n_main/medium/tex/fanjian.pg,pg,130208,5d5053edba0e106226d6a74cbcd7f6aa2f110acf3dee029914f0a75bd1390bec
res_n_main/medium/tex/fanjian.plist,plist,4555,a612e1bc331c387fb784469c0fb13c7fab8eb8a25513d368a922f2986a8069c8
res_n_main/medium/tex/fencheng.pg,pg,250243,1857a51176f376e1d54cba260d8ff05713a359a7ec500263d7c5483a76c6dc08
res_n_main/medium/tex/fencheng.plist,plist,5089,b484eb05474944fc780aabcff48513f5cb87e6892ab3c08fa545602c2e57ba89
res_n_main/medium/tex/fengwu.pg,pg,226252,dd9d54cfd21ef28b770bd6c796087b309504c8b71c22627823d3d817b83d3fca
res_n_main/medium/tex/fengwu.plist,plist,7416,4ce721b4a13e4b6ac62222db5bae6cce5909e4d08b3ef3dc5caedab84f708bd6
res_n_main/medium/tex/fengwu_debuff.pg,pg,225160,3c2d23d512b10b2af02de086adced1942d06d3242a8a4f4c7e6c8c376d861109
res_n_main/medium/tex/fengwu_debuff.plist,plist,4614,3a6ac33d87490bdab6462ede9f449254bf53d1c2a17dcad49eeedc15cc1cc14b
res_n_main/medium/tex/ganglie.pg,pg,280279,9ea8aeeeb340691d43d1c2f9ac09012c8bc041f26f7be0835d1b7c066bdf4927
res_n_main/medium/tex/ganglie.plist,plist,6008,dee03d77ffb174250da141e6ed87829acbbde280d5d1e4b8b71f69b87ab8feef
res_n_main/medium/tex/ganlu01.pg,pg,119767,cd2e2ceaff5d291ed941623b618abaec58e50c77b2010c3cc09114588a9243b0
res_n_main/medium/tex/ganlu01.plist,plist,8829,72fe25684378b872f3e112ff7f055ef12f189d07d2b95eedd323735a9208eb39
res_n_main/medium/tex/ganlu02.pg,pg,166964,b694c93367633d13f810df7fb9a0e95dba2c780b989a1490db0e0907925b5b91
res_n_main/medium/tex/ganlu02.plist,plist,6443,55200c5826052eb349de8b71af8a62fc034be9bc2ee0700f438317023c84fea8
res_n_main/medium/tex/gemsScene.pg,pg,695194,3e4d445e74c4fac6cda4ab1ed4012773407033c1566503d720754a8bd18fd1a4
res_n_main/medium/tex/gemsScene.plist,plist,8438,d6e8d801e65365e8819d07dc52c6f6120c797903fddd8a359022c55d980ecdc7
res_n_main/medium/tex/gongqi.pg,pg,325582,12af4dabfe9757ff2cdc000a0a6e901112ceb33450236ac951542890bc907a2f
res_n_main/medium/tex/gongqi.plist,plist,7924,47d5f4eec994d2e7700f0f630e9872baf2880a532251b609ace196c78b026d4d
res_n_main/medium/tex/guhuo.pg,pg,218788,98cda445d4448fd3452613c50e12e8ec3648d43c88d86b35aacd728a38bb9841
res_n_main/medium/tex/guhuo.plist,plist,9331,de831ee142cf971ec03955acb5ddf9d9e35d8d4cf30e79f0e3e34efc9f4fadce
res_n_main/medium/tex/guose.pg,pg,247377,34fba0246b3f2ea0bb5bc1523f701744f654d4f1e3bbb5fa469562b90053cfda
res_n_main/medium/tex/guose.plist,plist,12652,3e1f4b7fd303912b043bc085865b203146bb4a446c81db2f83b7b3252de9531c
res_n_main/medium/tex/hongyan.pg,pg,25520,5542e1a05233422ddf0353978fef6d2217f5acc66f226d42b3dced4d880ff42d
res_n_main/medium/tex/hongyan.plist,plist,5464,b87f4d5cd4376763943c3707d1314b7351893984dc053dce70358c6211409291
res_n_main/medium/tex/hujiao.pg,pg,232732,876cf0d7f5ac780911dffc15d2adefcb819d0b5c8634bc678dde347883f4db23
res_n_main/medium/tex/hujiao.plist,plist,3609,3c318bbb344f7d0526b2a13848cbd7abd97c3d7e2a3de977c180672959d0ca70
res_n_main/medium/tex/huodong_left/HuodongScene01_cmn_left1.pg,pg,84720,297ca1cf2e75ebb7643b6981b9f7f51a1f7b2f5d3fb69b85ce9629692ef967f9
res_n_main/medium/tex/huodong_left/HuodongScene01_cmn_left10.pg,pg,81029,e2eaab573706aa49ebe17f4382fcb83049a3fdaae6125358a87c69a5f0d4ef55
res_n_main/medium/tex/huodong_left/HuodongScene01_cmn_left11.pg,pg,66509,9de3d244648ad1b4eb99b21ec82c76fce5b21c9bbd73b1b1471b7e2e6035bb9b
res_n_main/medium/tex/huodong_left/HuodongScene01_cmn_left12.pg,pg,86336,e4aa4d505cf4e1a789810da7e560f80ab80f59c784a7d86dd71dd0818c142961
res_n_main/medium/tex/huodong_left/HuodongScene01_cmn_left13.pg,pg,60053,87dffb93c6e7ca0b123badf4a5636bca65cfbca60239b5de2d4fc52412b38fa0
res_n_main/medium/tex/huodong_left/HuodongScene01_cmn_left14.pg,pg,90664,75e03d89a99d28f06fed8400a1a9f7e2556dd5d2818ec50d358c2b2bf9389e08
res_n_main/medium/tex/huodong_left/HuodongScene01_cmn_left15.pg,pg,80165,ce9adde0227b59a5629a661730f1ade9ca6357b8caf1bc2ba4c303a35ccf343b
res_n_main/medium/tex/huodong_left/HuodongScene01_cmn_left16.pg,pg,86732,f71da2778d493487145b439134b3c02202e2925202d27c12ba9924198070e49a
res_n_main/medium/tex/huodong_left/HuodongScene01_cmn_left17.pg,pg,86670,38f2ad1ed6a89f1f3c1c30789bfbc94dc103778618e60765c3dc0a4e759daaf0
res_n_main/medium/tex/huodong_left/HuodongScene01_cmn_left18.pg,pg,112889,0012550eeaff9d6e595bccbc2b96fd848f4bdef8c366c7c6f4c175a29a1c8c64
res_n_main/medium/tex/huodong_left/HuodongScene01_cmn_left2.pg,pg,81233,33e255bfbd59d258f6aa023e28fe7daaa9cdddc7d1c25e71226b7e588973373c
res_n_main/medium/tex/huodong_left/HuodongScene01_cmn_left20.pg,pg,89829,8bbfcd3fc5de28ba81587c0e82573afa0f703bbbad53d6a27c7c219287f829df
res_n_main/medium/tex/huodong_left/HuodongScene01_cmn_left21.pg,pg,70258,ee5a2b25fd9c104b1f626b5433ddf4a297a6452c01d9c278b1c82cec9fc707a3
res_n_main/medium/tex/huodong_left/HuodongScene01_cmn_left22.pg,pg,89826,3eb4ca3e810e9580aa400ba008d52faf29e8c82115012487b92c653642abb1a1
res_n_main/medium/tex/huodong_left/HuodongScene01_cmn_left3.pg,pg,69790,fd27810cf843cd14e15adbc5b2daf7bb9eab0d56fc3b10734aa224c061e1aadd
res_n_main/medium/tex/huodong_left/HuodongScene01_cmn_left5.pg,pg,81487,8fd7a3b6b92402b4c05726274a90bc64a15bc55038b1a1185b32062d56d32205
res_n_main/medium/tex/huodong_left/HuodongScene01_cmn_left6.pg,pg,79565,435a2a4cdadb6daa8e82dd828d7b22ac1752dd285e082471c931a3dc0ef5e3bd
res_n_main/medium/tex/huodong_left/HuodongScene01_cmn_left7.pg,pg,86098,562328a372bd305aa0dc68cd0aeb32737c27b24b5db43e49cb23e86f7e9eb3f4
res_n_main/medium/tex/huodong_left/HuodongScene01_cmn_left8.pg,pg,77039,66293d85873dcf315df4b0c5edf69a53afd35fc622ef30f86da870765dcbbe28
res_n_main/medium/tex/huodong_left/HuodongScene01_cmn_left9.pg,pg,75622,d869669a2f14430d3f4a5b928bd211cc0b8538ae724edc526608a85783cebca8
res_n_main/medium/tex/huoji.pg,pg,323396,69cb129468bf4c827d7ae7ea97c26c784f14250957e93abae76e03f0d377eb4d
res_n_main/medium/tex/huoji.plist,plist,8447,23edf76e836c654dda5dbeb9c5c0ce754cd830ff0c3fd0944eeb788a74c0bb4d
res_n_main/medium/tex/hurt.pg,pg,133502,659a1f90396cfedacb77f7587361cf1c3be914a5c8ea02b2107723a8d814b887
res_n_main/medium/tex/hurt.plist,plist,23219,e1768597d0e068fddec3e161fda49191dc0e45f6e7bb058eb01d53ed94f29124
res_n_main/medium/tex/icon/Cmn04_100000.pg,pg,5611,4e6d507a77350f9c0d659baec8ef5985961c0f78eefa2b69600252e44febb1e7
res_n_main/medium/tex/icon/Cmn04_11100001.pg,pg,7114,c4accb1a45354ea82a0f3e7850ae839df619b2cc04c3a6542dd1fd7d40189157
res_n_main/medium/tex/icon/Cmn04_11100002.pg,pg,7061,35fd1992b336780aee7a5c65a5a08d39a0a01ba0a27b8fd4d9b87db76996845f
res_n_main/medium/tex/icon/Cmn04_11100003.pg,pg,7001,80a236fb2c28f5a71d6d5581d81bfcbda050b2fa8630d05295c8573b8b6f4ec4
res_n_main/medium/tex/icon/Cmn04_11100004.pg,pg,6595,37042a5a8ef3047de8de8e8f5f1290370300682a3cc75d0481a850fbf9fb8836
res_n_main/medium/tex/icon/Cmn04_11100005.pg,pg,7291,f35df0f6221ff0c6d8cca23b0588067e41216725509e73427ba49b72e89e26da
res_n_main/medium/tex/icon/Cmn04_11100006.pg,pg,7191,37243b9fbb530a60e0c6cec35eb4fd7212b083b24dd4316e30a5ea79d5f344ab
res_n_main/medium/tex/icon/Cmn04_11100007.pg,pg,6834,77852d673ce0ed222e456e6253fe39ab5c84919e4ea21c332a4b87814c091601
res_n_main/medium/tex/icon/Cmn04_11100008.pg,pg,6948,09dd7b403dd2615dead552748ebade79d34df030be6e9ec3cb153436bbbd8b0d
res_n_main/medium/tex/icon/Cmn04_11100009.pg,pg,6770,d42c2a0f68da1233d2663b3afb4685120e5387fb4ec4615d67d4f393b576bf18
res_n_main/medium/tex/icon/Cmn04_11100010.pg,pg,7471,5b3d8f06b70559e2951737ab55054148b47402517bdcfaa3a2b879808de23f11
res_n_main/medium/tex/icon/Cmn04_11100011.pg,pg,7434,b4c1662279a15c83cdc89420b2b61b39d961d50c8395125e07f99ada562836b6
res_n_main/medium/tex/icon/Cmn04_111001.pg,pg,6839,fe8de58136d7cacd935176f7a4f57a04eadb119ceabfa501778b3874998eee1c
res_n_main/medium/tex/icon/Cmn04_111003.pg,pg,7557,5d8519ed096dc1ccd96693245c7b9d3e7a45bd5e665bbd646f36a67df5eb4486
res_n_main/medium/tex/icon/Cmn04_111004.pg,pg,6451,78de31e9bd5a892dbdc0aa92eca15676de6c8b02eeb5bd7cbb91772aa5612601
res_n_main/medium/tex/icon/Cmn04_111005.pg,pg,6781,cdbe21a377da41f2739992decfbd71d09206ebdfc49f3b8a93dfa85b6dbc7cdd
res_n_main/medium/tex/icon/Cmn04_111006.pg,pg,6936,fd7ba3b412fd63e4977c03f0ff31d5fbf96e6f8bc60b554d7da6add4b27eabb8
res_n_main/medium/tex/icon/Cmn04_11100601.pg,pg,7194,a789ef60fbe1f7e837430e0a3edf2f0758c8ea50580a6ae1e919c4276e8b33df
res_n_main/medium/tex/icon/Cmn04_111007.pg,pg,6568,2732927f1a4b0d831c7a1fc11cee2278224da0c2f2f91290545d53d39a4bdd71
res_n_main/medium/tex/icon/Cmn04_111008.pg,pg,6201,5d368f5ccce8aa6edf0ba00f43360b3f44be5588f04d891c0f078b8645410e28
res_n_main/medium/tex/icon/Cmn04_111009.pg,pg,6571,ece113ee335d1a5f1f4f440493f7b7809c200866ee1ac4b15842833a959b77c8
res_n_main/medium/tex/icon/Cmn04_111010.pg,pg,5966,d4e2ed5e8bb3a8cb719fa8d99e9fb0969db6a44997049da5c906b6dd119b10ad
res_n_main/medium/tex/icon/Cmn04_111011.pg,pg,6950,a57a8185d85676ac8c95fa0bd32fbd20be7637636b0c29ca5a5afa85f49f3d4d
res_n_main/medium/tex/icon/Cmn04_111012.pg,pg,6144,c84e9d7c58f4e33931861ad923e7f20073cbe05016a4dd007c3df63133a1f100
res_n_main/medium/tex/icon/Cmn04_111013.pg,pg,7156,a358fb4b5e92860b2940b813ea89276591e853f4d08465b0778c64eca2dbbac7
res_n_main/medium/tex/icon/Cmn04_11101301.pg,pg,7559,7194d1c8ea416c57354d88e404905ca0a42e0d960b6654a6889cec58fe065336
res_n_main/medium/tex/icon/Cmn04_111014.pg,pg,6452,22662438b440c75c2c7aaed1cd7c25fe7ec66514a65bc48f0867df9964968f86
res_n_main/medium/tex/icon/Cmn04_111015.pg,pg,6298,90c6971af7342da4b782c6e6d4e167989848988155164ade4d9eb16c40fb46d6
res_n_main/medium/tex/icon/Cmn04_111016.pg,pg,7111,a65ae62c360187986c5d2eabd9978adf17af58fd5d934a4c4bbba115d6ac9d5d
res_n_main/medium/tex/icon/Cmn04_111017.pg,pg,6404,2a6e2c59e23fc156183e69ca9048bce33f4dbc0692871d541e5511904c007ded
res_n_main/medium/tex/icon/Cmn04_111018.pg,pg,7460,8119e687b633ea4c01422356b1d33bf70c582a92b09eda79b4d5245dda56505b
res_n_main/medium/tex/icon/Cmn04_111021.pg,pg,6605,5c98700cc471965c979e1339532fc5eca57472f67a9b29d028bd12651ccf240e
res_n_main/medium/tex/icon/Cmn04_111022.pg,pg,6648,ed49baf0e1e5538c11625282e069ffda543ab94c1a889493474a752bbda8494a
res_n_main/medium/tex/icon/Cmn04_111023.pg,pg,6628,0ccaf02e9a392b029ab7e6800649e48992612c2b82654f1aef0321c31f1907d5
res_n_main/medium/tex/icon/Cmn04_111024.pg,pg,7514,084f920529b57a2ed1eb0b4676c2adc54dcc39951d6cc3d3829d57614fffa667
res_n_main/medium/tex/icon/Cmn04_11102401.pg,pg,7480,dc41081d6302dbfc600b0fe9d84f5eacfc39314e409e66dc5503a8b0693b2fc7
res_n_main/medium/tex/icon/Cmn04_111025.pg,pg,7198,a115f6bb03c6898ef4904d5dcda8b8a18f8430c8be61d76d220a132bbf544abc
res_n_main/medium/tex/icon/Cmn04_11102501.pg,pg,6769,be8c8b1aa28be2238aff181276b4101dd337caa690851e7c95182a67fa9eda64
res_n_main/medium/tex/icon/Cmn04_111026.pg,pg,7344,3a3cddf9c4def6c9c880b70ccee78e8f7e6ed1970029704fac265a4e24ced22a
res_n_main/medium/tex/icon/Cmn04_111029.pg,pg,7536,8a9b5630edff19a472de194a4784032480525832f9684f4e9b3280c9cec02040
res_n_main/medium/tex/icon/Cmn04_11102901.pg,pg,6757,f465815940ad4b978d9073fc95b20cbd55c38d49b03b9eb1523bed416817b9f3
res_n_main/medium/tex/icon/Cmn04_111030.pg,pg,6814,95349c5ecf601dcc2f2051c07791d071bbb697a956977110b7d7b16bd09631fb
res_n_main/medium/tex/icon/Cmn04_111031.pg,pg,6981,ea14f08a3f62d8c4bef209ca4f2b27fb54b1bce8db4a5d57b1633a2214f31157
res_n_main/medium/tex/icon/Cmn04_112002.pg,pg,6352,2273be5d30a53e400208e1ace532219045f8b1b717ab27fe5b1a78528d2957d3
res_n_main/medium/tex/icon/Cmn04_112008.pg,pg,5893,3772d677a888eda0b2f12c4e30acf9e3bbf4dee11581df5fe7d62301c1a3e9f4
res_n_main/medium/tex/icon/Cmn04_112010.pg,pg,6880,6e2fe561236e96f0524b3700cc6cd4fbbb5a79cbfe24ed5613a8d6371613e81b
res_n_main/medium/tex/icon/Cmn04_112011.pg,pg,6825,f415222cc4168150d74f44add19f6b3de9083d52af0d4b8995b001e62651c03f
res_n_main/medium/tex/icon/Cmn04_112012.pg,pg,5745,55ee289c9fe0eeca2d167f7de9525fe811fbb849453ff4a6c50e8293e90c31bd
res_n_main/medium/tex/icon/Cmn04_112014.pg,pg,6709,73b7691c19fab032100ab48ebfe2cad67a6847200b7248e83ff1f734a449f9a2
res_n_main/medium/tex/icon/Cmn04_112016.pg,pg,5912,b9fa874c1893812c2206eccb66b513f26ee44117119dd4151581731dfe4fd8ba
res_n_main/medium/tex/icon/Cmn04_112017.pg,pg,6707,de3bfe2071532a5d6c862b19c74b7ae859a9b9006d46c28269863aeb42bebfb3
res_n_main/medium/tex/icon/Cmn04_112018.pg,pg,6181,c2c8cc0518ba90b9b867513dfbf6f3a1d55a6b038016f4fb9233a05f219211ae
res_n_main/medium/tex/icon/Cmn04_112019.pg,pg,6164,8144bc24ff35c08da3136a76712fe387a42f0bf1b2b19543df4f7b235330c9c4
res_n_main/medium/tex/icon/Cmn04_112020.pg,pg,6076,0ff34d66bf1b35eada1ec8a0b28ee4e23cbc410b0b952d29a7a5ce87d83c3986
res_n_main/medium/tex/icon/Cmn04_112021.pg,pg,6691,f6447e0b766244013a7ed815764bcd65ceae539d5776812b0e36ae464227ed2a
res_n_main/medium/tex/icon/Cmn04_112022.pg,pg,6718,ab23cac850a4ba5793d92b6540aed1194641e34be4b6bca9a9b03c0ba4f4bbf2
res_n_main/medium/tex/icon/Cmn04_113010.pg,pg,6280,4c183bfd41eb29d9cafb80d366dc3da2af156ac7d91d758d1d0f072361f029bd
res_n_main/medium/tex/icon/Cmn04_113011.pg,pg,6380,ad4142978434c39d68d2780ec3f110e041f754df54f2aa2c2fa6d4eea4b8cc80
res_n_main/medium/tex/icon/Cmn04_113016.pg,pg,6051,ac72f7190e19a2a419d083d93c91a9ac9947a824ef30ca318714c9f72e4168a9
res_n_main/medium/tex/icon/Cmn04_113017.pg,pg,6646,9e5dc03f77276435c4b09b693e34ff404d9ac8196552d0b4568c0ae456bd816e
res_n_main/medium/tex/icon/Cmn04_113018.pg,pg,6736,91dfcf97c061beed674b3a5b299723501cf05dc7200155d957b7661275a2786b
res_n_main/medium/tex/icon/Cmn04_113019.pg,pg,6051,e91e3b48a369b47f98eb76aa4950a1f32b570bcbf94975f56e825a97de70b528
res_n_main/medium/tex/icon/Cmn04_113020.pg,pg,6181,89a4256c83d9c8ab182b467e3529af62e8042907d4ca1bbd1846b85306da9eb4
res_n_main/medium/tex/icon/Cmn04_114001.pg,pg,7402,e5ebdc8783a8fb55856cf8bfe3e7e8113e0affb5f7f360e47609d51722e9f67e
res_n_main/medium/tex/icon/Cmn04_11400101.pg,pg,7347,84e410490e06d3abe7797ae3243052524930357076e3afe32e7a78cdf8925590
res_n_main/medium/tex/icon/Cmn04_121001.pg,pg,6754,c9b5ca50bdfaa9f527994ee7285c5800071d41f84631041e45a50fcce767c294
res_n_main/medium/tex/icon/Cmn04_121002.pg,pg,6446,c935c14366c3b0f9ba3e91ea2f7557f398f6109c3619f471310d83d92cd4fbe3
res_n_main/medium/tex/icon/Cmn04_121003.pg,pg,6302,1b9e91b555d3623b56a63fb0d39cae1cc9042f8787c0ed4bece9529a706a55e5
res_n_main/medium/tex/icon/Cmn04_121004.pg,pg,6282,c75227bd1bcec6ce5e006d60f5b65a9e9b55014f03a05a28effed4e74d74faf6
res_n_main/medium/tex/icon/Cmn04_121005.pg,pg,5813,0c45a9b3bfc057466fae7d78a8228f7feeeb110a0130eab1c3ea5472a0c2d8ab
res_n_main/medium/tex/icon/Cmn04_12100501.pg,pg,6853,2ccbc5a7c2f9897523add84ef445006ae6300d1c1fe706369ad4575e8b4d6160
res_n_main/medium/tex/icon/Cmn04_121006.pg,pg,6668,faa070c8a091f5242a7daed659c6e2bf537e0313e13d3abeedc8df4abd56c14b
res_n_main/medium/tex/icon/Cmn04_12100601.pg,pg,7412,48b60f7332ac3bf49bf9ecba833d9f23a5ab13ca00cec643126a43479c7098dc
res_n_main/medium/tex/icon/Cmn04_121007.pg,pg,6980,b95b7264dac4a323c5a6a9e6fe53459f4c37d52b33fa2e8586e800153ebd10af
res_n_main/medium/tex/icon/Cmn04_121008.pg,pg,6539,e5e27bc8168dceb87bebf3195b59419a10bd9ca4cc6dd87a8cbaa9e11d75f493
res_n_main/medium/tex/icon/Cmn04_12100801.pg,pg,7199,cce85db7e848fa3f4a0408ad0a2ebfb10a78125397dcbda20ffbca2b5383eea6
res_n_main/medium/tex/icon/Cmn04_121009.pg,pg,6932,cb0ace3ee96ab2fd6ad65d99576c0c4d565a680772a5da927e9ae715c48dba2e
res_n_main/medium/tex/icon/Cmn04_121010.pg,pg,6835,4fa94208600a90053cc2ea76314bda265ee9d1bfb7c3e6afafd2dd260aa440b5
res_n_main/medium/tex/icon/Cmn04_1210101.pg,pg,7902,7cab57106d26630a7015155eafca4340f5105331c12e51c9ef99d1a741c2a8ae
res_n_main/medium/tex/icon/Cmn04_121011.pg,pg,6352,508ca5a3e92566debf0ed5960ffff4a5267358172a918bf80b2ea7bb54084f34
res_n_main/medium/tex/icon/Cmn04_12101101.pg,pg,6768,d7c812cd445c0d60161087b755539d61d77316ab56f42763570e5d2d8c584252
res_n_main/medium/tex/icon/Cmn04_121013.pg,pg,7077,c2edad6e0c756907894d959902ae03b8412f31e62b1ca12813fd47554513041f
res_n_main/medium/tex/icon/Cmn04_121014.pg,pg,6614,0575ce5f42b20c331911bccfa7eb71139650f31b9148a3b3b7eb23aba80a1b7c
res_n_main/medium/tex/icon/Cmn04_12101401.pg,pg,6908,0e2286c4a30761368dcf517c9bffe30ca28c7c6f9cc00b63ecf5576a77251e9a
res_n_main/medium/tex/icon/Cmn04_121015.pg,pg,5656,73e9a73aa1a15aa2073bc6b2cc600cb683bf911713eb9a7d9065669818698ba5
res_n_main/medium/tex/icon/Cmn04_121016.pg,pg,5709,49bc2e1d138dd7367ccc3feac3938761d5e8daddc7904a924020f90a8c69b6a8
res_n_main/medium/tex/icon/Cmn04_121017.pg,pg,6046,6eeea8d6f0ca13f7b0ac6a7cf9c6f9795e531e473f0ebcc58cdf1579f48e2bc3
res_n_main/medium/tex/icon/Cmn04_121018.pg,pg,6160,881ac09634ceffb2578388978356dc9ac11e9b140c6dcb6e3c0025c39e875a2d
res_n_main/medium/tex/icon/Cmn04_121019.pg,pg,6024,e142bbc38e8cd87ef8618c52daa7a743bc5eaf4165699324a7e9c69f217ada36
res_n_main/medium/tex/icon/Cmn04_121020.pg,pg,6914,5bdc9e939c4028f937842ba325b23d455fe242eaa96ca5c897e007ce7ec66249
res_n_main/medium/tex/icon/Cmn04_121021.pg,pg,7385,97f6320eb2eff042299d13bfb18badf151b8a83d22f86758bbb5562380c812ff
res_n_main/medium/tex/icon/Cmn04_121022.pg,pg,7162,f7211b86986946fd7f502b99d18fde375db021d1e7f352cd2778d681ff55f9d9
res_n_main/medium/tex/icon/Cmn04_121023.pg,pg,7428,7d9d24ccab6a518d41fddfaec0c465ef0370f124801d26b43f452ac3768ef810
res_n_main/medium/tex/icon/Cmn04_121024.pg,pg,7602,be1e7c0b81948b794393ee040a27df9261327c2e7f53e377fdc589ab52427d26
res_n_main/medium/tex/icon/Cmn04_122007.pg,pg,6833,ef47bbbf4d1a2ec525627b1174ae4e617ccd2a978bda96ceb9415f0a32950bc9
res_n_main/medium/tex/icon/Cmn04_122008.pg,pg,7009,74cfa0858ab32068e7d072747a5b82b00a0ac4ea1f82844aac7efb51a7fb21d8
res_n_main/medium/tex/icon/Cmn04_122009.pg,pg,5459,a7c2d546f6bf031fcf837b897a0de1eac41761f8fb23ef303342b20009628794
res_n_main/medium/tex/icon/Cmn04_122010.pg,pg,6694,c6c48ae9dd66aa9be32f5f179b28863b62611217f30b02daeb7b16290c133c18
res_n_main/medium/tex/icon/Cmn04_122011.pg,pg,7784,97fc78d203c55de5ccbd2cb661f0c19a024518b60a89b3d9b8a0569f821d0699
res_n_main/medium/tex/icon/Cmn04_122012.pg,pg,6554,5cd9a3e0391132183afc0942e17e2f3f7e7994289d48e08bad8e20760bcfd908
res_n_main/medium/tex/icon/Cmn04_122014.pg,pg,6909,ef3d3080e0f10faa32cc908013fdb031c67fe09eecb004aa3185431ceb1fda65
res_n_main/medium/tex/icon/Cmn04_12201401.pg,pg,6473,af07e75ca84476cb7d9d54e64a5586c181c5c0867ebc2b5bcc1d1dee7a2e8aa3
res_n_main/medium/tex/icon/Cmn04_122016.pg,pg,6939,0bb907e51689722efafb06f07337661c453a2413d8f2141288b161acecc2e8e7
res_n_main/medium/tex/icon/Cmn04_122017.pg,pg,5770,94aa7f0e29938bdd1d88abd1d8b6d0d55936ef4cd6c34d69f37e055584be39a9
res_n_main/medium/tex/icon/Cmn04_122018.pg,pg,5481,a4530b13b703642373983662ad7468140cc91784c03ed1733877542876bf1d82
res_n_main/medium/tex/icon/Cmn04_122019.pg,pg,6389,344bc977a21d17f66e9680df335e763c79daa2d218f3fdbfcab3c4f29477b646
res_n_main/medium/tex/icon/Cmn04_122020.pg,pg,6771,71211f19b62ff8ef1ac03e6352d919b54e9f8b5accb4751409d5608e6ba5570e
res_n_main/medium/tex/icon/Cmn04_122022.pg,pg,6750,73d52ee670a7a3e4232db0e99fee08795aef1503e6a0084f2aaa2952444a95b0
res_n_main/medium/tex/icon/Cmn04_122023.pg,pg,6899,18518626126e37e11dec4ceaf2ce2e3bd4985b670ddc482c8c2b39130a1a3fd1
res_n_main/medium/tex/icon/Cmn04_122024.pg,pg,6602,5dff4be37117d0f4d601b1beb2342f9ff846470afbd0b4e7cf1e3747a3b35882
res_n_main/medium/tex/icon/Cmn04_122025.pg,pg,7128,e91c2f274bc6d090b6185603977dda1fee43306eae43979bf63969e13b570abe
res_n_main/medium/tex/icon/Cmn04_123005.pg,pg,6981,30f3184a6e0b3bf04df57eb51cdcfc316269469755d5df21a0cf486b8f55b5cf
res_n_main/medium/tex/icon/Cmn04_123008.pg,pg,6245,85403b4a03cc7f28207c26fa5e0b9bb2117ca5230a3a5376fd0e67a7b9198e4d
res_n_main/medium/tex/icon/Cmn04_123009.pg,pg,5343,f1bf98ddc61ef420817f9c95209daf29d3e053b80c5894f9ea8a5ea0ff180193
res_n_main/medium/tex/icon/Cmn04_123011.pg,pg,5829,69b17f62b37a45b29c634a3f2fdec458f3b61f2d11a62ccc60496367386eee8d
res_n_main/medium/tex/icon/Cmn04_123013.pg,pg,6596,f1994d1b03959f376e87f71c1aab5bc6fd9858f5f843b64c670633212ebb6799
res_n_main/medium/tex/icon/Cmn04_123014.pg,pg,5800,6060ab99cc3caf3210bffcd88c358e5700aec8835711a1e60b990330633c3d91
res_n_main/medium/tex/icon/Cmn04_123015.pg,pg,5738,aad3c2d31e318ebb1ee7785f604531d6f281bb52c8ed2cee69a0701d137b24d8
res_n_main/medium/tex/icon/Cmn04_123016.pg,pg,6478,1042e80d64b0816f9687579aa41a7d814e12e3ce837cd10e6340d999313bf603
res_n_main/medium/tex/icon/Cmn04_123017.pg,pg,5950,50c1e62166cd6e60ee939d10a7debf6d52f839520a90776bd371e3870f8ae13e
res_n_main/medium/tex/icon/Cmn04_124001.pg,pg,6235,47283b1b4cef591b3b28c0838e2398681b5101c36eba19c8188793a036e6d263
res_n_main/medium/tex/icon/Cmn04_12400101.pg,pg,6850,be6f37db78c0589dafeeddab0af56e44da0258a9b646031759527cf1a0a2f912
res_n_main/medium/tex/icon/Cmn04_131001.pg,pg,6565,0bed044882e296d5a16dd4a5b0aafd0252e0fbf3a32169d74e02f4eafee07b38
res_n_main/medium/tex/icon/Cmn04_131002.pg,pg,7233,cbd021190aaa1f3ae7d4a6ff4ad6f7b199bc01403cdddc1032f6b63cf7518366
res_n_main/medium/tex/icon/Cmn04_131003.pg,pg,6407,9262f51f793e3f5d002845a41faad3ea2a80b259a62a539e63a761a9a3bdc4f5
res_n_main/medium/tex/icon/Cmn04_131004.pg,pg,6611,7f91f6285d471ae4ac50a79b404a7195120427d128a721a6ddc896e803cda7a8
res_n_main/medium/tex/icon/Cmn04_131005.pg,pg,6192,23e70f332c96500e10ce60fc54ad00602d17e92a330413cb7b058684eed01cf2
res_n_main/medium/tex/icon/Cmn04_131006.pg,pg,5139,ab407d4ec29cd0e81c6b9c800928e7159207f39b93e1b77ce7f611a047440a30
res_n_main/medium/tex/icon/Cmn04_131007.pg,pg,5875,ae8ed811649254f130335d35030ec88e04246eb9cd53a3c2607eba827e7a2f25
res_n_main/medium/tex/icon/Cmn04_131008.pg,pg,5551,6f75c54126929467a9f7d054939708a715cabf25e51834bd7eeb4078485b33c4
res_n_main/medium/tex/icon/Cmn04_13100801.pg,pg,7337,029e8af122c5d7d1667b8a16a66f02ccab568d1261f3c4c059157ed3fa761077
res_n_main/medium/tex/icon/Cmn04_131009.pg,pg,5731,3be32e2c4ecdf95a3b0c725e221afe87a248a54da88c66f725ef3727da60a7e8
res_n_main/medium/tex/icon/Cmn04_1310091.pg,pg,7031,71aac9e07130badff075bd26089ed5b965abbcb1b8014756a5ece0c2dce548bd
res_n_main/medium/tex/icon/Cmn04_131010.pg,pg,6173,df82008d8deb336ec8abf20e58e62bc2a1024f0658494c9665fc41c8cd92b4b3
res_n_main/medium/tex/icon/Cmn04_131011.pg,pg,6742,a6d9013f2b875d9b5956d52e7a147c291aa3b444c9dfa5e7e41e90de8e4aca60
res_n_main/medium/tex/icon/Cmn04_13101101.pg,pg,7013,61e734c831dcffa4b50acc3a1364e174970dc00e35df115fda47e78ccbfc3a8d
res_n_main/medium/tex/icon/Cmn04_131012.pg,pg,7059,e7789e84e6fae8d7b0d68e8a9a9ac337a926b39785e9d9a7ed659ecd1f2c6777
res_n_main/medium/tex/icon/Cmn04_13101201.pg,pg,7312,5c65eb78c0ca8d2df27a19fabe8f3b3e6478e56862d808d88be6646e564042f2
res_n_main/medium/tex/icon/Cmn04_131013.pg,pg,6260,998bbeb06c96a0081d0b6fed9bf3fc55d1c4a346beed7067bcf5949becc7bcb0
res_n_main/medium/tex/icon/Cmn04_13101301.pg,pg,7312,2f887039de4617b32e0b41dde9c798df5102d4adecc4c47ab897179a8c3a079c
res_n_main/medium/tex/icon/Cmn04_131014.pg,pg,6943,e68041f10be099fb261bf539f42c6ff8e085368c23098e34c02dfb08807531d5
res_n_main/medium/tex/icon/Cmn04_131015.pg,pg,7220,cb31529c16b7e91e0b5ca35dd029728dce5ea7eb5f001036bae3538258393750
res_n_main/medium/tex/icon/Cmn04_131016.pg,pg,6155,caf2fab821c4b152c89113cbc92af2d8beee50840f199bee49f82bfd696801e5
res_n_main/medium/tex/icon/Cmn04_131017.pg,pg,6414,152ece9482d61955c92715e3d4e24c70dab4c44aa6dc67398b606abd556fb740
res_n_main/medium/tex/icon/Cmn04_131018.pg,pg,6417,ad8e8339de84ef586c6dddc0346a453dddb0bab00dc51fae2b3b1cd9fd36df69
res_n_main/medium/tex/icon/Cmn04_131019.pg,pg,7699,92eb6e0926c898301bb009afd571d08cdd8bb741299858c254c491dab3980a97
res_n_main/medium/tex/icon/Cmn04_131020.pg,pg,6553,d1c7f2ac3ee2f6f6a08ee9d2dcb395f91971cb27d792d5aebbd71e31f810d3bf
res_n_main/medium/tex/icon/Cmn04_131021.pg,pg,7342,74e72ac00940982937825a2973eb50300bec99362bc79ee971e3b7dc720f0921
res_n_main/medium/tex/icon/Cmn04_131022.pg,pg,7209,007349d087f50ba45e549f3c25afb3ef86196ea6c0a75229643bda4b35f646de
res_n_main/medium/tex/icon/Cmn04_132001.pg,pg,6698,60969ff8db2ca020d16c72a8b56654da0fc97bfa64acdbc584d8dccb377c6802
res_n_main/medium/tex/icon/Cmn04_132002.pg,pg,6583,520b6abfe191bbf9ed7e02d33b45cc084f36edd8464f4a35b4d19a967f27c436
res_n_main/medium/tex/icon/Cmn04_132008.pg,pg,6166,51e1dae76b547fbafbba414b9ebd9684105a599e18a118e641c22cb63ba13e24
res_n_main/medium/tex/icon/Cmn04_132010.pg,pg,6518,1ebf26da5d98cf1dab57a5bd5364217fb472bfe989dba47e87c91c071a35dbfc
res_n_main/medium/tex/icon/Cmn04_132011.pg,pg,7017,a37306460f76fba8f00f94df4665799552f3d618a0eed29a38eb9cf7c0d670d6
res_n_main/medium/tex/icon/Cmn04_132012.pg,pg,6544,4aa69f20bfa12d6c0cc861084b04b38318316411e7cea097d046fc698cc98f8f
res_n_main/medium/tex/icon/Cmn04_132015.pg,pg,5902,6b05030ff9cce2eb2a64b417998d7636bf22d57ec1ba25c5b457348e2aff3417
res_n_main/medium/tex/icon/Cmn04_132016.pg,pg,6619,ac9974085a35247f70c11f820c5ec52bb88dec570c9e9c3aac47758c7826eaa5
res_n_main/medium/tex/icon/Cmn04_132017.pg,pg,6766,c0e69fea4f50e1da654a27ae8a90f32de9a7aade384d28da22ea9900b9dcc0a9
res_n_main/medium/tex/icon/Cmn04_132018.pg,pg,5611,4e6d507a77350f9c0d659baec8ef5985961c0f78eefa2b69600252e44febb1e7
res_n_main/medium/tex/icon/Cmn04_132019.pg,pg,6788,02925191623005f9b55849a264b3f3bf8be336e8ac6aaba3cb6d7741e4185e4d
res_n_main/medium/tex/icon/Cmn04_132020.pg,pg,5980,3108a69635f2a506afea140fed25a1b4b4c207b909a4fdd9a6936f50c53f5e02
res_n_main/medium/tex/icon/Cmn04_132021.pg,pg,6165,6d75570ecedc16ff41120c6f6f2e783d6fa1b4d24fa5be6452aa627c93609546
res_n_main/medium/tex/icon/Cmn04_132022.pg,pg,6779,a56fcf6eb7bc668d32eca167aecfa63fa8e9c6beea04fcea02a4d102b2e5310a
res_n_main/medium/tex/icon/Cmn04_133005.pg,pg,5797,ec5decdb65a8e947c7b51d91d2d4826990f708f0814b37530ebf2b1200a6fb10
res_n_main/medium/tex/icon/Cmn04_133007.pg,pg,6465,213dd8fce3e50d099ea74ee223509afcfc1ff247e550daa308850c05b965ea30
res_n_main/medium/tex/icon/Cmn04_133009.pg,pg,6244,a6daad8d6cbe86a3698ef9d0e3d9f156fd22d84ef64d58a604cc9f32fae1f472
res_n_main/medium/tex/icon/Cmn04_133011.pg,pg,6603,0da1bb513befa2aa14b6f155e2c11ab0e562ec20fad6d8b9bc908e1fa517a58f
res_n_main/medium/tex/icon/Cmn04_134001.pg,pg,6904,fd16410703800220d4d68292ed7626bedaaa9a56547fd0a1778a8c41ba2a40ec
res_n_main/medium/tex/icon/Cmn04_13400101.pg,pg,6688,d5d3f67e11a52deef577165d1808ea14e004c7fa57402c4cfdc6b5df9d5da650
res_n_main/medium/tex/icon/Cmn04_141001.pg,pg,7874,5bda6023dfde8b482a71ca27fec91685505e59a3f38ef827d4bacd296e1b7a46
res_n_main/medium/tex/icon/Cmn04_141002.pg,pg,6750,ebbbd61fbf7adfc0a047193748d2c65915c5f77e6c17b700a595401acaaa4009
res_n_main/medium/tex/icon/Cmn04_14100201.pg,pg,6887,10c62ad80e4dcd9a80aefdeadf971a608d6356e2dcc402c1475c9ecfc31876d7
res_n_main/medium/tex/icon/Cmn04_141003.pg,pg,6205,fb0c120ac1a40c643f2bb1391ae8a5c9553c7e5fefed2661911603c4d518c62b
res_n_main/medium/tex/icon/Cmn04_14100301.pg,pg,6986,7cc24b500d3c3592eaf7905d0c171fadd0b49f104e1096b54ac462ad00bfa71f
res_n_main/medium/tex/icon/Cmn04_141004.pg,pg,6202,b77e878d487f42c32531f9965365bcbfa320b6a4b3c586b9065f4e1a45720ec5
res_n_main/medium/tex/icon/Cmn04_141005.pg,pg,6701,cd9294287998bb4d24155d4e2fb3c514b461dfdf55c00b2120109859dbd78a02
res_n_main/medium/tex/icon/Cmn04_141006.pg,pg,7255,6421f0f7ffcc7fe96cfd520b1203a969744506866b2962ff9dbff9f7f33b7624
res_n_main/medium/tex/icon/Cmn04_141007.pg,pg,6423,d563f05b04e8442c891600919ec5315358a4b9b279b0f88bbf22267c28aba271
res_n_main/medium/tex/icon/Cmn04_141008.pg,pg,6792,b990c4454422f42ef26e1d86dac0cafc110e01234b4800f865f7eabb35c3de0c
res_n_main/medium/tex/icon/Cmn04_141009.pg,pg,7333,04590835130eca2303b268347e69c1a5af5722ba30a6bbb29659d5f2eb38cc35
res_n_main/medium/tex/icon/Cmn04_141010.pg,pg,6997,70c91ac91490fe5b7ec15eba105623783948db44ca03a6ad2a6d87de3afd6994
res_n_main/medium/tex/icon/Cmn04_14101001.pg,pg,7402,af5032314dff5554323a78f80f18a3d352f2eff8c637b93de41546290fe61a04
res_n_main/medium/tex/icon/Cmn04_141011.pg,pg,6545,ae2336c79ec66a6fa0bf0f66cf4a500fabfa5f1c7bf33efd3bff2e54518e9a09
res_n_main/medium/tex/icon/Cmn04_141012.pg,pg,5563,4b7085b267a5d21d6f47c39e78865f624f85ee76501ad816726850efc2fd80d2
res_n_main/medium/tex/icon/Cmn04_141013.pg,pg,6825,51268d62e8878532f63dcb4b657567bdaf58864650054af19aad5a66d16a6eb0
res_n_main/medium/tex/icon/Cmn04_14101301.pg,pg,7338,8a6ac30d37dc98085f6bc634a895bd890938eaaad48562d279c05043da0271e4
res_n_main/medium/tex/icon/Cmn04_141014.pg,pg,6811,40c1872f25e2762d62c8ef62a3bd0514ea05af944d6fbbde09388d180e8c6866
res_n_main/medium/tex/icon/Cmn04_14101401.pg,pg,7833,b41bec79feaec0e667d8e45afc4437d0d67f74b200c7f56c10f18415563d438c
res_n_main/medium/tex/icon/Cmn04_141017.pg,pg,6868,d8e18e6a4f79d14c107e95ec64eb0d0c63297618a26f858cadbc620b322d7b30
res_n_main/medium/tex/icon/Cmn04_141020.pg,pg,5717,df46f899979dd5b2222af2c61233b7af24e0a07fbdf044ebcdfb49a6ffef71fe
res_n_main/medium/tex/icon/Cmn04_141021.pg,pg,7185,b2abc9d493203086a29f08878e2578c472469f25db2310172fa1aa7507f16589
res_n_main/medium/tex/icon/Cmn04_141022.pg,pg,6349,21f0ba7c12f93a074d847eae8ca174395f2935674da56ca7621b0f95755b2377
res_n_main/medium/tex/icon/Cmn04_14102201.pg,pg,6365,84f9e882937cc64926ee1d4e1a086705ddf8f94bdcc211ec4ddc82754a0a54d5
res_n_main/medium/tex/icon/Cmn04_141023.pg,pg,7462,1909b184857fee23628d7270780b1aad0e7385e99394558d0d90dadb3a0be737
res_n_main/medium/tex/icon/Cmn04_141024.pg,pg,7779,a57adf47de2f122e5f1e3ac60aae35d386c35f0152f66f1ab410245c7d2ab0d5
res_n_main/medium/tex/icon/Cmn04_141025.pg,pg,7413,8ce24e9fcc1152dff65db887409ced1682531e7381025158c471637dc13b8495
res_n_main/medium/tex/icon/Cmn04_141026.pg,pg,7409,8f7eda51760d5efdfb251fb509bbd05b8363458f773b44331a11a06bf9192a92
res_n_main/medium/tex/icon/Cmn04_142002.pg,pg,7061,a32284a13a7cea9bfcc7079ae4ca939870a0503327205abd8dd8c326b92b9a0c
res_n_main/medium/tex/icon/Cmn04_142003.pg,pg,7855,bf8752775441d7bb157ee3c947be7d55a56c267176dee5c463fa207666394827
res_n_main/medium/tex/icon/Cmn04_142005.pg,pg,5761,3e39056e464ebabad11843ba157f2df3c2bc546c23d1816731d79edc5cd06407
res_n_main/medium/tex/icon/Cmn04_142006.pg,pg,7213,04330d3937a683456b50e4f721961b50e9358496c0ce5ecca54f9876dc2d1b84
res_n_main/medium/tex/icon/Cmn04_142007.pg,pg,6862,430af7a944142efb78c497664da7fda10fd98fe56b6cd662b38d264eaf4dd950
res_n_main/medium/tex/icon/Cmn04_142008.pg,pg,6734,cc989952e707f11001bbec28902169343098a896844501289ee2ea8962f20345
res_n_main/medium/tex/icon/Cmn04_14200801.pg,pg,7075,5f2a133c5769f03d880dd24ec4d6b51dcf48c701abaa92076d7178dc5bef2cce
res_n_main/medium/tex/icon/Cmn04_142009.pg,pg,6056,472b95bbccd6432cbed2e8f6347da0d3b6b413f1dd37e41891649fdc4d461c61
res_n_main/medium/tex/icon/Cmn04_142010.pg,pg,6334,748bc8e97891df9dc05416bb3e9d342f13c25fd2d820fe1315a6216b2ae757c0
res_n_main/medium/tex/icon/Cmn04_142012.pg,pg,6505,2e6398baed48ebfc69231ec7c6e6fbe8e9d0f386fad65a903dc55daab20f40af
res_n_main/medium/tex/icon/Cmn04_142013.pg,pg,5976,c4fcff2fe952181fc5c4f6689de59d119afef703fb7cff1d84408065cde34320
res_n_main/medium/tex/icon/Cmn04_14201301.pg,pg,6536,4caa5880a665072192745c3ec8453a89eeb0424b03d63cc6925e8de19499ae0b
res_n_main/medium/tex/icon/Cmn04_142014.pg,pg,5936,c573eab0b4954a24e3e9eac5a88e6045de4588abbf501e3f511bdc427b95b9d3
res_n_main/medium/tex/icon/Cmn04_142016.pg,pg,6556,011ee167200d20b2d395175a2118be93372ea6060d16c20b36b45888ef56fea5
res_n_main/medium/tex/icon/Cmn04_142017.pg,pg,6159,e40deec17a0ea73fe113f9644d5e7af4a9af7b33ba9648ac791ee08dd7482f91
res_n_main/medium/tex/icon/Cmn04_142018.pg,pg,6526,58205f25b0c2b807cf68990d574ad959e13d5fe8ffdb0612f18481f3b88b9526
res_n_main/medium/tex/icon/Cmn04_142019.pg,pg,6777,551ae13863db6bda07ddbf7e89616d3ea7454f82bf1705534a40830f357da8a7
res_n_main/medium/tex/icon/Cmn04_142020.pg,pg,5821,8f44a0d56ed5c475aae9a7433e257bccc9229709ca513f729b3e37e97ea9a620
res_n_main/medium/tex/icon/Cmn04_142021.pg,pg,6885,62569ac8dca6a67fcb640eb6edd84845b74286e02537457c616f199deedfdcf7
res_n_main/medium/tex/icon/Cmn04_142022.pg,pg,6912,014ca2e51281bc64ea894f2485c933494f42371985564069fd27ea500a23b511
res_n_main/medium/tex/icon/Cmn04_143001.pg,pg,6745,a1eb4eed3af49708b8360f0a1e1b8f688e79306b56107e1155360aeb725256f3
res_n_main/medium/tex/icon/Cmn04_143002.pg,pg,6662,3275be3690db07a99eeb0ad869acd6e26dee5544fecc0af5a803ae4ece7c9ac9
res_n_main/medium/tex/icon/Cmn04_143010.pg,pg,6654,b25c4679a860be0557a481b47e36fb53cf6829f8dc4df5e72f27423616d241a5
res_n_main/medium/tex/icon/Cmn04_143014.pg,pg,6294,47a540ca8ee13b79e4094eb3aaf66a3993659e9622688f0a6154c8f0c666e624
res_n_main/medium/tex/icon/Cmn04_143015.pg,pg,6503,4d502e42d9661ad140a25c54aefc3d1b5c7a68bb6cd93156af259396a9c15a7a
res_n_main/medium/tex/icon/Cmn04_143016.pg,pg,5327,49967acd786250632ab59ae62191cee8fe36da1b32120de4cfd5dc7c4743970a
res_n_main/medium/tex/icon/Cmn04_143017.pg,pg,5593,1b8ab73f986a2883f74549012058e2adf719dbd4b1c028697c88b126e1f48304
res_n_main/medium/tex/icon/Cmn04_143018.pg,pg,6527,f80d1a827d5a7e572f5a2b73d0dc6645313cf629fe79abd85fbc3dc364e71ae6
res_n_main/medium/tex/icon/Cmn04_143021.pg,pg,5894,47cbd6ea649957240c81de1307af1c130cbcd86e6aa93acf394c54e942c2c93e
res_n_main/medium/tex/icon/Cmn04_143022.pg,pg,5361,e5aacb08fd580765f98ec02db6c6b83fdd833ec0a426aad67d83b8e876a3b910
res_n_main/medium/tex/icon/Cmn04_143023.pg,pg,6467,76fb441443a40e3fed852d93cafa2abd1316fe957b39f7882d5412f638602169
res_n_main/medium/tex/icon/Cmn04_149001.pg,pg,6372,d0891ec0545a7b8c858d7eb47185bbd7707af5be9aeed50f49ee77ff00f3d470
res_n_main/medium/tex/icon/Cmn04_151001.pg,pg,6524,b5a7e50089f9ff95457c78c172a4482c673b673c9189d32e242811a1437b1ca6
res_n_main/medium/tex/icon/Cmn04_151002.pg,pg,7300,3a720b63fa3a7293b02be6fa18e47ae27324f078272bd018f293ef1009e39c0f
res_n_main/medium/tex/icon/Cmn04_152001.pg,pg,6608,e48c61f4c0a36d77f1098fcda0aa94241bf79a6dfd50d7e958f2d2c3b444263a
res_n_main/medium/tex/icon/Cmn04_152002.pg,pg,7565,dc5edd53f81560cd7e46fc42ff0310f1ee229bd8a9bc7a75ecc0ecaa5659b9f3
res_n_main/medium/tex/icon/Cmn04_15200201.pg,pg,6724,e5345cc4d8a2cf1d87b7954d8deddc85c5fde84f456e8e84bd8846f93c4f0cdc
res_n_main/medium/tex/icon/Cmn04_161001.pg,pg,7375,cb42eeb79923f352d5c24e788b407d651704d95f215a2c3a87e9685146f8192a
res_n_main/medium/tex/icon/Cmn04_161002.pg,pg,6821,38db215072de9999cc6a0ab4270075bed149a9b0558d14551b7656a118fa7b09
res_n_main/medium/tex/icon/Cmn04_164001.pg,pg,4970,2c28bbddb496b15e5cab56632986b57722897e200c16b09d140f0a3ff8313ce6
res_n_main/medium/tex/icon/Cmn04_164002.pg,pg,5186,db71572f37e77d932494756e1c12d664c200c68249f173e4c4dcbbb270363e22
res_n_main/medium/tex/icon/Cmn04_164003.pg,pg,5174,2fc46fea6af2ec65ee913a30abfd8f8a5762737e1576cb23292a5ec80d0756a8
res_n_main/medium/tex/icon/Cmn04_164004.pg,pg,5140,07cbe1751b56f67f82c7abeb44dee29c37e960f29b048cf20f940e04a08877c0
res_n_main/medium/tex/icon/Cmn04_164005.pg,pg,4604,616a945aa1176d8930b2bfba6081d651863559b827e37c9d5befbdd158880791
res_n_main/medium/tex/icon/Cmn04_164007.pg,pg,4846,12afc00604c5e817da448ff6508a163cdb2e1e7d2a45a0270baa7e15326d80c1
res_n_main/medium/tex/icon/Cmn04_164008.pg,pg,5562,4e4aa7fe859e18e44c11ed1a77b8931ff5fc64500626156767a59cccf9689b02
res_n_main/medium/tex/icon/Cmn04_164009.pg,pg,4811,29ad6c3a46ec6f5189ef36577f0d0d5a1cbe9addcefb70630cb6cca2c8cdaed8
res_n_main/medium/tex/icon/Cmn04_164010.pg,pg,4937,a7a61a5d838fac7c5dea7b42211eac581bcf8591e9638adf12e2b8f2a9fa244f
res_n_main/medium/tex/icon/Cmn04_164011.pg,pg,5328,9371460c42a97abd86d162d0f6682025a1ad11ca936cd2249b6f8a1586bb4555
res_n_main/medium/tex/icon/Cmn04_164012.pg,pg,6100,6ea1c3cf490017a0ebb409e288801f14921a9c3eea46f9fe04f5d0db97011c54
res_n_main/medium/tex/icon/Cmn04_164013.pg,pg,5832,45512b5f1c87a2046e18f3dd538ed667932ef4714b4f533dc82a6a3c6827f3dd
res_n_main/medium/tex/icon/Cmn04_164014.pg,pg,5398,b7e7cc3078c21e2461f6241a6b8d01893f82b038f83f668c548d3941cb12a4ed
res_n_main/medium/tex/icon/Cmn04_164015.pg,pg,5558,e49cd5b57c395b8df4f9a96f824d1a37849f762fcaf05f503346d8c913ba48ba
res_n_main/medium/tex/icon/Cmn04_164017.pg,pg,5004,6e6c617379533929dc37f3998ef5ea717987a0696b798a0f161ef8ed2a864377
res_n_main/medium/tex/icon/Cmn04_164018.pg,pg,6081,b06ece9c9b935954f7b2fbe73f39a49eb8b2b9523f2c2077c65eccb3b2129ab5
res_n_main/medium/tex/icon/Cmn04_164019.pg,pg,5496,e5b42b79cde7ff6828fea085271ef6c2144ca302288189b389df6bd03288982b
res_n_main/medium/tex/icon/Cmn04_164020.pg,pg,5748,96f5c0e5e57f32ce590244dd4b956b66fa48806485982f2cc717bb2a14f53b55
res_n_main/medium/tex/icon/Cmn04_164021.pg,pg,5240,0299327f9fc5bbd0cb74a64d3e58f737a88fa5ab15b97ceb3bb33ffdffb69590
res_n_main/medium/tex/icon/Cmn04_164022.pg,pg,5246,94c7036b5b1508628a6f444b6f763518be6cd68d4d6d984cd6fbc0573c449c9e
res_n_main/medium/tex/icon/Cmn04_164023.pg,pg,5007,bf0cf5ff0523f601a7bc93ed4ec2cedd92de43be49e46ebfc9bf828333b889f3
res_n_main/medium/tex/icon/Cmn04_164024.pg,pg,4906,c5d9fd37ff498513018fb71749842e4400cf83a3fd331437f18946ae8b5fc341
res_n_main/medium/tex/icon/Cmn04_164026.pg,pg,5371,c85af7b08dd79baf3c1f4930a0b9a6fdfaf240c608921e68d89ad39d35b8c4e6
res_n_main/medium/tex/icon/Cmn04_164027.pg,pg,5468,c5717b8bca04c71b771fffcffe63ba7adaef5c2edfba992204e59fd987447d67
res_n_main/medium/tex/icon/Cmn04_164028.pg,pg,5407,85503858a43a2b65a9b260e38ffa6aa9ff64fccb035a050657b8a231b1763816
res_n_main/medium/tex/icon/Cmn04_164029.pg,pg,4932,c0564ce3167eda7dd6bb33c896783746015776fb1c19f109c09aa841b53508ac
res_n_main/medium/tex/icon/Cmn04_164031.pg,pg,4598,fe93e35b9f6490b9a6d7d01e1175e1d66e33cf735eb1ae1fc45c85fd683dfe3a
res_n_main/medium/tex/icon/Cmn04_164032.pg,pg,5578,304abcf580bad2001da26ebe920d91260b523cca5f1baba6b1b8e59c2ef418dd
res_n_main/medium/tex/icon/Cmn04_164033.pg,pg,4996,49f9607046ba4d0003f00f8196b7cfb6d6a9ad01d3ce3f5da638d859b9035110
res_n_main/medium/tex/icon/Cmn04_164034.pg,pg,4986,42cd74e4061fa2f160219f32fabdf20da8e72b690e3dba5124ff47f7717865ee
res_n_main/medium/tex/icon/Cmn04_164036.pg,pg,5418,75a7f7ab3711db12adbc3bb8bd58c5105ff6999a39e4fed8e7e97d50117a39f3
res_n_main/medium/tex/icon/Cmn04_164037.pg,pg,5747,9ee3606df452ee0f89b0a60643e78b4c92d80f9113402012ac25166ff1d2ac76
res_n_main/medium/tex/icon/Cmn04_164038.pg,pg,5394,38e0c46cf32bdadf62e44f8c334a4271046f5ccf8882b78cb3c6aa97c9cb0b61
res_n_main/medium/tex/icon/Cmn04_164039.pg,pg,5426,111cc6f018605a0ae9cf87b60375bd93e0f7d7ab6cff0d75982b51938ffd90b4
res_n_main/medium/tex/icon/Cmn04_164042.pg,pg,4950,e4abe7d86ab91b7da1db6e631d073c1c6e0ac600b1768083b5606d5bc93da312
res_n_main/medium/tex/icon/Cmn04_164043.pg,pg,4972,942c0b24df38f7a221c14b64817bd5390f4860e415e5ef8827c45610153ca0b7
res_n_main/medium/tex/icon/Cmn04_164044.pg,pg,5410,fb49aff01124f524e1f5d269160cf0ddf7ed8aaebf94a891216b2818e57e1027
res_n_main/medium/tex/icon/Cmn04_164047.pg,pg,5242,396f9903482a5a05fdcf4485274bfea4d803643df0f962197a531763070ec404
res_n_main/medium/tex/icon/Cmn04_164048.pg,pg,5267,07cb130ec8cefc83fed88e66edd90ade64ce8962a7fbe130e5a7b7470d36f021
res_n_main/medium/tex/icon/Cmn04_164049.pg,pg,5599,018a0f4736002b10b0d96dd8958de836d83405d0012f0e99c468d0c1ff9a3d04
res_n_main/medium/tex/icon/Cmn04_164051.pg,pg,5185,c366134eece6e7f467aa285b5704f997f534ffee96e552fe23df55b9c6aebccb
res_n_main/medium/tex/icon/Cmn04_164052.pg,pg,5022,25ac68a358986b73ec68d2bda37049e4ac531c38f007bea3732e2a3ec5521156
res_n_main/medium/tex/icon/Cmn04_164053.pg,pg,5329,9d37638b1d72b267c006ab4c1ecab02b345f2b5eeeecc727523a1d2c71360b96
res_n_main/medium/tex/icon/Cmn04_164054.pg,pg,5536,9d3e786c2fca423d9879edb7e1b4aef9fec7ec2a683e440fe7d3496c7244fe51
res_n_main/medium/tex/icon/Cmn04_164055.pg,pg,4734,cf1995adfa19dcdd1b8deec3b48bd336987bd5f2701278e7252568f792e13e98
res_n_main/medium/tex/icon/Cmn04_164056.pg,pg,5105,874e69fe9e381c19f572d036f1b7188d0e573fbeda36487ec70a6944465bb74b
res_n_main/medium/tex/icon/Cmn04_164057.pg,pg,5582,375299d17c83c3b2e4686aa869bf318d04c3bca07092fac1ebff508295f4a5ac
res_n_main/medium/tex/icon/Cmn04_164058.pg,pg,5501,c10a13323c7c4ff0b66dd04264904c7322106f8e41950120c6803722cc4be2aa
res_n_main/medium/tex/icon/Cmn04_164059.pg,pg,5302,bad2817798befa19b5c463874acfef4401dda08293b33a9775a46d927273e615
res_n_main/medium/tex/icon/Cmn04_164060.pg,pg,5781,b035e5e6afbcd693525109bca24b1de122cbbda7ed0140efea1521f14a1f8a84
res_n_main/medium/tex/icon/Cmn04_165001.pg,pg,5233,ed0883086b4e629b582108f06f733b28b1989ac7cb7d1a626074af8826e1fbea
res_n_main/medium/tex/icon/Cmn04_165002.pg,pg,5819,c866549c98e7b77cd39184257be13664078efedb3f34d9f2f7d39e6f62e6e33f
res_n_main/medium/tex/icon/Cmn04_165003.pg,pg,6960,69b86733d9114bb3347691aa0a0ab5ec3bf5515e575cc066520786ee92c1cf96
res_n_main/medium/tex/icon/Cmn04_165004.pg,pg,6922,8fbb11bbb8b9327c58519197ebb9abb79816bc775eb985199e16685ae59bbea4
res_n_main/medium/tex/icon/Cmn04_165005.pg,pg,6767,3db2989821ebbecd3bbfc3b06de7c94cf23f7bd6b21f2fe0dd2962dc4ee93d3b
res_n_main/medium/tex/icon/Cmn04_165006.pg,pg,6477,a83cdbd0bbf52c151c5b0b73056f284f3be7b56b00beba450340835ef9c6d057
res_n_main/medium/tex/icon/Cmn04_165007.pg,pg,7123,6ed8bf078a2ed5d8b3a221ccb23da6381ae85d5fc89375b5770ed7991faa523e
res_n_main/medium/tex/icon/Cmn04_165008.pg,pg,7440,5dcfa641ca50dd94935eea4582ea5e57b38d980b4ca6fe864917124ae7e917c1
res_n_main/medium/tex/icon/Cmn04_165009.pg,pg,7717,b3978095734acca1f169481e591baf64b9f3013c0960e368c32a157047a3ab56
res_n_main/medium/tex/icon/Cmn04_171001.pg,pg,4880,df20e8a82794a94b53a77ab139d8b35860c82241cd516905537d36a2053a2a80
res_n_main/medium/tex/icon/Cmn04_171002.pg,pg,6777,32fbf051c10cdf1a4b646ed73483a497bce307f631f5bee1e21356b5d7cb14b8
res_n_main/medium/tex/icon/Cmn04_171003.pg,pg,5217,deee47d09017f8a0ca1e6f0689b60cf3e2f3b35effb6bd5777a8aa0f62f455dc
res_n_main/medium/tex/icon/Cmn04_17100301.pg,pg,6690,2496bd5ff7217c8290f4b78e46912ec964bb43d1576aaa080843d4c385b205ec
res_n_main/medium/tex/icon/Cmn04_171004.pg,pg,5655,8b55cd3bb0ebbfc8ca350ac0c3cc821d1fb415423d3d4ab2c2780f0c17ffcf9d
res_n_main/medium/tex/icon/Cmn04_171005.pg,pg,7643,970a201dfc1faa124b274d7ccfa5757f2172172f4f2bffdec77abd41658f5977
res_n_main/medium/tex/icon/Cmn04_171006.pg,pg,6491,19e49136b6700d8a623868975d67f8de5ffb47a73c2a04648adb1b6a945b99bc
res_n_main/medium/tex/icon/Cmn04_171008.pg,pg,6251,feda8961c63a1aeb68365b26ec13c917fc725536bf4895a814402ef8c410caec
res_n_main/medium/tex/icon/Cmn04_171009.pg,pg,6217,62a49971f1882e7dcdd3eaa301be816e53633abb73b1873bbe99dd421e412633
res_n_main/medium/tex/icon/Cmn04_171010.pg,pg,4640,06f4e0e30d2d1cfd0af44cfda4206b561b36909e97eb5c1c3cfbaa50c61cd56d
res_n_main/medium/tex/icon/Cmn04_171011.pg,pg,6828,3c8b97919f08ea26b734ef0604f5bf573d21f2ac29f8726a38acc00cf0297c8d
res_n_main/medium/tex/icon/Cmn04_171012.pg,pg,7089,4ae1e95304b17a163140ee733ca2373f72b6914387d0a27e7307d4b2538d6443
res_n_main/medium/tex/icon/Cmn04_171013.pg,pg,6410,2bda6ef798885933888528731b9b8216c3a10861b9746115971d086a6cbc9289
res_n_main/medium/tex/icon/Cmn04_171014.pg,pg,7511,bafc52f3376416701d2c621cbbbdf2e99944234bb8ab6923365c5ade6b1478f1
res_n_main/medium/tex/icon/Cmn04_17101401.pg,pg,6776,2846a73d76eec3f0b1945639bcf24a6a45254100f5b4f5c488df2407fcc25a96
res_n_main/medium/tex/icon/Cmn04_171015.pg,pg,6604,a14db2d058089e61beb5c83683bce48ead5db26a093603b1aaf9468c10a4b248
res_n_main/medium/tex/icon/Cmn04_17101501.pg,pg,7542,20643c8f564de60bc0fcfe9786c6b865c44b54fce1b57f4e6d40302df08e30e1
res_n_main/medium/tex/icon/Cmn04_171016.pg,pg,7201,3e66ff5c47cde510ddbb7905cffbfb1979cd5b89b63845487a4cb3c048a4f08e
res_n_main/medium/tex/icon/Cmn04_171017.pg,pg,6720,38b086623094ff59c296524123019f5ba53fa0a85a8dfea53d05046ff0e369ab
res_n_main/medium/tex/icon/Cmn04_181001.pg,pg,6895,0c6a2a62feb676bbb6f9dee3a45656f6f58e7df474c41883593b44ee37821858
res_n_main/medium/tex/icon/Cmn04_181002.pg,pg,6494,63e5423d8330d0ee5809763e1b473ec442fdf87ce7351035e2f6c2ccdf1201d0
res_n_main/medium/tex/icon/Cmn04_181003.pg,pg,7759,c31007726e22bb00c20c7a5b26e44c2aac3099fed9e862928609e4120d045f4c
res_n_main/medium/tex/icon/Cmn04_181004.pg,pg,7917,128cb70e822414194ed448553ef88f5249b5882d7a2f88b8fbc9e86626dadb82
res_n_main/medium/tex/icon/Cmn04_181005.pg,pg,6726,e911fa4382f9707f7d026551bc2cf81d7aa51f11c6759ba960aebeffb942150e
res_n_main/medium/tex/icon/Cmn04_181006.pg,pg,5748,424b3b73abf16ed5adcbc3eb10bbc03d4bf4b3866e53d8a08a975c770fe87f00
res_n_main/medium/tex/icon/Cmn04_181007.pg,pg,7325,ca926a239cbb7132cba4baa0db622c127e473261a667e1ec25aef25b711199ba
res_n_main/medium/tex/icon/Cmn04_181008.pg,pg,7417,e9bd36abbc4153e41552563b509ebe67188b5009ef8dd6928ee0eeaa3babdb22
res_n_main/medium/tex/icon/Cmn04_181009.pg,pg,7325,ca926a239cbb7132cba4baa0db622c127e473261a667e1ec25aef25b711199ba
res_n_main/medium/tex/icon/Cmn04_191005.pg,pg,6638,f4523b1da2d4ec2aec564cf9989139e81849924df172c30e53b4395eccd66833
res_n_main/medium/tex/icon/Cmn04_191006.pg,pg,6445,a9d8ee0793949cc21d31568ebb3c447abd7163aa8f7d04f71e723671ca0bd20c
res_n_main/medium/tex/icon/Cmn04_192003.pg,pg,5302,f8abfaf8ac7211db248398833853e61917fb002db04d17229b21199ec7860a25
res_n_main/medium/tex/icon/Cmn04_192004.pg,pg,6636,b8b0724b3b7963ef35fb0287794f22a826b15525260e330a47aefef20eb0eb1b
res_n_main/medium/tex/icon/Cmn04_193002.pg,pg,5240,b29bfb2566cb44151e440d0a7badc336ba5472e382b9879125c1bd42c182cd82
res_n_main/medium/tex/icon/Cmn04_194001.pg,pg,5632,25c0d9fe4fd740f2784ddc114059c588e41f0f412162e45d55739c11382be393
res_n_main/medium/tex/icon/Cmn04_21100001.pg,pg,6949,4e54f1334f4fd7d7009ba08326ea9b2cb5a4d5e13a63e0e3ace6d61965e943a1
res_n_main/medium/tex/icon/Cmn04_21100002.pg,pg,6766,eb2f12fbc46f759af44d8281ed16e959efbacf69d0d19e337d69c94d7b1f894e
res_n_main/medium/tex/icon/Cmn04_21100003.pg,pg,6660,bd7f730c6467fb44bbd15d253c21abf10c89daa73d732785ce9196e3cce4d1be
res_n_main/medium/tex/icon/Cmn04_21100004.pg,pg,6599,deb7e4966ba607f4303c53a85cfd1ff82231efd260721cae2cfde8afb0433fc7
res_n_main/medium/tex/icon/Cmn04_21100005.pg,pg,6919,8cef0053d7fd80398988c0c20fc83d61938ebf5b65e8ab726038b2b02e350fef
res_n_main/medium/tex/icon/Cmn04_21100006.pg,pg,6299,ea4049afee04fb032bb7949018af49ff64aaaafc52e4986bfbf528b5e18cc558
res_n_main/medium/tex/icon/Cmn04_21100007.pg,pg,7277,165a22e84c47804c00d8851b3de28e873323a4986902c8349ea7e3cf0f07f64c
res_n_main/medium/tex/icon/Cmn04_21100008.pg,pg,6950,42dd6ac818a0532cfa11dd86f343c26fa5bd727be09ef554debd8563cc554b0f
res_n_main/medium/tex/icon/Cmn04_21100009.pg,pg,7185,bd2eb7ae29e05d3fe78a6bbcb37d4a6ec8bcf5ac41c9466336fe80e7305a1b9c
res_n_main/medium/tex/icon/Cmn04_211001.pg,pg,4309,a9e188004068535a642ccb14287bbe58cca09b8ba9dc75f7972aa17334e101a8
res_n_main/medium/tex/icon/Cmn04_211002.pg,pg,3008,af5e17cd4027f39cf2d309b8a29f46dce44721da0bcaec20308091f0626f94d8
res_n_main/medium/tex/icon/Cmn04_211003.pg,pg,3160,d7955d86ac1eda6dea4c1195d6f6fde09c964c1765e2519498d9c564b2f488d4
res_n_main/medium/tex/icon/Cmn04_211004.pg,pg,3118,892e3944800e3f83ca6f0592811341f0a3b174c1f38993df8a65de4260afcf13
res_n_main/medium/tex/icon/Cmn04_211005.pg,pg,3768,2a1c1864d913cef019878145bfd199225be19f5152a4352554b5d77f7376d152
res_n_main/medium/tex/icon/Cmn04_211006.pg,pg,4056,4d13e7826afa46d0f23811d348eb602c20c0ba63b8fb71db08920d6deadfbae3
res_n_main/medium/tex/icon/Cmn04_211007.pg,pg,2926,04aa79758b09875187e15ff979aecb9a9e10e83948c9084df29bcc99cf9dc455
res_n_main/medium/tex/icon/Cmn04_211008.pg,pg,3545,d22c7c177eb52fcfe46378a111d3db6e342cd0b8f6aa61e45299723842fe0cd1
res_n_main/medium/tex/icon/Cmn04_211009.pg,pg,5463,8e7e4ca41a1811a9312555b87b83850a0657550fb1b0e3febf4a961b94e6925b
res_n_main/medium/tex/icon/Cmn04_211010.pg,pg,4641,1e2af18561192c5e78930551dfbb8936827af025e7a32b903f1a677336120f53
res_n_main/medium/tex/icon/Cmn04_211011.pg,pg,3015,b8dfe36edec9034c5611449b0e0b51e96cf67e3efa82d5549db6744039451aee
res_n_main/medium/tex/icon/Cmn04_211012.pg,pg,3108,3e2f8eab197efc7fa3bd1b943b9637a0bb3184c0e52ff77146d983496dc7fbea
res_n_main/medium/tex/icon/Cmn04_211013.pg,pg,5500,d882f8199370e136aa03c0e5803fa77df5d09356a996ae3e49451cebe68b2cd9
res_n_main/medium/tex/icon/Cmn04_211014.pg,pg,6420,a21da8dac1c9bcb54e222b701c49d8f7635e19488a80704ccf3fc55f811f2b7f
res_n_main/medium/tex/icon/Cmn04_211015.pg,pg,6331,a499acf616e9f90ce51b12cb9f202c8fcb1b73f004b1b023ce9ad70680517be3
res_n_main/medium/tex/icon/Cmn04_211016.pg,pg,3731,2deabe053d61bb56b810ab2539bfeaec3ae92d61c68b1d6ce17f94d97ac641dc
res_n_main/medium/tex/icon/Cmn04_211017.pg,pg,4876,bda18b7ab26748f3bdd222db7d5b78e8c3b29f7619949b0af4c1f2f2e20290a8
res_n_main/medium/tex/icon/Cmn04_211018.pg,pg,4285,5071411058e4bbc59bdfa25ae7530df993725323cd82d3f330eadf4a94a7f1e7
res_n_main/medium/tex/icon/Cmn04_211019.pg,pg,3816,e620f7d7162ad55ca070b5f0eef03bf6d37553f591435c544e479609e7cc4126
res_n_main/medium/tex/icon/Cmn04_212001.pg,pg,2998,0661146c7d4dab48c1fdbe4856ba88ddded0be16c328c747848b41ce325c3f54
res_n_main/medium/tex/icon/Cmn04_212002.pg,pg,2999,da8c759e1915d38414012e3eec1c0447a94087de213f0dbe6b9267063cab99f1
res_n_main/medium/tex/icon/Cmn04_212003.pg,pg,3433,6090a9d27e98784803644f2b05a2a44c7dffbf3c3954777bd818151b02fe05e2
res_n_main/medium/tex/icon/Cmn04_212004.pg,pg,5538,6093dcc710f5cdbaa852032d76ca4231c94d9bd9d04faf228efba57ad5943827
res_n_main/medium/tex/icon/Cmn04_212005.pg,pg,2691,3d2b1a23dddadda9bb293a123a384b054706c5fc22b3bd03faad6d0adfb29b36
res_n_main/medium/tex/icon/Cmn04_212006.pg,pg,3526,75cba06270e98278286bdd5544b61f49d70ef7e12750978d51ce31c5eac30d07
res_n_main/medium/tex/icon/Cmn04_212007.pg,pg,6129,fe977953a2f5634f27a18226115bb5f7bb007fee056c38c924d728b81102e71f
res_n_main/medium/tex/icon/Cmn04_213001.pg,pg,4116,b2bccd047cc38606507e24e98df24fca5ab443392bac0669da4de57d425ad7b6
res_n_main/medium/tex/icon/Cmn04_213002.pg,pg,5560,819bd0bf55d6f570367e85896b6cdbb02c83910226c82ad4334c08f9088456ed
res_n_main/medium/tex/icon/Cmn04_213003.pg,pg,3170,fc5d15e032ac80e357e7ef2de41497d1752e7937801b23677500818f1f54f6b9
res_n_main/medium/tex/icon/Cmn04_213004.pg,pg,2508,196878e0f7c3c25a8345a2dd5af4790d8551367ce4640d49ce979dcb582b5999
res_n_main/medium/tex/icon/Cmn04_213005.pg,pg,5279,b5e4f44ef4b83e7f10edbf232dc9e8460ade105a3464512c4b916a68f290718f
res_n_main/medium/tex/icon/Cmn04_214001.pg,pg,4306,df599f0efcb1bf40350d108c404d6112b2b952a7f178709a949a40ee42f87b6d
res_n_main/medium/tex/icon/Cmn04_214002.pg,pg,3979,724565fd019c791e70ff97b086b3d16e5b0658a88fff9bb9d5932eb19154f4b6
res_n_main/medium/tex/icon/Cmn04_214003.pg,pg,3194,e3ab38f11699fd9dbb675cff690d0ed85e5a327356a02dc5161e46971033aa85
res_n_main/medium/tex/icon/Cmn04_214004.pg,pg,2712,a3ade5d42305db127b47ed4a07277059d855c97aadf754b8af04a3a79c2c23cf
res_n_main/medium/tex/icon/Cmn04_214005.pg,pg,5358,09834314d7bee6cc910fa93891c3de6ca1409eeaa83721eafa85bcd3c8b8b964
res_n_main/medium/tex/icon/Cmn04_221001.pg,pg,6395,21a7bec096336263623eb9ff65528231e5e751e5b9f775fda352eee50771a8e0
res_n_main/medium/tex/icon/Cmn04_221002.pg,pg,7365,14d1eecad5c997e1d865bb0039b0728b7cd37e900392c8077d4192022f8cad2d
res_n_main/medium/tex/icon/Cmn04_221003.pg,pg,6398,8568678e150a8227f2be60a6029f2bc9581fd292ee6a9be6875bbb869af0f66a
res_n_main/medium/tex/icon/Cmn04_221004.pg,pg,5320,d433553057c945f9aabf82bad56a5f9146bd3d458d97ec6f88fa0283ef0a8f8c
res_n_main/medium/tex/icon/Cmn04_221005.pg,pg,6371,c2c351bc1f25856013177315c83cb87effad4bad9c5fcb1e531d45cb1d1df140
res_n_main/medium/tex/icon/Cmn04_221006.pg,pg,6291,1e0ed1074588dffdd02bb8e19ca1039c9739b9140c8f5a50732405a92695f119
res_n_main/medium/tex/icon/Cmn04_221007.pg,pg,5557,3d98522c6bdaf40004bbe230d5a9a3b563b78958e36440d662a0efe31693953c
res_n_main/medium/tex/icon/Cmn04_221008.pg,pg,5991,7fa17fb10aa530b86e94defa4c7db81049d32a291e35a179723d0ad55f821ce2
res_n_main/medium/tex/icon/Cmn04_221009.pg,pg,6218,75d94ccc7bc0ffb3d48c946efc2c88a62902a702b615d058bcf185fcb54bfe5b
res_n_main/medium/tex/icon/Cmn04_221010.pg,pg,5750,b85a5f8346ffa560c925687299de981718d6d06926693890621f7a6c6d381717
res_n_main/medium/tex/icon/Cmn04_221011.pg,pg,6017,560c6c76a2ced2cf6a2408fe168d86ca968df8514dfc61f3c05f9dee539de2e8
res_n_main/medium/tex/icon/Cmn04_221012.pg,pg,6164,08ae636f2a2f987d957400cfd1c7a0a3d5f13d1b60ded61e37e0175cd40d7544
res_n_main/medium/tex/icon/Cmn04_221013.pg,pg,7322,c57e661bbb51c73a8ae4649231fdf4fcf0c18e4a0ec56ef32042a8860e6c3f33
res_n_main/medium/tex/icon/Cmn04_221014.pg,pg,4653,2f1e3ba138ea8046041bae9118f3b36ba86ed6e57a5506c254eb82157d65e2c9
res_n_main/medium/tex/icon/Cmn04_221015.pg,pg,3532,76ac6d8ef0d9b52a8dba4b0deb7baeb69ee69d8c00603c78cf8d719736b4bec5
res_n_main/medium/tex/icon/Cmn04_221016.pg,pg,5919,8c169a7eec74dc31c3c9ca852e1ed95b54bedeafe5ab03051d8e73777449a2f9
res_n_main/medium/tex/icon/Cmn04_221017.pg,pg,6966,2225a981f91c6ed9cbab6ccfc5d0db7a923c9b094905e66fdbf94408c0bf9491
res_n_main/medium/tex/icon/Cmn04_221018.pg,pg,5486,06d9143ebd8400dfe49f6bb289eaedb65ed69aaa81907dde79df97b1e532348e
res_n_main/medium/tex/icon/Cmn04_222001.pg,pg,5506,0700e4865440a8bab6cdd1fa798b9c8b756c52af5464fd6fbf17dbc2fc7129da
res_n_main/medium/tex/icon/Cmn04_222002.pg,pg,4253,a582435e1d62c26d4b89e30750502d2629ec3e1821b757f234fb9f0977ed6cc3
res_n_main/medium/tex/icon/Cmn04_222003.pg,pg,6306,23a30dc1dda9c559cd0416656920fa8991d5d97a49440d4cd748b1a471f85790
res_n_main/medium/tex/icon/Cmn04_222004.pg,pg,5117,5e440d65e4b5ce6d27b2c7d84592b93601ab057157dcce284cbef01c29fd207e
res_n_main/medium/tex/icon/Cmn04_222005.pg,pg,6406,2b6894442f726c598db936ff9671a200b3cbd3f180e2664ce062b17e93bca1b4
res_n_main/medium/tex/icon/Cmn04_222006.pg,pg,6785,660d2ac99864aef9ea6e6a8d72453d21baf61ce913fdc1e28e7fd8364df3a84f
res_n_main/medium/tex/icon/Cmn04_222007.pg,pg,5097,2c00a53e95046ebe2c5b3ccdbe6674b6708b177561cde757f8e4db647ba87576
res_n_main/medium/tex/icon/Cmn04_223001.pg,pg,5470,ddd34c29cccb80b88c7250e3e97ebeefe7c62ff5f7cf5062454a06b9dfe55499
res_n_main/medium/tex/icon/Cmn04_223002.pg,pg,6705,104fe12949c5f0b56a60ecb74c8426ac6aafada25f1ff4ef71aab660c36902fa
res_n_main/medium/tex/icon/Cmn04_223003.pg,pg,4815,1036fae88c8f26d9a25aaeb5a6decc1f9d8193f8ab10c4e4840dfc4778ab643d
res_n_main/medium/tex/icon/Cmn04_223004.pg,pg,5389,baba86f64dae90e4ef74eb1d7ba87e93c9bc6ecc1b7fff2bd5cbd921fce35a07
res_n_main/medium/tex/icon/Cmn04_223005.pg,pg,6136,798503bda815238dbb2d6ad49d5302b2f3ceb273fa43f2019bbb94fe96f64d80
res_n_main/medium/tex/icon/Cmn04_224001.pg,pg,4933,3121e0c76fe3016728a01dba529b9fb1242300daaab308ca918288646509b95c
res_n_main/medium/tex/icon/Cmn04_224002.pg,pg,5186,78a115ccaec5ca9a8d6b7256878898b9dd9c5ba6bd72ce8e0fd62bdd540a48e8
res_n_main/medium/tex/icon/Cmn04_224003.pg,pg,5184,1e7c8e552547fda028a5caaea29b4eeb92c2a9fb517ed30723b33695c4612b00
res_n_main/medium/tex/icon/Cmn04_224004.pg,pg,5602,4d2cd1e984ec4d6186db754841aad14b98a2640714aef416ce4e58312e49bb1d
res_n_main/medium/tex/icon/Cmn04_224005.pg,pg,5164,ebb40c9aac6115f9998e6ca5e7726d55afe323ca01569d9328e1c015a1c0fdce
res_n_main/medium/tex/icon/Cmn04_231001.pg,pg,5373,c34295ca64b3e0ff430d015160876ea136668a862015934eb06450a985963065
res_n_main/medium/tex/icon/Cmn04_231002.pg,pg,5178,03155d8fbfafcc267c57264a28a85e7cede0193c35330267c9f1cf1881aa1135
res_n_main/medium/tex/icon/Cmn04_231003.pg,pg,6155,a5d18c9d505afdebe88be26e7570eb462342abb00f3859aafbf7717c4bef3e02
res_n_main/medium/tex/icon/Cmn04_231004.pg,pg,5901,3372054f3fbd23cce11be8aafd942a35727ddfb8e15aab74db6f2dab0908e323
res_n_main/medium/tex/icon/Cmn04_231005.pg,pg,6538,81ec83ebb2593efdf69f581c87218829893ed39f573de91346d7b13eda98d02f
res_n_main/medium/tex/icon/Cmn04_231006.pg,pg,5264,5640f9991686520aa0ca81429647a93ecaefdcbd983b3b171a03a22b09952ecf
res_n_main/medium/tex/icon/Cmn04_231007.pg,pg,6537,af0ebb421435a15b90c1f5ebab7d097982dd3f9959467e4c39045079298ceb8a
res_n_main/medium/tex/icon/Cmn04_231008.pg,pg,5154,cae2019e1711e35f8ec9a5d69e01990518a787c3d7ac99c1f5b3b238a6438dc4
res_n_main/medium/tex/icon/Cmn04_231009.pg,pg,6515,0448f3362e215ed3747b71d9fa8aa311abe3228242fe6d559a6149bbe7e0a0d5
res_n_main/medium/tex/icon/Cmn04_231010.pg,pg,5824,a50a1e26ea4806b4b91e0af6a353779a7f6be8fa98fd0ec8d5e016f26d202d89
res_n_main/medium/tex/icon/Cmn04_231011.pg,pg,5148,9e63ed30f7a9bb81b35690778877c4aa84ab581bfbc73f02c70e8e5bc2beb6fc
res_n_main/medium/tex/icon/Cmn04_231012.pg,pg,7209,4fabed7838d60ad503068b0e66fbba30dd3d528b11ffd4fa3b5eea8b2b94fd93
res_n_main/medium/tex/icon/Cmn04_231013.pg,pg,7264,4c7c31db28fde36fab9fbb88ca37814600c36a79e22c09d0a8b134e041a90dfb
res_n_main/medium/tex/icon/Cmn04_231014.pg,pg,7210,00f6be99f11b63b79c08dfc6e3a2cc92a23ae08aec441f2d6c50fe3aa3ba8f71
res_n_main/medium/tex/icon/Cmn04_231015.pg,pg,6059,4a75714e115d9a9a7a46dea19ca19e3c44fe2d2a17b556b7e24df9f87d469772
res_n_main/medium/tex/icon/Cmn04_231016.pg,pg,5219,75047e3caf4a41e45039384223b38aac2c30800d06b1cfeddc81a619b17b60af
res_n_main/medium/tex/icon/Cmn04_231017.pg,pg,5653,f4b07f6d2091ade3bc2f123744df90470711ad275947dea6f63fae72d5bb37fc
res_n_main/medium/tex/icon/Cmn04_231018.pg,pg,7696,49ca7415318140268017f3b042c294271fedcef2142fd984bae94db67d5550da
res_n_main/medium/tex/icon/Cmn04_231019.pg,pg,5673,6b15b9e4a60d33d4bf83bf499988b376ab774cadaa922298f0fe59e7fba7c97b
res_n_main/medium/tex/icon/Cmn04_231020.pg,pg,6255,3fb19c0876723e39d9eecd01646f0171c4b37a019d0ec273f5e8a1012475fbbd
res_n_main/medium/tex/icon/Cmn04_232001.pg,pg,5861,285214d79047cc0bb29526a5f1e736f16ef38e4e3eebf11bb64c69bcce23ee51
res_n_main/medium/tex/icon/Cmn04_232002.pg,pg,6068,d65861db63468c2f634a489966455c694fe716047f2ebf77f71de77677e946d6
res_n_main/medium/tex/icon/Cmn04_232003.pg,pg,6130,696dce89e149cc99fa139de6644b6ea124fbf6f42e3b3ec1326b8bf2124b1163
res_n_main/medium/tex/icon/Cmn04_232004.pg,pg,6365,cefa0f17e9daf68f40ffb16f68bb90fb75d60f9a2457403de05cd1f1da78c2d8
res_n_main/medium/tex/icon/Cmn04_232005.pg,pg,5843,08e80dbd3270e08055459d1d3225cbb0b5efe1a2919c3b5912b04819f9f377cc
res_n_main/medium/tex/icon/Cmn04_232006.pg,pg,6526,1445a47b61e7bfb4732525d9ca7a6d4efce5f607f4f90d13dec3545ec8510518
res_n_main/medium/tex/icon/Cmn04_232007.pg,pg,6631,4ba2816c29920e2bdef21b39cad3b77839ace0125818e4660a25cbe75172dad8
res_n_main/medium/tex/icon/Cmn04_233001.pg,pg,6945,a8d946fce770a6c4ec19cfcc6397d99e3d14c89d0667e4be6f452d1d8774854d
res_n_main/medium/tex/icon/Cmn04_233002.pg,pg,5810,35e16a847dfe9804d4656d02fc67c48539f112d69e995cc13d3a92835b707601
res_n_main/medium/tex/icon/Cmn04_233003.pg,pg,5800,46513f7dd5e2e032a4a21a693b43deafad40cc863f0bc4c08e551320ae88691a
res_n_main/medium/tex/icon/Cmn04_233004.pg,pg,5730,7220181b1e1998dbb23ceaebd76e195a0cebdb9380bc9f8cff25e7f34d92d1fa
res_n_main/medium/tex/icon/Cmn04_233005.pg,pg,5750,36fb5e83c9cb1e76b6cc39ad39f65368a9a09ad85fcaae66ef9753bc3151e1d0
res_n_main/medium/tex/icon/Cmn04_234001.pg,pg,6258,3de549671878eec3f6582d0a732dc1763612fece67fa6565775c7ea16e782a6e
res_n_main/medium/tex/icon/Cmn04_234002.pg,pg,6367,26c8d38d7b64bea7a76df30af2682734717aa00e4d9a550df59417ced067ebc7
res_n_main/medium/tex/icon/Cmn04_234003.pg,pg,4697,5eff0d90447d31c06aa0a0e714469debea0b279d83948c2cab0209d70fab98ef
res_n_main/medium/tex/icon/Cmn04_234004.pg,pg,6544,56317613379c65c15a0277d6d28effdf30ad872ad50c94ac8c228faa3b986811
res_n_main/medium/tex/icon/Cmn04_234005.pg,pg,4665,cf20a2a7c397ff730c286a339cb19e63325651d68549ef8fc3eaf790fb6f963e
res_n_main/medium/tex/icon/Cmn04_241001.pg,pg,6641,78243a56f8c9869db6781ac10059e22d67a70ac28b29dc4d0d63a26c6f33c673
res_n_main/medium/tex/icon/Cmn04_241002.pg,pg,7392,eb3590dccd7b376c2dcc211e5ab135d82ad0a01d6834b424ebf25aabe9c40ff0
res_n_main/medium/tex/icon/Cmn04_241003.pg,pg,6226,a450c45c6aa4ae657408a406f5ef0ab0c69d969f977bd5c57d900da87d900264
res_n_main/medium/tex/icon/Cmn04_241004.pg,pg,7414,39fc37d552da32b6e27634bebf209ad81273904e1290dfdcd0468558d85090d2
res_n_main/medium/tex/icon/Cmn04_241005.pg,pg,6049,bfcee6724dd33a8141eb0f358362e5cb820a2e2f2e9cf571e76c4f4499befc47
res_n_main/medium/tex/icon/Cmn04_241006.pg,pg,6755,f7ef5d3d4575804cb486aa4e519405ca049080bea4543d5d4953fbb8fd99edaf
res_n_main/medium/tex/icon/Cmn04_241007.pg,pg,7218,87ba221ad095333f5dc6ab01f797e470b4e2e025a28b6d77575fbf185a9f35d9
res_n_main/medium/tex/icon/Cmn04_241008.pg,pg,7130,b3d5c97e37e727b2292d622d6ba837b066b161e4d25502aa952c712cd89a6d73
res_n_main/medium/tex/icon/Cmn04_241009.pg,pg,7593,d1f247ba1f68a281d5ea34a2ed24e47428433a0f30d0c72492bcf33c85590017
res_n_main/medium/tex/icon/Cmn04_241010.pg,pg,7117,2b635061a8571257a0ae70929f8c5eac7527fd335e6c91744105d41f49413381
res_n_main/medium/tex/icon/Cmn04_241011.pg,pg,7678,77d2c5bf9fe295f3dae7c7778f28f2142d4af126b8fcf15afac9d63a7ae423ac
res_n_main/medium/tex/icon/Cmn04_241016.pg,pg,7176,d32ae21320d1d88da63a383e7c6d112e9e20f948a90439c0c1bfb789667771df
res_n_main/medium/tex/icon/Cmn04_241017.pg,pg,7856,4b6e48fc116c3fabdd802c7904ba91c66b1f3a8838907b860ffc671fcb63b630
res_n_main/medium/tex/icon/Cmn04_241018.pg,pg,7291,6c8a00bedbf2034b173f2cd99d6d0fec41002604173366eebe03c76b5a683c01
res_n_main/medium/tex/icon/Cmn04_242001.pg,pg,7172,e9455f9e8cbc471adcf628d546d9528e85110b4ca863c681bb988ebe9d5765c8
res_n_main/medium/tex/icon/Cmn04_242002.pg,pg,7010,2da266c3fcd13426ecba3a0978b84a3c998cc7876ba70274e7b2540bd39e6b14
res_n_main/medium/tex/icon/Cmn04_242003.pg,pg,7398,f74b08a25ef72d4b3088b9845c01998a012ffcd38e5569f220e1185e2f702bbc
res_n_main/medium/tex/icon/Cmn04_242004.pg,pg,6225,a5bdcbef6cc56367cb99511fd2664b2cb5fda4e4944f7704b85d8c2d4eeeaef2
res_n_main/medium/tex/icon/Cmn04_242005.pg,pg,6461,b0a95a647900575d18c0c4f71798e117d891e1a0e5d6b507394f053c81a5696e
res_n_main/medium/tex/icon/Cmn04_242006.pg,pg,6757,3916f010528db322dc4286b1f5872362d9fc3b9914732c0ea4e19f1e6db9d9f3
res_n_main/medium/tex/icon/Cmn04_242007.pg,pg,7585,5eced651d6101cd1ef05abb513fe11d9b8619d52e6ca8606e0d7329e3c8fda43
res_n_main/medium/tex/icon/Cmn04_243001.pg,pg,7615,b71e7b47142db9dd9f0cf831bcd0c9e9cbce8360c71f18ca55d23a41ada673e7
res_n_main/medium/tex/icon/Cmn04_243002.pg,pg,7250,ebfe76c70200f6aea1d183e969c3e2fb023f4d29d3b955121df284388c998288
res_n_main/medium/tex/icon/Cmn04_243003.pg,pg,7384,72534d5704d867b07da3fbb26b60d8207a5dbb03ead9bd498964706a19d0523f
res_n_main/medium/tex/icon/Cmn04_243004.pg,pg,6740,f5d74f5bd089185a8d3d13925ce2f1bc364ffceab5ab9bdb07d0e83b2537e836
res_n_main/medium/tex/icon/Cmn04_243005.pg,pg,7487,f87c93b467ff073c0fbf9ca245adaf3fdf5a6ddcab1c0d50a9b24d487bc7f7e8
res_n_main/medium/tex/icon/Cmn04_244001.pg,pg,6113,3432f5a54acd7097f0d916bfc8696816de2ec9086b568b814821e29c7f147459
res_n_main/medium/tex/icon/Cmn04_244002.pg,pg,7157,8272ca93e48c0bb5a801bfb1a53244d3be378e805951f0e642136414d507b1ab
res_n_main/medium/tex/icon/Cmn04_244003.pg,pg,6748,57ca63e0f2d7dc567ad573708291b36ed186128384203b7e15e521aef9391734
res_n_main/medium/tex/icon/Cmn04_244004.pg,pg,7846,777be28dcea6553367354f696c5f0205e04237be46b9ec53e246104f66ce4ffb
res_n_main/medium/tex/icon/Cmn04_244005.pg,pg,6563,525859acce5bb5ec25338f5cb07309e17af9f123e61c57c58bafba93b8989ad0
res_n_main/medium/tex/icon/Cmn04_302101.pg,pg,7314,88de3626245e981319cdd6fbcda04e5324f036545c0a502338d08ef0acbdbcb2
res_n_main/medium/tex/icon/Cmn04_302102.pg,pg,7532,b683e4ccb7937301a25dc53b551cf3adb05f81d15eb3b904012d59a11869feee
res_n_main/medium/tex/icon/Cmn04_302103.pg,pg,7342,9cdbfbc1009d834be2e9ac620b1340120d853b3cc41516fc39020bbadbcb11b9
res_n_main/medium/tex/icon/Cmn04_302104.pg,pg,6607,6786b3d58cc0fbf3871165d5b1234ee3faf5f44636fb3ccd3b03e50b7e3d5345
res_n_main/medium/tex/icon/Cmn04_302105.pg,pg,7055,77ee29ff604ccca5ff63eac556b0866ae0b6979faccdef2ceed9a1fdb2b14fac
res_n_main/medium/tex/icon/Cmn04_302106.pg,pg,6768,6de783afcb3e2c468d6511828d56a23a98a856579c4d09fa18ae2f7c6de5157c
res_n_main/medium/tex/icon/Cmn04_302107.pg,pg,6763,fe8e5f9c5787ad70fab34c2a6c320f3b33c66b3ba9af563efd32fd3400183dad
res_n_main/medium/tex/icon/Cmn04_303101.pg,pg,6988,8a41a3150e97488394191ed84439d56d5c42c4b232891f0d01857934d3581a70
res_n_main/medium/tex/icon/Cmn04_303102.pg,pg,7245,0e3fefb76469e9e8c3df357d60b6c07bb0cf33d8afbd09a0119526859098db4c
res_n_main/medium/tex/icon/Cmn04_303103.pg,pg,5876,bd4a742678a7e8bdb1be36cdea9c3a935298868ddb35d1b062203824946216ed
res_n_main/medium/tex/icon/Cmn04_303104.pg,pg,7270,e6ae344d72e011059a43e320a805aaae34b7c7fbfa66d1aa3450405f63878413
res_n_main/medium/tex/icon/Cmn04_303105.pg,pg,6880,2279610f9f754df0e92676f1ae21f1db09c87865fabed171f317e0a7c1270762
res_n_main/medium/tex/icon/Cmn04_303106.pg,pg,7229,5562aee00307d2bf78be02a31b20bd3c8442a1b48ba67afbe9b028fec7b0ba9d
res_n_main/medium/tex/icon/Cmn04_303107.pg,pg,6963,8236ce2f8454b5f97ece01a951cb16364626234061537485f177d02f3cac9f36
res_n_main/medium/tex/icon/Cmn04_303108.pg,pg,6904,78f44ef45c91d8f440cd39ca8ad28663d0dd37ca3aa6607abed2103ffd7a6cd0
res_n_main/medium/tex/icon/Cmn04_303109.pg,pg,7077,2187a5fb65fef52c1f434446e2920b1e4c0ef65a52513521113d364945718f03
res_n_main/medium/tex/icon/Cmn04_303110.pg,pg,5818,ea4ef22644f0ee1424a97b34da67466a94bec305f2b096ecbd215dcc28506025
res_n_main/medium/tex/icon/Cmn04_311001.pg,pg,6559,dd13548426f7f2a5536e9040d1702cf8df6e6ddacf64f6b6056b85b2cfb215f4
res_n_main/medium/tex/icon/Cmn04_311003.pg,pg,7025,a354a9c93deda4a245e945a7b3d33fcdd4013947c1fee5fd95a8030c0f502147
res_n_main/medium/tex/icon/Cmn04_311004.pg,pg,7453,26860545eefc7b9a8f6481c1afd46a20869c47fbb340f22d8e63a9d55236ad06
res_n_main/medium/tex/icon/Cmn04_311006.pg,pg,6493,e814c1a7b41e187f3ddccef95f26ba3f37012483b6328007f67d04aed42fbf5a
res_n_main/medium/tex/icon/Cmn04_311007.pg,pg,6244,b0cfc35322e153fd00047eef692a8cf7664f16889c29304074f7102cb4d3cc0e
res_n_main/medium/tex/icon/Cmn04_311008.pg,pg,5782,b20c1c61ffdb53de5b42484160230536d211fb7c808664e658cb50e14e5246f7
res_n_main/medium/tex/icon/Cmn04_311009.pg,pg,5892,d14c11510a314ab61dc467471548f02a209610eee915c11a9bd3f73c4c759cf1
res_n_main/medium/tex/icon/Cmn04_311012.pg,pg,6443,40eaf6497f7b80cab036977aa4003bfcd2322b6e98971175a9de68bd3040eb3c
res_n_main/medium/tex/icon/Cmn04_311013.pg,pg,6928,2d6560e9ed3a526ffd80eba2a0068689b7aeb294024aec4fc9ab13d0dbfdf119
res_n_main/medium/tex/icon/Cmn04_311014.pg,pg,6581,9c7b1fc6a3536dba43eb4032ad932a20eea908d77755666b6b0e1b6fdbdde8ef
res_n_main/medium/tex/icon/Cmn04_311015.pg,pg,6637,a1215ef89f60085522ec4fe2c88f8e12adbcd99b55bdae0a120ffbd0d536e807
res_n_main/medium/tex/icon/Cmn04_311016.pg,pg,6750,d3767e83a1fe099f856e248e7879cff62452fd0078dabca53da95caa7a4169d2
res_n_main/medium/tex/icon/Cmn04_311017.pg,pg,7610,35ba7231b93de34b78c64a5e3ed71f259aecd6b0deccd1cde633dc8a7b38bef8
res_n_main/medium/tex/icon/Cmn04_311018.pg,pg,7385,96e6e10dfb790c7cbead16b2cca2d95e9228e416c26310d859d6361c18cb1742
res_n_main/medium/tex/icon/Cmn04_311020.pg,pg,7220,dc906e307dc8d80e4aa4d493cbdb98f5a5c1eeeaa02b9a13cc24a4dbe443ec64
res_n_main/medium/tex/icon/Cmn04_311021.pg,pg,7105,10c593a50cec5e9a45bb6de8dc282f67676563e87478a6e6ac0de8bb76eaaa12
res_n_main/medium/tex/icon/Cmn04_311022.pg,pg,6469,4f3e631a7a6fe8cffd790e2f8d791188488446b84eede22eef5c8341112de14d
res_n_main/medium/tex/icon/Cmn04_311023.pg,pg,7248,6526e0246a780d6bd65300f07e1220f611bfb8c22cb86d25ddaa067c0ba8b543
res_n_main/medium/tex/icon/Cmn04_311024.pg,pg,6657,6d86f4c8cfbb26152e62f1e734de6983070b51ce6dbce0db90c65c58e481b6c1
res_n_main/medium/tex/icon/Cmn04_311025.pg,pg,7357,2a5080ca5da58a8de459249863ca3d8290b45b7149d2d4ee4fefb7f8d94f3c87
res_n_main/medium/tex/icon/Cmn04_311026.pg,pg,6904,c7908331fd5f83b76f2419b5e1e16ae982d0001cc10a5961cf1d830d66fd240e
res_n_main/medium/tex/icon/Cmn04_311027.pg,pg,7281,9c1f2d3841038576c59c3cf9fe75a157e17948fc6997dcf53ea30bda00d1bb43
res_n_main/medium/tex/icon/Cmn04_311028.pg,pg,6116,7ca336138b9953faa4e86dd5c5a3961e20598b1226198d2a5c42009277d5fc4c
res_n_main/medium/tex/icon/Cmn04_311029.pg,pg,6578,b8ce4a49df0dd06c827100550d9e73433e66457933786fd7a1cd07e3c3f56805
res_n_main/medium/tex/icon/Cmn04_311030.pg,pg,6520,570a5cca36ec688905dc505ae2fd0cde601259b5cce170e17d13f10435fa0078
res_n_main/medium/tex/icon/Cmn04_311031.pg,pg,7171,f4212a2c95c3756d849149b42ab0c49f90e06e28457d6e934b2743bd7d84f6f3
res_n_main/medium/tex/icon/Cmn04_312002.pg,pg,5774,398ac552a91895a3f36eb4ae222be096819cfa0501ae0865f36394e911aa8abb
res_n_main/medium/tex/icon/Cmn04_312008.pg,pg,7296,da1b1d7de99cb56f1449a3a82df443a375fc593fbc43e24178493d83b10a9849
res_n_main/medium/tex/icon/Cmn04_312010.pg,pg,7137,664229ff2b600b6156c2c68864f046d0906211a773f055a9e4ab599218541afb
res_n_main/medium/tex/icon/Cmn04_312011.pg,pg,7148,998f9d36148f0a28959166d4deaa58a662e59e810982050724cc627df2cf219b
res_n_main/medium/tex/icon/Cmn04_312012.pg,pg,6180,3cda6c0496b7c3c3e829fab3a7ecc2056760e89a17ba21340c45c9dfd4279baf
res_n_main/medium/tex/icon/Cmn04_312016.pg,pg,6835,1567ec9fe20bdaa32ab1b48f33418243100feaefed7a2576d6524fe5567165eb
res_n_main/medium/tex/icon/Cmn04_312017.pg,pg,7571,a2ea57d0d0a2664cd1235da774481791094aed5512136e6291816f8a0b01ab9e
res_n_main/medium/tex/icon/Cmn04_312018.pg,pg,7454,cc0971eeeb83e562f6e4dd0ce69f6d6a77556c698d5dc2c5d9ae260ed86dbaa4
res_n_main/medium/tex/icon/Cmn04_312019.pg,pg,7399,2e7a4ec2a99474aabd91bfe342b409596cd1ad781f1add6667c63bdf6b993353
res_n_main/medium/tex/icon/Cmn04_312020.pg,pg,6618,01ace640705ed22a9ba272d2de66cd9cd6923135427da842b7f881eea3e40895
res_n_main/medium/tex/icon/Cmn04_312021.pg,pg,7205,c0f741080a67e910603d33080c7cba42fbbafafec45502c11d6618edb38dfc8a
res_n_main/medium/tex/icon/Cmn04_312022.pg,pg,6835,1567ec9fe20bdaa32ab1b48f33418243100feaefed7a2576d6524fe5567165eb
res_n_main/medium/tex/icon/Cmn04_321001.pg,pg,7287,bf21373c638ffd49802fb0467ac79a9024a04414c41a82e306c0eb887459ea3a
res_n_main/medium/tex/icon/Cmn04_321002.pg,pg,6787,b2f0d2105d5fd79910d3cb97aa88f489947e5479ae8dd20710e268d7c34ea792
res_n_main/medium/tex/icon/Cmn04_321004.pg,pg,6723,881f9d6bf9c2ab141c31f365302688ee56d5ba011d75f67930db0bd1c63b7158
res_n_main/medium/tex/icon/Cmn04_321005.pg,pg,6100,52c44e5379ced37cc9a8e19899629ce190478c270c2ea304d972cd9694f05a0b
res_n_main/medium/tex/icon/Cmn04_321006.pg,pg,7145,f1e4d4d66165d68f4d9844cd5c212faf54ca5c8f3705a85ea0dab3842d68a1e1
res_n_main/medium/tex/icon/Cmn04_321007.pg,pg,6625,a078d0fcf19f1af30fe84e587a0d05b81386253576a1806ec116b86cd0fd5716
res_n_main/medium/tex/icon/Cmn04_321008.pg,pg,7822,83d327475840459f2e5b479ecaf79a070e7e528f117d813f89888702730539ca
res_n_main/medium/tex/icon/Cmn04_321009.pg,pg,7291,7ca8f205d4618ba5df16073a6b8aa58a8993f3421db65afea175d8134e2107fc
res_n_main/medium/tex/icon/Cmn04_321010.pg,pg,6604,25f4801d6b5705187f19ad2abd17e7258c16c5df5be3c589acf95a9441782585
res_n_main/medium/tex/icon/Cmn04_321011.pg,pg,7481,125270fa27f39655aafb48d2bda4f211a3171af420b0a95193997ac22f9ae1ca
res_n_main/medium/tex/icon/Cmn04_321013.pg,pg,6780,b6f29eb2beb676a9b39acecbfe3c5577bdf6b34bb36386e4f7524d594c74493f
res_n_main/medium/tex/icon/Cmn04_321014.pg,pg,3777,ea2ef4717c0f1a2c789c78cb048bfb5aa61fb9fcb003e5a8a72aa48541a465c1
res_n_main/medium/tex/icon/Cmn04_321015.pg,pg,7009,5ac4e011f1a5818beaeba76711f2a116649a3aa70d8a30e28ce7dfcd5c52bc5b
res_n_main/medium/tex/icon/Cmn04_321016.pg,pg,6930,b4a42078cacd8096a79ea58c7cf4d5243e3873dd09f05642949277e9e5548d9d
res_n_main/medium/tex/icon/Cmn04_321017.pg,pg,7690,38d5152d548c7d97dcef3f70145f49e7a45eb37600cad35588a80bce1ba26102
res_n_main/medium/tex/icon/Cmn04_321018.pg,pg,7209,5234a90ac8f958d158c7504fe2b45d15f8bda43fe01cc0bd26473e5eca93049c
res_n_main/medium/tex/icon/Cmn04_321019.pg,pg,6252,bd56f3cbaa0dbcca34e75d90ad9d7ad3c8d79e97cf036f8f5ed51459c92f2dad
res_n_main/medium/tex/icon/Cmn04_321020.pg,pg,7293,fc2bb345ac6628a0b7c7ae6996916d2ccd8ce509b922e1ac1220e19452503926
res_n_main/medium/tex/icon/Cmn04_321022.pg,pg,7811,3928a74c56fe119249f2b900909fce9eeebfcbd78a2b3a0d40f773cf91ed037f
res_n_main/medium/tex/icon/Cmn04_321023.pg,pg,7414,274c520cdcad38462ca614c4a5b1b3700b1088ae27a70ded95ec15fcad24232a
res_n_main/medium/tex/icon/Cmn04_321024.pg,pg,7194,748ea0835eec9d051031278b7842fa192b8934383b515616b96f2c122dea121c
res_n_main/medium/tex/icon/Cmn04_321025.pg,pg,6783,0aab7d1a50a3df4703ad448b9817e92768b6d5eaef37d6fd69f48de32e9e0cb9
res_n_main/medium/tex/icon/Cmn04_322007.pg,pg,7106,2753405a1c2d0b4c590004475a76a08c64080d11b052c18e2f10c92aea87e64e
res_n_main/medium/tex/icon/Cmn04_322008.pg,pg,6859,5b5146cbbb03fccd6752db8a278d529ef716d5d3fcca6eeebff918d9a7784f90
res_n_main/medium/tex/icon/Cmn04_322009.pg,pg,7157,071b261de95654059223bad46ff430e93943845de7f36af6c8af675bf8907414
res_n_main/medium/tex/icon/Cmn04_322010.pg,pg,6952,6af4ed547ecb83b41ae74f5aecfe70d44a76122fd694dc33266c15ae0200c1a6
res_n_main/medium/tex/icon/Cmn04_322011.pg,pg,6789,3f2dff114966ce941c739516c0147e4bd1cb73472eba3b734a4228ee28cae884
res_n_main/medium/tex/icon/Cmn04_322012.pg,pg,6223,9e12e0aee3c63f13e49b3fcf89edbd0d5ab6a25c2c3b91b8c2bfec8e28bdac85
res_n_main/medium/tex/icon/Cmn04_322014.pg,pg,6851,bb97f7823d277138f6b8a732484a366ff03a080f7b2c4cdfb0dee5ef5f8e66e5
res_n_main/medium/tex/icon/Cmn04_322016.pg,pg,6875,819021320c04e221f6102e93855f05e94971e3d10aec5df6ebf3970f7e252c6e
res_n_main/medium/tex/icon/Cmn04_322017.pg,pg,7185,27975ba9cbe1d455c079443776300c39cc7ccc650c068c300c50c641b47da73d
res_n_main/medium/tex/icon/Cmn04_322018.pg,pg,7516,0277e01252aad1a7e7b30c1a53e66fcaf37d1362ef95599a7376c7b2e0629757
res_n_main/medium/tex/icon/Cmn04_322019.pg,pg,6673,4a740104437e5cb464c587235eaf84bc9713acfb30f939ca3356db7fda230724
res_n_main/medium/tex/icon/Cmn04_322020.pg,pg,6901,538e35e30872d9dd01c510af7c533e29658dedfd2e05634dad8f8dbb43e99406
res_n_main/medium/tex/icon/Cmn04_322022.pg,pg,6357,6eca1a94965fc79cd7baff896e2ba56ba31c750915f1540851160b3d30798c82
res_n_main/medium/tex/icon/Cmn04_322025.pg,pg,6979,15f0d354d97db21684daa237dd3e74dd807cd6e925afe7c5ef442b80c386c339
res_n_main/medium/tex/icon/Cmn04_331002.pg,pg,7570,8a3bb5c45ce6eaf59594b4d16666440692d406891fde162304d428c906813311
res_n_main/medium/tex/icon/Cmn04_331003.pg,pg,7394,594efdaa999a4117c55ed9d08d1bd95c4050715ee0e814f2aba1f12f06c1e29e
res_n_main/medium/tex/icon/Cmn04_331004.pg,pg,6819,506845a725d03b564836fcba352e5e5ade47d3fe5d9c67ef4142ba2b774405c8
res_n_main/medium/tex/icon/Cmn04_331005.pg,pg,5651,dbe306381d1d8328db480aeed8527b1d8c50f209112532543530fab6ce03369d
res_n_main/medium/tex/icon/Cmn04_331006.pg,pg,7385,2310029e9495413a77160592e0d4560c74a950c71b0536341cd89be2aae3dceb
res_n_main/medium/tex/icon/Cmn04_331007.pg,pg,7667,69ab36342074e20154fc98cd79cc1500458c5408cab0836b249fb3151cb7a070
res_n_main/medium/tex/icon/Cmn04_331008.pg,pg,7064,b2e6e7851b00666bbb02c22bd253ec77ebbc7446aea428b7b7f11837e2afd090
res_n_main/medium/tex/icon/Cmn04_331009.pg,pg,7408,645f7a449a02be4bcff3d02a1f8c8a0303ceb75263d295f4336b4083ffc24753
res_n_main/medium/tex/icon/Cmn04_331010.pg,pg,6761,3a6b35506fe1292cb3b313c7fd37a1b47fdf203279fbbdddd888ad053cbe1137
res_n_main/medium/tex/icon/Cmn04_331011.pg,pg,7411,968f03291abc6f2f30a06551586025d7d638ed13f2f414f3097caccbc4f2fdbe
res_n_main/medium/tex/icon/Cmn04_331012.pg,pg,6706,a4d301f5ee695a44169589ffcfd1bc05232019f7a203d118ff352033b8060ced
res_n_main/medium/tex/icon/Cmn04_331013.pg,pg,6954,b8af88bcfd1e7432db84b2d572061fcb56240f3b5a4dc06143a429ca7aef11cf
res_n_main/medium/tex/icon/Cmn04_331014.pg,pg,6968,6d1960be52a263059deab465579c675c1f27545631153333f4438a60dc0b1445
res_n_main/medium/tex/icon/Cmn04_331015.pg,pg,6909,ef41d91fd6c9b15cd3821208da8539e9ec63a0bab86c39af301e5be81eca7543
res_n_main/medium/tex/icon/Cmn04_331016.pg,pg,6582,700c9d86413d244932b409af6e247e9186611454b3e5443ca97fd12a521321ff
res_n_main/medium/tex/icon/Cmn04_331017.pg,pg,6439,496b2696bc051812bf2784d7989a7918ebd9da2c6bad8db7fa7d754b85b2b11e
res_n_main/medium/tex/icon/Cmn04_331018.pg,pg,7183,f44485ac46e9e318bcb4c8ed3e681a2a1f00351eb970163390745abedb1d645d
res_n_main/medium/tex/icon/Cmn04_331019.pg,pg,6966,c0e8124121e01e6d4e04a2d56cb2cc806a95bdbb7f05a7120f440f5d2c8f4bf4
res_n_main/medium/tex/icon/Cmn04_331020.pg,pg,7243,2cc3b5cfc95d8915fe72983bfbd7bef4eec085406431dfece4ffc4ac61b11d83
res_n_main/medium/tex/icon/Cmn04_331021.pg,pg,6897,92513b052ef9062a9b45674b1f6b18e2f922eab1cf274a3c63dcf2b5f927f3bb
res_n_main/medium/tex/icon/Cmn04_331022.pg,pg,7297,9c4fdb51912a35958a87555fdb0ae088e4d4e42b56980b38a1556a2e1c7c164d
res_n_main/medium/tex/icon/Cmn04_331023.pg,pg,6350,d81ac5e7ef14c201d15eaab52eef55f583ec86cbb32a2cf132a468f34e825fad
res_n_main/medium/tex/icon/Cmn04_331025.pg,pg,5367,59566837fd7d460d683f4f219560c87f81b81b0eec8c02bc022be4d4287b7af3
res_n_main/medium/tex/icon/Cmn04_331026.pg,pg,6614,9ece38474b7447777f991ead3911e35f4c2af04a96f53272b2cb06d101494f37
res_n_main/medium/tex/icon/Cmn04_332010.pg,pg,7149,9c9a5021a0fa773e6c7abe59a8a549eb3f0392f441a271af280172fbf930f4ef
res_n_main/medium/tex/icon/Cmn04_332011.pg,pg,7197,19b9643e0005c895fa3dd731ccfde2a937a5f3bfa00f8a9ddfac9826f2be5879
res_n_main/medium/tex/icon/Cmn04_332012.pg,pg,7086,56aba90e7e43b1ed9376696730f6d13349e28b4c2d5f8141333add0b2992d92c
res_n_main/medium/tex/icon/Cmn04_332015.pg,pg,6248,380869bf59bf9b7767c4305f9fa472c7b4cf017f91b3ffaddd4ea0647051b955
res_n_main/medium/tex/icon/Cmn04_332016.pg,pg,6941,50ad536a6d2f34e8768f9005aad4308ea7b77d8d0ea016b0bd0f1be4a5b08aa5
res_n_main/medium/tex/icon/Cmn04_332017.pg,pg,5805,5a05f3bef75189c0238ccaaefa98e44e6537f86c500afa23bce5fbf2abe7b1cb
res_n_main/medium/tex/icon/Cmn04_332018.pg,pg,7286,52e9b1b6e6feaef5a1d59c9b9a05606377102ca2f01cd6596684bade3ea4f7ef
res_n_main/medium/tex/icon/Cmn04_332019.pg,pg,6843,3ea69bc795fe14bf852b7ebcab1a36a13d3cbd6c1f08a13918dfedd8a9cb0a72
res_n_main/medium/tex/icon/Cmn04_332020.pg,pg,6833,dfc17aebb7d0b7710ede49f22fef5b8db674abda8e031831c79219246eb11574
res_n_main/medium/tex/icon/Cmn04_332021.pg,pg,6779,fb2b908f2dfdd20308a0259cf2a3b906f06ff54cba813a146791358affff8211
res_n_main/medium/tex/icon/Cmn04_332022.pg,pg,7060,d86d2bae91ab625bcc22fce196bbbe8846fff7f1c4ed3e2e2d281349edf2d052
res_n_main/medium/tex/icon/Cmn04_341001.pg,pg,7314,fac69e5429dda3341305978207c144fb45ef431acd943271ba0c8af27e239353
res_n_main/medium/tex/icon/Cmn04_341002.pg,pg,6082,e580a0709b5b185e9d1ba0e39de80330700c74b41c4d0e041d598e36db025c72
res_n_main/medium/tex/icon/Cmn04_341003.pg,pg,6776,cd56b0af089b6f5a91cca52616b7946aabb79c64b63ccf3f7447740ccca39d18
res_n_main/medium/tex/icon/Cmn04_341004.pg,pg,5849,0514136b301a63309124eb970d5ed72ce30698cf34dbf499b64145e09ebee664
res_n_main/medium/tex/icon/Cmn04_341005.pg,pg,7263,3fafaf1cffea12c11f1b9729b74945a8cc769a080981a7b8837a20e43b1b1927
res_n_main/medium/tex/icon/Cmn04_341006.pg,pg,5653,69c232ab0cfc3827a9c5d6444ac2641b667551bff5f58a9f917a1ac7d4a2b5c9
res_n_main/medium/tex/icon/Cmn04_341007.pg,pg,6910,095258a56dbab506afdb2da0cd0e0d633dd65ca38c64d9e56b188d08043e6759
res_n_main/medium/tex/icon/Cmn04_341008.pg,pg,7078,69865ce24360b3a3dae013c9ae39d9ad0808706ed50bbc0e524970687274921d
res_n_main/medium/tex/icon/Cmn04_341009.pg,pg,6915,5b7c9b9b9fe700cf13b9fe28a10edbd7bb69a1aba3f1558ec713b791e60775f1
res_n_main/medium/tex/icon/Cmn04_341010.pg,pg,7268,9a4476ae836e5d3d21760c5376625fad0c12056eee3adc1077c1e096c8525220
res_n_main/medium/tex/icon/Cmn04_341011.pg,pg,7206,60675681889fd8f73910312a975ba9de107c572835114ef8948a8afdff620a90
res_n_main/medium/tex/icon/Cmn04_341012.pg,pg,7443,f30baae048ae0f8c2a366cd9847042f96e8e0a00ff48a8fd809070d8fe67da7b
res_n_main/medium/tex/icon/Cmn04_341013.pg,pg,6931,534e27e617a1c7d3cad945a74367b90473e864d1bd853453de1f7452dfe70fb2
res_n_main/medium/tex/icon/Cmn04_341014.pg,pg,7582,7373acd03a814462e44098e743ead667f611fad49b6194d5b85b5bdf9832ca8e
res_n_main/medium/tex/icon/Cmn04_341017.pg,pg,7356,b95c4d1b0e746cab0e4a63030ed3769bc37c2a8a5f6ec881219c8d2501ffaf02
res_n_main/medium/tex/icon/Cmn04_341019.pg,pg,6927,6d7f241b5d88ca4cb37c90e3a5b24f99b7763d52c9ed4f7096e9b19d264cd309
res_n_main/medium/tex/icon/Cmn04_341020.pg,pg,7514,4cdd8caabc5ce6cfe8e5a6d166f60993ade2aa83aba8607fd9ebadaa1c5dbc86
res_n_main/medium/tex/icon/Cmn04_341021.pg,pg,7399,75272a4f1a4725ef6bcd09253a03d1d61df1ee8732262fdc3877a4679af1fade
res_n_main/medium/tex/icon/Cmn04_341022.pg,pg,6182,e341fbc68912f4f9fb4771dd01484ada7b189c2facb88c83d073d74398269f15
res_n_main/medium/tex/icon/Cmn04_341023.pg,pg,7451,47317ff4cd7c4b5d7d2a27fbad5b4184d6b32fb2c1d4564df2eab62ae43ce154
res_n_main/medium/tex/icon/Cmn04_341024.pg,pg,7092,87f4870c98d4459356cac91e7c87b1e2f1dda9242e027474ba859dab1916a299
res_n_main/medium/tex/icon/Cmn04_341025.pg,pg,5599,c103d4d71a8fa5b9a54cab7577a680881acd460907773f0bf5caf50bdf4e175a
res_n_main/medium/tex/icon/Cmn04_342002.pg,pg,6581,e9289945fc3311f6853a0cd9a6661530b2f7f264a0ded705a48ae3ad3ec466e8
res_n_main/medium/tex/icon/Cmn04_342003.pg,pg,7455,6c038f30340018f6d82a0a25d9482c0172f57959f5fd77bf0e3e1404869b41ff
res_n_main/medium/tex/icon/Cmn04_342005.pg,pg,6761,27c7241058d375cc9a4bbe2ddf643825d2eb888c3fad4c242fa5c780cea942a1
res_n_main/medium/tex/icon/Cmn04_342006.pg,pg,6721,71290c07fed609cb7fd39f5073ac480699a15ed8eec1771e40276d1f59ba740e
res_n_main/medium/tex/icon/Cmn04_342007.pg,pg,7163,48a929316bc65ffc8dfe93dee6c8f6885d5ed1fb45da89b9dd0b120fa9425e12
res_n_main/medium/tex/icon/Cmn04_342008.pg,pg,7451,a450445ddac2cd048d49a8ea05c39be95719d99a094dbfc5578e6e2d7f659017
res_n_main/medium/tex/icon/Cmn04_342009.pg,pg,7259,d6adfd82193d574b23386042162c0bd4f4ecefb532e96b6ec0fddc4ce61599ce
res_n_main/medium/tex/icon/Cmn04_342010.pg,pg,7115,db1056fc37023770b7cee95589c4f62d2ff2b9c851cbc6250549fe8a2b16df1b
res_n_main/medium/tex/icon/Cmn04_342013.pg,pg,7103,5695d3f8f94b9bcbdce4e3acee6655e574aaa0d30187fca710863a68595529e0
res_n_main/medium/tex/icon/Cmn04_342016.pg,pg,6431,4d02efca36335ea6ae0b2696d47f3ce4f30ff5b866feba44df7ec37455c5de34
res_n_main/medium/tex/icon/Cmn04_342017.pg,pg,6532,917b87a6e4337af0c5fa82b6d68f61cce02ef5aa9d0281e9654a2ef07f6e19f5
res_n_main/medium/tex/icon/Cmn04_342018.pg,pg,7019,9e468b19cdbbcb0ca89b5f2f4c1fe6c61bb7c01b26b2db9351ba84344bc16878
res_n_main/medium/tex/icon/Cmn04_342019.pg,pg,6013,e7ca55d2326d48aa71b1fcd5535556c98f0e5ccb6f928c36f69b3e891d007e40
res_n_main/medium/tex/icon/Cmn04_342021.pg,pg,6130,a685de471bca45be9dd6849587633926cb8d7c3b49ce3a5b90e2f8f90b9026ae
res_n_main/medium/tex/icon/Cmn04_342022.pg,pg,7169,73bf6e73c09e70495ed47a30b4c2a8efc89e2a096b7b179b321e281e5bd7ce57
res_n_main/medium/tex/icon/Cmn04_351003.pg,pg,7284,83cfe40720458d6a9644d9e09a329b541fe40a8dc3bbf67e5afbd829b4d5d103
res_n_main/medium/tex/icon/Cmn04_351004.pg,pg,6799,f3f20591bb27a90a1a763b1db88e3ebf2285652e213e6df9a2a056889096d0e0
res_n_main/medium/tex/icon/Cmn04_351005.pg,pg,5940,554c5e95fb95cb866d6da8b6b737f705782ca70aaff769be539e8c7bb6fd94ed
res_n_main/medium/tex/icon/Cmn04_351007.pg,pg,7044,f4801a49f9638089d292b683a5fcd07c626d3fbedfc0a3241a3a07a624e0435c
res_n_main/medium/tex/icon/Cmn04_351008.pg,pg,7089,61019c73187908660492ca7416b41bf1f3bea4fb4614cd14a3094400ae9ae72e
res_n_main/medium/tex/icon/Cmn04_351009.pg,pg,7139,9e2e1f37484ba3cc87145e3700cd90de8da29db4f6256135aba2a90551ecf83e
res_n_main/medium/tex/icon/Cmn04_351013.pg,pg,7594,9d669410ccde7ae2e94cc54544f1286687bb60c7c1bf9e612b7d89cab7d582ff
res_n_main/medium/tex/icon/Cmn04_351014.pg,pg,6363,be7ed81b4972ab76e894f8503233a6801c82c5b665107f4b53efddb0db142cdf
res_n_main/medium/tex/icon/Cmn04_351015.pg,pg,7247,9cd59e966a71e5c3d06336ad569a07d0eee7682ee8d2f1a30e6da6d04011b375
res_n_main/medium/tex/icon/Cmn04_351016.pg,pg,7283,11a65dea90b41eb51e498f2652a698ae2034aaa2f50109c2c53412e87d065efb
res_n_main/medium/tex/icon/Cmn04_351017.pg,pg,6836,eae6b892c6e3e2467792750f5a6d6b7b7464f2ef56812d19ad96ad205c33a3bf
res_n_main/medium/tex/icon/Cmn04_351018.pg,pg,6692,739c2af8166037ea65916ef75220807a783e5d3ddccc662bbf9fb4ab8ce3913e
res_n_main/medium/tex/icon/Cmn04_351019.pg,pg,7228,e05cf0154ae1d5a86cd05239d8774d9a5d92dd79b58680716d503bc289bb216d
res_n_main/medium/tex/icon/Cmn04_351020.pg,pg,6634,82b34fbf72b68a51985691f8655174c44524c314ca7af8948c99b6e94baff70e
res_n_main/medium/tex/icon/Cmn04_351021.pg,pg,7031,93f942fd52d8836c3c58d202b61f7333a7ee54a7e8df9cc90fc3e5fce66fbc9b
res_n_main/medium/tex/icon/Cmn04_351022.pg,pg,7418,120329badc0a09ba8211826ce41815a08f6399080cbddfb1ff847eaf39687f75
res_n_main/medium/tex/icon/Cmn04_351023.pg,pg,6526,6b4b4dd8e4f58b8e408f5faf4e04a50cfb710692a2a39f9752ad5f0b74f92cd2
res_n_main/medium/tex/icon/Cmn04_351024.pg,pg,7334,187f95672da1e0755000c02a72feaf68476a4508f5c6bb372b74fd90817510a1
res_n_main/medium/tex/icon/Cmn04_351027.pg,pg,6693,f5bf189e0724092457914487d236fe38e6585a7e14b9da1673a07efeac9bfcaa
res_n_main/medium/tex/icon/Cmn04_351031.pg,pg,7148,66d882c5ca5905d1a7b63d1fee3c0f32a850a08d7cf43420d9e22d376f7b13c1
res_n_main/medium/tex/icon/Cmn04_351032.pg,pg,6954,16056cb29b79a04d8537b6d12e181695f98aa526f8571758161486539a0e6315
res_n_main/medium/tex/icon/Cmn04_351033.pg,pg,7018,65df5b44a8d3e8d1ad783b4a20365e1927a7d121ffad150317d893b215127771
res_n_main/medium/tex/icon/Cmn04_351035.pg,pg,7285,1c65b60fbb9fe653b50fda6c366888a89f579ad852a1496093f1b7dad394d5b1
res_n_main/medium/tex/icon/Cmn04_351036.pg,pg,6579,f4e3795a70726f3c0c179874aa06b1c13ef1fedf5a6de72dcc43a27566dba170
res_n_main/medium/tex/icon/Cmn04_351037.pg,pg,6640,a7065c5b542dd3c727b09bc1cf79f8224a55ff3e5e0fd1b56aa6a6d5c38b0124
res_n_main/medium/tex/icon/Cmn04_351038.pg,pg,6692,739c2af8166037ea65916ef75220807a783e5d3ddccc662bbf9fb4ab8ce3913e
res_n_main/medium/tex/icon/Cmn04_351039.pg,pg,6771,f0b64ac69d81567de90015cabd9c0ca3391057eff5606d4cc37d50951c6951d2
res_n_main/medium/tex/icon/Cmn04_351040.pg,pg,6928,c9f0b5fab2e466ae4323e398afcf9bd4d0aef15bb67700c6503acb8c65d571ed
res_n_main/medium/tex/icon/Cmn04_351041.pg,pg,5803,a726130588ede856de0d909134dc2553a970359e4cbe90fd49b8feb7f6c3bc36
res_n_main/medium/tex/icon/Cmn04_352001.pg,pg,6783,e7079344b09763cb3554407975f887c7408c2052b2ad37ad4edce3e435aca379
res_n_main/medium/tex/icon/Cmn04_352002.pg,pg,7296,18aea9d78a4035d59a65020d371bd883221495f5eb17763052b76bfe584486db
res_n_main/medium/tex/icon/Cmn04_353001.pg,pg,6803,fe51c63f51ec457cdc0838641714b064c0e74566b2ec4e6654456bcb87227811
res_n_main/medium/tex/icon/Cmn04_353002.pg,pg,6612,d5ca1dc28d3cdc3f137270e9496029ea402d4df3a24899911c622d8336b750bf
res_n_main/medium/tex/icon/Cmn04_353003.pg,pg,6473,eb419234aa2c8147eacca45e6167cc6b735744ca5034fb4ed7e421c18c7f1a6b
res_n_main/medium/tex/icon/Cmn04_353004.pg,pg,6828,bf8e46cba9ca14b15ecb5ce1e4f856f8acf3f27e1ff11dbbf65b9a0e9d47c6cc
res_n_main/medium/tex/icon/Cmn04_361001.pg,pg,6342,fca279fa0d555a733ae6db2b533b79e87453782d552ef7115701212dc1cc2ad1
res_n_main/medium/tex/icon/Cmn04_361002.pg,pg,6277,be864292421609fe0e0a05ce9681dc030d027c4a299258567d3a3eeae2ad79a0
res_n_main/medium/tex/icon/Cmn04_361003.pg,pg,7404,c94800f48c3eb7934ae9eb674c20ef876311b57323554d4272e7bc2968b09790
res_n_main/medium/tex/icon/Cmn04_362001.pg,pg,6697,ba4909bf4b161e478e80c681bdef47420fb9698e7d73b77747e9f50e7f844f7c
res_n_main/medium/tex/icon/Cmn04_363001.pg,pg,6302,f9c962c6b96e19b8ae6738e1c23f30414c1ba7959e26a5c0c1297a4528e357bd
res_n_main/medium/tex/icon/Cmn04_600305.pg,pg,5265,be01bfcb233777357fb416df7d175c075f4d6df8bcfe7d5b6772a7e9df1022c1
res_n_main/medium/tex/icon/Cmn04_600307.pg,pg,4846,cbb06ce090ba0362c85d35ff2310727ab6b1f74b845d683d32438e4d246ef15f
res_n_main/medium/tex/iconhurt.pg,pg,28911,f6dde3d1688c6e6b9508fe3b4a2518654502fa0b052bc78405b201ad38df5db8
res_n_main/medium/tex/iconhurt.plist,plist,1222,a5cbb7bc16181e8be46952db873de60d7769983d335a982581a38996341a1257
res_n_main/medium/tex/item_icon/231016.pg,pg,5618,61deb6443a71fce32ab2d47315416ad11c758b9b653b13cbe266b50ad8010e86
res_n_main/medium/tex/item_icon/600001.pg,pg,6402,30b7fdba02c85c18d47616922da7bbbb0042efcdd0e4f2c7970d45b52b42ea00
res_n_main/medium/tex/item_icon/600002.pg,pg,6511,ce96f43d77e6f07c351e3b773059aa4711f75f2bc5ecd6060e923c98b23cde01
res_n_main/medium/tex/item_icon/600003.pg,pg,5760,3eee62effa5f03665abd6e1f6f92884feec93cc4e3037e07bb526eefc012fbfb
res_n_main/medium/tex/item_icon/600004.pg,pg,3742,de047d9e7a8acfe39162ebd68d35bd08e8e331cd352eb404f8dae96bfee6fe3a
res_n_main/medium/tex/item_icon/600005.pg,pg,3784,ba554e2e63730c33df6806f6bb095bda09da7c80dcd6dceff7e8ccf97b8c01bb
res_n_main/medium/tex/item_icon/600006.pg,pg,3785,0003edd9790b8e86cb9ee1804f786e122280e08064c547fc9493f6dc7216a7d9
res_n_main/medium/tex/item_icon/600007.pg,pg,6260,99dc48096ffdc3cb04b2d2ec78c34496dfbcae5fc516f0b1da898d488028d28e
res_n_main/medium/tex/item_icon/600008.pg,pg,4707,06dfaf74d6fe8e26d43638aa178ee9edb171ccbd41ac8130d434f71bb7429669
res_n_main/medium/tex/item_icon/600009.pg,pg,5030,881a104875a7e147d3c96fbcc332907a0da47720d918b61298e082951f58ef26
res_n_main/medium/tex/item_icon/600010.pg,pg,5247,da56da77555f0590ab9840134643e32e45357fe8e5a2ecba44c412120eb03720
res_n_main/medium/tex/item_icon/600011.pg,pg,5292,704b7532a1207798b7145bd4bdfe9e917b9e6ea0a8268485b37df3ddaacfa999
res_n_main/medium/tex/item_icon/600012.pg,pg,5036,fd09a00711586bd2712f22224fc6a841a484e1b1a16395ae4f570af8d94dc4e4
res_n_main/medium/tex/item_icon/600013.pg,pg,4866,e2ba4416988a402918cd57d38da1ead486ab483c79070d74993811eacfa5b5e0
res_n_main/medium/tex/item_icon/600014.pg,pg,5212,c0da94e908dabaf25b9a41541bb0bc229c2eeadf15bd6442b3e64ec5689e62b7
res_n_main/medium/tex/item_icon/600018.pg,pg,5392,8d56b1128aa2b6b02077c34195df6c3025d6386326087900fb1133d8c9b208d9
res_n_main/medium/tex/item_icon/600019.pg,pg,5173,b7c1112e1374b33b0a8022d37b02cb647382649cbef8287e1c0cd6bb1a38ed80
res_n_main/medium/tex/item_icon/600020.pg,pg,5266,022bb218a3d35cf2793651e9dbc506fff30210f0ed8571c6f13156d112f6a563
res_n_main/medium/tex/item_icon/600021.pg,pg,5155,70554e1846823e2d11b7bc15c19d0c675a3ecb90616de1b5e28a3cc7105c80b6
res_n_main/medium/tex/item_icon/600022.pg,pg,6270,955cfcdeb7c6718222be0de948e1bbd896f1943c974115365a2b3d1ebc6b6136
res_n_main/medium/tex/item_icon/600023.pg,pg,4889,4d51dd181f647c862af2dedf312300819613aece4aff174fc10bebefe361878b
res_n_main/medium/tex/item_icon/600024.pg,pg,5093,040daa922d96127294e00c02f94939e29a3744279d26e4cad3522782fa5a87d3
res_n_main/medium/tex/item_icon/600025.pg,pg,4946,c0a9677cee7962dc397fc4ffa3e3acdd8189336eb7690c39cbcdfb27888548dd
res_n_main/medium/tex/item_icon/600026.pg,pg,6041,07d0b6729924802eba5d644fe14f34a7889aba860f1b7f0c6030d229600f1c92
res_n_main/medium/tex/item_icon/600027.pg,pg,5595,baf97f364e7b353b3c63781eb25a93e0f25290e528caf5da652b2ac4fcadb85c
res_n_main/medium/tex/item_icon/600028.pg,pg,5201,b6bf4c8fa2ada75d493d2ae038a66b567902cfd0e982305396ea6b342c2d68b6
res_n_main/medium/tex/item_icon/600029.pg,pg,5846,68541cb1c4351c0892ade59320f26dc59dd9ef13291f6363ad38be2ed42b2123
res_n_main/medium/tex/item_icon/600030.pg,pg,8115,ffcf3b3ee697ab4006005890b64d0b45652bf07789daf3167a07d04b0d38f325
res_n_main/medium/tex/item_icon/600031.pg,pg,7431,78a5a1e6dfdd7b04ad8b8d2e39d3a7d3adda7e1dcdb22a68f019d1418e5b2034
res_n_main/medium/tex/item_icon/600032.pg,pg,4455,a725e530aa0f657481879ed234a3f268237c63311dd56d25efdf06362c4b4b5f
res_n_main/medium/tex/item_icon/600033.pg,pg,7198,f450b0a08084bb1ba88545795ab41810b47d5308f54e5a82e248270418e0b185
res_n_main/medium/tex/item_icon/600034.pg,pg,6735,dce3cea6ca4cd517f1eb495a7071d7fbbf2f892c07c3277141eba3c7ed063c0d
res_n_main/medium/tex/item_icon/600035.pg,pg,6517,a8bf9159013678fb053443350d982665b518e90ffc9b8d6df34135792412b839
res_n_main/medium/tex/item_icon/600036.pg,pg,5191,83730f13a9c1612e66396bf1fddbc48ada399519f4f65be200cc5667a9e62745
res_n_main/medium/tex/item_icon/600037.pg,pg,5226,e124caeed3ad289e70ad6b62823fc71203e67ee68dd941d6aa078094ac24e450
res_n_main/medium/tex/item_icon/600038.pg,pg,5927,82a3708cc5a97ac71dab94ca43dda5b48c3c8496a939a51ef4d1bd4c59ec79a3
res_n_main/medium/tex/item_icon/600039.pg,pg,6346,7dab7ce5df73d53b41815a8015ba23d3bcd8fe4b7d5bd761d25b5b955c508a34
res_n_main/medium/tex/item_icon/600040.pg,pg,6172,6f478faaec1b3e13a22e4cff1f3a166dcffed36944705de008b5f9dc2959af52
res_n_main/medium/tex/item_icon/600041.pg,pg,7581,3c9d4aaf406cd814e4ca86a8d78bc0c50c6cc66c347debc61c0cdfd010afc27c
res_n_main/medium/tex/item_icon/600042.pg,pg,7381,fe0df77055d14423096c515cfdfc05f37179e96d73552bef9f369b73c6725c7a
res_n_main/medium/tex/item_icon/600043.pg,pg,8682,dfdb3a2d0426990dc23239ec64dac8f6c3d3a038d795bd50a77c57d700e30ee7
res_n_main/medium/tex/item_icon/600044.pg,pg,6001,900009cc2cd0e4c2293f915fed091c53318de0ebbdf40cf8f040afb932c99c29
res_n_main/medium/tex/item_icon/600045.pg,pg,6907,028ea2356e3f0933a3f82f6cc80c33a14b242fb685bff1679b4b339558eacf6c
res_n_main/medium/tex/item_icon/600046.pg,pg,6922,0c7fc4299196533f414c026d34e08ac28602e531f6023a8a19b3a1d64ff8824c
res_n_main/medium/tex/item_icon/600047.pg,pg,6825,bdf79e0d159fa4db401c249e7e45da12390d4241ef0ab3ce8b30a74d3c82c01f
res_n_main/medium/tex/item_icon/600048.pg,pg,4827,8b8d11452c36724d5b3844b6661fafbcaaafd69d10e009cdd526559edf647e19
res_n_main/medium/tex/item_icon/600049.pg,pg,6509,bff7ad14996662acaf0fc9752bcc8659c63b38de8c6255a0680ce9d096593ed2
res_n_main/medium/tex/item_icon/600050.pg,pg,10067,25acd5ec65aba611c0fb0704f1c79d1f90265b526820cd15af3fd6fb1f30c808
res_n_main/medium/tex/item_icon/600051.pg,pg,7584,44a370db91238236b484fd6654c2b4ab557e6111f7af95fbb5815720126e1a1b
res_n_main/medium/tex/item_icon/600052.pg,pg,6967,43c48de08104a093339179850ed80bfa36b0cfb2700dbb7edb4aa95ec3eb9ce0
res_n_main/medium/tex/item_icon/600053.pg,pg,7463,7072a4ecded7bf0a5241ee2a76c062ced12ba3a4e7e94fe6d72849551fd9b947
res_n_main/medium/tex/item_icon/600054.pg,pg,8188,c26dfc1a50c56a15a19768d0f5288a22553e2de02fc3e251395ae1bd719d1e74
res_n_main/medium/tex/item_icon/600055.pg,pg,6140,25d81719d8254af4e04167996ea5c6eeb436388277a600164a6ae82125644677
res_n_main/medium/tex/item_icon/600056.pg,pg,4679,c19065586a3d168d73578b45b46ab996b902c7fd0f571eae1e39cb7e575190b5
res_n_main/medium/tex/item_icon/600057.pg,pg,8461,9c3b4c2d6a2421aaec258aec21287a9e474e017ab6345f1817f455803ec3a881
res_n_main/medium/tex/item_icon/600058.pg,pg,6080,bcb94ee53dd2a25db9631a202e9eedbdee7acd7112e6f85d1fa1d302daac72f7
res_n_main/medium/tex/item_icon/600059.pg,pg,4780,83e1ced0f7ac4e48542f86c185e185e205d11cd6eba3be18cf30a0f91e142f1b
res_n_main/medium/tex/item_icon/600060.pg,pg,6409,078933d74f43b1e935bc7c4573621ee61475c3b7f0e3d8544ebd46eeff820ccf
res_n_main/medium/tex/item_icon/600061.pg,pg,5708,77605f2e45011e80cf83c97d355496b73f5fdc92c2250a5b1e62e72f3e4621da
res_n_main/medium/tex/item_icon/600062.pg,pg,5521,d91f1dae5b8df38d22977ce9a7cd442ae4eaaf815cc2e7272581b8b5d555fb03
res_n_main/medium/tex/item_icon/600063.pg,pg,6658,a5266162a7b1b60e94ed3c809bfaf4fa51c24d149ce97769549b49cdccce9707
res_n_main/medium/tex/item_icon/600064.pg,pg,7073,29e80011c1d2c7691913a4fc1b27a79310ad762af761ab1607b2fd0ea8d485cc
res_n_main/medium/tex/item_icon/600065.pg,pg,5045,fb8ab09bd666121e281bcd7a604e5e222173fb62ae08b5cc3043a2a5d1a069c8
res_n_main/medium/tex/item_icon/600066.pg,pg,5836,ace50d4d97cc0f54d622ceb13772641e486e55ac2eaa45f7277ec02cdfae56d5
res_n_main/medium/tex/item_icon/600067.pg,pg,4895,9d26dc386c83b3c10f09145690667521d1de5819268560f92ec38c9430181586
res_n_main/medium/tex/item_icon/600068.pg,pg,6441,2517948e55c65d15dac16e1fdb9aba4489b2aaad0b75ac1af4d250353538d776
res_n_main/medium/tex/item_icon/600069.pg,pg,4371,f68280c886f8065cf5075e18babd682e130b3fa707af61555b2c86fbf44c9fa4
res_n_main/medium/tex/item_icon/600070.pg,pg,4449,07e56d1a472b5a0c1334f213bf1afa172bbc8c0cf2397cf19742e080add03b39
res_n_main/medium/tex/item_icon/600071.pg,pg,3600,0e2e117c8dd849911bdefc05559085c8dc4e71b7b91cb87d0311f6152d676f8f
res_n_main/medium/tex/item_icon/600072.pg,pg,3453,6ffccdd142004d69bf6ebe5e84d4354bd4a33667c1da26cb80b415dab60397cc
res_n_main/medium/tex/item_icon/600073.pg,pg,3963,78164be476ae33470c6f9f275280f029b8bbe977694cb7a98f00bb791d47d763
res_n_main/medium/tex/item_icon/600074.pg,pg,5168,2b649e68a03f1f5f6bfab46bd4d13d7f4e5bccceb2d1add45ee21842e35ef29b
res_n_main/medium/tex/item_icon/600075.pg,pg,5348,59e5361f17375fc567d9928f62c4a23fb40c09755c26319770a5fe8971bb1b0f
res_n_main/medium/tex/item_icon/600076.pg,pg,5294,f4c1b30dcc680da822fb05f4bcff77fa1c51bcaf04f00935ba4edca1253a446f
res_n_main/medium/tex/item_icon/600077.pg,pg,5416,79196628d175c29712688648e000ece6b97b4ff52d51acac52d3dc9fde2cc0ca
res_n_main/medium/tex/item_icon/600087.pg,pg,5828,62559e7f5cd14a3720d52f59e56bb12f3ec6a48f005f1d06d756ea621c02daf5
res_n_main/medium/tex/item_icon/600088.pg,pg,4881,aa9c568e38bc53a60f87c7e586ffbd0226a701be3874490744eceeb8ca0edaac
res_n_main/medium/tex/item_icon/600091.pg,pg,7085,ab9f94e7d449569281d3cc5384c1f1f4f24012d9a8bd8e6f52b4924b697c190b
res_n_main/medium/tex/item_icon/600092.pg,pg,7275,c161e7c7417a57094b4a3b2a06aff555c795a6933ec2ffa4e72fc828fd596d95
res_n_main/medium/tex/item_icon/600093.pg,pg,5644,a9a0576e24094352c9ce6c6eb98e7fff42c3b87ebd97f5660d72c2aa1916e682
res_n_main/medium/tex/item_icon/600094.pg,pg,5270,505a15e29cf514519ebc69fcd94ebe3dfb8245d9e8a81be137b743f883b4974c
res_n_main/medium/tex/item_icon/600095.pg,pg,5935,bd77d09bc3270582d8bd35c5f36c5bc6af14a15fe4bd9da187e588f862446916
res_n_main/medium/tex/item_icon/600096.pg,pg,4281,64230ec78b25cd985e255949f2f3d80fa58a709f644582551038747f0c1d021a
res_n_main/medium/tex/item_icon/600097.pg,pg,4378,ff3b47bb492eafc11a705723b545554af4c40e5b5cb8d8dfd07609f98c14ed11
res_n_main/medium/tex/item_icon/600098.pg,pg,4754,9e2b9461d18771e06c9e26b85c08dcf9ba30ac1452215bdd373bfecf8e567027
res_n_main/medium/tex/item_icon/600099.pg,pg,4005,8414f5097de93f818f15204f2634caf43c39b30923aabe3ecd395f75e822298f
res_n_main/medium/tex/item_icon/600114.pg,pg,6438,5f576b1080530ae8ec5309cd7dd955aafb4594e41f3bc60b5f8a74233437658a
res_n_main/medium/tex/item_icon/600115.pg,pg,6795,bac060b664ee385ee70f01546b05ca8b54fb0d756dbebf443c67f8a11e7ea033
res_n_main/medium/tex/item_icon/600125.pg,pg,3010,24f5a28c34e628baf72fcbb51bd31f130d1715063b5c81dba2c86abf5a731fbc
res_n_main/medium/tex/item_icon/600126.pg,pg,3860,dcd99e35aed507548614ca6c87f671bb60585cb74fdabab6a9cf28e4a29e5144
res_n_main/medium/tex/item_icon/600127.pg,pg,4037,a0e6a7ceef5df5700f15c6b14e09353a3f2c6f383be0c2f875602f5805895371
res_n_main/medium/tex/item_icon/600128.pg,pg,4011,56d76677f8f4bbd02c186009323f924e9fdbbecb5e5d8c64dce230c226992ae6
res_n_main/medium/tex/item_icon/600129.pg,pg,4368,fc69ba67ebf96df80032822435a6ccda9863aaf6d0331e774c5e4c2ff5919fc1
res_n_main/medium/tex/item_icon/600130.pg,pg,4580,e5c7f8ce356885e42ff01b2fdd315faf29d260f37416ccc166b0d037370e6b87
res_n_main/medium/tex/item_icon/600131.pg,pg,4795,8a01b9498be7e1f159b14869877690dfe6e647bb11ee9e5e110a8e893603611c
res_n_main/medium/tex/item_icon/600132.pg,pg,3914,1357456bfea57e7bc4e380726b3e4a94f106476670845e9a76271b77aa423431
res_n_main/medium/tex/item_icon/600133.pg,pg,3781,5174711ad58ba2625a34adb776729ff0cde365c1d16059a864df2b98ccc0d334
res_n_main/medium/tex/item_icon/600134.pg,pg,3866,f010d67347b090596bca2cc2442d2a362274dae266f4820431f0d14393a33b7f
res_n_main/medium/tex/item_icon/600135.pg,pg,6771,15dc0a1ed81f205e51bbef9206cdf6b14ad79efcf22a9b1cc19925790e800ad4
res_n_main/medium/tex/item_icon/600136.pg,pg,6683,b2d368d14414e8dd27a18655fda573cb5572fc293df38a5dc93cdda59d0fcfdf
res_n_main/medium/tex/item_icon/600206.pg,pg,5393,d25b324ce08b2a78b609b73f9c647d6542d168982f541d44002fd8b9e622c5bd
res_n_main/medium/tex/item_icon/600207.pg,pg,4957,96069232ef0769437ee2cf9dd83296aa0f678f692eb46ac954558f1f74659076
res_n_main/medium/tex/item_icon/600208.pg,pg,4846,7e992e4ce050d053d583c0ddbe6b59b407f918ecbc00995a8eeaee7c72372189
res_n_main/medium/tex/item_icon/600209.pg,pg,4309,a81519b230bf67d7366a4ce5a48924452b413abf61cec0bdae784bae408a41ee
res_n_main/medium/tex/item_icon/600210.pg,pg,4357,00e1f81b235ff079bccd239327a232af8238961fd8b58002f4d9f8b086d8db93
res_n_main/medium/tex/item_icon/600211.pg,pg,4302,57ba79c8fb2b2fa0a5a629554d34e1f5328c1f51b2420e059fca698f11b8d878
res_n_main/medium/tex/item_icon/600212.pg,pg,3726,94b9d91107581e78c3de7f0605e7153589287b7cdc2f42abdaa7541db8d4af20
res_n_main/medium/tex/item_icon/600213.pg,pg,4080,a7a58a84875910dbb624220dc427702fcf64de9b4e1e89cf6fc2e85ddd7f72ee
res_n_main/medium/tex/item_icon/600220.pg,pg,3880,4474fbe117fdb6112fe7438d96316d1784d74a0b5710d43905f1245c8aef857b
res_n_main/medium/tex/item_icon/600221.pg,pg,4390,7ce51f63d610446aac80c8d618c0794c4d16aa513d87c1fec2889678487a439d
res_n_main/medium/tex/item_icon/600222.pg,pg,3880,4474fbe117fdb6112fe7438d96316d1784d74a0b5710d43905f1245c8aef857b
res_n_main/medium/tex/item_icon/600223.pg,pg,4390,7ce51f63d610446aac80c8d618c0794c4d16aa513d87c1fec2889678487a439d
res_n_main/medium/tex/item_icon/600224.pg,pg,5056,299d10634e34e90ea008b3c7314be7330929e0904ed9d0a49eeeafc2d8f8971a
res_n_main/medium/tex/item_icon/600225.pg,pg,3602,5501731a55b931be7f4771e5a221f2fb47661e77f565f9596923e0aceb112ee9
res_n_main/medium/tex/item_icon/600226.pg,pg,3917,cb257f2b520fe95b63bc13ad08e4b7083d85abf8d673ee76d908f66fe2be437f
res_n_main/medium/tex/item_icon/600230.pg,pg,6570,e322e739e462320097bf05e2a6e198899086284633138aded1c338af143c87cd
res_n_main/medium/tex/item_icon/600231.pg,pg,7814,0e7eb2b73ec042eb3265a3d48cc6e0a9a351f49333b72045863c31537986c1a7
res_n_main/medium/tex/item_icon/600234.pg,pg,5390,0a2f0902963152ad2c8fa3a25d14aee977f025679a16b4bd82937c01263e2920
res_n_main/medium/tex/item_icon/600235.pg,pg,5584,3caf4cc2224afb5fb3e73710cc21132f785fac3f26788e1d48753cca10396e96
res_n_main/medium/tex/item_icon/600236.pg,pg,5019,11eae0fe362f2798ae96326f51e015568894da0ecaf223305e975c936002a920
res_n_main/medium/tex/item_icon/600239.pg,pg,4595,16751688320a136dca2c0f2825a56aae5f449785bce5bdcee5b8d5e8e2b2ff2d
res_n_main/medium/tex/item_icon/600240.pg,pg,3534,f17f8406ec2b6957a095c30f39fd1a235ba4ec0affd6c40efb3079557ac51d93
res_n_main/medium/tex/item_icon/600242.pg,pg,4348,3915bbc6660ffba90f8105b9511185cbf806c095a1df909b99b0690406593ab1
res_n_main/medium/tex/item_icon/600245.pg,pg,4845,70c445ce5005a2195582fdc13800746ceb6387587f45e90589ef9368cdf6474f
res_n_main/medium/tex/item_icon/600246.pg,pg,4835,03eec91042807d001024cbbd2ce117d1d5be1b36962ef38f8623ff5a81577f58
res_n_main/medium/tex/item_icon/600251.pg,pg,5176,ae31abf98cbb9384562ecc364fefe210a3d49cd1e6c65dca0c21373b15c57579
res_n_main/medium/tex/item_icon/600252.pg,pg,3407,d8696b4b4cec0a9c958a5d592679cdd1492e706a2e39de9786695d072c32f81d
res_n_main/medium/tex/item_icon/600257.pg,pg,6181,28ecb09dd9f2b674d70ee5a1b8aacd1fed81674d87b8f0bb67685c8e7b407f3d
res_n_main/medium/tex/item_icon/600258.pg,pg,4729,5ae5a7bade0e9c029322b102e2ebc176fa36bfc2b1fcc629a02ce106f1a9f76b
res_n_main/medium/tex/item_icon/600262.pg,pg,5620,f1c1116b8925b2289ce74a7121c9bef9c0310670967d2336fefe5345485cdf20
res_n_main/medium/tex/item_icon/600263.pg,pg,4067,f064a1cba59730e743b38bd8171ebfba78fc9f5966c70daba63a5aefaeefe9d8
res_n_main/medium/tex/item_icon/600266.pg,pg,3674,bed272ad908b413fe7aae46348952c279cab5c746aa42b72b8a282768f461a69
res_n_main/medium/tex/item_icon/600267.pg,pg,5125,a66f2409c8984197b193c4051fa19ccbd7996c5bc798728bf7e8b7217200496c
res_n_main/medium/tex/item_icon/600271.pg,pg,3750,9f124063d54fcc49cc81b06684c2a1e082be3283b3c4fcf5b7e38a9dd165f984
res_n_main/medium/tex/item_icon/600272.pg,pg,4098,ed2524fc16229c2bb96a0585a50a974fcf23406d45072be2ffbd188d5a95f616
res_n_main/medium/tex/item_icon/600274.pg,pg,5087,2a9d0cf5b04032212b4edafd61e19cfd81b9691e07172c71c2825fa534a56571
res_n_main/medium/tex/item_icon/600276.pg,pg,4121,5cbe688a5aeb4f064d96cc5d7df34fe1684ef0184495a6499024a609e4799dd4
res_n_main/medium/tex/item_icon/600279.pg,pg,3519,c2618cf3bbb933a75d86bffd7a5c33a2fd10cd90ff2857defda87c33da7e3373
res_n_main/medium/tex/item_icon/600281.pg,pg,4928,75a2bb9e9e3ac3fadf8bb94d23868207f8c8db8d698aa603d8a8b200cc12ad79
res_n_main/medium/tex/item_icon/600284.pg,pg,4865,de567f91ba022ac1d1a1d2251168486785918884a9e3675629a1bd2ce49b39f3
res_n_main/medium/tex/item_icon/600286.pg,pg,3459,dc689498789053944c3832b18594d6817f93614009579d4dd0bb3878510710cc
res_n_main/medium/tex/item_icon/600287.pg,pg,4212,101cf8e6b2563232d2384409bb671b0d8c306cbeb8cc0ce885744db1c866865f
res_n_main/medium/tex/item_icon/600288.pg,pg,5403,e9ca8fdd924d7a18b576e412f9ccd654cec11f1285845a3b8cd277ca5ba4ebca
res_n_main/medium/tex/item_icon/600289.pg,pg,4165,317256a81aeccfa6572a77a0dcc96bc5f2ab3f8891e991aad0eb0758e2ff896d
res_n_main/medium/tex/item_icon/600291.pg,pg,4021,c9cfa577e831fb86f9a5ab120ead7dfeb06667ff64f8eb481f1e324439de1e47
res_n_main/medium/tex/item_icon/600293.pg,pg,5492,fe322acf5775b098512a6d26a5fdc79ded22a9fbe24bc87e31a09ed1de5d579d
res_n_main/medium/tex/item_icon/600294.pg,pg,5011,e1be8e3604618be1bdcea0ad658403b6ea4a4fd06ff6b544066b775d6a5469c2
res_n_main/medium/tex/item_icon/600295.pg,pg,4218,c0dca77102640c925f86c957916585ce8658fe87ddfdcd734c0dbf71865229ac
res_n_main/medium/tex/item_icon/600297.pg,pg,5670,1b106b2b85bacc4109b0fdefd0516aaf9b5dd6a097e454ddd84029c1dec49999
res_n_main/medium/tex/item_icon/600299.pg,pg,5299,55b9ad6add718f7da70869b5dad5dd937d07825375988b602cf42ce4653d8ea1
res_n_main/medium/tex/item_icon/600300.pg,pg,5712,47d882953a36f737cbe9ccfa64f79d6e35a80e31ce9676f518fc5b7788fd6663
res_n_main/medium/tex/item_icon/600302.pg,pg,4054,915edb9fca45e8dff67e31ac6fbd5262ee97586a9344c46d91404347ff7c27e1
res_n_main/medium/tex/item_icon/600304.pg,pg,4595,16751688320a136dca2c0f2825a56aae5f449785bce5bdcee5b8d5e8e2b2ff2d
res_n_main/medium/tex/item_icon/601001.pg,pg,2529,c34532ee9e502f991637b349e4e5c3d1c019fb4ae6b6a919f02cfc8479357821
res_n_main/medium/tex/item_icon/601002.pg,pg,2489,098c2199a767ad57eb56f1571d3c58e70bbfb5763e1f94afa6065e11ea24680a
res_n_main/medium/tex/item_icon/601003.pg,pg,2741,7feef220d5d925c052b6fd515b0938d4777d08739f9da930b82ed38000cb2893
res_n_main/medium/tex/item_icon/601004.pg,pg,2817,b5ee0db1b53832d75972a964fe04aaa3fefe9c927b1bce9e47b5075dd45e5e1e
res_n_main/medium/tex/item_icon/601005.pg,pg,2931,46266f796117f55dec1cb16208e1f46a18d7c9f01db34f2232c0537ae237394b
res_n_main/medium/tex/item_icon/601006.pg,pg,2874,034fa5dad2c2cd5d471f81b640ac678c1657af13c86384ffe67cef5095ac5d07
res_n_main/medium/tex/item_icon/601007.pg,pg,3176,02dfa26b6647b35ac220c839902cbbd880516b61bd31c47a069bd88a938e8472
res_n_main/medium/tex/item_icon/601008.pg,pg,3553,b812d2fdd972c01895c9586ca8173d57b8d2ae4d4bb1e62c25f769a490f16d16
res_n_main/medium/tex/item_icon/601009.pg,pg,3674,0977b462d19dcecc61322443d27822231f0246cb8ed396e2f226f88671c0d288
res_n_main/medium/tex/item_icon/602001.pg,pg,3009,0b4f2ea2bc63edd8b3e8be820ecb27bcde58a887d4f98b44e2923109d145feb5
res_n_main/medium/tex/item_icon/602002.pg,pg,2876,c55b4a8bf6cd2cd3ff89e3edf2ddce34dff1ce76c9e1b3abd2044d1887381b67
res_n_main/medium/tex/item_icon/602003.pg,pg,3152,b43851ae1fa289743123d11b8eaee4e968282f34f6dc94289b74350729cd9da2
res_n_main/medium/tex/item_icon/602004.pg,pg,2792,469cf2da5b970d8b465f1ce681bbc8932746b9dc71df113850152abfd6e1ff17
res_n_main/medium/tex/item_icon/602005.pg,pg,2674,6e4ffc078904a3d640959bb9ab0d39693ef1d1a02b5f244a35ce80f6a876230b
res_n_main/medium/tex/item_icon/602006.pg,pg,3407,26bb294bd8493184d025f8ad570c6601f283f0ef65c3dad4cf6acd13c7cefa4a
res_n_main/medium/tex/item_icon/602007.pg,pg,3558,5dab2c0c4ba335d717c1c9e92845b5f1e81371b7e632f86dea55927f6393d78b
res_n_main/medium/tex/item_icon/602008.pg,pg,4144,0d502c9a052a2177a658b2c939ffc2abcdb556b658a48efbd829596076721924
res_n_main/medium/tex/item_icon/602009.pg,pg,3559,1d9a7e35957d6138fa7c1c7981e9028bfa461f4465dd59d3f566c4b3c1c70219
res_n_main/medium/tex/item_icon/603001.pg,pg,2834,02003d09f71347d5df3c6a32709884c0a1d88ade168bd8e50382fca08d79cefe
res_n_main/medium/tex/item_icon/603002.pg,pg,2930,962814848e16112c227da0e3385e01b3f1b7f46acc745d25cbcf9fa908b038e2
res_n_main/medium/tex/item_icon/603003.pg,pg,3189,581b18024b8e4ca39e5ed73ad8ec5b65204dc3ce4aaf25859442313e9c859336
res_n_main/medium/tex/item_icon/603004.pg,pg,3408,b5ce0542db8d2db4bd13c65e4b1fd0c3da780b60f703860d42df3b8efccf3d9f
res_n_main/medium/tex/item_icon/603005.pg,pg,3758,6735e0dd0dc849294fa11d8cf6e1e006b1baff68e405dd603795c01dee5da5a1
res_n_main/medium/tex/item_icon/603006.pg,pg,3967,63d08b3394e6af1df60fbda13b357da2d3601368775ab31ef201d1bb401fc8aa
res_n_main/medium/tex/item_icon/603007.pg,pg,4239,71b6f48d006b72b419ab09d7c09c369c437649c3077d120626f0e62eea508c68
res_n_main/medium/tex/item_icon/603008.pg,pg,4337,8b22a27d99fe252ef323b8400521891e1fc5dbcb978c0a94c78906e5e0e7ed59
res_n_main/medium/tex/item_icon/603009.pg,pg,4332,351ccf532da244c324b7dba11916433dbec7598f7efaca02935a3a5cb5e2c3db
res_n_main/medium/tex/item_icon/604001.pg,pg,3180,abd84203a2053173cb981399749cbfded66b34350cb1c48d3c79aa56b484d96a
res_n_main/medium/tex/item_icon/604002.pg,pg,3195,9359489e0195b9cdd11b0fc8b7c81dc6860cdc9acc1f510cba753c403ca24498
res_n_main/medium/tex/item_icon/604003.pg,pg,3173,5ccdec3b267411750c49d7859aa8e6f7c15d7e69ac512b4ca322fd44cad4281d
res_n_main/medium/tex/item_icon/604004.pg,pg,3346,d9494ea19a4f27eb366764f95cd873ee3e7cdd1ff85fa15fcea72cfd038f4078
res_n_main/medium/tex/item_icon/604005.pg,pg,3581,78333cb55247ec011bf2fdba9e1ec729d151b546f97d1a47296592c835570311
res_n_main/medium/tex/item_icon/604006.pg,pg,3785,6f932d8a1370dd3b01fd69255884793d154ae9708efff1323a07a62584e9fda7
res_n_main/medium/tex/item_icon/604007.pg,pg,4646,b17a3959bbe9b65a2c3bc2e5e7e96acfabfb679413185de90b09c5bd5a068398
res_n_main/medium/tex/item_icon/604008.pg,pg,4953,c2cb5c8230415d0e98b0cf8499b2a8d1e55c0709aadcfa82f3f9bbfd66564e47
res_n_main/medium/tex/item_icon/604009.pg,pg,4808,9d7d8529fe4bc3c5b21afc77189a873603d76655ec0131ffe8e77063491876af
res_n_main/medium/tex/item_icon/792404.pg,pg,6321,dfba7a4976720f5e5fcf1373eed9794dd03d9706b6fe72d7f941446b5bfa3b52
res_n_main/medium/tex/item_icon/792405.pg,pg,6052,a067c6985438400804cd6fba9710e7057046c4bcafa9c9afce6ae656444ea33d
res_n_main/medium/tex/item_icon/792406.pg,pg,7107,29d9c187eade658aaa81764cccaaef0263f7e8eff7723a2f651a3cbcebafb195
res_n_main/medium/tex/item_icon/792742.pg,pg,4491,80c72c8a39fe4319e932b4f65045437286b4fc041df50e7dc395ca30dc982ad8
res_n_main/medium/tex/jianxiong.pg,pg,214212,6fcb8d8b702aaf6aeac3986b70ce81669da31ad58829dc32ad9d2dde23957d89
res_n_main/medium/tex/jianxiong.plist,plist,3651,6bb6710908e79bf5882202d0a36983456e32fc873bf2277e1aaabd789c4eadf0
res_n_main/medium/tex/jieyin.pg,pg,225083,4e37ca76d3e9e9b24b1eedf637c8f413ca319a4726fffb66a0234554c2a33662
res_n_main/medium/tex/jieyin.plist,plist,6944,564aaa2bf16d1e4cf89831604d38c36d20da148e0f4cf413caf67b9c56988427
res_n_main/medium/tex/jingmai.pg,pg,72078,9df3a2de244416afa513428d5a1aa64801472c0f1bf59c53a042336d62810319
res_n_main/medium/tex/jingmai.plist,plist,3568,e192457dedc4742d38e2414a04c5ee38c6d8c417a27435534f556c1034d6248c
res_n_main/medium/tex/jueqing.pg,pg,214067,e1992b24378f60992a4490f369c389db87c0de224a71739f24fb3a761ec9b2f4
res_n_main/medium/tex/jueqing.plist,plist,5538,19b0d53bcd8e1176c2e558de26f9170d4e085d89a60dc399f9021a16bf7c5b61
res_n_main/medium/tex/kaichang.pg,pg,153952,33d6f17431e6b472b88610ce2d7a3341108b9c518112633b19ae15959c272b85
res_n_main/medium/tex/kaichang.plist,plist,10793,e6c9869ed00f5526e806d17f5134083ab6b3b17d947bc5b08c8c8465de5d17bb
res_n_main/medium/tex/kuanggu.pg,pg,138298,e1dfc286dbd53996ec44d5c5f36b6f416bc52b090afeecd85a4b2ba1a7fef3f2
res_n_main/medium/tex/kuanggu.plist,plist,6009,c8ccd5ded3c3517685512830443e72224a55763724066d9cab5dcb25d0d4f553
res_n_main/medium/tex/laohuji.pg,pg,25275,64db0abc7b00608dd9bd6f36c3224f0eb717eb0f426500c630853f4157443c07
res_n_main/medium/tex/laohuji.plist,plist,4056,9c3c82bc77dab979897a4ed4b57c95a3151f9f45c43d2863e9449459ec781553
res_n_main/medium/tex/leiji.pg,pg,304475,b79f6269a19d4b9e6e3af48937c5e8655984f988b51d9543f8092d66ac4e6b5c
res_n_main/medium/tex/leiji.plist,plist,6438,2e41c1f9a4d1f1fc9fd8a1e4e49b9a51d483e1bad920ac20d8df4c33ab8b4d54
res_n_main/medium/tex/lianying.pg,pg,161905,5d7d1712fbba96dd7768bff883ef80572d9c989528f3ada598363cc599bc796c
res_n_main/medium/tex/lianying.plist,plist,6511,7767d256b5c39fb1c14d0dc77e14da6dd65b4b6173752d01e1be57e5b45f598f
res_n_main/medium/tex/liegong.pg,pg,233061,03950dcacb5da2d408d04afcff15b54f96bdc16b04e0dffb0fca1f0245c12bdd
res_n_main/medium/tex/liegong.plist,plist,6969,a4683f3250488eb6055ff30627fda44cdbebba99459e89dc90d638a5311cb9b6
res_n_main/medium/tex/lijian.pg,pg,167426,47fcc1aa303398b18b9b2ec63c1a15b014d08b65e65c85873c8f470be5312c4d
res_n_main/medium/tex/lijian.plist,plist,7453,b75b67a336b1ad6ddc2583d5899ebed861de594875c6ff03b29f269810cd2aa6
res_n_main/medium/tex/logo/logo.pg,pg,17870,a51601e55af65ac474348c2639df5d795cc764ae25da13302dde7db22fd668d7
res_n_main/medium/tex/logo/logo_title.pg,pg,158487,1a82f1bbb8ba3f3644d7736951842410c0fc6cbb8082e3ce8ec32b7858ea0fa5
res_n_main/medium/tex/logo/logo_title5_2.pg,pg,373211,6a46f2e20051af08b9226e9e45cb5d48aca371da18c646ddbd243cbf92aab60d
res_n_main/medium/tex/longling.pg,pg,222967,9c9178964516abb0aeb871f84634a98a4f8072327d0b0c1ab7c7f26b94437821
res_n_main/medium/tex/longling.plist,plist,3142,b875176666f4e4b08edf0ee43606abe4cc164e688236e096b8a2b2b0128a8c5a
res_n_main/medium/tex/luanji.pg,pg,258157,dff06fc327165e8727f82e1c54fa4fc564034c64fa25fd90a4da21d9cc06461d
res_n_main/medium/tex/luanji.plist,plist,5516,9da1f1323a7c694a6112e45ca2d2a64442399ddd5e1ffeaedecc579b4ae4e5fc
res_n_main/medium/tex/luoshen.pg,pg,211959,434f9ee7b4a60ce8da9140e109d7044d37974afa127e65bf12dd003a320eb78f
res_n_main/medium/tex/luoshen.plist,plist,8440,4f8cf92887f89c27a6f5b0be1652cab478d3b41b03ddc93f7a91c9061c232754
res_n_main/medium/tex/luoyi.pg,pg,223277,34c6d5bf88b69889e467668fec7375b141c39462bc6c632e736c94c0e1c51947
res_n_main/medium/tex/luoyi.plist,plist,6949,358f67e0aeed14527c75955767abc70e4bf2e105c76fe7a52219baf55a4ec447
res_n_main/medium/tex/map_bg/920001.pg,pg,356422,5caa7d0f9830301934236a6d593fce6ee9abb84eea9ebcf02ebd2c3dd6df9c63
res_n_main/medium/tex/map_bg/920002.pg,pg,294937,de43b0e16c7ecdd9844e102838d173eb5789683f052b5e92303d997d0a677d23
res_n_main/medium/tex/map_bg/920003.pg,pg,350461,1e39394ce185dd148fe1495fe792ac131ab0ddad2f8313ad95de03a82afd0673
res_n_main/medium/tex/map_bg/920004.pg,pg,268776,f085e0300ae782a68ef823d976e9f102f1b49de818ec86084d28cef580092a3a
res_n_main/medium/tex/map_bg/920005.pg,pg,313030,c08c29b22f420aa531ed4b4d452c52392361ba2b8fe3278de63105da07c3729f
res_n_main/medium/tex/map_bg/920006.pg,pg,307130,9b2f6725528cc217b0d11b25a225d0088ae049c52bb9a529e6210e08d79459e2
res_n_main/medium/tex/map_bg/920007.pg,pg,257150,a77200d85cc48503b025af6696b3e8cebf697a198d165ee2c324ec22c0b7cf45
res_n_main/medium/tex/map_bg/920008.pg,pg,284577,34059021b162a8729b519bc3076f58b852048010a938ac477977e71dcfa4220b
res_n_main/medium/tex/map_bg/920009.pg,pg,265162,2c72a2aa8286a3687e645452ce749d1a7a36a6a167dca7f39ee22820a81de279
res_n_main/medium/tex/map_bg/920010.pg,pg,305391,b6f31acbe5f26a82a0c6c4be4d714773a2f2de91f3134b4ebeb5d284c5d77771
res_n_main/medium/tex/map_bg/930001.pg,pg,284696,cbe4ddb413bd4490d973c4d29fc09c9f05da701eadb3ccc52dae93807303c639
res_n_main/medium/tex/map_bg/930002.pg,pg,284588,4112ebf84e73fbb26607b0e817a8e2de430578fb7e7019d003dc4cfb7de7bc3f
res_n_main/medium/tex/map_bg/930003.pg,pg,284588,4112ebf84e73fbb26607b0e817a8e2de430578fb7e7019d003dc4cfb7de7bc3f
res_n_main/medium/tex/map_bg/930004.pg,pg,280320,2bdc4ebe02afaed724f5cd63be65503e8fd8e1034cbd027aef5ddefae65a290d
res_n_main/medium/tex/mingce.pg,pg,65584,661aa9a378c2bff7ab7903b55909eb785b669f13b653ed90fe9e028da4fea025
res_n_main/medium/tex/mingce.plist,plist,3589,81d80781421dafb90fba0e526540a82eb0394bb59fc84314b4b198fc24ea3252
res_n_main/medium/tex/niepan.pg,pg,100575,e67329687332a508195f706fe7f00a1146c906d332184089746cd934d9af307b
res_n_main/medium/tex/niepan.plist,plist,4568,9acb54013d7a2b3b752fec28448286579352cf1085673677021e0b4e194aa6cc
res_n_main/medium/tex/paoxiao.pg,pg,167359,0379332f2a7b2f29afd6328a33f94646e9b937bd8fbbacc133f14dffed5459c7
res_n_main/medium/tex/paoxiao.plist,plist,4096,9b911ab51ff9b9718e313ce3e844b79a16a76b83c663eddda498ae42924c7b4c
res_n_main/medium/tex/qiangwu.pg,pg,243816,46143add198fc193e932b49a25b54da4efd37a7a3953bc934eb0504d1ab590e4
res_n_main/medium/tex/qiangwu.plist,plist,5038,cbce885ba4a1131248e1b9a087f319f26db2447f7d4aaa4671abe2d3a724d857
res_n_main/medium/tex/qiangxi.pg,pg,203047,5826f35b7fd3d3ce742365e228bccf997d1fa9a691dd1723ae406fbb82355afc
res_n_main/medium/tex/qiangxi.plist,plist,6958,b58b464eb5e827fc4ae7d8e9a890f39b42924daac06b011bd79f9b282b4f172d
res_n_main/medium/tex/qice.pg,pg,162955,d3220ef435bcb1bf76f8cb2a36cb843ab2d589331097e1f540cc5de792bc0521
res_n_main/medium/tex/qice.plist,plist,3119,3872a80765127ab5f009558b57cb35e00598e8ce9700022fbea4fcdfb69fb90b
res_n_main/medium/tex/qingnang.pg,pg,146305,a3479147f7c84d9e17e7101ffafc0c0477fcf0c90771d61e14244f1e92f2bd4d
res_n_main/medium/tex/qingnang.plist,plist,4579,3ce7bf2aad8853af2cc28569400345a8849bf4d6c17aa1fd555d4412f287ed59
res_n_main/medium/tex/qinyin.pg,pg,168181,afb8b8a0543b84ee926a78a24570fd7ee063480bd27615690507694cbdc30afc
res_n_main/medium/tex/qinyin.plist,plist,6958,d600c7639f2f1b45f05e4606202829835fa0fa6e4476f0d82b663b3b14caf57e
res_n_main/medium/tex/rain.pg,pg,15677,d5bcc48f037a8895f55efa306205f0079c628d9e927e47af5768c22949bfb264
res_n_main/medium/tex/rain.plist,plist,1742,3a0003937c40d69d4aa9e260d2e44ac591794669f2ffbed3d8632d6c90542490
res_n_main/medium/tex/reincarnation.pg,pg,162007,74b8cb221c4d493b209c977784c0e255089c787fac357b43fe4aad30229ce635
res_n_main/medium/tex/reincarnation.plist,plist,7068,32a893c1d856616e1b4a06863cc174f314a18e3fa712a994e7a393e1a876d2a9
res_n_main/medium/tex/reinforce.pg,pg,121988,82a1d0ee27f24cf82548bd536c444234f5a4e2daae1fc0e8083cc8bd65696603
res_n_main/medium/tex/reinforce.plist,plist,6074,7a01d20b17f9eb126e12375b22ce452ca8fe81853affe975211a84177b2b1f16
res_n_main/medium/tex/rende.pg,pg,191900,c93ca830fc4b78fdcfb60545bfa0616d9c19e27baa34fd6ef50f96181b27ec32
res_n_main/medium/tex/rende.plist,plist,4067,2f4a15a566be20b7e0da035c34c384469adbab5f58a49c77c3b7d6e0b0778dec
res_n_main/medium/tex/scene_bg/ChooseRole_bg.pg,pg,248588,231fa8048c1f1d6911c15963cf015f17e05347377318b32bc7fcfa833616d3a9
res_n_main/medium/tex/scene_bg/MainMorning_bg.pg,pg,513771,34c4435eaa2cd5ec930fa32b380e51d32cef31a347ac04d3e54cfd416480db74
res_n_main/medium/tex/scene_bg/MainNight_bg.pg,pg,464800,79e95d26cfcf64ca237fcf48b920780dd09342e619215efeab0aae44167eca44
res_n_main/medium/tex/scene_bg/MainNightfall_bg.pg,pg,516685,7331ea5b31a5e229c805c5ef613e06bd050ebd4729e4ca8d7ae4c883ea91ca10
res_n_main/medium/tex/scene_bg/climp_bg.pg,pg,271660,639c22ead7d3bdf6f001e8ba34789b0953ee30f2455d8613e4d170e0057c8b63
res_n_main/medium/tex/scene_bg/cmn_bg.pg,pg,287716,26731f622dc9a500f21aab7b010f68e94e2e4962dc2140333847463e617b8911
res_n_main/medium/tex/scene_bg/copy_bg.pg,pg,271660,639c22ead7d3bdf6f001e8ba34789b0953ee30f2455d8613e4d170e0057c8b63
res_n_main/medium/tex/scene_bg/develop_bg.pg,pg,155492,90a99f13d73f969793d68f258d4f1b6c453af41a3f7da1929ab949af6e31527f
res_n_main/medium/tex/scene_bg/jingmai_bg.pg,pg,210852,c54b503572befe0952cd3e4ed7b4be266ac6d204371c9b997d2780f38c7d06ea
res_n_main/medium/tex/scene_bg/juexingbaoxiang_bg.pg,pg,214571,17d3eb997ae8d6e4e68869dade18b57765f3f218c1a483c4e0f85b6268d1875a
res_n_main/medium/tex/scene_bg/ladder_bg.pg,pg,240242,84f460c66f229bcc6a2d597772a90c415334d63d0256dd007dced85179507085
res_n_main/medium/tex/scene_bg/login_bg.pg,pg,344359,47326ebc81be41d3e31144869423cf15064bc2eb7e916d67eed999862c33b65e
res_n_main/medium/tex/scene_bg/logo.pg,pg,41410,e101ff8d21ca1ee5f18ba3bea4e6155f005b3645442009cdac4d8e7913ab3781
res_n_main/medium/tex/scene_bg/team_bg.pg,pg,175016,e302c23c390397368b0033a11d79a4a116afcd72001e1fa4d216840968489299
res_n_main/medium/tex/scene_bg/toast_bg.pg,pg,224908,cf4e25952f641bef29dcf97f8aece72962c6178a6333557315082c87e8a7b878
res_n_main/medium/tex/scene_bg/tuteng_bg.pg,pg,159786,c7e2cec43af3555a4f84fdcf7ee02070ae3c0b578ab554f22a42871788bc8aa7
res_n_main/medium/tex/scene_bg/worldboss_bg.pg,pg,286711,7f698edd284751f29995a92f8a27425fcfabbae97479ea8dc4e00d962b1c4407
res_n_main/medium/tex/secretShop.pg,pg,446971,a01afc3a6414045430db155a2bb09e913bb4113198f114277103463603682f0b
res_n_main/medium/tex/secretShop.plist,plist,7838,330a44e7f7afb6dc6b185c945f3256b9927170de65339701e8f919720127e96e
res_n_main/medium/tex/shensu.pg,pg,164065,0c0fd7ff5bc1afbbe19361925c1d6d667bc6ca02e5e14e107bee45ded6c607a1
res_n_main/medium/tex/shensu.plist,plist,3593,215faf2044cdb250019dd93880ecfcfd33954976ab6a02ab3c440f0bca453ee1
res_n_main/medium/tex/skill/302101.pg,pg,53015,757d27de5529369fda6c8751a15bbed83796de28a876eff1a0aaed920fcf224f
res_n_main/medium/tex/skill/302102.pg,pg,57922,6bda7bbd2854dc67a622c5f4218729e2c087bac2e4b68c6754ed505686e19632
res_n_main/medium/tex/skill/302103.pg,pg,57326,13a2a0e415810ecc703d92a5338b8f8cca6b0e3e7d8ee15bdde623dfd43f4b1a
res_n_main/medium/tex/skill/302104.pg,pg,44023,8eb088ac9df1200b9649d177e257641c69117beb052f59fa6e5744e2b1b2b05f
res_n_main/medium/tex/skill/302105.pg,pg,49194,fddb3b8d55380ba4253e61a1d32f9e55d14abd110e0967fd1c5e544a6c6fd9d9
res_n_main/medium/tex/skill/302106.pg,pg,46360,049c1df50e5c49244c5ef45306f53853d42413c3473d982f2b1fd157a3ed5a4a
res_n_main/medium/tex/skill/302107.pg,pg,47721,afe372adfe8490145b24d84a2b8920dbc0420e8fc4f83f1d7288454c3cd8b7f8
res_n_main/medium/tex/skill/303101.pg,pg,54483,3c9631e9ff1ffb37879313422e5cb74cafdcd5fd1491cbd12330d34afecb4bde
res_n_main/medium/tex/skill/303102.pg,pg,54044,7110df52b5cce59560cb72d4ef9779c89f47344d19dcf8de9faae149c4aaf2c2
res_n_main/medium/tex/skill/303103.pg,pg,39970,af4d8e08be2c57e9bd853d95bec86132b922a976fdfe4a7e795e646ea85ca013
res_n_main/medium/tex/skill/303104.pg,pg,56303,cd427d5eece67a8657b38c9b85c5b46ca904f6a159701dfdb1f425c35c72c20b
res_n_main/medium/tex/skill/303105.pg,pg,55365,2287955e0c6c63345150d81c1dd797b2fdde7ecc7742fd4e7d1885ed79daa29c
res_n_main/medium/tex/skill/303106.pg,pg,58396,9edc0316ae9f6215d0772762e9368feb493797bb6f174bfd27a0d728291aec43
res_n_main/medium/tex/skill/303107.pg,pg,52126,7225d8870f3f37453800bc2aca6ddd07f42b636c66c087647f1d5536a90a3de6
res_n_main/medium/tex/skill/303108.pg,pg,51874,fee9371a38989dc7e33e6567124bc32b113721b0b8caf99cb3bf4e2a0a7dcbb6
res_n_main/medium/tex/skill/303109.pg,pg,57678,48bfc55d548193b35d24fe88b18d2ccd6ca751ef8fe2a35db8909ec8fe2e1db1
res_n_main/medium/tex/skill/303110.pg,pg,38292,0cbfe2cfe263fc77d116041b8b820d37e0bc1e5d977f68673d947e4ca9b10e1e
res_n_main/medium/tex/skill/311001.pg,pg,50120,aefb940b5ac3ce30e82a0618648ebaeead2e8420c60986b6d1060f72c2fa601d
res_n_main/medium/tex/skill/311003.pg,pg,49451,db8aee8d8493f116f0d886ad92b7b7eb204a1fb4685dd7ff33823e213665b059
res_n_main/medium/tex/skill/311004.pg,pg,54112,7222edbaaec718518a67ce873cf7b4a3544c5d05df0954d4d640866f918b9aff
res_n_main/medium/tex/skill/311006.pg,pg,43417,b7cf91fa4e1a9fc403f2d688b4da73bdd0431a8efa3bc026f050922a600bdb87
res_n_main/medium/tex/skill/311007.pg,pg,44227,3943eb73122f6b835b44fa1f36e3ef3e9cc1b4023dc8c4d8d679d57d9029959a
res_n_main/medium/tex/skill/311008.pg,pg,38891,67e4b68a39f883830c9983d1e45862623511f3d4901221d316eab9c97710f6e7
res_n_main/medium/tex/skill/311009.pg,pg,36150,ffdb1f5bfb37714a3641e38d3bcf3278ead77572002fc4ec5cc627542694ffa9
res_n_main/medium/tex/skill/311012.pg,pg,43207,e19c0904f12bb8cc4685a21e38e9c6f3c9ffb9b8a0e825a424955abca58015c1
res_n_main/medium/tex/skill/311013.pg,pg,48170,b85048e6f0b422fa8778902144c7c3cadf84e940704531826b7e9e7946b0130c
res_n_main/medium/tex/skill/311014.pg,pg,47190,ab8d2e5d12ab22607673a5d291c53b009ce9dc37796de9a7db287004074afd28
res_n_main/medium/tex/skill/311015.pg,pg,44487,3c30d53a899369e2b5a46c3b155c7b22d194d67e1811834150fabde1ada012c1
res_n_main/medium/tex/skill/311016.pg,pg,54751,6e77df21ffbfb36e2bdca5c9606f60b46e26ca9cf539642e3beb7bcb022d5daf
res_n_main/medium/tex/skill/311017.pg,pg,57518,dc91022cc4400f789dd87203eab93ccff1b7f5c4a0b0494b79ff861f0d03629b
res_n_main/medium/tex/skill/311018.pg,pg,58939,efdf3c7bfb142ea49c24a2a8ebf2c32140c88f24d7d8b5c982480651d933ad5d
res_n_main/medium/tex/skill/311020.pg,pg,48776,b38e8d2e4d3dc7094b85493b203d82611418def6f9fbbe4f3a777d11fc510ba2
res_n_main/medium/tex/skill/311021.pg,pg,47912,6b4fb6745c937bce5345dc200ae60816a9ca07c06b1d57dd5f445bc54d093ab8
res_n_main/medium/tex/skill/311022.pg,pg,42466,b0f485d6aec5700b03b0f9bd486cb7cecf849b9cd24b14efa4380d6cfc4e7624
res_n_main/medium/tex/skill/311023.pg,pg,58967,501b9bc6036ca405daa41e3b26b3b8864f84c19a6c0130504dcbe205c5be09b1
res_n_main/medium/tex/skill/311024.pg,pg,46030,ba8018b12896d9368b00d4a679f446d9cf047517e262426531bbbc1fafd0e092
res_n_main/medium/tex/skill/311025.pg,pg,65137,2049e19df391546d00443dca238ef935e94963408e3005d909477b810ac3590b
res_n_main/medium/tex/skill/311026.pg,pg,57517,8b93f7a64e70bb5bedbd751b9e64a495f59def6fbc73fb153dc5c7f4487754e9
res_n_main/medium/tex/skill/311027.pg,pg,49811,bd4b08de7928a7336e89b686f9f0d0c09f78760eaf7443f5c29f9c98c1cb71f9
res_n_main/medium/tex/skill/311028.pg,pg,31383,7f056b704cdab7cc5bcfebe28b1964b8f1731f1e12c3ead26a609ce6b8f78c67
res_n_main/medium/tex/skill/311029.pg,pg,39312,ce7700f253f65e6016563afd9d99c885fee438e6977ae31396841e083e305ee4
res_n_main/medium/tex/skill/311030.pg,pg,47204,872c73e66864621aab29c6f10ccd6fdbe0e4b33c0566eecd1ca7c8d96287bea8
res_n_main/medium/tex/skill/311031.pg,pg,55980,00d118ae097b199d2d7181f57f5724fe339b2617e2799a32447bed090fc4e584
res_n_main/medium/tex/skill/312002.pg,pg,41347,281dc42c37fbb3f15b2cefc0901ca205130f77e746fee90102ad0589a7d64940
res_n_main/medium/tex/skill/312008.pg,pg,56119,70d89f91787208fc7b3d17e52b64a4920849bd90c15540175d6ccc2bbe10cf16
res_n_main/medium/tex/skill/312010.pg,pg,48402,d960f515dc69942b95b3c6918713f363cb2e6ec162a1c8a7af286a42029b6cd7
res_n_main/medium/tex/skill/312011.pg,pg,50859,453dd8e3fa237f0090c94ec66b7b600c2298129f1cfad151a32bcb8e2afd8c9a
res_n_main/medium/tex/skill/312012.pg,pg,41705,02919770e6bd17c863208c573edf1f3d19b10f025c8ce3f3967ef0856f1a2032
res_n_main/medium/tex/skill/312016.pg,pg,49582,8c4ecd69f1fe01e7270348b33b9e63ade99b31b9a5836297a0ccee4cc129c956
res_n_main/medium/tex/skill/312017.pg,pg,58033,01e64d0a850bebc0bd7b069ebd7d66edef184a7161798786961da29afac47027
res_n_main/medium/tex/skill/312018.pg,pg,61150,1ff58d756bb53dd31bd6833c6d3a47949637a845d7bc803f3d1436eb43af2b3b
res_n_main/medium/tex/skill/312019.pg,pg,56711,3d1a718953f98373effddf74f703b216f7d01b54754c92b2ca6f27cf6a49a56f
res_n_main/medium/tex/skill/312020.pg,pg,42301,a7467a5e78f82af32e4093d35569541b5deecd634f638d179d60530434077c3d
res_n_main/medium/tex/skill/312021.pg,pg,49593,241e744445bb0a4fb3c3e2bcfec9aeb9eaa08a1b5b676578a2cf4f5325be26c2
res_n_main/medium/tex/skill/312022.pg,pg,49582,8c4ecd69f1fe01e7270348b33b9e63ade99b31b9a5836297a0ccee4cc129c956
res_n_main/medium/tex/skill/321001.pg,pg,60387,c9330657d34d7c70b4c66e4af5e3e2e431392701491379ab12761bacd6d58363
res_n_main/medium/tex/skill/321002.pg,pg,48625,a0e5f36aada7d1fa83a25a4249e0a0a818ff1aeab5ea278db8ba151f97e9b65d
res_n_main/medium/tex/skill/321004.pg,pg,45196,c322d441556dee878f6cc56d45293b1cf2be4a415282ecc414d1a8160b49a3eb
res_n_main/medium/tex/skill/321005.pg,pg,40953,8d47548733df98cf00d77a5e8acdd9da65eec62b484e3f09d1b658446043c995
res_n_main/medium/tex/skill/321006.pg,pg,46385,d234b6d3537a6b3319a16c1551cde5a7e818229ffc7a92073cc6a0383f6fc302
res_n_main/medium/tex/skill/321007.pg,pg,43745,c4da1241ec014cfe38b3ba2ddcd474826c1b92e70ccf31d091e782f5f412ae27
res_n_main/medium/tex/skill/321008.pg,pg,58176,11da428ad50a0a05a21cf00569125a75209d2ad08ffc676a84246060b033f856
res_n_main/medium/tex/skill/321009.pg,pg,54540,30ee2df025ebf995f5456faecdf123efe80fd83047ce742f9deb4c41776bf6d8
res_n_main/medium/tex/skill/321010.pg,pg,47951,cd225173e6da4e93c1ff9b6b52e1080388f46c609e2de085c96db33e11b24c44
res_n_main/medium/tex/skill/321011.pg,pg,52404,fbcdf2865dbc1350c9476c41cae0408a362100bc5e5eb5ecc202b7db5635cb20
res_n_main/medium/tex/skill/321013.pg,pg,48666,b01f937b7301818ae61aa1c26b58e96d41502aa27b3503e4a613e86c68ac59da
res_n_main/medium/tex/skill/321014.pg,pg,27975,0ce0ce37d049fb1fee463cb7578af5f998e8a7507daf083b4f4605434581d3eb
res_n_main/medium/tex/skill/321015.pg,pg,48884,a0674c4b572bbe25ff04941b90a64b028e992a28bb7e0768e4a9a1485497caee
res_n_main/medium/tex/skill/321016.pg,pg,46044,42cae4db9d9d67aa0a94d05df3bd3bffab2ee8a571293f83832e4c195d37b24e
res_n_main/medium/tex/skill/321017.pg,pg,68043,404c90bbc1d9ae31956314e3156bf8e012df8796a93a32edc1b05405abe413f5
res_n_main/medium/tex/skill/321018.pg,pg,56306,4b7f5e98b27c09ab87580d10b083d1f6ce3b1a0772e40a42778c7a871a15ceda
res_n_main/medium/tex/skill/321019.pg,pg,35188,ceef46028945b5802eb65f891d4765c3ac7340e486fa6891b842886d25936dbb
res_n_main/medium/tex/skill/321020.pg,pg,57142,588c1f62a14fb5c56a0886002115a51703d827b7745a822517329121738fc951
res_n_main/medium/tex/skill/321022.pg,pg,63576,e7ef79d80ddea37e1cba08e40ae84b1f5e6689d2164a6d5ab9096edebc35cd51
res_n_main/medium/tex/skill/321023.pg,pg,61705,c0a78162107fcfdbd6ffaf2838ccb22da06f66fd02eba16d1f4d8176eb24fce2
res_n_main/medium/tex/skill/321024.pg,pg,48356,293ea44f5030d8134c6b93ce9b0ea2eeb19ed58b992fd4e83ac66ad472961d40
res_n_main/medium/tex/skill/321025.pg,pg,44233,57430bc4fef57178f7c65cf6aadc10ff385244b2d76a8fa364eb436162189f50
res_n_main/medium/tex/skill/322007.pg,pg,59074,1db9f51bb52ae3d1003ce0c628e064a41dda7233da4ab9d2f8576ab543975836
res_n_main/medium/tex/skill/322008.pg,pg,46363,52ce91c3b10b86ed3fda0152c83fcb55e885e900af55c1dd1710af92a6e1dfa8
res_n_main/medium/tex/skill/322009.pg,pg,60504,948c87d562f50cfc522b50360d789c1bad448e81c33f527d9bcade51a8f3ad5f
res_n_main/medium/tex/skill/322010.pg,pg,49018,08dd1498b3334036c9917a3f337e8ac74b7ea71936716df9cd933afabfb845f2
res_n_main/medium/tex/skill/322011.pg,pg,56041,8b9711be0b57b4c55e6ee96a558bb514ab678d2a2196fbbebfa22db6ad6b1dff
res_n_main/medium/tex/skill/322012.pg,pg,46185,3e8c3369e1e516c40950e253f5132d96025bcb6ca9b2085bcf7cb6291e82adc0
res_n_main/medium/tex/skill/322014.pg,pg,56947,f66d449fe1887c8bfe794771d1e8fccc184375bc3d6d221f9776b4e1414e9e44
res_n_main/medium/tex/skill/322016.pg,pg,48255,0d18f46b8d8775ba216e85bdcd1529849f716fa0d0e2443b829ffbc414ba3c73
res_n_main/medium/tex/skill/322017.pg,pg,60357,3b4f7921348061ca82a68696ea8235c5b6b24d2da3e58ccaec918bef0ebfff8f
res_n_main/medium/tex/skill/322018.pg,pg,64961,74341a4040c7c990d9adf059214e4b3e1be3ffd92fe3996ffde7a24d7281f8ee
res_n_main/medium/tex/skill/322019.pg,pg,43493,7c6458acdffad397db20745ae6978ed86cc8b09f296e0a9a070aecd51cda1760
res_n_main/medium/tex/skill/322020.pg,pg,46436,45924f1137c91987280804ff4b857e367d4665af11afa0c92b56c055c540cf73
res_n_main/medium/tex/skill/322022.pg,pg,40587,f82fadc06c395eed6d4d5ded4bd375a406addc17d7e0347089fe1f48b8e9054e
res_n_main/medium/tex/skill/322025.pg,pg,54597,caf7b062eceeb1a705092c774472cac63a4b26af36a67e7c14dbb168d9fd4a3c
res_n_main/medium/tex/skill/331002.pg,pg,61272,5f600bc22e4ecc3b264b2af669f62cccf9875958f6065eee3786472ba1230313
res_n_main/medium/tex/skill/331003.pg,pg,49759,80daac0572048133610ed3ba428c61f6f1ff1dea2f5f6a2a23be0a1bdb3e7f0e
res_n_main/medium/tex/skill/331004.pg,pg,46930,2fc70d54904d1bd0db198e1c50f986b52a3a6b55edf7af0a888c10a31db92614
res_n_main/medium/tex/skill/331005.pg,pg,43302,06be8b8ad92d6aa17a883a030981b1b515230efa1945dd98cc169788e8ec56b6
res_n_main/medium/tex/skill/331006.pg,pg,56757,f439cf5583bcd4d82160a6b0b367a4b270e410d5b480d6ee14b285cd6d0c3b81
res_n_main/medium/tex/skill/331007.pg,pg,57486,185dc41818d0112bc2e36d8d6ea88cac708aa534ca759936369575a23cad6ce0
res_n_main/medium/tex/skill/331008.pg,pg,54092,8fd8a3de93eebc55f864f010d0afa6a17dd6e17f044164eb3acd21b124d431a9
res_n_main/medium/tex/skill/331009.pg,pg,55614,ff63d0301ecccf69849141c0ea0b20c53ed2452f8999a0b5907262c0f7b9cadb
res_n_main/medium/tex/skill/331010.pg,pg,49619,e202d760ed7784c44b0306704e921a0d324b5556185e4701df5919e079612748
res_n_main/medium/tex/skill/331011.pg,pg,55295,fb63eb2ab9a7e9ad245ddb2144dbb8bab17ec2f066229ed19f9275e3171979ac
res_n_main/medium/tex/skill/331012.pg,pg,44336,63ffe21c4c7995e9ad6fbfb45a167a99601a57916c68e4d552d6bdbb6333d3c9
res_n_main/medium/tex/skill/331013.pg,pg,51564,0151becdcca9e559cc9576cf34b3e27e2c503e9f190a7592c6715b661c71da69
res_n_main/medium/tex/skill/331014.pg,pg,46321,5aa2d14cd8e9832f9ab6897011c64c238f6b90edd26509486fbf908f1dc3ebd6
res_n_main/medium/tex/skill/331015.pg,pg,44163,1b91a65b7f33c2f91a254e361d1a3866eb6c088ed9575c74efed31846553b909
res_n_main/medium/tex/skill/331016.pg,pg,43976,19cf8bfbb3a68b8d805d449c5eef90d77a5f7b20ed1b3dc643ff0c8938acd478
res_n_main/medium/tex/skill/331017.pg,pg,40662,ef74fcc82546da0e611d1a1042b91384d6dfd23da35a3b186d8fb9c78367cf5c
res_n_main/medium/tex/skill/331018.pg,pg,56317,e0afea51c987eaf60ab6d766b524c1fe6a2e85fddcf7f0784e3c1e2fc88c5080
res_n_main/medium/tex/skill/331019.pg,pg,51386,bbd2a9703ecdb795f312f996760e5eb9d4ef41a45a193ba685086abf0f51f619
res_n_main/medium/tex/skill/331020.pg,pg,51638,015faa079acdf5c3a19895819e498a69597874026c68a658abada12fd7903eb7
res_n_main/medium/tex/skill/331021.pg,pg,39065,2cdb0a297a0742def2df68bb234cd95b199b321d216fefae58936633987d04ed
res_n_main/medium/tex/skill/331022.pg,pg,60170,0863839c4c9ac39c27f26cc41d058867de64969809b472234a6fd102561de975
res_n_main/medium/tex/skill/331023.pg,pg,47150,301db4317be85cb4d3104ea0b826e209a5e728275ef0e302db230a987d02e416
res_n_main/medium/tex/skill/331025.pg,pg,19050,b97916c461ba73bb1efa4b6a92163741cf2d733981f5f6fc1e27ddac6f53a927
res_n_main/medium/tex/skill/331026.pg,pg,46145,4206043c7ddd8bda87dc8a9ea41fc1c9167c0780f313be8d5fe49aad1f380845
res_n_main/medium/tex/skill/332010.pg,pg,50405,001e95310a88260fff97ea204c38b8c4b3cca0d484fe057a6fc18a5efbbb4bed
res_n_main/medium/tex/skill/332011.pg,pg,49509,d6e3e8df10166ae50c882e8f8d9be18876f769ed4122baf9542aae492f24e065
res_n_main/medium/tex/skill/332012.pg,pg,55089,25aa13bda626ca88d72254654a9c4eba5c6a76ff747659117e5d0f149235725d
res_n_main/medium/tex/skill/332015.pg,pg,40519,c2f1ae85edbf145a422cc4a70a1d7f0762426616d54308cf2a53e6079fdbb2e2
res_n_main/medium/tex/skill/332016.pg,pg,56495,d87453ba31f8d538c6d5967665701fb176e7647dcf1a36acc25d32e269b1ea23
res_n_main/medium/tex/skill/332017.pg,pg,39970,af4d8e08be2c57e9bd853d95bec86132b922a976fdfe4a7e795e646ea85ca013
res_n_main/medium/tex/skill/332018.pg,pg,59523,fe0ad14cf9cdc11c6e13d3b194f611b087bca7a5f5f4efc8edf13397be9d1140
res_n_main/medium/tex/skill/332019.pg,pg,46829,0a28a16ef08ef5e2aa8717dd905b6521943520a3bd1d42b0a954836ca8a3fb30
res_n_main/medium/tex/skill/332020.pg,pg,55555,8cc83b5f49da00a406e32b84e999f31e7b1a730f4d55c997228ffb8103ba0edb
res_n_main/medium/tex/skill/332021.pg,pg,53864,08d37ff11f9da5288959972db25749128723395c7818bb36465fe5f41c39a0e7
res_n_main/medium/tex/skill/332022.pg,pg,59579,1110806fb1370f18ed804d1a9045e0b442bb88cb03a7813ddf65d682c2992893
res_n_main/medium/tex/skill/341001.pg,pg,57254,a971fa00725fbbb6f9b64157553b39ac9ddddbc9f0050dcc22f57b4187f2bd05
res_n_main/medium/tex/skill/341002.pg,pg,37562,37c208c7137e5a1e8bb3aeb2e57ea0191b4924fd7fef6cb9bb979dd350b36e5a
res_n_main/medium/tex/skill/341003.pg,pg,50420,b7bb31eb427a82f501e6e57b2dad1a6432299a6ef0f6b17ad05735b1a1f12264
res_n_main/medium/tex/skill/341004.pg,pg,44537,6a744753ef870b10f6bb3b0a00b33eee1087b18cf0dda3631fc18b352c816a00
res_n_main/medium/tex/skill/341005.pg,pg,52126,8b66982a3fbf6bd676a414c9d53a6c7e0c73997ec987cdcfb91a90d826053fd0
res_n_main/medium/tex/skill/341006.pg,pg,40659,707527bc87c9d7d801723230d4000e8a6b935862ec2d764ccd241063e92289ba
res_n_main/medium/tex/skill/341007.pg,pg,50755,70a044036958796b7fa8dd30c8bfedd8048c52bc52920df396d3f480fec4b0af
res_n_main/medium/tex/skill/341008.pg,pg,44421,1463dee25025c7f5334839acb229997f063ac18aa5ee5db5fa57aabdbad61b0c
res_n_main/medium/tex/skill/341009.pg,pg,50627,2b8dc9aed3bb485121a84fbb41db46ee0343ea6315812d0f18b130c0e36a1c86
res_n_main/medium/tex/skill/341010.pg,pg,52364,0641de13bf1228ad7e1c801c70d238ff62035946f66cfa33026bd6dacadf1dcd
res_n_main/medium/tex/skill/341011.pg,pg,48776,b38e8d2e4d3dc7094b85493b203d82611418def6f9fbbe4f3a777d11fc510ba2
res_n_main/medium/tex/skill/341012.pg,pg,62916,dc58bb5ef69ac26f1e0f42d2bc0998b243b434f5d6cdd904b4bc23358fc44911
res_n_main/medium/tex/skill/341013.pg,pg,56621,a5ba1921a84812bf94ff0f18a50f0f479e40a873fa7bb0d4063f6224682b440d
res_n_main/medium/tex/skill/341014.pg,pg,38313,3a143165deeb5829b3735a4c1f54d3fd1064bef8d66b111449091be0f12d3e3d
res_n_main/medium/tex/skill/341017.pg,pg,56037,ae70452436f0db880ff367623aec7a4513b931f61847fcea40af28367dbbe447
res_n_main/medium/tex/skill/341019.pg,pg,51213,4d16fbd9797c2253de77f2ed39790e9f37da47b6d2d8b5cde4ebb584eed8e674
res_n_main/medium/tex/skill/341020.pg,pg,57785,eb8f1c43dedadcff19233f6a5f9b8b38efd654a27e186e21be142ddb7a8a983a
res_n_main/medium/tex/skill/341021.pg,pg,39360,04050adeaea5651f49927bd10c6e93dac08141b480b6df4953a98b0dae3fa9b0
res_n_main/medium/tex/skill/341022.pg,pg,44718,8c5ca322496b655c269035a7b5c79dc2eb65a0ac63f250128ef5a8125b1b7e93
res_n_main/medium/tex/skill/341023.pg,pg,58111,8dac88fbefc53ceb4a58e135cdab740ffa8650cf55e79ed36752206bdbba3ca4
res_n_main/medium/tex/skill/341024.pg,pg,51105,557b9ff1982023b47c42bdfd1197748ce171ef4481e8996601a344d18fe7ea01
res_n_main/medium/tex/skill/341025.pg,pg,43342,1c62878e808ea73c191c7ec4ec047f8fc6c8aa9366718c915eaa72d903361f1d
res_n_main/medium/tex/skill/342002.pg,pg,45252,9556a0e92c0fcf465d1fc6670cdfa483a438b8aa121ec5953ab2cbdf85309b7f
res_n_main/medium/tex/skill/342003.pg,pg,56288,2637abe29f0a5b0fd1928a0027a40cbe4d8946e008a9328b105bcb8e8bd96a02
res_n_main/medium/tex/skill/342005.pg,pg,43239,ac3f0c9b93b801cb4c8fe633e94f8154e2ce70d9ec713623f56456deb77eeb10
res_n_main/medium/tex/skill/342006.pg,pg,52611,3111b28ead08823a8e66789a885f52ab7395813d074e33963ab796b0cd4ac895
res_n_main/medium/tex/skill/342007.pg,pg,52742,59898f60fdb8e574d674162309a63f3cae891c2db283e4ec2e87c59ee1af55ab
res_n_main/medium/tex/skill/342008.pg,pg,56065,10f666df856b56872115e0a5f33e469771b21313faf576dcc33dd63613234336
res_n_main/medium/tex/skill/342009.pg,pg,50200,32ca44045307b2f5f0f5c9c2d945deedd0a956e2c418c4c44971be9ff7cd9349
res_n_main/medium/tex/skill/342010.pg,pg,55725,1fc9927d497d4936877ff29210fa1db4bc92a26b39317ae44f95770d8561c424
res_n_main/medium/tex/skill/342013.pg,pg,54648,52f79dca49f2362fcd6503a05a2d1dbfd9573898b10600b7533cb4838226dfee
res_n_main/medium/tex/skill/342016.pg,pg,44031,1e75da677de241d5478df555ff3b520357ba47811f5afa7dc49f5830ec701c69
res_n_main/medium/tex/skill/342017.pg,pg,43493,7c6458acdffad397db20745ae6978ed86cc8b09f296e0a9a070aecd51cda1760
res_n_main/medium/tex/skill/342018.pg,pg,48269,69c764878c063997bba2aad48ea79723cf26d977d45433f47d367d4e025ffb5b
res_n_main/medium/tex/skill/342019.pg,pg,39962,923d41fdd6c7a386fc16fc37d0e1c9f773145d37fc7b23654a82630de8ff83e5
res_n_main/medium/tex/skill/342021.pg,pg,46884,ef4648855a69eda98d5eb05c7014f9d152123c59b55b7db308f97adf59f475e6
res_n_main/medium/tex/skill/342022.pg,pg,59579,1110806fb1370f18ed804d1a9045e0b442bb88cb03a7813ddf65d682c2992893
res_n_main/medium/tex/skill/351003.pg,pg,53225,81ab9aa5be8d239f5488932327bf5e154de03d7c1460dfc220ee249e8897a12e
res_n_main/medium/tex/skill/351004.pg,pg,46833,b4949576992e12cf86e3235fda50ed25f1a7c286350b98d8a847eb4c726c4c30
res_n_main/medium/tex/skill/351005.pg,pg,36902,d5f26cead79381faf62631545752c3cdea3959463b27dc04de2de0dfba461bb6
res_n_main/medium/tex/skill/351007.pg,pg,55896,7c028cc0ee78d859b54d527c703136f1afe23725063c685fe5917fcae1fcbec1
res_n_main/medium/tex/skill/351008.pg,pg,54077,2f11b644cb31682ff32a09443f8a03df44055e91c1e82ff84bc60e0492c57ed0
res_n_main/medium/tex/skill/351009.pg,pg,48778,8f9c5a2601329884417327adaee02519806499a60c5c4a37bdfc963bc52aab77
res_n_main/medium/tex/skill/351013.pg,pg,51537,4e7119d68d660aeb99082436b09305eb3ab7f5629b1628d84b9c8bed73f37e81
res_n_main/medium/tex/skill/351014.pg,pg,47954,94e5a39db5d437c2ea88ad6a60e6016e94eaa46993a81ef97b74a603cade980b
res_n_main/medium/tex/skill/351015.pg,pg,55469,7087cb1796b67f3043a48e4d1446f0414d616453b86e95827bdaabb112d7dc07
res_n_main/medium/tex/skill/351016.pg,pg,52322,6e558a1beb4e423cb5dae031239d4d0ba334c97d599ab435983b0d82fc6eb866
res_n_main/medium/tex/skill/351017.pg,pg,48382,de941a5e27f4007c77df8f6049e7c8a309b04c62a54d5ff535755c17ec201f3c
res_n_main/medium/tex/skill/351018.pg,pg,44004,a926cd976da72dcd44f1cf09244e0f9363e823fdb0d69f2473a890f5fddd19bc
res_n_main/medium/tex/skill/351019.pg,pg,54720,53f62b1b4f784a03374192ab133d607f1af8f12ab160859a935a0b1c927432fa
res_n_main/medium/tex/skill/351020.pg,pg,57112,8d007cbf08030f5f793395a0dbe91e52bf19f1647f6e0e159619be84054bb290
res_n_main/medium/tex/skill/351021.pg,pg,54165,35dd0fb1752ec454fa322b705820c025ca7334b5444ff3fd5d4f06e95662535e
res_n_main/medium/tex/skill/351022.pg,pg,55787,4a43e7ee53a4e82697f855beb677c5bd8f2221c058449339f54dac46428bc6fb
res_n_main/medium/tex/skill/351023.pg,pg,41261,ae22a79a53f295d90df9305720435d00a095cb152b5b2635cd44c608e8a4980d
res_n_main/medium/tex/skill/351024.pg,pg,55420,eaa45d516d13e9049633bdac808b5fb5d36f2239a46f7b2344dfae924393922e
res_n_main/medium/tex/skill/351027.pg,pg,47107,4ae06a54b9ab96684bcda64239babe414e7165940e4a1cf5e1aabe6b54ed6a5e
res_n_main/medium/tex/skill/351031.pg,pg,53743,8f356afbcaed5099febd96448e8359469e9b5b6b74fc72a1c3561fdafada7583
res_n_main/medium/tex/skill/351032.pg,pg,49478,04cc9f2ad66a9d008a1a323b4336c69d29bde5d60ec92e17e95d82f947311042
res_n_main/medium/tex/skill/351033.pg,pg,46807,e10c79e9b493feb830b53e333e0eb7d3db87292cdd8d8f79310855447be4ff04
res_n_main/medium/tex/skill/351034.pg,pg,60915,845a4633ceb4c91a9982df0f76174d03d8930d5ba47e8b18038c65f1e0667270
res_n_main/medium/tex/skill/351035.pg,pg,65974,5a95040b749168ddf2d90775e206e776a0d606db69017f262779d0f0cbf791f4
res_n_main/medium/tex/skill/351036.pg,pg,40861,54f21daf9a9c50f1bbc609a2f47bee24284b93251b448882e4a8024f312e7a08
res_n_main/medium/tex/skill/351037.pg,pg,55409,ded3135fbb81ec230a16ada8f82ba9029efe67d862eac9cfa0ae0f176314af84
res_n_main/medium/tex/skill/351038.pg,pg,44004,a926cd976da72dcd44f1cf09244e0f9363e823fdb0d69f2473a890f5fddd19bc
res_n_main/medium/tex/skill/351039.pg,pg,39984,9341c8cb6f7ba626c78bddf68f18e5c66b10b9248c60965fd09e564a6e61fd15
res_n_main/medium/tex/skill/351040.pg,pg,35630,2797428258ba29d29b45ee04796d4816e3a131a2c5409a76f73fffd7cdd2f479
res_n_main/medium/tex/skill/351041.pg,pg,54727,fa2ab0fbf76096af437f99507a3e2638ccea512b321e4b248a3607ccdd3be7e6
res_n_main/medium/tex/skill/352001.pg,pg,53918,80ac608d231b4e4fda7fb36d79fb7703171bc8cbee3131150b380815c11d5772
res_n_main/medium/tex/skill/352002.pg,pg,51544,e6c808269c8b33e923c00f2761a806abd1812d95b06a878d70da790587f11490
res_n_main/medium/tex/skill/353001.pg,pg,49880,841c1c64b82e14457e1968a06ff10be6942b9e597e6a7e7398239d8973366c9a
res_n_main/medium/tex/skill/353002.pg,pg,49269,a63e65f79f79c558aec1c2c28859a2b8537ecdf7bd85f94a7b198662239dc287
res_n_main/medium/tex/skill/353003.pg,pg,45756,0c16e42f9ceb6a80412904379e761cbebe60fdd80b9cf9797215bdd842bddb5a
res_n_main/medium/tex/skill/353004.pg,pg,47747,567934aafd0bc33c4e4777454daef47e44747ce102c31d653c2c4bc7683d0dd6
res_n_main/medium/tex/skill/361001.pg,pg,42036,b0915a9fcdc11403bc0ffd042629db478224d9efb49ec20feb95fa444ed0ed63
res_n_main/medium/tex/skill/361002.pg,pg,48887,5ea256eb97d3d84ba74ec5e1e66a6c4c53c7908db9262ad0f3f64f432c4bea8a
res_n_main/medium/tex/skill/361003.pg,pg,58769,0ee104a8682a8739a84f6e03dcdf25c2f4bc08a3b2d19a07bfb34837024c0ab2
res_n_main/medium/tex/skill/361004.pg,pg,56290,0ece96f481e9d38dfc34ad1a351d25bb8a34ecf67743fcd8202c64763503ed9c
res_n_main/medium/tex/skill/362001.pg,pg,46626,59a885c4e4b7aa28625450ac7a753938850543d0a653095d33a3249a40b6d81d
res_n_main/medium/tex/skill/363001.pg,pg,43635,56d866e91d1914f740379e18495ebff1e2ebcf5a55686e819b1c138d3b0ca725
res_n_main/medium/tex/skill-light.pg,pg,13351,bf5c1d00aa2cdef44848299d20925c24508d55851493c7a4fb0eaff4922cd3d3
res_n_main/medium/tex/skill-light.plist,plist,3619,0aeff8bc4e00b11913855d41d600a29f352780fe21dccf6d4649fbfa8c757b2d
res_n_main/medium/tex/skill_baiyin.pg,pg,293293,62e16bb0c53458ae20f5d594fefa825388903d5b677f90cd73f5132f7b6db0f2
res_n_main/medium/tex/skill_baiyin.plist,plist,16326,f48932f4c20b8473ca11d3de3271600d4b36187a0d44a0c06629c08ad4f2e1f4
res_n_main/medium/tex/skill_dimeng.pg,pg,140329,737a453e30ae06648ca110006e919c30a4f9120580b37cb0a2974ab28b96db5e
res_n_main/medium/tex/skill_dimeng.plist,plist,5104,88f8ab05d492581f4b2fd435819ae76005501c49584d224dde96040ee7603084
res_n_main/medium/tex/skill_duanliang.pg,pg,119191,7b60db08a37e42cdfb71506c92c37bbb626602fe5051b6942456b28f21af0169
res_n_main/medium/tex/skill_duanliang.plist,plist,9001,bee51232a8ad8614ed494a15d281331fe7899c5ed63fc33eab30563f0fc7c6ee
res_n_main/medium/tex/skill_enyuan01.pg,pg,195455,1506a1f736ae57aa4f4818f031757564927bb1af641e4ff910adc8e078688476
res_n_main/medium/tex/skill_enyuan01.plist,plist,5079,db34992b33bfb0ca2c0e07572ee9d5e5504b54812db561cca17376095ca77997
res_n_main/medium/tex/skill_enyuan02.pg,pg,152129,02554c260789cbe80aecb5cab8335446d893d7100451bd31e7ac8a99ded9fc9a
res_n_main/medium/tex/skill_enyuan02.plist,plist,5070,61dbc6316bd38be5387222fb973e4775b7c49ab225b61d7919eb623d1f4b32d3
res_n_main/medium/tex/skill_enyuan03.pg,pg,160418,6fbb9e51b7bbbb05228d560ac90e185ce9638f0a6ff4b4427ae193cb1c504352
res_n_main/medium/tex/skill_enyuan03.plist,plist,6553,a4ac455abe72ab3bb4cfbd4d7b7d70c2cf7066075d1171f9833fa8befd3e96e4
res_n_main/medium/tex/skill_fangzhu.pg,pg,98495,5a0d32bd553e9ef9ea56370b6e252db12422d1c4a3b87c222ed910c7391ca6c6
res_n_main/medium/tex/skill_fangzhu.plist,plist,3645,8482fc89599f00a1695b48d10b240c7ffadf50f97708e5ab59b4fc7b44feef44
res_n_main/medium/tex/skill_fanjian_v4.pg,pg,65683,649c8d7c05cf274aae3b58fe24c1eedf991b40100c179155711dcd88a2671839
res_n_main/medium/tex/skill_fanjian_v4.plist,plist,2716,8250d8c804bd8d2cde51bd760d729458eae92bb53710b9fd782b9713d2ae29b7
res_n_main/medium/tex/skill_fuhun.pg,pg,127332,814de3f621d0c1e7a6c28f626c9fb0e9d0b3e3a9a0ff57200782f5a495a08e4c
res_n_main/medium/tex/skill_fuhun.plist,plist,12109,0453e7bb85a410e8a3bef26294506b0c9458c97e5f66acccd30ed5263db6cd62
res_n_main/medium/tex/skill_fuluan.pg,pg,177562,ecb2a4c666d275a75591583994bc0f86394b41d2d095f2cfb8f292ab39304329
res_n_main/medium/tex/skill_fuluan.plist,plist,12279,17b58049efcd717b4b6c5d122bc4884b23f5c65efd8e4facee9f26a8964d7f93
res_n_main/medium/tex/skill_ganlu_v5.pg,pg,199536,a3c2637670c6fa8c6b8526e3f6535c2c46b253a471472fb0fbe3879bf5b0813e
res_n_main/medium/tex/skill_ganlu_v5.plist,plist,13551,6df6ce24648e4047831b18aa13b78b042eb584e90a472d0739050b26203963d3
res_n_main/medium/tex/skill_gongxin01.pg,pg,392879,520a37f84968b4b2853f10251102f775ce40a863c25d19dc591bf8e1efd7e833
res_n_main/medium/tex/skill_gongxin01.plist,plist,8988,5537c9b35bd106aac2692128d3ca523bce09ab8ce6e2d99d1d790f984faa215a
res_n_main/medium/tex/skill_gongxin02.pg,pg,292853,46754d90eff37f409e7b6482322a68918803befb5d8378be4a8d605c1a401373
res_n_main/medium/tex/skill_gongxin02.plist,plist,3682,98c091a5a195c30730d2c5ed766d65a6c4224f369a7694238ff9b333d5e36ac9
res_n_main/medium/tex/skill_guicai.pg,pg,175331,7ffd4f3f0067acdba1f43b861cab3b7160459c70740eacf54f4459a3a8b592d3
res_n_main/medium/tex/skill_guicai.plist,plist,8470,27e42753deed1ae853b503b68bb51c036144a27ed894a7c1c9b5751d54e45eed
res_n_main/medium/tex/skill_guipu.pg,pg,268964,7147608891d2432a4c75aa5d6fa7c25f49a9bec2945d640695ea33668ff7bc39
res_n_main/medium/tex/skill_guipu.plist,plist,10286,1a4aaf83dba90112ff6ad5bbde096148fa764d4a4464a32264908b6060a46fa7
res_n_main/medium/tex/skill_guixin.pg,pg,56545,8a3d22e3efd80c168dda14ceaffde79719c5fed6be977ac559c041a85431745e
res_n_main/medium/tex/skill_guixin.plist,plist,4997,2a5c87fa04624746410c14cf36475b60a3b871afab25b2eed995de8a653caf75
res_n_main/medium/tex/skill_guixin_dun.pg,pg,26911,5d9012fc7aac2b0d3a8d1856324d66521aff19db09e8346e5c449a631f843764
res_n_main/medium/tex/skill_guixin_dun.plist,plist,3115,41766814a92b22c563b5ab09bd87871f18c720dd9e5a0c2db4fc1d459fa95f1f
res_n_main/medium/tex/skill_haoshi01.pg,pg,89680,57c009587adfa98be03d9dcb4a27db26df1fb000768fb43dea27987b597e2b93
res_n_main/medium/tex/skill_haoshi01.plist,plist,3169,6e476327dd155862b345129a2dac8c46d7f4aca9da30e299478f897395027210
res_n_main/medium/tex/skill_haoshi02.pg,pg,52829,7b1fd1ff2cc44dde3fdfdd494bfed2d152705b47654d57d0b0630bc7eb4bc40d
res_n_main/medium/tex/skill_haoshi02.plist,plist,3181,17feb2b3740547cbc65b3befaeffe013c9f788f0166db984aab34934617e15f9
res_n_main/medium/tex/skill_haoshi03.pg,pg,17585,b1800c30e307185b7e35c78cd7573d0966fbfba8864694465b9e452b53a121df
res_n_main/medium/tex/skill_haoshi03.plist,plist,2696,3c81069051011f9e9024ba80d5fa97e8c3d762cfc6991bb682405e07d57e537e
res_n_main/medium/tex/skill_huitian.pg,pg,8497,ca8e726dd189cab85a3ce8c6372cde95bc407ee30e3093ecaeaa3ed1d0ddfa42
res_n_main/medium/tex/skill_huitian.plist,plist,1228,e0fd21b33685736beb4b6fdcbf245deade9c1165df7bfbfc728c0be7033d793e
res_n_main/medium/tex/skill_hujia01.pg,pg,263440,c517d023f2638c388117a5fb9e0c7bf8e9c3d0d28401b22cd25a0be03a0cff83
res_n_main/medium/tex/skill_hujia01.plist,plist,7983,1d5d885d7c7143cb98103deef6eddaddb6a51854fc98a88b75bfbddce3bef0e0
res_n_main/medium/tex/skill_hujia02.pg,pg,389391,44f09949922732140093ccedc01670a5ffab5e8ec023be6a9c9efdf54331fd81
res_n_main/medium/tex/skill_hujia02.plist,plist,6569,439622942042d4f553adccc596c82b000bbee0f554e40420453cbdf1c655a700
res_n_main/medium/tex/skill_hujia03.pg,pg,179779,817e8df5f11b515a75766af5bba0b6754f3312d289fc1218aeadfd9ae9bec6c4
res_n_main/medium/tex/skill_hujia03.plist,plist,7000,8f4a0f3d12b8af713946bf53605d6d59cd45410ddd9d7a5d0f868cf19cbc514f
res_n_main/medium/tex/skill_hujia_v4.pg,pg,352983,40502c799afd65e85f816f1c65de21ae98e887f15b454379f8e7a864bbac5ca0
res_n_main/medium/tex/skill_hujia_v4.plist,plist,8820,35241db079e96b08769f942645771ee8ebbcd4555fbe04e26148161f9918ae53
res_n_main/medium/tex/skill_jiang01.pg,pg,247802,e858ed123b931370ad94108a81f1d1e78dca65aa65e8b090cdc8dac977ed9407
res_n_main/medium/tex/skill_jiang01.plist,plist,8510,97633c45cf9df9a8c2207259322eff7e54ab5af112702cf93b4a605b271114f4
res_n_main/medium/tex/skill_jiang02.pg,pg,233923,95c4101c307b0da50bd30c536b91d00bffff705ce9d43de7f5ec837099d1fefe
res_n_main/medium/tex/skill_jiang02.plist,plist,5101,11a6e1b3ceb5d281980bea1e8017e529573d841cb75de0a1090c11c9389d3f02
res_n_main/medium/tex/skill_jianying.pg,pg,108616,9e9d942f852e19691946c0d51130045c9b5ce349b59a8c80c16f944806ac7eb0
res_n_main/medium/tex/skill_jianying.plist,plist,5167,3247b222d9922ad190c6803320274750e48575848cd889d158a059de2123247f
res_n_main/medium/tex/skill_jieyin_jinjie.pg,pg,43269,d8a8b00f892729840789acb3be2e0df47bbe1b21b3e42574780c4d133b60118f
res_n_main/medium/tex/skill_jieyin_jinjie.plist,plist,1726,0fdf9482a53258bc1d288412464327070e09cb5a5027b63a3960c1b6ee68ff2f
res_n_main/medium/tex/skill_jijiang01.pg,pg,270866,a06afc89a2787efda7dd0bc541b4f81b1601c7831c4dbe629f290e42e344245b
res_n_main/medium/tex/skill_jijiang01.plist,plist,6090,9dea4919025de83d150def434711429df871e8c2f36627df12a6ec5252a6fc6e
res_n_main/medium/tex/skill_jijiang02.pg,pg,179940,55f4afc4e7ad4d0ed111030db0d51014cf42251407f1c0562ddf3c68743581de
res_n_main/medium/tex/skill_jijiang02.plist,plist,7522,fbf0be39c44936c01425b6440e08d464c33bc6c485997ddc5b6d8e7d14880390
res_n_main/medium/tex/skill_jijiang03.pg,pg,24609,5cf0b53e4bbdfff0fdf19356a0f7a99b85015ea150643fc6a5406de273d41a90
res_n_main/medium/tex/skill_jijiang03.plist,plist,3685,d71d98d01094439360734f27ca678abec9f92a9dcb24862f8d9b4c5286827386
res_n_main/medium/tex/skill_jijiang_v5.pg,pg,302232,9d59d4e26b48724132e62f229a6fb42277abb8f78f5e7862b78c977afcc2557b
res_n_main/medium/tex/skill_jijiang_v5.plist,plist,5625,238bbd6bef090d2abf784f43f1ee6900f35b725ff1d0d9a46eea01f06d6ebd78
res_n_main/medium/tex/skill_jiushi01.pg,pg,153267,b02381a1a33027ea17a9975a1c456f2382266084a360316ebaaf7441f6554593
res_n_main/medium/tex/skill_jiushi01.plist,plist,7134,6c6d8c9234222041431feb0a7ffef0fbb1111dd63bc9b51dd6a0b4b5e986fc72
res_n_main/medium/tex/skill_jiushi02.pg,pg,69339,ac2410bbb87688f30eae7345105a344589cdc215301df284f94e8c36375c8e51
res_n_main/medium/tex/skill_jiushi02.plist,plist,7541,6d9e5eff51168dfe16901fa6c3990c4ca0849735254f672c46e6fa700e428a90
res_n_main/medium/tex/skill_jiuyuan01.pg,pg,251396,5674281fc187d7b4bf569f1c0e4fa3ca8917ba05df8135f1cb2acb9470cb2036
res_n_main/medium/tex/skill_jiuyuan01.plist,plist,6180,eb3de8d64c537f75cf9c61c5c2132559ed2260753f82c4b14bf5771d077d5bd9
res_n_main/medium/tex/skill_jiuyuan02.pg,pg,175793,9d15698abe586176dd4b0e3e5bdf93aecc8f81cedff0e7366fec3b3138d9abc4
res_n_main/medium/tex/skill_jiuyuan02.plist,plist,9563,eb68abc9d3e8b5c3ada5b4588457c962716ba718eb53c6387909cde799b7d10e
res_n_main/medium/tex/skill_juejing.pg,pg,366492,af1e25ad51ba38840538ba40af071e1de5877cfe045685776d4ee719bb555908
res_n_main/medium/tex/skill_juejing.plist,plist,12456,522a0168461e8dbff88d9329c4b6710832892e9ac38615ce5547a0c0a612e2f7
res_n_main/medium/tex/skill_jushou.pg,pg,72392,9a85c3a85b445da06ff40ccfb81982e62e735c6fc36b7001d13e9ea9f36e77bd
res_n_main/medium/tex/skill_jushou.plist,plist,4613,e6167d5057d663dc27517a1eaea8474a61d2a0d5f51f598a1af1b1b4aa14e566
res_n_main/medium/tex/skill_jushou_v3.pg,pg,15785,07bf115031dff1612ebf9bbd4b31735bb404ac3be66bd841dd3a52d32b94b09f
res_n_main/medium/tex/skill_jushou_v3.plist,plist,1231,00bf26b7c21477bc306cfef8c604414c20a9e98c522461dbd1232c093c36603c
res_n_main/medium/tex/skill_jushou_v4.pg,pg,15785,07bf115031dff1612ebf9bbd4b31735bb404ac3be66bd841dd3a52d32b94b09f
res_n_main/medium/tex/skill_jushou_v4.plist,plist,1232,d03391658bee3e641e65272a52ae4c9d65c9f4767bfc46b71b4e24a0696c1172
res_n_main/medium/tex/skill_kurou.pg,pg,57495,38ac901708471986e73bf0940f7362b5f251f6eed50e2db41417c525d6041c24
res_n_main/medium/tex/skill_kurou.plist,plist,4142,567ee8e70592629bc60892da0d120179475bb2fdf32d70f963e16c5d20bb988e
res_n_main/medium/tex/skill_lianpo.pg,pg,190771,3a9ad1cbd42f31ea2ad92f5a4918bc75b141e4573178a5c78e2f0c389746cc7d
res_n_main/medium/tex/skill_lianpo.plist,plist,16078,a2a1d47e71805e47ff69bc0d7a2ba8c11cd404f39099f2578dc2966150d182a8
res_n_main/medium/tex/skill_lieren01.pg,pg,91371,1782283306d23df533ab9426a701c316184b6b7ad3332c479902b62dd68c1bd9
res_n_main/medium/tex/skill_lieren01.plist,plist,7576,299394b5e772e98aa93362ff77165dd978e0ffc080c7e8983224fc04c778025c
res_n_main/medium/tex/skill_lieren02.pg,pg,135518,5e07dc595d561e9b60aeb5867705b791a53c41115cf6305ebe1470d90331eb89
res_n_main/medium/tex/skill_lieren02.plist,plist,8130,7f20387a93659102e050725e4cca1fcf759b01cefc53be235d307d11ac8c7e3e
res_n_main/medium/tex/skill_lieren03.pg,pg,201595,2ecb1b0037df6e785c7495db137c00938b2218d1d31f520d838bc53b9ad0a139
res_n_main/medium/tex/skill_lieren03.plist,plist,6153,22569299da3e25fa3e95681345007f7d6e26c69d71ae7071f923976bfa143aba
res_n_main/medium/tex/skill_longdan01.pg,pg,101822,0ce89d82eef745259e405098981299342afb9066ec97f6c91df8647170e03490
res_n_main/medium/tex/skill_longdan01.plist,plist,10897,6356d68388be992d2975e55d8d2e007c602e35720d036bed7940a0eec3bbbe93
res_n_main/medium/tex/skill_longdan02.pg,pg,287942,5445ec041b6d3acbde90f746f0e364e5c6d65d327cb23915b60628cacae3e3f5
res_n_main/medium/tex/skill_longdan02.plist,plist,6629,e810a57b4324bd221c3f6176ef7488201d75162709bd4b0037ec84a23663b47d
res_n_main/medium/tex/skill_longdan03.pg,pg,211623,70bf92596a048cb3c72a6ac0b8369c5ef5d94fa8f7c5264e920cf73eb4b5e05c
res_n_main/medium/tex/skill_longdan03.plist,plist,5127,e916a325ae74adb2cf34ef22ada8705155c7940669a51a86d19184d276b6dc03
res_n_main/medium/tex/skill_luanwu01.pg,pg,180144,c6f6a0648dfbeb4c30639eeb3e5ca5fd5360930ec9f89a0ad9af66007efd81ce
res_n_main/medium/tex/skill_luanwu01.plist,plist,8512,2d26d2866a9afd7f6df06f76f72d467916804bb56a72e6d29589d0e04728b7cb
res_n_main/medium/tex/skill_luanwu02.pg,pg,219951,f0d7fe254e579a7d424cbcef8390d57c3a6fb6b9bcfe65c0c620a42be7a44500
res_n_main/medium/tex/skill_luanwu02.plist,plist,6590,249c581f78e9a733bf0d0d16c800b8b48ad50dfaac66ea857336383bbf79b119
res_n_main/medium/tex/skill_mokurou01.pg,pg,160417,79498298d894f34ce971f9df2269a026d6b8fec42bfc23915b9da7659d6e315c
res_n_main/medium/tex/skill_mokurou01.plist,plist,8566,5bbdba99324e9e4df878029b1b762091a05d062a41fd2a1b59a6d868dd572625
res_n_main/medium/tex/skill_mokurou02.pg,pg,172480,aaca5fc38432c9fbf3d65c5cc9ee10b7c4737a5d9332208378d56748fc7c5804
res_n_main/medium/tex/skill_mokurou02.plist,plist,8003,d1bfaa3745131f121623fc773a547e44b2de268688ed96a8b7de15d06b6fabfe
res_n_main/medium/tex/skill_moleiji01.pg,pg,221881,e279a61b34a8d397f5b5e7b96cb02c6c24f63fbe7c0b5c4db47622eb9a765fc7
res_n_main/medium/tex/skill_moleiji01.plist,plist,8034,336bfbdc594cba3aa5419ae73b74b10672448ed686c1e42f8a64364b7f10f700
res_n_main/medium/tex/skill_moleiji02.pg,pg,222534,dc8f3db0b552c128e45e660b6ae6ba0d0c9fb23bbc666d131d7b6fdccfc32791
res_n_main/medium/tex/skill_moleiji02.plist,plist,10479,dfa7ac10b46e4947e9073719c08a26761560f61a96defe85f014e4732f205e5d
res_n_main/medium/tex/skill_mumu.pg,pg,163323,491dcd4381270241df9275d19f9a76c0192316f0b5d5a1f8945f1d89c5e1df96
res_n_main/medium/tex/skill_mumu.plist,plist,17615,6d605a175ea006a85f57ce688a25004bfdaf5f8eec72d6efd910ba486357e574
res_n_main/medium/tex/skill_pojun.pg,pg,115351,ceb9e9702192da8ef973b9d9b3e139db877f6d572d0ad8446b3a98ad1a2f4742
res_n_main/medium/tex/skill_pojun.plist,plist,6106,98974d0df9570e4e31a2a092d984e3b791f275fa48babfa0d9f0571515e51170
res_n_main/medium/tex/skill_qiaobian01.pg,pg,222662,3eda614e893d7aa57071895cd3acfd36e9f14e9ed14439af9201537363a6970e
res_n_main/medium/tex/skill_qiaobian01.plist,plist,14307,7826565b4d3baa17f3f7cdfae609cc7d3c2a369667d0e868ed57ed5037cd53c5
res_n_main/medium/tex/skill_qiaobian02.pg,pg,267789,96c29dddc5d27af5004c8709d53a2313473880c44a45780023ad2fc93dac1f23
res_n_main/medium/tex/skill_qiaobian02.plist,plist,11014,1478f89d16ae15b50c5fcb534a8ed56ef1d634588ef5686b24968c91d3133ef3
res_n_main/medium/tex/skill_qicai.pg,pg,134731,0ee1889c035b39deb26900642683459d2afaf53dc3caa0ab2a62684df1187bfd
res_n_main/medium/tex/skill_qicai.plist,plist,7496,d102bb9d1ab951a6051aef91dc1514a7215fcd0e783c7b05c7ddcf05b8575a95
res_n_main/medium/tex/skill_qixi.pg,pg,81933,6b17c2d58c5474dc10e51b1efad0648fe3feda2106ac90b8e6d977535df036ee
res_n_main/medium/tex/skill_qixi.plist,plist,5535,138978fcb749faac1d64f7fd93ad83c769f17596a28c7b22a1590127980cf9e5
res_n_main/medium/tex/skill_quanji.pg,pg,153374,b594c09f256b94f14b6f243d5a23f1235fd140f1f7a59bd15aea08d03fb93335
res_n_main/medium/tex/skill_quanji.plist,plist,10479,c7c0949fd4c40374a208f5670f097925b04ce8ce2e5f2be99ff41876ed616011
res_n_main/medium/tex/skill_quhu.pg,pg,62164,875effc9f0ae0254664357f8b16457da2e5c6e8fc27feef8a63a6f6a6a53237f
res_n_main/medium/tex/skill_quhu.plist,plist,3132,e2f80cbfff64a1b158437718631de0d102da28b3fa603f9d90861080837c7e6b
res_n_main/medium/tex/skill_raoshe.pg,pg,63642,29018426aa2506855f9645865a9547b3916cc53e6afcc31cc70adb4b84be0653
res_n_main/medium/tex/skill_raoshe.plist,plist,8225,83261e787714553489fa9d91c573876b1a20feedaa7c03b47c027a2237299b76
res_n_main/medium/tex/skill_renjia01.pg,pg,205911,fb834a17d420280ca36d845ffda459feec58ff6f5c63f972810c70be323a12fb
res_n_main/medium/tex/skill_renjia01.plist,plist,7102,035bd6eb99e99f39141dddd272e33d8d519c988ee340373c9520813f11ba4bad
res_n_main/medium/tex/skill_renjia02.pg,pg,200372,480ad0082061fa3af313ee055ee360d3bff72af63dbb64583d75183aff2b43e5
res_n_main/medium/tex/skill_renjia02.plist,plist,5626,e94873b6e0a7d3e5f390b29733f938034d65f1efe2030eb5ea09f6612d8dbfed
res_n_main/medium/tex/skill_shefu01.pg,pg,200239,6f6c70d45bd68d24ffce4682ed6368068e87311256a2f61718becb9e69851882
res_n_main/medium/tex/skill_shefu01.plist,plist,7506,93f3015bfe5baf58294f5b619bc8eb55299369c4237579e0d0b310f665bbec1f
res_n_main/medium/tex/skill_shefu02.pg,pg,168424,04ac12d2fb208947f0c4888ca798306845e92515a4c7203ef8e173079c0073f1
res_n_main/medium/tex/skill_shefu02.plist,plist,4165,68b848644d61c333b03912a285a054b41ca6435efdfe536eaaf7008407911bde
res_n_main/medium/tex/skill_shefu03.pg,pg,183557,e3c80955b4c8bcdda583006b2792038a09ddebc2c9eb93b3a3be0466451ac3cd
res_n_main/medium/tex/skill_shefu03.plist,plist,5579,39b6c9f0a07170784048126bd5089a586015dfce27f154f9178fd1443b02bfb6
res_n_main/medium/tex/skill_shenfen01.pg,pg,120974,5ffd8fde5fdd68d842a4f80a5efbbb677940a0a77087863fb5edc47fea45d547
res_n_main/medium/tex/skill_shenfen01.plist,plist,6085,93e7ae7bfc775eff9947213b4b1d8745533926ae22f5ac0b698a5e2fa6e4147e
res_n_main/medium/tex/skill_shenfen02.pg,pg,119469,45c1df75d89afe8ca3d5c5ae1bc3028a5302a7d7ddec5e970cbb67a7cc929f4a
res_n_main/medium/tex/skill_shenfen02.plist,plist,5115,65e83fc9f1f73f3278608c09dd6b539afdfa0c64e9a28b7881d2c5dd8cb9a116
res_n_main/medium/tex/skill_shuangxiong.pg,pg,119709,f13452070848ce79ae906cc3cde637541c6bea2ec19cfb4d2132897f3f2d9cf6
res_n_main/medium/tex/skill_shuangxiong.plist,plist,8188,bd38ae115f9756187d8484d2ccbfd796b91a1f47f6d6887b52c91bc695540476
res_n_main/medium/tex/skill_shuangxiong_v5.pg,pg,150634,71dc07cd2e2f0aedd99cd4297d7a42db2d0ba594cb44b0d2b7befc2297cc6c03
res_n_main/medium/tex/skill_shuangxiong_v5.plist,plist,5057,abf7867e38a8cea5adbb1b3baf014389045edb1916da45d7bf49e4601627243f
res_n_main/medium/tex/skill_spliegong.pg,pg,237208,1988e88aa7cd6e94da2521260c2e5e8e80dc8cc3812eb887db1699bb7eeb4bdb
res_n_main/medium/tex/skill_spliegong.plist,plist,14958,14947c4a5880f2b5a4cd33dadeb766599cd32479d0b91e45da302e4d692d2e05
res_n_main/medium/tex/skill_spluanji.pg,pg,276845,c73fba284d7ab348c9802a8ae1a814170b3455fb0bcd300ee26731429823569b
res_n_main/medium/tex/skill_spluanji.plist,plist,9303,36936e12dc7385a2a101553641d8f4e406064459b90185918139fd89bc17dad2
res_n_main/medium/tex/skill_tianzhao.pg,pg,270987,34f1d5f1f26d1fbe3a3e67ecbc8b0f1736e54ed2461aa43ca2f3e16facbd21e0
res_n_main/medium/tex/skill_tianzhao.plist,plist,9511,5d9a8ac26c95c056c213cd0c18e0cb8476593271fbfe1caab0dc383df8e0d974
res_n_main/medium/tex/skill_tiaoxin01.pg,pg,215496,13d4985fe2659232d0844056962b029805d0994df809ccee3166ce2e259225ac
res_n_main/medium/tex/skill_tiaoxin01.plist,plist,7562,3864822ca7f6b54e67d2b0d13160d6c1b49428f3ab60f01269e384482e06dd0c
res_n_main/medium/tex/skill_tiaoxin02.pg,pg,162819,62b2d2ad679eb768d998f2be77db28166efcb82b1700de63aed20cec49218b5d
res_n_main/medium/tex/skill_tiaoxin02.plist,plist,4164,88c436a1dd6ca7710d6fae2420ab688a5ee0df3281a7ea1be5f3ad758554b92b
res_n_main/medium/tex/skill_tongji.pg,pg,211820,7e74754e4a36e86c6116d6ca3fea1af9b9ab4b4e187a1e45bfcb7c79e847750f
res_n_main/medium/tex/skill_tongji.plist,plist,8550,9190441951f37ce2cd3b83269fcb39bedbfa5407a304f1bcf713caf803c080c0
res_n_main/medium/tex/skill_tuntian.pg,pg,96844,811dc003e0acc1b0a3ddbb8866de0e1ff32b083bf598cc18c9b6bfc902334605
res_n_main/medium/tex/skill_tuntian.plist,plist,6997,5ead15578656dc0aa931821e07bff3f0ab479500442df48ca4e2a2db77e1ce85
res_n_main/medium/tex/skill_wuhun01.pg,pg,275193,45c7cd57240cc534046583cad8ca69f3a11bf3a47f3702109e472521c5bbd883
res_n_main/medium/tex/skill_wuhun01.plist,plist,8066,cc8989dca87280a7261ba4efa70697647b5803dd54eff9c0133329fe246f5618
res_n_main/medium/tex/skill_wuhun02.pg,pg,203166,935ffceb5edf4ead97e624cd5d65f0de0cecf721257ea964ed336db981d32cd3
res_n_main/medium/tex/skill_wuhun02.plist,plist,8955,4358df88f33355ce8d83b53177ccfbdd8e9a6289e77434aeff6123a52ec0c6f8
res_n_main/medium/tex/skill_wushuang_jinjie.pg,pg,17554,7735f4e05be8a9515d0124e5b6b8ed0f26336c34b6217deafc9a4c141a1912e7
res_n_main/medium/tex/skill_wushuang_jinjie.plist,plist,2686,d47c7c063225c526cb4b0113716f1b7bbafd89fb441427c073b6d6178e8f6827
res_n_main/medium/tex/skill_xingwu.pg,pg,194690,a9eaf16a30996ece39728b9cb252330e2e9b0143d429b80c93471d03f6e34a1a
res_n_main/medium/tex/skill_xingwu.plist,plist,10362,7fc39dffa74bd2e63210d4b9f62810964322a5938625b9c9d9098c8ed734646e
res_n_main/medium/tex/skill_xinsheng01.pg,pg,206635,2438e6546edf07eb9b83a3fca8e9609f1b7b988df782b8eb7afd7f48851dea3e
res_n_main/medium/tex/skill_xinsheng01.plist,plist,7080,5d3c44f73f54bc0340c9164978180ed167e8a2a2bec82630d563a4cc3b653ae5
res_n_main/medium/tex/skill_xinsheng02.pg,pg,164954,17d10ce5c3691cf09fcd9cb718ead2bedf8fcb19bfdf6725528e7c696984b4be
res_n_main/medium/tex/skill_xinsheng02.plist,plist,7624,74501da70f3fd5cb4d8a0f45fcb1339e48ba5c8a4fc25bdf1ce731d51cc7a4af
res_n_main/medium/tex/skill_xuanfeng.pg,pg,142653,87fea2beb2a9603e8233d3cf3dc6e9c0c39c0a6be865343c87ccef8a748c24da
res_n_main/medium/tex/skill_xuanfeng.plist,plist,5558,802f1c08525d9e396e8f2fdccb3ab6817371841e928433a73a4f0d0b918197a0
res_n_main/medium/tex/skill_yanyan.pg,pg,559986,2ed40e226ee0d4552a5ef0e291edf8ee2d1caba3ac8001f27d232b78c6363759
res_n_main/medium/tex/skill_yanyan.plist,plist,13577,ca344296ebdd551939c5effff219e04edb5e5675d28520aa25c6783a6d77fe78
res_n_main/medium/tex/skill_yaowu01.pg,pg,48458,47a30c29d0aa619ac4dafd2510537004d27820f482f466d0ec12427334c7ec88
res_n_main/medium/tex/skill_yaowu01.plist,plist,3651,c3c3a82c7c70b868d0d74285f6d47534f94c40948d4a736ff6e79ea79585087a
res_n_main/medium/tex/skill_yaowu02.pg,pg,111589,15175151e209153ec228f4b2022b94f3a79763e9999936ee6850bacc1513cd0b
res_n_main/medium/tex/skill_yaowu02.plist,plist,5155,b39bd7da55493605da9237525aa714cc61c9be9bdff1beab1fc7f0a182e00816
res_n_main/medium/tex/skill_yicong_v5.pg,pg,25664,3480bc84db21a97f0c91963179e51c97c5478b90ca9e8d730b0c524d9a8a8232
res_n_main/medium/tex/skill_yicong_v5.plist,plist,5471,d1e7dca884b46b290feddee79ff208938e64d2c7bb8d68baa10a75911cddcc80
res_n_main/medium/tex/skill_yingbing_v3.pg,pg,192249,40419ad48f54d8068ea1215fbb0708ab9dde69a017f7f33db49a95ee1aacbd43
res_n_main/medium/tex/skill_yingbing_v3.plist,plist,7415,989e57ea2dde2ab615df00a64b6818f6faa8b6b4ec6d78a07961394e4f51a6f1
res_n_main/medium/tex/skill_yinghun01.pg,pg,210900,6ecb195c4ac665704ff428a3d0f67813f40bd41e2eb4f64baf767c5ea8afd552
res_n_main/medium/tex/skill_yinghun01.plist,plist,13981,ab06295b88c9b5961fb7ede0fa45b5a80d60fe4ce7b21c8caa282220a39e38b7
res_n_main/medium/tex/skill_yinghun02.pg,pg,181631,d5f8f432f5f0b42f5b74faccc001ac786e66edc0937ffddb31eac24c072f51db
res_n_main/medium/tex/skill_yinghun02.plist,plist,6606,7b0d1fd7c0cb192d8a367d56ef83b12ee98fbc3acbbd55301e0c57e175ccfc13
res_n_main/medium/tex/skill_yinghun03.pg,pg,130635,3c810ca0c15d7daaa9705520d8d79967621527f7335dad6395f3d9fcb825b006
res_n_main/medium/tex/skill_yinghun03.plist,plist,3682,1bbcbfd2d8b10e0479896867bcb697dd3cb7f71d04a1e18e8d3e70a2f924a8b7
res_n_main/medium/tex/skill_yingzi01.pg,pg,65937,91a2a87124e342d2159a8d5d93297d94b98768ff11f8cca03092522f5d6ebf6d
res_n_main/medium/tex/skill_yingzi01.plist,plist,3682,29d3bf6823cc6e28868ca4824531038381418cb0d611635ac0e933eed8baf8c6
res_n_main/medium/tex/skill_yingzi02.pg,pg,70930,3ec32510c253dfd7a7ccc2a3f7900d0bb3a6599c138c3faa368cfe7d79f41576
res_n_main/medium/tex/skill_yingzi02.plist,plist,3216,270057b45010476c22cca62bfb366cd011aaf781c0545e98da13a9b0ccae2650
res_n_main/medium/tex/skill_yingzi03.pg,pg,52571,83f1ad2645ec70498e38ecb8c797f52fe8badf47aa921d20c9c58de040e40d4a
res_n_main/medium/tex/skill_yingzi03.plist,plist,3184,e9ae8c175680a28a044be14efc82d4734f4c78c0e9532b158294606aecebb8fb
res_n_main/medium/tex/skill_yun.pg,pg,7738,4a12b53d86fc8a97e9e960762420e569ea29a00626f7f696ff53831d9aa68cf2
res_n_main/medium/tex/skill_yun.plist,plist,2613,8a9f7ae1aeae761bbf3653fb4687327e02bf78230670e1bade21ef3afb81b342
res_n_main/medium/tex/skill_zaiqi.pg,pg,268419,44e0b4ccf152dede66c9f83ba2c5a7bc67bd470ad3a8f5385e7050e94016542a
res_n_main/medium/tex/skill_zaiqi.plist,plist,16043,8093ac47a07b8f51e1d16df270af5fa4eeec88d14e37d9e9eeecfa391eead239
res_n_main/medium/tex/skill_zhaoxin.pg,pg,255671,154c07f541217cb48a6aecbeb1955918640854fee42398b49c329715914c2923
res_n_main/medium/tex/skill_zhaoxin.plist,plist,9041,ee42b841818dde5a67775e0641d8976522839a9ff205fcf31d961f8d2d75cd7f
res_n_main/medium/tex/skill_zhengnang.pg,pg,233443,224f3a7443ff167dd5ccf43b9808a561129fd4e3d05ec66f557fd2c29fa31188
res_n_main/medium/tex/skill_zhengnang.plist,plist,14059,eabf2fc6890cf75f17990217fad7a4861f55c3ab34a581bf2d62df737b29d1b7
res_n_main/medium/tex/skill_zhidao.pg,pg,236708,6739d8ab4e3d78dd803e72848415b876a60516b594a96a09bfdeac95fae9fa18
res_n_main/medium/tex/skill_zhidao.plist,plist,7014,34fc90195f9e28b1b1851d756e939d211ae4e6f20051623423972b492ba93804
res_n_main/medium/tex/skill_zhuikong.pg,pg,302194,46643adc7278c6d1abbc6d52e8c3a78b5879082fede147008461c7e755800d78
res_n_main/medium/tex/skill_zhuikong.plist,plist,12499,fe39f99ec2a7119c3c841d9fb486ca23d1d5b6e9f60f1faedab55da013f7a667
res_n_main/medium/tex/skill_zhuiyi_v5.pg,pg,145780,bfac03127be0b31d225f318e68d145391c979e8c2deeee9bebe78a757e5f9d40
res_n_main/medium/tex/skill_zhuiyi_v5.plist,plist,10534,86d91433c65758c1a53e0eae76a293b17b3da90d3d57d5885edce517197fbe96
res_n_main/medium/tex/tianxiang.pg,pg,341646,69f580b4dea67a0e203ede9c25844a7789f3b36a3c5da1506bbee6de688b18a9
res_n_main/medium/tex/tianxiang.plist,plist,6534,1ad2458a717e5df9e9593aefc9bd57cf90fe712782c7a32e64f5ba914fee79d3
res_n_main/medium/tex/tianxiang_jinjie.pg,pg,320186,564f953309ed0b926e13a0badd23bff3244d91206e9ce9ad00d3114da45aa45a
res_n_main/medium/tex/tianxiang_jinjie.plist,plist,8505,216c6f8242e73bb4839a505df42b5e148dcf8cbaecdcbb892061f03980418685
res_n_main/medium/tex/tianyi.pg,pg,34103,e8ca57e46fe452eafa33ec1d4b812b6a72f6d98c2240625e7f1ae923314908dd
res_n_main/medium/tex/tianyi.plist,plist,2162,dda9eb61c25a68877ed033e54e32ae8a3aa9ec5d511857c3b4397b047f9ba820
res_n_main/medium/tex/tieqi.pg,pg,249916,362a7cd28334375f66b381c6437f84604d4d2f3bc17e3b7596d45c3c6884778b
res_n_main/medium/tex/tieqi.plist,plist,4070,9e905da18ba43f78cce22554cee4e0f4656c64694176c3c015736e755307908d
res_n_main/medium/tex/treat.pg,pg,94076,aaa0518127027683699ee7f610c030bc26f5ef61c7a476fb4007f1e247db1480
res_n_main/medium/tex/treat.plist,plist,5458,bce338d34ec4693254e7576c62acf61bf266f3ca4e7d7929b2130e145dece361
res_n_main/medium/tex/tuxi.pg,pg,61438,ffe84f174ab15bf5b3b76166ee6d82491c35c6ac60f5cac185d38d70f83362c5
res_n_main/medium/tex/tuxi.plist,plist,2624,bd62a6eb2d838ec2bf51e5a38fa556f0427f4bc7e4b2636348fb5433c5f30e08
res_n_main/medium/tex/weapons_light.pg,pg,425181,96e6c139fe6df94b835d18c7379251fe195d2610115fd2dbf4e1b597c95e94af
res_n_main/medium/tex/weapons_light.plist,plist,25870,4fb7b75916e079953775b5328a82e4c6528c28d9d0d6a5c83ea9b7eed0ea50e9
res_n_main/medium/tex/wuqian.pg,pg,194944,07423af38539e1460e9124bcfc4f9fccb5535beb9251ed8abbd5098431e0e63b
res_n_main/medium/tex/wuqian.plist,plist,3596,356455013519750c9336a6f86cbac79a9f8ec066cd3f58abb93ea699d709c277
res_n_main/medium/tex/wusheng.pg,pg,291734,99977a0d29c75d2f3f1ce8885cb0afd4a789d92260b284ca3bbf36943e6fec2e
res_n_main/medium/tex/wusheng.plist,plist,9343,c62f639484a0ec211552f48d8785dcb19a5dc04c61bf5b6145aeea994dcaf329
res_n_main/medium/tex/wushuang.pg,pg,190723,b07294cda40fb8b00d74bed48f573b984e047f8374f4046b324b1714d1c863b8
res_n_main/medium/tex/wushuang.plist,plist,3612,9a865122f1b902ef060a65624ecc8bcddbfc21b99237a1a141fb4f0ccca776d6
res_n_main/medium/tex/xianzhen.pg,pg,201410,b85e217bb8ebd390820bafe9cc2a1195ab7375f37e715df90893db0879158089
res_n_main/medium/tex/xianzhen.plist,plist,5050,ae3a821e0d84eededafacec4e03ebbc3ea70bc7aa8bae58ebbfdec4bd199b00b
res_n_main/medium/tex/xiaoji.pg,pg,196287,f4b9407ba53f3820dffb7a25a9ef88919a5902fb3d4672454417bc719bf2e3bc
res_n_main/medium/tex/xiaoji.plist,plist,7893,9dc3894a76575d87eacfcfbfac8088e30001a463017120a6d950fcacf6b7b77c
res_n_main/medium/tex/xiaoqi.pg,pg,256979,0b716ad19839adc21119e5cba29733f80f3e1f2acc41f9018f6eee1665f94361
res_n_main/medium/tex/xiaoqi.plist,plist,4569,2330aabb2f062969f1d1b0b6d60aac364a4ded26f4e03a2df8d8be9e21a5f2ea
res_n_main/medium/tex/xiaoyong.pg,pg,16688,9cb0fe27a93f10ffe5b6e92dce20ac501891ace7ab95fbf7e01c7bf8a7251cad
res_n_main/medium/tex/xiaoyong.plist,plist,8147,0f44447480ff6f48e79094852f4a2fe624eeee97ce3271df140061f8fd58356b
res_n_main/medium/tex/xuechi.pg,pg,276630,da36f3998a66c00aa9b377668cd1c5be0408cd89cbafd7bbb8c4c91c34845830
res_n_main/medium/tex/xuechi.plist,plist,8479,f607298c9575ee6e976fa144e55c2d08d9052d25d035f37d3e3535eea4052c12
res_n_main/medium/tex/xueji.pg,pg,291438,271502bf897fcafeaaa98e240c35977fb8dfe05f38bac1b99bbff4c9c06a2c34
res_n_main/medium/tex/xueji.plist,plist,3600,8b0fcf5fb8403ef5c2107436d24fe2f0d5cad79cb371994fe322f9a1a2127d0a
res_n_main/medium/tex/xueshang.pg,pg,142979,09980a5c5ed2fcaaa9319b866df6c3ea79fe4e9ecb680614286450af3831abff
res_n_main/medium/tex/xueshang.plist,plist,12303,eff6685a5b158228b1a30ed1aaebe36de344b70f276451c643cb086a929e8ddd
res_n_main/medium/tex/yiji.pg,pg,215851,f1f1d5c99d4a7c907cd83c0dd9c6d0359273b7a518b8e8940440ed34330dc7f2
res_n_main/medium/tex/yiji.plist,plist,11285,3d2b3f609a6d617096b7aa328e657db19a479d02cf6bddc5ff93f13359bebbfd
res_n_main/medium/tex/yizhong.pg,pg,36019,86e2470c2d2b90a7f73cf92cf5fb16a79a71dc8f5c0208cf267a511851b81857
res_n_main/medium/tex/yizhong.plist,plist,5078,0b71915c544a3f300ed41121cd6e1d083e073c48cedea5b9f438d62a65ab6632
res_n_main/medium/tex/zaiqi_buff.pg,pg,110258,7fdd970da62e54bfa9a081eabb7ddb8b4715db04359eb011e7ee8340a5f37060
res_n_main/medium/tex/zaiqi_buff.plist,plist,6558,171ea9bc1b97308d33beda4c516c574d39a41ef70e05dbdc07f8e2dbcbf8cd30
res_n_main/medium/tex/zhiheng.pg,pg,66170,65263e2b9be99d846512e3e2bc547a9de56bef0cd725d87026f02fbe7a6c1896
res_n_main/medium/tex/zhiheng.plist,plist,3115,7a99a4587595ad7cae0d78cf9839853b6bca325830c8be6a50a0c65619de842b
res_n_main/medium/tex/zhoufu.pg,pg,116100,62cb2397edc12cc74ea7acec8c15e8d0e4547f5ed28ce4590d8212f64ee6363d
res_n_main/medium/tex/zhoufu.plist,plist,7927,bf5efb32017d35fef57abe18330c8afeb0202bdea509409a43a0930e8e48f92b
