archive_path,tree,relative_path,size_bytes,magic_le,embedded_source_path,sha256
data_cn_jsc/art/sgs_config_bmf.jsc,data_cn_jsc,art/sgs_config_bmf.jsc,1942,0xb973c051,/Users/yoka_dobest/svn/PublishJsToJsc/src_jsc_2.2.6/data_cn/art/sgs_config_bmf.js,95723fabb0c2d69bbb32d28c329e27230fac27ee0a766ac259bff0e2086e6ce0
data_cn_jsc/art/sgs_config_ls.jsc,data_cn_jsc,art/sgs_config_ls.jsc,12315,0xb973c051,/Users/yoka_dobest/svn/PublishJsToJsc/src_jsc_2.2.6/data_cn/art/sgs_config_ls.js,62e58f20d7612e459a5e17ce4a9e9f2e1e0aa84591eada340d7a422883b8858f
data_cn_jsc/art/sgs_config_ttf.jsc,data_cn_jsc,art/sgs_config_ttf.jsc,12701,0xb973c051,/Users/yoka_dobest/svn/PublishJsToJsc/src_jsc_2.2.6/data_cn/art/sgs_config_ttf.js,b8c8a8203dc0159d8bc1cb037cda487e12e4df935f3c3c11f9f9b552adf5ba60
data_cn_jsc/plan/cfg_evolution_total_buff.jsc,data_cn_jsc,plan/cfg_evolution_total_buff.jsc,165851,0xb973c051,/Users/yoka_dobest/svn/PublishJsToJsc/src_jsc_2.2.6/data_cn/plan/cfg_evolution_total_buff.js,ab7718923f9fb24a2e7bfaeae2041b6d72c0a2c3c4741b0598ad9f71c4482eae
data_cn_jsc/plan/sgs_beauty_conf_detail.jsc,data_cn_jsc,plan/sgs_beauty_conf_detail.jsc,27913,0xb973c051,/Users/yoka_dobest/svn/PublishJsToJsc/src_jsc_2.2.6/data_cn/plan/sgs_beauty_conf_detail.js,14a579b00161e256a905f9cb42f63712248b15603e1336cd7c8ff3f899e67d68
data_cn_jsc/plan/sgs_buddy_conf.jsc,data_cn_jsc,plan/sgs_buddy_conf.jsc,951,0xb973c051,/Users/yoka_dobest/svn/PublishJsToJsc/src_jsc_2.2.6/data_cn/plan/sgs_buddy_conf.js,052a7ad9b5dd7be0dafd10c3be80f67b6229d19bed4d1129cc6938a422419fac
data_cn_jsc/plan/sgs_combat_level_conf.jsc,data_cn_jsc,plan/sgs_combat_level_conf.jsc,77636,0xb973c051,/Users/yoka_dobest/svn/PublishJsToJsc/src_jsc_2.2.6/data_cn/plan/sgs_combat_level_conf.js,6f7469aa8f9b4bc7068f256a1324934d74f7d68a8b28239cc1c1ff9e83493ef8
data_cn_jsc/plan/sgs_config_btn.jsc,data_cn_jsc,plan/sgs_config_btn.jsc,493,0xb973c051,/Users/yoka_dobest/svn/PublishJsToJsc/src_jsc_2.2.6/data_cn/plan/sgs_config_btn.js,cd9f1b76dcd8176c62ab8f510bedcf94c7a04bef536cbb62e152ce6a7c246993
data_cn_jsc/plan/sgs_config_label.jsc,data_cn_jsc,plan/sgs_config_label.jsc,11440,0xb973c051,/Users/yoka_dobest/svn/PublishJsToJsc/src_jsc_2.2.6/data_cn/plan/sgs_config_label.js,b93edc5e533676fb1235946cfa673270a09b8cbe5b4ae2a7b2c46cfc5054b816
data_cn_jsc/plan/sgs_dungeon_conf.jsc,data_cn_jsc,plan/sgs_dungeon_conf.jsc,57202,0xb973c051,/Users/yoka_dobest/svn/PublishJsToJsc/src_jsc_2.2.6/data_cn/plan/sgs_dungeon_conf.js,76c47d10e78fdc92477c065f855e04f174b2cf84079cadef91b945072de9ed6a
data_cn_jsc/plan/sgs_dungeon_plot_conf.jsc,data_cn_jsc,plan/sgs_dungeon_plot_conf.jsc,30713,0xb973c051,/Users/yoka_dobest/svn/PublishJsToJsc/src_jsc_2.2.6/data_cn/plan/sgs_dungeon_plot_conf.js,5475edb1b279452f2d7fc99265524c29cf1e9e97f670b178de2905f14914a6b5
data_cn_jsc/plan/sgs_dungeon_plot_dialog.jsc,data_cn_jsc,plan/sgs_dungeon_plot_dialog.jsc,441052,0xb973c051,/Users/yoka_dobest/svn/PublishJsToJsc/src_jsc_2.2.6/data_cn/plan/sgs_dungeon_plot_dialog.js,f26b0b68950fdac0785b613e21c3c13a06cf8f24a5c7ef95ca5df580f3242cd1
data_cn_jsc/plan/sgs_eated_exp_conf.jsc,data_cn_jsc,plan/sgs_eated_exp_conf.jsc,9932,0xb973c051,/Users/yoka_dobest/svn/PublishJsToJsc/src_jsc_2.2.6/data_cn/plan/sgs_eated_exp_conf.js,d53da542725e800d2413e620d9e8916441ece2c76e27a4589b3369859e5e1380
data_cn_jsc/plan/sgs_equipments.jsc,data_cn_jsc,plan/sgs_equipments.jsc,79010,0xb973c051,/Users/yoka_dobest/svn/PublishJsToJsc/src_jsc_2.2.6/data_cn/plan/sgs_equipments.js,35672905907864352dc2883b35daf3def5952e90f2efcca15c72df334fb092fb
data_cn_jsc/plan/sgs_evolution.jsc,data_cn_jsc,plan/sgs_evolution.jsc,7966,0xb973c051,/Users/yoka_dobest/svn/PublishJsToJsc/src_jsc_2.2.6/data_cn/plan/sgs_evolution.js,3de202294cc0f35f5268762f5444cb2c81bd3b2c9a70c09543d83788042fb38c
data_cn_jsc/plan/sgs_evolution_buff_conf.jsc,data_cn_jsc,plan/sgs_evolution_buff_conf.jsc,198823,0xb973c051,/Users/yoka_dobest/svn/PublishJsToJsc/src_jsc_2.2.6/data_cn/plan/sgs_evolution_buff_conf.js,ec9d23a9a2f283cf71af502d3e93c00277ba91645fc4612c9222782f811c9427
data_cn_jsc/plan/sgs_evolution_open_conf.jsc,data_cn_jsc,plan/sgs_evolution_open_conf.jsc,16440,0xb973c051,/Users/yoka_dobest/svn/PublishJsToJsc/src_jsc_2.2.6/data_cn/plan/sgs_evolution_open_conf.js,fa48d186594cb80d92fa9228822e6378618fd57b7cd2a90415fdf99915487065
data_cn_jsc/plan/sgs_evolution_surrender.jsc,data_cn_jsc,plan/sgs_evolution_surrender.jsc,9993,0xb973c051,/Users/yoka_dobest/svn/PublishJsToJsc/src_jsc_2.2.6/data_cn/plan/sgs_evolution_surrender.js,2aaa623e6d971ea2d4b0fd1b94b5f0b93300544df9a33d2d337eea5b5ea53eb0
data_cn_jsc/plan/sgs_fates.jsc,data_cn_jsc,plan/sgs_fates.jsc,314177,0xb973c051,/Users/yoka_dobest/svn/PublishJsToJsc/src_jsc_2.2.6/data_cn/plan/sgs_fates.js,11ad31e25e0d29449ac9409ca90f94b3eca0759eabb3979ff8f43f99776ebb0f
data_cn_jsc/plan/sgs_function_level_conf.jsc,data_cn_jsc,plan/sgs_function_level_conf.jsc,5192,0xb973c051,/Users/yoka_dobest/svn/PublishJsToJsc/src_jsc_2.2.6/data_cn/plan/sgs_function_level_conf.js,6dbe35317c46708fd43b6aa77f75398239fd19f83c4fe57e8dd0a6abb15a5102
data_cn_jsc/plan/sgs_gem.jsc,data_cn_jsc,plan/sgs_gem.jsc,7597,0xb973c051,/Users/yoka_dobest/svn/PublishJsToJsc/src_jsc_2.2.6/data_cn/plan/sgs_gem.js,b5e77663988a6cb6cea82185f6a39dde877a2b9ac165d21de17e55835c04a815
data_cn_jsc/plan/sgs_general_surrender.jsc,data_cn_jsc,plan/sgs_general_surrender.jsc,72508,0xb973c051,/Users/yoka_dobest/svn/PublishJsToJsc/src_jsc_2.2.6/data_cn/plan/sgs_general_surrender.js,1911ae65c44b868649f78c24493fc61591e4f6a974ed7985cc72e48eeefe019c
data_cn_jsc/plan/sgs_generals.jsc,data_cn_jsc,plan/sgs_generals.jsc,237241,0xb973c051,/Users/yoka_dobest/svn/PublishJsToJsc/src_jsc_2.2.6/data_cn/plan/sgs_generals.js,bf5a779f1f39c74f216d0ce9fb958a4e574b3cf85e2b95a3bbba4bc37da87d82
data_cn_jsc/plan/sgs_global_conf.jsc,data_cn_jsc,plan/sgs_global_conf.jsc,15942,0xb973c051,/Users/yoka_dobest/svn/PublishJsToJsc/src_jsc_2.2.6/data_cn/plan/sgs_global_conf.js,2a23301e2de0cb2f66ce1f1e7b56b6f8b564762b7fc6eaa85aae5ec97b8f0e22
data_cn_jsc/plan/sgs_godness.jsc,data_cn_jsc,plan/sgs_godness.jsc,4355,0xb973c051,/Users/yoka_dobest/svn/PublishJsToJsc/src_jsc_2.2.6/data_cn/plan/sgs_godness.js,34c6f631ca16381cd2c526e7781797c89026bc58f3b8b0bac95622c7ced4a078
data_cn_jsc/plan/sgs_godness_fates.jsc,data_cn_jsc,plan/sgs_godness_fates.jsc,5033,0xb973c051,/Users/yoka_dobest/svn/PublishJsToJsc/src_jsc_2.2.6/data_cn/plan/sgs_godness_fates.js,87a2b690fe85af401161c859b63292ae3ff3577ca4ac4974e2e985472fb64466
data_cn_jsc/plan/sgs_godness_skin.jsc,data_cn_jsc,plan/sgs_godness_skin.jsc,1271,0xb973c051,/Users/yoka_dobest/svn/PublishJsToJsc/src_jsc_2.2.6/data_cn/plan/sgs_godness_skin.js,728a2a290eb40c4d5119ec6d6da5a0a05e3241979ef0a2f798240a4e58f478ae
data_cn_jsc/plan/sgs_hulao_reward_conf.jsc,data_cn_jsc,plan/sgs_hulao_reward_conf.jsc,1357,0xb973c051,/Users/yoka_dobest/svn/PublishJsToJsc/src_jsc_2.2.6/data_cn/plan/sgs_hulao_reward_conf.js,12259a262f1e2ce1881bcfbebeaeec81edbd0403bc6c901663f6529fded0c716
data_cn_jsc/plan/sgs_i18n.jsc,data_cn_jsc,plan/sgs_i18n.jsc,3055529,0xb973c051,/Users/yoka_dobest/svn/PublishJsToJsc/src_jsc_2.2.6/data_cn/plan/sgs_i18n.js,cb58993a76998c3aa06e2a219b1094b4eebd500553beb9a4a5319a93159313d1
data_cn_jsc/plan/sgs_insight_grow_type.jsc,data_cn_jsc,plan/sgs_insight_grow_type.jsc,5107,0xb973c051,/Users/yoka_dobest/svn/PublishJsToJsc/src_jsc_2.2.6/data_cn/plan/sgs_insight_grow_type.js,b3b501c8f812d2ac9e917c56a46ef03a89d70919633fbcbba8acf6cd5a2fd59b
data_cn_jsc/plan/sgs_item.jsc,data_cn_jsc,plan/sgs_item.jsc,1417244,0xb973c051,/Users/yoka_dobest/svn/PublishJsToJsc/src_jsc_2.2.6/data_cn/plan/sgs_item.js,a3bb07cfd7ca692fca0cdeb443e223578a7c6a03163ecf003760f2c697469239
data_cn_jsc/plan/sgs_lieutenant_skill.jsc,data_cn_jsc,plan/sgs_lieutenant_skill.jsc,2643,0xb973c051,/Users/yoka_dobest/svn/PublishJsToJsc/src_jsc_2.2.6/data_cn/plan/sgs_lieutenant_skill.js,b4fe8084d7c132d1e3fcd70e42c3141cfb83a07d66460acdc48c3ea48c739a20
data_cn_jsc/plan/sgs_magic_buff_conf.jsc,data_cn_jsc,plan/sgs_magic_buff_conf.jsc,635939,0xb973c051,/Users/yoka_dobest/svn/PublishJsToJsc/src_jsc_2.2.6/data_cn/plan/sgs_magic_buff_conf.js,aed21228a1197f47187b90eebb48bd9579b4b96bff2fe3964829d836ec479219
data_cn_jsc/plan/sgs_map_conf.jsc,data_cn_jsc,plan/sgs_map_conf.jsc,250,0xb973c051,/Users/yoka_dobest/svn/PublishJsToJsc/src_jsc_2.2.6/data_cn/plan/sgs_map_conf.js,87463437153363c1d5cdaad91c12be35828001691a003b270f0912fe9141e7f3
data_cn_jsc/plan/sgs_melt_conf.jsc,data_cn_jsc,plan/sgs_melt_conf.jsc,3505,0xb973c051,/Users/yoka_dobest/svn/PublishJsToJsc/src_jsc_2.2.6/data_cn/plan/sgs_melt_conf.js,4d3bd3d283d8fabe2480464d383fb1d56fa7d527aebcfde8b5a264d274acd3c6
data_cn_jsc/plan/sgs_meridian_conf.jsc,data_cn_jsc,plan/sgs_meridian_conf.jsc,10539,0xb973c051,/Users/yoka_dobest/svn/PublishJsToJsc/src_jsc_2.2.6/data_cn/plan/sgs_meridian_conf.js,1cf00062e661697180ce501ae2bc0e318d7dc683df51a4c253cd8e5ceb7747dd
data_cn_jsc/plan/sgs_meridian_point_conf.jsc,data_cn_jsc,plan/sgs_meridian_point_conf.jsc,268437,0xb973c051,/Users/yoka_dobest/svn/PublishJsToJsc/src_jsc_2.2.6/data_cn/plan/sgs_meridian_point_conf.js,05430da8d4e85c87f4b9b7d05f829e03a97a6f3ac5dce0e6694953fa716efb9d
data_cn_jsc/plan/sgs_meridian_top_conf.jsc,data_cn_jsc,plan/sgs_meridian_top_conf.jsc,922,0xb973c051,/Users/yoka_dobest/svn/PublishJsToJsc/src_jsc_2.2.6/data_cn/plan/sgs_meridian_top_conf.js,20970c1045dac2ab4a27e68037d27fa74d706180a6e9851906d13a56c0c085e1
data_cn_jsc/plan/sgs_random_name.jsc,data_cn_jsc,plan/sgs_random_name.jsc,9823,0xb973c051,/Users/yoka_dobest/svn/PublishJsToJsc/src_jsc_2.2.6/data_cn/plan/sgs_random_name.js,49fff66e2a05321b062357fb27a82bbc58efdd9c8dc9bcdb61614f8cf55740fd
data_cn_jsc/plan/sgs_refine_conf.jsc,data_cn_jsc,plan/sgs_refine_conf.jsc,2407,0xb973c051,/Users/yoka_dobest/svn/PublishJsToJsc/src_jsc_2.2.6/data_cn/plan/sgs_refine_conf.js,141ae66b7f8dbda67d4cd366eab9fbc70c143867e5fd7ed67926449ae6addff4
data_cn_jsc/plan/sgs_resource.jsc,data_cn_jsc,plan/sgs_resource.jsc,209088,0xb973c051,/Users/yoka_dobest/svn/PublishJsToJsc/src_jsc_2.2.6/data_cn/plan/sgs_resource.js,ea7114ae6197601fba4c4140ae46ed46074bb92cf4dc8ac847f9fa535f80ace5
data_cn_jsc/plan/sgs_sell_conf.jsc,data_cn_jsc,plan/sgs_sell_conf.jsc,302726,0xb973c051,/Users/yoka_dobest/svn/PublishJsToJsc/src_jsc_2.2.6/data_cn/plan/sgs_sell_conf.js,b2a97490872d2ca1867dbc89e68d1f6a99d1bd48a4a087bba914f2dfe05b8aa6
data_cn_jsc/plan/sgs_skill_advanced_conf.jsc,data_cn_jsc,plan/sgs_skill_advanced_conf.jsc,151604,0xb973c051,/Users/yoka_dobest/svn/PublishJsToJsc/src_jsc_2.2.6/data_cn/plan/sgs_skill_advanced_conf.js,57ca1b96da710deb7a5a17b79dcbedbb5a56e9ca6891b35853205ac9406a2125
data_cn_jsc/plan/sgs_skill_effect.jsc,data_cn_jsc,plan/sgs_skill_effect.jsc,7927,0xb973c051,/Users/yoka_dobest/svn/PublishJsToJsc/src_jsc_2.2.6/data_cn/plan/sgs_skill_effect.js,cf4e3c9999a9c81acfd3e9fa0b10199b99d05e15de8a70fbc30c9bebddc307a9
data_cn_jsc/plan/sgs_skill_melt_conf.jsc,data_cn_jsc,plan/sgs_skill_melt_conf.jsc,4007,0xb973c051,/Users/yoka_dobest/svn/PublishJsToJsc/src_jsc_2.2.6/data_cn/plan/sgs_skill_melt_conf.js,0153f67c2beb5ac30766f0bb2c1f5bb1d9579f36eade082589a5561b0b34463d
data_cn_jsc/plan/sgs_skill_refine_conf.jsc,data_cn_jsc,plan/sgs_skill_refine_conf.jsc,8047,0xb973c051,/Users/yoka_dobest/svn/PublishJsToJsc/src_jsc_2.2.6/data_cn/plan/sgs_skill_refine_conf.js,3d1e4f7efa3630132c109d7546ab40658a53cde061f39633d03462e29a554c87
data_cn_jsc/plan/sgs_skills.jsc,data_cn_jsc,plan/sgs_skills.jsc,157314,0xb973c051,/Users/yoka_dobest/svn/PublishJsToJsc/src_jsc_2.2.6/data_cn/plan/sgs_skills.js,9c7d9806bd473f2d4fbb8ae62d1f9d240380e5b907ce536b46fb9a2b5478b810
data_cn_jsc/plan/sgs_surrender.jsc,data_cn_jsc,plan/sgs_surrender.jsc,245681,0xb973c051,/Users/yoka_dobest/svn/PublishJsToJsc/src_jsc_2.2.6/data_cn/plan/sgs_surrender.js,2e80436ec37d326933f59f440d20d5ef4cb32024ac8f55a3a27c3cedd3df14c2
data_cn_jsc/plan/sgs_union_war_battle_conf.jsc,data_cn_jsc,plan/sgs_union_war_battle_conf.jsc,1233,0xb973c051,/Users/yoka_dobest/svn/PublishJsToJsc/src_jsc_2.2.6/data_cn/plan/sgs_union_war_battle_conf.js,09c8f66187f6828ddadda23020a8d54a2b4f5b0ed7272ecd8be48e1379dd4522
data_cn_jsc/plan/sgs_upgrade_coin_conf.jsc,data_cn_jsc,plan/sgs_upgrade_coin_conf.jsc,364904,0xb973c051,/Users/yoka_dobest/svn/PublishJsToJsc/src_jsc_2.2.6/data_cn/plan/sgs_upgrade_coin_conf.js,6671e525c98f00784f364920383fdb4e5e1c555d6bc6d6783f68abe9e08d7fe9
data_cn_jsc/plan/sgs_upgrade_exp_conf.jsc,data_cn_jsc,plan/sgs_upgrade_exp_conf.jsc,324654,0xb973c051,/Users/yoka_dobest/svn/PublishJsToJsc/src_jsc_2.2.6/data_cn/plan/sgs_upgrade_exp_conf.js,5078900c0e2a536462b4d39de43eef4c8e2188e70e3f550abfa9e81b51c92063
data_cn_jsc/plan/sgs_upgrade_guide_conf.jsc,data_cn_jsc,plan/sgs_upgrade_guide_conf.jsc,169,0xb973c051,/Users/yoka_dobest/svn/PublishJsToJsc/src_jsc_2.2.6/data_cn/plan/sgs_upgrade_guide_conf.js,33511e78562fa6191afc94ec50f0c66d2f4920e18f1b9d3b44ab9a80266e3af2
data_cn_jsc/plan/sgs_user_level_conf.jsc,data_cn_jsc,plan/sgs_user_level_conf.jsc,35992,0xb973c051,/Users/yoka_dobest/svn/PublishJsToJsc/src_jsc_2.2.6/data_cn/plan/sgs_user_level_conf.js,725864a44e65c6a1616ba7f0e732ce70bbde75af395d4c915beb56c4e3ebfb9a
data_cn_jsc/plan/sgs_vip_level_conf.jsc,data_cn_jsc,plan/sgs_vip_level_conf.jsc,5290,0xb973c051,/Users/yoka_dobest/svn/PublishJsToJsc/src_jsc_2.2.6/data_cn/plan/sgs_vip_level_conf.js,69ebdfad5cdd5596c072de1a1ef20918831282a88fcae4714470a0c8959ae5ab
data_cn_jsc/plan/sgs_world_war_schedule.jsc,data_cn_jsc,plan/sgs_world_war_schedule.jsc,2317,0xb973c051,/Users/yoka_dobest/svn/PublishJsToJsc/src_jsc_2.2.6/data_cn/plan/sgs_world_war_schedule.js,ee7885a0baa1e592a6e0379780eb413aef413cd642816061a4500e964de57e84
src_jsc/AnySdk/AnySdkCallback.jsc,src_jsc,AnySdk/AnySdkCallback.jsc,13282,0xb973c051,/Users/zhanglinsen/workspace/bianfeng/sgscq1-china-client/projects/sgscq/Resources/src_jsc/AnySdk/AnySdkCallback.js,ef5cb5d7d9a3bad3a080c70fe918852ae6b145b434935c97f76e8e4c8f93d0dc
src_jsc/AnySdk/AnySdkConst.jsc,src_jsc,AnySdk/AnySdkConst.jsc,4501,0xb973c051,/Users/zhanglinsen/workspace/bianfeng/sgscq1-china-client/projects/sgscq/Resources/src_jsc/AnySdk/AnySdkConst.js,fccb3943b46d5115385813fe205cf20f6e6f6eb96874559cce31f34fcb7ca76b
src_jsc/AnySdk/AnySdkHelp_js.jsc,src_jsc,AnySdk/AnySdkHelp_js.jsc,9590,0xb973c051,/Users/zhanglinsen/workspace/bianfeng/sgscq1-china-client/projects/sgscq/Resources/src_jsc/AnySdk/AnySdkHelp_js.js,0adda4888c3ec764d7bd557834ba0c21afc65af62eb787b110c597f74a19125a
src_jsc/AnySdk/headers.jsc,src_jsc,AnySdk/headers.jsc,724,0xb973c051,/Users/zhanglinsen/workspace/bianfeng/sgscq1-china-client/projects/sgscq/Resources/src_jsc/AnySdk/headers.js,449d3bb14dd6ae28e7a71281e4beff7da1e41b26c2c9224a2b477cb9d2813ce3
src_jsc/AppAwake.jsc,src_jsc,AppAwake.jsc,245,0xb973c051,/Users/zhanglinsen/workspace/bianfeng/sgscq1-china-client/projects/sgscq/Resources/src_jsc/AppAwake.js,cd41ec98446333b51598482bbc48744eb4683371fbab94dfbd0742fe6bb178cd
src_jsc/Audio/Engine.jsc,src_jsc,Audio/Engine.jsc,7461,0xb973c051,/Users/zhanglinsen/workspace/bianfeng/sgscq1-china-client/projects/sgscq/Resources/src_jsc/Audio/Engine.js,b3c71b778cb6337f27c520b533a9f36982518f944cb7b7ac27906d8f53bd6a8a
src_jsc/Audio/headers.jsc,src_jsc,Audio/headers.jsc,359,0xb973c051,/Users/zhanglinsen/workspace/bianfeng/sgscq1-china-client/projects/sgscq/Resources/src_jsc/Audio/headers.js,af2e887ad623c564e1fc04cc8a9f464b532915be8bae13f8f456f945a7e8412f
src_jsc/Cfg/Animate.jsc,src_jsc,Cfg/Animate.jsc,412,0xb973c051,/Users/zhanglinsen/workspace/bianfeng/sgscq1-china-client/projects/sgscq/Resources/src_jsc/Cfg/Animate.js,43b280fec3eda975fbffd3cea10e40bece0d0def43d3aa0c3bb5456348d2268d
src_jsc/Cfg/Armature.jsc,src_jsc,Cfg/Armature.jsc,68662,0xb973c051,/Users/zhanglinsen/workspace/bianfeng/sgscq1-china-client/projects/sgscq/Resources/src_jsc/Cfg/Armature.js,007177dac630e3425035429a6ea693fe3dca6d334138530da7bdf0bddd6326fc
src_jsc/Cfg/Audio.jsc,src_jsc,Cfg/Audio.jsc,2930,0xb973c051,/Users/zhanglinsen/workspace/bianfeng/sgscq1-china-client/projects/sgscq/Resources/src_jsc/Cfg/Audio.js,99a3fd55d9dbaa04221f82b7c12bbfedbd25ef2e3e9287c5152977604333fd69
src_jsc/Cfg/BMFont.jsc,src_jsc,Cfg/BMFont.jsc,546,0xb973c051,/Users/zhanglinsen/workspace/bianfeng/sgscq1-china-client/projects/sgscq/Resources/src_jsc/Cfg/BMFont.js,7a34f9f571e03fa47c234a7b9dc2519e22922163cd2f98f53c4a18ce98eaa260
src_jsc/Cfg/Btn.jsc,src_jsc,Cfg/Btn.jsc,36004,0xb973c051,/Users/zhanglinsen/workspace/bianfeng/sgscq1-china-client/projects/sgscq/Resources/src_jsc/Cfg/Btn.js,2a8da923a79d5396c0fb0f5d0e54562c51b8781e7f550df292d3059739304c4e
src_jsc/Cfg/CCBI.jsc,src_jsc,Cfg/CCBI.jsc,22259,0xb973c051,/Users/zhanglinsen/workspace/bianfeng/sgscq1-china-client/projects/sgscq/Resources/src_jsc/Cfg/CCBI.js,e8c9ff52bfaebab813db19680efcd36c087376484a00d8a03a3eb5846a58e0f8
src_jsc/Cfg/Constant.jsc,src_jsc,Cfg/Constant.jsc,71739,0xb973c051,/Users/zhanglinsen/workspace/bianfeng/sgscq1-china-client/projects/sgscq/Resources/src_jsc/Cfg/Constant.js,86db80f193bbe5a70b66468853d4544ea635f0ecb4fd4d45626c5aca88293872
src_jsc/Cfg/Fight/NewPlayerFight.jsc,src_jsc,Cfg/Fight/NewPlayerFight.jsc,11631,0xb973c051,/Users/zhanglinsen/workspace/bianfeng/sgscq1-china-client/projects/sgscq/Resources/src_jsc/Cfg/Fight/NewPlayerFight.js,81496c7cb8adc6df81485a3e570fd8c6bc759bc731269401d38c81231e0cc973
src_jsc/Cfg/Fight/SkillPreview.jsc,src_jsc,Cfg/Fight/SkillPreview.jsc,59008,0xb973c051,/Users/zhanglinsen/workspace/bianfeng/sgscq1-china-client/projects/sgscq/Resources/src_jsc/Cfg/Fight/SkillPreview.js,689ee4bfe6c18c16b2fdd0e5054ccd6e07a646550f8d92feb669fa0b7631c531
src_jsc/Cfg/Fight/headers.jsc,src_jsc,Cfg/Fight/headers.jsc,471,0xb973c051,/Users/zhanglinsen/workspace/bianfeng/sgscq1-china-client/projects/sgscq/Resources/src_jsc/Cfg/Fight/headers.js,78d7955c8e76f198c7f3666181c893076a405ba1028147547873436ec8edb519
src_jsc/Cfg/Font.jsc,src_jsc,Cfg/Font.jsc,1558,0xb973c051,/Users/zhanglinsen/workspace/bianfeng/sgscq1-china-client/projects/sgscq/Resources/src_jsc/Cfg/Font.js,e25c714ea41fbd45c270d12dc328614396e4936519e70e5e75236ee12fe58dd2
src_jsc/Cfg/Guide.jsc,src_jsc,Cfg/Guide.jsc,16721,0xb973c051,/Users/zhanglinsen/workspace/bianfeng/sgscq1-china-client/projects/sgscq/Resources/src_jsc/Cfg/Guide.js,ede0cf95ed1ad1a59fef235c18b972a635d192ad49184d8d80479aaef78cf0bd
src_jsc/Cfg/Label.jsc,src_jsc,Cfg/Label.jsc,4024,0xb973c051,/Users/zhanglinsen/workspace/bianfeng/sgscq1-china-client/projects/sgscq/Resources/src_jsc/Cfg/Label.js,74c6eebb62656ffd3ee104ab6722f8e90c5e0e9468711436630d43a6a2d641cb
src_jsc/Cfg/Langage.jsc,src_jsc,Cfg/Langage.jsc,612,0xb973c051,/Users/zhanglinsen/workspace/bianfeng/sgscq1-china-client/projects/sgscq/Resources/src_jsc/Cfg/Langage.js,6ae4bf4b93cc069e644035fae649501efb4d2df3252fb8516ba31d5eac8c8814
src_jsc/Cfg/Meta.jsc,src_jsc,Cfg/Meta.jsc,181,0xb973c051,/Users/zhanglinsen/workspace/bianfeng/sgscq1-china-client/projects/sgscq/Resources/src_jsc/Cfg/Meta.js,48b8f802a7aa8df7130aa497c0e7badb983c2b5bf786183f2ade7c503857a1ad
src_jsc/Cfg/Notification.jsc,src_jsc,Cfg/Notification.jsc,409,0xb973c051,/Users/zhanglinsen/workspace/bianfeng/sgscq1-china-client/projects/sgscq/Resources/src_jsc/Cfg/Notification.js,3eb5c7d487df266af6d3cc7dd03c99d679923540984eacd5c6809d9bacfb87d9
src_jsc/Cfg/Particle.jsc,src_jsc,Cfg/Particle.jsc,1053,0xb973c051,/Users/zhanglinsen/workspace/bianfeng/sgscq1-china-client/projects/sgscq/Resources/src_jsc/Cfg/Particle.js,d3a34164c94823550645ba0cd330159e72398fd40b0c2b79047f6e5e7bf11b52
src_jsc/Cfg/Resource/Card.jsc,src_jsc,Cfg/Resource/Card.jsc,332,0xb973c051,/Users/zhanglinsen/workspace/bianfeng/sgscq1-china-client/projects/sgscq/Resources/src_jsc/Cfg/Resource/Card.js,587174214f98e5231a3606f96d9124caf8bc5852798a99fe807ce851afb44d6c
src_jsc/Cfg/Resource/Head.jsc,src_jsc,Cfg/Resource/Head.jsc,457,0xb973c051,/Users/zhanglinsen/workspace/bianfeng/sgscq1-china-client/projects/sgscq/Resources/src_jsc/Cfg/Resource/Head.js,1e673c57b29903f31464e5607a94db101079436a418e1eadcb04191c4d4f0ac4
src_jsc/Cfg/Resource/Path.jsc,src_jsc,Cfg/Resource/Path.jsc,1367,0xb973c051,/Users/zhanglinsen/workspace/bianfeng/sgscq1-china-client/projects/sgscq/Resources/src_jsc/Cfg/Resource/Path.js,259e712ece1c35fcc9c238c0ca51fb20ac6519a76aa48251ded4ff83ea25c305
src_jsc/Cfg/Resource/headers.jsc,src_jsc,Cfg/Resource/headers.jsc,511,0xb973c051,/Users/zhanglinsen/workspace/bianfeng/sgscq1-china-client/projects/sgscq/Resources/src_jsc/Cfg/Resource/headers.js,011a10ac3b2f81aa0fa8a4222a8efd7bb09c830881ddd41dd00a0487ec826ec8
src_jsc/Cfg/Scene.jsc,src_jsc,Cfg/Scene.jsc,11956,0xb973c051,/Users/zhanglinsen/workspace/bianfeng/sgscq1-china-client/projects/sgscq/Resources/src_jsc/Cfg/Scene.js,3a6ca879a46ab5bbc34441e03bf3fd2d1bbe2982992f9b0cdb4d9413596e1e73
src_jsc/Cfg/Sprite.jsc,src_jsc,Cfg/Sprite.jsc,72905,0xb973c051,/Users/zhanglinsen/workspace/bianfeng/sgscq1-china-client/projects/sgscq/Resources/src_jsc/Cfg/Sprite.js,16bd75a8c388b833b6890b65609ff9324fadb882e2e4e853daac4a1185141c50
src_jsc/Cfg/String.jsc,src_jsc,Cfg/String.jsc,5974,0xb973c051,/Users/zhanglinsen/workspace/bianfeng/sgscq1-china-client/projects/sgscq/Resources/src_jsc/Cfg/String.js,f9b25aa6f408944352fff3690fc7da6af7f8059e14b8883cf8ef4c827cdeeb6e
src_jsc/Cfg/Url.jsc,src_jsc,Cfg/Url.jsc,29599,0xb973c051,/Users/zhanglinsen/workspace/bianfeng/sgscq1-china-client/projects/sgscq/Resources/src_jsc/Cfg/Url.js,e5b4de66cbdd2f53271c29564adc31f6e091d7aa08164f9a2c5b42df150b00cf
src_jsc/Cfg/alias.jsc,src_jsc,Cfg/alias.jsc,506,0xb973c051,/Users/zhanglinsen/workspace/bianfeng/sgscq1-china-client/projects/sgscq/Resources/src_jsc/Cfg/alias.js,99b224f86a7c8081cd3e7a8cf81baff5ea07cbcd6c1c27e01150bf92df96f804
src_jsc/Cfg/headers.jsc,src_jsc,Cfg/headers.jsc,5838,0xb973c051,/Users/zhanglinsen/workspace/bianfeng/sgscq1-china-client/projects/sgscq/Resources/src_jsc/Cfg/headers.js,5d0c0bcd14f83ed0eba1e4d4d913db5cc9c7fb5d54a6d58a3593be941932c410
src_jsc/Core/Cocos2d-x/CCNotificationCenter.jsc,src_jsc,Core/Cocos2d-x/CCNotificationCenter.jsc,4750,0xb973c051,/Users/zhanglinsen/workspace/bianfeng/sgscq1-china-client/projects/sgscq/Resources/src_jsc/Core/Cocos2d-x/CCNotificationCenter.js,b526bc39c6aa8181c5081252461fda5c3716352000c74fd90d3194ba7769a0f8
src_jsc/Core/Cocos2d-x/jsb.jsc,src_jsc,Core/Cocos2d-x/jsb.jsc,1375,0xb973c051,/Users/zhanglinsen/workspace/bianfeng/sgscq1-china-client/projects/sgscq/Resources/src_jsc/Core/Cocos2d-x/jsb.js,336a09e08ffe86358ef0414d7566359b13faa69a959f245cab9a079be3718975
src_jsc/Core/Cocos2d-x/jsb_chipmunk.jsc,src_jsc,Core/Cocos2d-x/jsb_chipmunk.jsc,11555,0xb973c051,/Users/zhanglinsen/workspace/bianfeng/sgscq1-china-client/projects/sgscq/Resources/src_jsc/Core/Cocos2d-x/jsb_chipmunk.js,bd9e47d60e4ba508f50007406016cc5be7023a05de9b7ef8208ff8b7613422bb
src_jsc/Core/Cocos2d-x/jsb_chipmunk_constants.jsc,src_jsc,Core/Cocos2d-x/jsb_chipmunk_constants.jsc,984,0xb973c051,/Users/zhanglinsen/workspace/bianfeng/sgscq1-china-client/projects/sgscq/Resources/src_jsc/Core/Cocos2d-x/jsb_chipmunk_constants.js,d29be7d9bd22d3e8b32e2fb3c9816162e7320db80a40568a929bf1ed90a163d4
src_jsc/Core/Cocos2d-x/jsb_cocos2d.jsc,src_jsc,Core/Cocos2d-x/jsb_cocos2d.jsc,34273,0xb973c051,/Users/zhanglinsen/workspace/bianfeng/sgscq1-china-client/projects/sgscq/Resources/src_jsc/Core/Cocos2d-x/jsb_cocos2d.js,61813fb15aa24c26b64ffc46aaa563967ff493c593788ae25b76e7805657385a
src_jsc/Core/Cocos2d-x/jsb_cocos2d_constants.jsc,src_jsc,Core/Cocos2d-x/jsb_cocos2d_constants.jsc,12008,0xb973c051,/Users/zhanglinsen/workspace/bianfeng/sgscq1-china-client/projects/sgscq/Resources/src_jsc/Core/Cocos2d-x/jsb_cocos2d_constants.js,f48528bfefb8ec0d67bc4118773b1581b45aa9a01efc56bc78e85f0d54755cbd
src_jsc/Core/Cocos2d-x/jsb_cocos2d_extension.jsc,src_jsc,Core/Cocos2d-x/jsb_cocos2d_extension.jsc,4402,0xb973c051,/Users/zhanglinsen/workspace/bianfeng/sgscq1-china-client/projects/sgscq/Resources/src_jsc/Core/Cocos2d-x/jsb_cocos2d_extension.js,5417b52caec7b170c62605c85bbad4e3ec90e9110d9e85389a9bf8b5fead6aa4
src_jsc/Core/Cocos2d-x/jsb_cocos2d_studio.jsc,src_jsc,Core/Cocos2d-x/jsb_cocos2d_studio.jsc,23256,0xb973c051,/Users/zhanglinsen/workspace/bianfeng/sgscq1-china-client/projects/sgscq/Resources/src_jsc/Core/Cocos2d-x/jsb_cocos2d_studio.js,91c7c4ea61ad84d7509be2d3e8949c15a9fc23c09b4769764bbe7ed818a82e46
src_jsc/Core/Cocos2d-x/jsb_cocosbuilder.jsc,src_jsc,Core/Cocos2d-x/jsb_cocosbuilder.jsc,5689,0xb973c051,/Users/zhanglinsen/workspace/bianfeng/sgscq1-china-client/projects/sgscq/Resources/src_jsc/Core/Cocos2d-x/jsb_cocosbuilder.js,d8ed422443938fd1c48f1da477ecee4a706fd58e897cc516e49ddaa8e334833a
src_jsc/Core/Cocos2d-x/jsb_debugger.jsc,src_jsc,Core/Cocos2d-x/jsb_debugger.jsc,22310,0xb973c051,/Users/zhanglinsen/workspace/bianfeng/sgscq1-china-client/projects/sgscq/Resources/src_jsc/Core/Cocos2d-x/jsb_debugger.js,1038481345f859fed72f87e48668ff3fb2664930cb345c39f0a21d64af6c55ea
src_jsc/Core/Cocos2d-x/jsb_deprecated.jsc,src_jsc,Core/Cocos2d-x/jsb_deprecated.jsc,6111,0xb973c051,/Users/zhanglinsen/workspace/bianfeng/sgscq1-china-client/projects/sgscq/Resources/src_jsc/Core/Cocos2d-x/jsb_deprecated.js,83811d6c085f8432ef231c849ed677384a13cb026dd6d090de5bf772a32e5b17
src_jsc/Core/Cocos2d-x/jsb_opengl.jsc,src_jsc,Core/Cocos2d-x/jsb_opengl.jsc,11512,0xb973c051,/Users/zhanglinsen/workspace/bianfeng/sgscq1-china-client/projects/sgscq/Resources/src_jsc/Core/Cocos2d-x/jsb_opengl.js,ec4628b49b9f0ed1de2e9181c81d291747ae0e4c9af17efba9e9b1d9db2b0f26
src_jsc/Core/Cocos2d-x/jsb_opengl_constants.jsc,src_jsc,Core/Cocos2d-x/jsb_opengl_constants.jsc,49296,0xb973c051,/Users/zhanglinsen/workspace/bianfeng/sgscq1-china-client/projects/sgscq/Resources/src_jsc/Core/Cocos2d-x/jsb_opengl_constants.js,5f14dc427c7618ec6abf485def976d0440126cbceb44ffca62d3f837e0f1a45d
src_jsc/Core/Cocos2d-x/jsb_sys.jsc,src_jsc,Core/Cocos2d-x/jsb_sys.jsc,1992,0xb973c051,/Users/zhanglinsen/workspace/bianfeng/sgscq1-china-client/projects/sgscq/Resources/src_jsc/Core/Cocos2d-x/jsb_sys.js,467a747532761f34f9123349c33adb38dc727de7e0383b4632ca4410d4a29573
src_jsc/Core/Cocos2d-x/main.debug.jsc,src_jsc,Core/Cocos2d-x/main.debug.jsc,715,0xb973c051,/Users/zhanglinsen/workspace/bianfeng/sgscq1-china-client/projects/sgscq/Resources/src_jsc/Core/Cocos2d-x/main.debug.js,1971c639ed4406fd5e785629e26a4b38fe4ce9e269abd97976aa0925469bf932
src_jsc/Core/Constant.jsc,src_jsc,Core/Constant.jsc,5860,0xb973c051,/Users/zhanglinsen/workspace/bianfeng/sgscq1-china-client/projects/sgscq/Resources/src_jsc/Core/Constant.js,10ea453c7dae3aa599195adba0fe48c0e8c5a823bc0744f06a3c739050ebab8a
src_jsc/Core/CoreString.jsc,src_jsc,Core/CoreString.jsc,2626,0xb973c051,/Users/zhanglinsen/workspace/bianfeng/sgscq1-china-client/projects/sgscq/Resources/src_jsc/Core/CoreString.js,bdf9bf209c721c4e219233cca94fcdac76708f57d607a4e9fcb903e354ad35e8
src_jsc/Core/Debug/headers.jsc,src_jsc,Core/Debug/headers.jsc,2839,0xb973c051,/Users/zhanglinsen/workspace/bianfeng/sgscq1-china-client/projects/sgscq/Resources/src_jsc/Core/Debug/headers.js,3e0e7fe8bcfef7859c43be0223010f0ca2f0a2c6ff16e7ff985cd65f7598f723
src_jsc/Core/Factorys/headers.jsc,src_jsc,Core/Factorys/headers.jsc,2037,0xb973c051,/Users/zhanglinsen/workspace/bianfeng/sgscq1-china-client/projects/sgscq/Resources/src_jsc/Core/Factorys/headers.js,aacb0c7a2af3729dbdbc3d3a25e20409b7eb5b248bcd600a4fdeda7aeca79a4a
src_jsc/Core/Scene/headers.jsc,src_jsc,Core/Scene/headers.jsc,642,0xb973c051,/Users/zhanglinsen/workspace/bianfeng/sgscq1-china-client/projects/sgscq/Resources/src_jsc/Core/Scene/headers.js,efc45004405d30097815e17d953e7bcbbce492cc3f7f315dd26687ca9f0ed855
src_jsc/Core/Tools/AccountSys.jsc,src_jsc,Core/Tools/AccountSys.jsc,3635,0xb973c051,/Users/zhanglinsen/workspace/bianfeng/sgscq1-china-client/projects/sgscq/Resources/src_jsc/Core/Tools/AccountSys.js,bef6af92afd2e9b5962749399dcfe0c0cb5cb04eb9f43d87d12558c1a6e58c67
src_jsc/Core/Tools/Jsb.jsc,src_jsc,Core/Tools/Jsb.jsc,7105,0xb973c051,/Users/zhanglinsen/workspace/bianfeng/sgscq1-china-client/projects/sgscq/Resources/src_jsc/Core/Tools/Jsb.js,e068ef1ed1a4eb7691abee425ac07fabc3d9bb13e215f5a780e3968fdd92df60
src_jsc/Core/Tools/PaySys.jsc,src_jsc,Core/Tools/PaySys.jsc,3715,0xb973c051,/Users/zhanglinsen/workspace/bianfeng/sgscq1-china-client/projects/sgscq/Resources/src_jsc/Core/Tools/PaySys.js,e2ec81a7b2ac5770313c9d15bc08c89294f1f3a87a1dbec4d5de4af166efcc59
src_jsc/Core/Tools/ProductSys.jsc,src_jsc,Core/Tools/ProductSys.jsc,2844,0xb973c051,/Users/zhanglinsen/workspace/bianfeng/sgscq1-china-client/projects/sgscq/Resources/src_jsc/Core/Tools/ProductSys.js,b84e206e56772641460f16e9979ff4907504c77c27f3b8ff99d7d3283904a17e
src_jsc/Core/Tools/Statistic.jsc,src_jsc,Core/Tools/Statistic.jsc,719,0xb973c051,/Users/zhanglinsen/workspace/bianfeng/sgscq1-china-client/projects/sgscq/Resources/src_jsc/Core/Tools/Statistic.js,cf1a8dde5d7d84779776ac780a8f5a475e4886d63c9121540353e85e27a33ac3
src_jsc/Core/Tools/String.jsc,src_jsc,Core/Tools/String.jsc,1062,0xb973c051,/Users/zhanglinsen/workspace/bianfeng/sgscq1-china-client/projects/sgscq/Resources/src_jsc/Core/Tools/String.js,68f7a8ec441bb2f0fb77949443c24aaf9e06cdfd5c7df38ee571626d061a5778
src_jsc/Core/Tools/headers.jsc,src_jsc,Core/Tools/headers.jsc,659,0xb973c051,/Users/zhanglinsen/workspace/bianfeng/sgscq1-china-client/projects/sgscq/Resources/src_jsc/Core/Tools/headers.js,9ab18393f7ade75123f960fcbc4c1af8a1e07e2311c4b6fcacb2d91aebd00d3d
src_jsc/Core/Utils/headers.jsc,src_jsc,Core/Utils/headers.jsc,12209,0xb973c051,/Users/zhanglinsen/workspace/bianfeng/sgscq1-china-client/projects/sgscq/Resources/src_jsc/Core/Utils/headers.js,8d4be5bce007ead7078386bcb2d59868aa1eabb4641a1ae87038746932acd6d5
src_jsc/Core/alias.jsc,src_jsc,Core/alias.jsc,2037,0xb973c051,/Users/zhanglinsen/workspace/bianfeng/sgscq1-china-client/projects/sgscq/Resources/src_jsc/Core/alias.js,fbd2732aefc46ee0dd38f6caf799a16bc4fa69782340be1d5fcf7d4be625424c
src_jsc/Core/headers.jsc,src_jsc,Core/headers.jsc,2892,0xb973c051,/Users/zhanglinsen/workspace/bianfeng/sgscq1-china-client/projects/sgscq/Resources/src_jsc/Core/headers.js,16c3c610fc748037e842f91dc3b55a026567131183448b77ab6bf3d67a49d832
src_jsc/Debug/Debug.jsc,src_jsc,Debug/Debug.jsc,11702,0xb973c051,/Users/zhanglinsen/workspace/bianfeng/sgscq1-china-client/projects/sgscq/Resources/src_jsc/Debug/Debug.js,197b85cc389edd1b08a1a4faafca7c1f049a320c7d058b46376b7fe29abd4e62
src_jsc/Debug/Logger.jsc,src_jsc,Debug/Logger.jsc,5388,0xb973c051,/Users/zhanglinsen/workspace/bianfeng/sgscq1-china-client/projects/sgscq/Resources/src_jsc/Debug/Logger.js,1dc4432aa1f177473ec843eecdeb7f353bf5bfd9754480ca14d3f939902db066
src_jsc/Debug/alias.jsc,src_jsc,Debug/alias.jsc,1801,0xb973c051,/Users/zhanglinsen/workspace/bianfeng/sgscq1-china-client/projects/sgscq/Resources/src_jsc/Debug/alias.js,1173e81f6c4a93ecc0c80e99381bcde9a15b2e0135b46f67d8a33278c33a2f89
src_jsc/Debug/headers.jsc,src_jsc,Debug/headers.jsc,444,0xb973c051,/Users/zhanglinsen/workspace/bianfeng/sgscq1-china-client/projects/sgscq/Resources/src_jsc/Debug/headers.js,b04a50ad90bb5cfffe8dbfe00d014be7628a8029f10e404db481840fdb2ea954
src_jsc/EasySdk/Account.jsc,src_jsc,EasySdk/Account.jsc,5846,0xb973c051,/Users/zhanglinsen/workspace/bianfeng/sgscq1-china-client/projects/sgscq/Resources/src_jsc/EasySdk/Account.js,0bfa94dc1c1035b3ad803a208960e062e11aba8ed7df57f6aa1ddd58caa67bc0
src_jsc/EasySdk/Payment.jsc,src_jsc,EasySdk/Payment.jsc,5393,0xb973c051,/Users/zhanglinsen/workspace/bianfeng/sgscq1-china-client/projects/sgscq/Resources/src_jsc/EasySdk/Payment.js,090093646dd3ab1edb06258fca086d8799295b74354dc2df0d6135468ba9ed4b
src_jsc/EasySdk/headers.jsc,src_jsc,EasySdk/headers.jsc,766,0xb973c051,/Users/zhanglinsen/workspace/bianfeng/sgscq1-china-client/projects/sgscq/Resources/src_jsc/EasySdk/headers.js,0e11f7f634ae65b1ed40170c0ad604c924839b34fcfda4e870f2af3d33df9719
src_jsc/Factorys/Add.jsc,src_jsc,Factorys/Add.jsc,2747,0xb973c051,/Users/zhanglinsen/workspace/bianfeng/sgscq1-china-client/projects/sgscq/Resources/src_jsc/Factorys/Add.js,a220e2ef645dcca46d5e9c10a4c429354dab02be9c43c6df0aca820954ee633f
src_jsc/Factorys/Animate.jsc,src_jsc,Factorys/Animate.jsc,1723,0xb973c051,/Users/zhanglinsen/workspace/bianfeng/sgscq1-china-client/projects/sgscq/Resources/src_jsc/Factorys/Animate.js,7bf7181ccad91058f573709d26389d25b03760ee50f7999010192ad714283e07
src_jsc/Factorys/Armature.jsc,src_jsc,Factorys/Armature.jsc,9132,0xb973c051,/Users/zhanglinsen/workspace/bianfeng/sgscq1-china-client/projects/sgscq/Resources/src_jsc/Factorys/Armature.js,313625669fa6a36eb76cf1c4f09d3ef11e529eebe404bd58bd9319ce6241a45e
src_jsc/Factorys/BaseLabel.jsc,src_jsc,Factorys/BaseLabel.jsc,5858,0xb973c051,/Users/zhanglinsen/workspace/bianfeng/sgscq1-china-client/projects/sgscq/Resources/src_jsc/Factorys/BaseLabel.js,62e33557b7af674f450fc6939645053ecb36be130a010d042cc107351c11638e
src_jsc/Factorys/Fate.jsc,src_jsc,Factorys/Fate.jsc,612,0xb973c051,/Users/zhanglinsen/workspace/bianfeng/sgscq1-china-client/projects/sgscq/Resources/src_jsc/Factorys/Fate.js,710e2c070783d268cee93041c2a2ee0d356f2406e5fe00fc7769d0e2fed2a802
src_jsc/Factorys/Label.jsc,src_jsc,Factorys/Label.jsc,4073,0xb973c051,/Users/zhanglinsen/workspace/bianfeng/sgscq1-china-client/projects/sgscq/Resources/src_jsc/Factorys/Label.js,ed581a65beabca1d329a0ce037bd3622df0a4ec2db8c16af43aa25e478144c33
src_jsc/Factorys/LabelBMFont.jsc,src_jsc,Factorys/LabelBMFont.jsc,5773,0xb973c051,/Users/zhanglinsen/workspace/bianfeng/sgscq1-china-client/projects/sgscq/Resources/src_jsc/Factorys/LabelBMFont.js,356e04e81bfe6e6dbd841dd62e5d5a5062f9e389195e011c1cdb81d0a57ac393
src_jsc/Factorys/LabelTTF.jsc,src_jsc,Factorys/LabelTTF.jsc,3932,0xb973c051,/Users/zhanglinsen/workspace/bianfeng/sgscq1-china-client/projects/sgscq/Resources/src_jsc/Factorys/LabelTTF.js,3625735e031bc95d09c0159f0168444046c8b8a156e3edb5781a3c016103a8bd
src_jsc/Factorys/Particle.jsc,src_jsc,Factorys/Particle.jsc,1187,0xb973c051,/Users/zhanglinsen/workspace/bianfeng/sgscq1-china-client/projects/sgscq/Resources/src_jsc/Factorys/Particle.js,6d72ba05f891968f0851c17c7e71bb69032eda664dd4ac0c905f8e113b820dab
src_jsc/Factorys/Skill/Item/Item.jsc,src_jsc,Factorys/Skill/Item/Item.jsc,31141,0xb973c051,/Users/zhanglinsen/workspace/bianfeng/sgscq1-china-client/projects/sgscq/Resources/src_jsc/Factorys/Skill/Item/Item.js,7a121f5c0aa4546ebaced9ba5f42828bd0b99401c5028242f8e13665a86cd3ad
src_jsc/Factorys/Skill/Item/Timeline.jsc,src_jsc,Factorys/Skill/Item/Timeline.jsc,17429,0xb973c051,/Users/zhanglinsen/workspace/bianfeng/sgscq1-china-client/projects/sgscq/Resources/src_jsc/Factorys/Skill/Item/Timeline.js,756c57e17406e1b8160671746b42f99cd349e07d9a5230837f2e8fb1685033e2
src_jsc/Factorys/Skill/Item/headers.jsc,src_jsc,Factorys/Skill/Item/headers.jsc,479,0xb973c051,/Users/zhanglinsen/workspace/bianfeng/sgscq1-china-client/projects/sgscq/Resources/src_jsc/Factorys/Skill/Item/headers.js,8d1884c72d7f7e8061161657bc0b05c758ceb1ee7f76a1cf8a87272f14cb4d2d
src_jsc/Factorys/Skill/Part.jsc,src_jsc,Factorys/Skill/Part.jsc,10849,0xb973c051,/Users/zhanglinsen/workspace/bianfeng/sgscq1-china-client/projects/sgscq/Resources/src_jsc/Factorys/Skill/Part.js,eac38bfc24419cb85cbe40c1babddc4b31f6defd986f894fd1278958f74c7372
src_jsc/Factorys/Skill/Skill.jsc,src_jsc,Factorys/Skill/Skill.jsc,19016,0xb973c051,/Users/zhanglinsen/workspace/bianfeng/sgscq1-china-client/projects/sgscq/Resources/src_jsc/Factorys/Skill/Skill.js,689d109d5b23703a5baa5ba0639ee3c6d6e430c5d108f884b4b6ad799a54f693
src_jsc/Factorys/Skill/headers.jsc,src_jsc,Factorys/Skill/headers.jsc,523,0xb973c051,/Users/zhanglinsen/workspace/bianfeng/sgscq1-china-client/projects/sgscq/Resources/src_jsc/Factorys/Skill/headers.js,ddb7bfffa5c0d5104160793de1140192e6d0e8de012ce46b68a4629583ce3396
src_jsc/Factorys/Sprite.jsc,src_jsc,Factorys/Sprite.jsc,8952,0xb973c051,/Users/zhanglinsen/workspace/bianfeng/sgscq1-china-client/projects/sgscq/Resources/src_jsc/Factorys/Sprite.js,4757e21bed217548a2396b9e4697f05b70410c18d4d8d97921d7fc03b6f4d1bb
src_jsc/Factorys/String.jsc,src_jsc,Factorys/String.jsc,792,0xb973c051,/Users/zhanglinsen/workspace/bianfeng/sgscq1-china-client/projects/sgscq/Resources/src_jsc/Factorys/String.js,d1b7e56180c51739310caf56c33bc5ceb714af51da0d8bf3ee2324808b1dfddf
src_jsc/Factorys/headers.jsc,src_jsc,Factorys/headers.jsc,923,0xb973c051,/Users/zhanglinsen/workspace/bianfeng/sgscq1-china-client/projects/sgscq/Resources/src_jsc/Factorys/headers.js,2abc31f569bd68638451653e639d0c02340146202b300f0f8486b6fb84b635eb
src_jsc/Guide/GuideMgr.jsc,src_jsc,Guide/GuideMgr.jsc,19124,0xb973c051,/Users/zhanglinsen/workspace/bianfeng/sgscq1-china-client/projects/sgscq/Resources/src_jsc/Guide/GuideMgr.js,13d5c7b20a7d2527b89667d81e4e73cf6c6433919511bf79db1b6db54f259387
src_jsc/Guide/GuideStepPlugin.jsc,src_jsc,Guide/GuideStepPlugin.jsc,10660,0xb973c051,/Users/zhanglinsen/workspace/bianfeng/sgscq1-china-client/projects/sgscq/Resources/src_jsc/Guide/GuideStepPlugin.js,a565462d55d0e9c080462b31e85e13331a58d7691069231ae8042ee4071bc3b1
src_jsc/Guide/headers.jsc,src_jsc,Guide/headers.jsc,425,0xb973c051,/Users/zhanglinsen/workspace/bianfeng/sgscq1-china-client/projects/sgscq/Resources/src_jsc/Guide/headers.js,493e5678e33df5105cfc7886320b1cc5778dc08840f77135787b09669fb28763
src_jsc/Libs/CCExt.jsc,src_jsc,Libs/CCExt.jsc,5131,0xb973c051,/Users/zhanglinsen/workspace/bianfeng/sgscq1-china-client/projects/sgscq/Resources/src_jsc/Libs/CCExt.js,3d27d3a51a60e844811bf91b07cc2a3ee9ea214fa401d493628bc737fd308c72
src_jsc/Libs/Constant.jsc,src_jsc,Libs/Constant.jsc,840,0xb973c051,/Users/zhanglinsen/workspace/bianfeng/sgscq1-china-client/projects/sgscq/Resources/src_jsc/Libs/Constant.js,54f79e89b47269c3aecd1481ea3bbf040d95271376bc9025fa16d7593f5dbfc0
src_jsc/Libs/Views/Armature/BaseArmature.jsc,src_jsc,Libs/Views/Armature/BaseArmature.jsc,11204,0xb973c051,/Users/zhanglinsen/workspace/bianfeng/sgscq1-china-client/projects/sgscq/Resources/src_jsc/Libs/Views/Armature/BaseArmature.js,bcf9af44204aba3cf184cc7dbeed00a3829872205188a5b5a5fa0e7b025585f9
src_jsc/Libs/Views/Armature/alias.jsc,src_jsc,Libs/Views/Armature/alias.jsc,300,0xb973c051,/Users/zhanglinsen/workspace/bianfeng/sgscq1-china-client/projects/sgscq/Resources/src_jsc/Libs/Views/Armature/alias.js,30c89c709f73d7bf777f9932a20597c1284cb98e1dd8409ca666efea729ef5a1
src_jsc/Libs/Views/Armature/headers.jsc,src_jsc,Libs/Views/Armature/headers.jsc,534,0xb973c051,/Users/zhanglinsen/workspace/bianfeng/sgscq1-china-client/projects/sgscq/Resources/src_jsc/Libs/Views/Armature/headers.js,24655a5c52c337c5279539276b57bf4c909a035f53846dca01992454f14021de
src_jsc/Libs/Views/Button/Factory.jsc,src_jsc,Libs/Views/Button/Factory.jsc,8772,0xb973c051,/Users/zhanglinsen/workspace/bianfeng/sgscq1-china-client/projects/sgscq/Resources/src_jsc/Libs/Views/Button/Factory.js,a31c6b6f14b142b113eb50058cbcd9b822fd5085ccb2462778a9a25834cc3389
src_jsc/Libs/Views/Button/common.jsc,src_jsc,Libs/Views/Button/common.jsc,9921,0xb973c051,/Users/zhanglinsen/workspace/bianfeng/sgscq1-china-client/projects/sgscq/Resources/src_jsc/Libs/Views/Button/common.js,c42fff68ecea130da8eefbd547432739abb26c7de02b459ce0f0494f38ef06aa
src_jsc/Libs/Views/Button/headers.jsc,src_jsc,Libs/Views/Button/headers.jsc,413,0xb973c051,/Users/zhanglinsen/workspace/bianfeng/sgscq1-china-client/projects/sgscq/Resources/src_jsc/Libs/Views/Button/headers.js,208d4d0dc9474f0f203eeac5308f7853fd12147317887fcc4ab86f8d6db19c5b
src_jsc/Libs/Views/Layer/BaseLayer.jsc,src_jsc,Libs/Views/Layer/BaseLayer.jsc,2616,0xb973c051,/Users/zhanglinsen/workspace/bianfeng/sgscq1-china-client/projects/sgscq/Resources/src_jsc/Libs/Views/Layer/BaseLayer.js,b65ddf9b305fe6b991355768fd3a2276b5fc5ce3f81a506d501919c55e321740
src_jsc/Libs/Views/headers.jsc,src_jsc,Libs/Views/headers.jsc,599,0xb973c051,/Users/zhanglinsen/workspace/bianfeng/sgscq1-china-client/projects/sgscq/Resources/src_jsc/Libs/Views/headers.js,4854f2e1bab103c7f009aace3b5bd4653d68466e8b7f4922f9803bf9f02704f1
src_jsc/Libs/alias.jsc,src_jsc,Libs/alias.jsc,436,0xb973c051,/Users/zhanglinsen/workspace/bianfeng/sgscq1-china-client/projects/sgscq/Resources/src_jsc/Libs/alias.js,3181946f80915e5e95290ac3029381b82eaceda3e8b720104eab223bec940a02
src_jsc/Libs/headers.jsc,src_jsc,Libs/headers.jsc,499,0xb973c051,/Users/zhanglinsen/workspace/bianfeng/sgscq1-china-client/projects/sgscq/Resources/src_jsc/Libs/headers.js,13264367ad54dc2a33dbf92f6729e65d4e51812f953e82417717220842474178
src_jsc/MemoryWarning.jsc,src_jsc,MemoryWarning.jsc,713,0xb973c051,/Users/zhanglinsen/workspace/bianfeng/sgscq1-china-client/projects/sgscq/Resources/src_jsc/MemoryWarning.js,e90a2cac7152b18c46d3272b62f5188ef84b4ad122b1bee3d81df0e6a8127e6e
src_jsc/Models/Account/AccountInfo.jsc,src_jsc,Models/Account/AccountInfo.jsc,3763,0xb973c051,/Users/zhanglinsen/workspace/bianfeng/sgscq1-china-client/projects/sgscq/Resources/src_jsc/Models/Account/AccountInfo.js,e5fe80038fe11176390ab452a89a5b46b6167e628504c1a90eaea1967e9db323
src_jsc/Models/AdInfo.jsc,src_jsc,Models/AdInfo.jsc,1550,0xb973c051,/Users/zhanglinsen/workspace/bianfeng/sgscq1-china-client/projects/sgscq/Resources/src_jsc/Models/AdInfo.js,a9eec8f3e0164f29e6d6bc0039df77c38321d648ff4e40a2e1161af4e574de68
src_jsc/Models/Add.jsc,src_jsc,Models/Add.jsc,18859,0xb973c051,/Users/zhanglinsen/workspace/bianfeng/sgscq1-china-client/projects/sgscq/Resources/src_jsc/Models/Add.js,32124bcc8dc7ebd4591038ab64372630450c7d7ade96bd24b3222593936f0399
src_jsc/Models/AddShowList.jsc,src_jsc,Models/AddShowList.jsc,2203,0xb973c051,/Users/zhanglinsen/workspace/bianfeng/sgscq1-china-client/projects/sgscq/Resources/src_jsc/Models/AddShowList.js,1a5ed32be73b112eb9bff91d7f74f24096c70ebc9e7a7bb7a38f91fedb2bafc5
src_jsc/Models/Atlas.jsc,src_jsc,Models/Atlas.jsc,7252,0xb973c051,/Users/zhanglinsen/workspace/bianfeng/sgscq1-china-client/projects/sgscq/Resources/src_jsc/Models/Atlas.js,eb6f8e257eff7f065b500bae4c9d4200f7996d1cc227ed821b2c19ebee99d0a9
src_jsc/Models/Base.jsc,src_jsc,Models/Base.jsc,1989,0xb973c051,/Users/zhanglinsen/workspace/bianfeng/sgscq1-china-client/projects/sgscq/Resources/src_jsc/Models/Base.js,f0d05baf7348634d7051e36ce32d53f6b7459cb3c8e66c683c186119a3a29cef
src_jsc/Models/BaseCfg.jsc,src_jsc,Models/BaseCfg.jsc,3329,0xb973c051,/Users/zhanglinsen/workspace/bianfeng/sgscq1-china-client/projects/sgscq/Resources/src_jsc/Models/BaseCfg.js,9323407ca244dae3222059687b1952ff8e094038b36d7cb3f8bf8fa945667c9a
src_jsc/Models/BreachModel.jsc,src_jsc,Models/BreachModel.jsc,7737,0xb973c051,/Users/zhanglinsen/workspace/bianfeng/sgscq1-china-client/projects/sgscq/Resources/src_jsc/Models/BreachModel.js,9af02d0eecd330b8ca2dd6981737bb0dabe2b95ea4cdbe31c3bbb7b4128063dc
src_jsc/Models/BuddyGeneral.jsc,src_jsc,Models/BuddyGeneral.jsc,2067,0xb973c051,/Users/zhanglinsen/workspace/bianfeng/sgscq1-china-client/projects/sgscq/Resources/src_jsc/Models/BuddyGeneral.js,3715032c2dd4b8261247fba5e20a378686b99d971838bae7cbd6759df96e50a5
src_jsc/Models/Card.jsc,src_jsc,Models/Card.jsc,19830,0xb973c051,/Users/zhanglinsen/workspace/bianfeng/sgscq1-china-client/projects/sgscq/Resources/src_jsc/Models/Card.js,5bb8b3abf3b4b4dfcec42ad20cb9ae6dd7016e086daa9bdf2ed04b8c91c59683
src_jsc/Models/Chapter.jsc,src_jsc,Models/Chapter.jsc,6304,0xb973c051,/Users/zhanglinsen/workspace/bianfeng/sgscq1-china-client/projects/sgscq/Resources/src_jsc/Models/Chapter.js,ed86aaf645789455d4eb69b9a1456c6342f735fb249144f4ce8ee5080ad4c873
src_jsc/Models/Chat.jsc,src_jsc,Models/Chat.jsc,5107,0xb973c051,/Users/zhanglinsen/workspace/bianfeng/sgscq1-china-client/projects/sgscq/Resources/src_jsc/Models/Chat.js,1624f4ce18d9e340d28a894b5c0d1191b70117afaee1df2bd7349dc72e31e0b4
src_jsc/Models/ChatMessageManager.jsc,src_jsc,Models/ChatMessageManager.jsc,9664,0xb973c051,/Users/zhanglinsen/workspace/bianfeng/sgscq1-china-client/projects/sgscq/Resources/src_jsc/Models/ChatMessageManager.js,6881df98e03c2a704d06e3921e6d1676c2991be1464b69322c37d586ae89ae86
src_jsc/Models/Combat.jsc,src_jsc,Models/Combat.jsc,6838,0xb973c051,/Users/zhanglinsen/workspace/bianfeng/sgscq1-china-client/projects/sgscq/Resources/src_jsc/Models/Combat.js,4671058dbe198a1e3a2dfa46fe7fdd1aaf31c7eb902eca95a3d05d8bb7353d15
src_jsc/Models/CultureMedicine.jsc,src_jsc,Models/CultureMedicine.jsc,2524,0xb973c051,/Users/zhanglinsen/workspace/bianfeng/sgscq1-china-client/projects/sgscq/Resources/src_jsc/Models/CultureMedicine.js,62d53d58f2792b569f497eaaa8dfb5f9222b1218fdd99ea67f436131c6290d01
src_jsc/Models/DailyAdventure.jsc,src_jsc,Models/DailyAdventure.jsc,3214,0xb973c051,/Users/zhanglinsen/workspace/bianfeng/sgscq1-china-client/projects/sgscq/Resources/src_jsc/Models/DailyAdventure.js,d77c3cd1d28938973b9da4fa62d805862e6c9939cf398c01cba66d6f185653b2
src_jsc/Models/DataWrapped.jsc,src_jsc,Models/DataWrapped.jsc,1289,0xb973c051,/Users/zhanglinsen/workspace/bianfeng/sgscq1-china-client/projects/sgscq/Resources/src_jsc/Models/DataWrapped.js,353129057007358bd01f17753ab2d65511bf5e1a683f202cbdf38bec2910287b
src_jsc/Models/Dungeon.jsc,src_jsc,Models/Dungeon.jsc,22495,0xb973c051,/Users/zhanglinsen/workspace/bianfeng/sgscq1-china-client/projects/sgscq/Resources/src_jsc/Models/Dungeon.js,85ab364da9d2b1b522fec9d2023a7792fbd1a54b187ec78665ef8e87f268ce76
src_jsc/Models/Equipment.jsc,src_jsc,Models/Equipment.jsc,28921,0xb973c051,/Users/zhanglinsen/workspace/bianfeng/sgscq1-china-client/projects/sgscq/Resources/src_jsc/Models/Equipment.js,a21aeec5eaf173e996d3669a001917005bdad95c6c59f0dbccaaa357cdcae607
src_jsc/Models/EquipmentExchange.jsc,src_jsc,Models/EquipmentExchange.jsc,2365,0xb973c051,/Users/zhanglinsen/workspace/bianfeng/sgscq1-china-client/projects/sgscq/Resources/src_jsc/Models/EquipmentExchange.js,7fbd37860ed18cfd6037585f4495a6805574a79ab0b4da04dab3dc592d8413ce
src_jsc/Models/EquipmentPiece.jsc,src_jsc,Models/EquipmentPiece.jsc,6354,0xb973c051,/Users/zhanglinsen/workspace/bianfeng/sgscq1-china-client/projects/sgscq/Resources/src_jsc/Models/EquipmentPiece.js,ba0c54f73a0cedf0694e6794f9f146080a11d4b3c13c574f7e88e2c83c69ab91
src_jsc/Models/EvolutionInfo.jsc,src_jsc,Models/EvolutionInfo.jsc,17491,0xb973c051,/Users/zhanglinsen/workspace/bianfeng/sgscq1-china-client/projects/sgscq/Resources/src_jsc/Models/EvolutionInfo.js,8a763c9fed3a120bb7dd561d356c85ee1128b401ed3ea9aa30bd3406c6306e2d
src_jsc/Models/Fate.jsc,src_jsc,Models/Fate.jsc,8279,0xb973c051,/Users/zhanglinsen/workspace/bianfeng/sgscq1-china-client/projects/sgscq/Resources/src_jsc/Models/Fate.js,5b2c59cb9e48cd83c587c3fd344106d138e49263551898fd4bdfce6ff5f7f65e
src_jsc/Models/Feast.jsc,src_jsc,Models/Feast.jsc,24886,0xb973c051,/Users/zhanglinsen/workspace/bianfeng/sgscq1-china-client/projects/sgscq/Resources/src_jsc/Models/Feast.js,5f08cb3330bc97f3b588966b4a911f0f06707624002fbdd8e45c5671a31520f8
src_jsc/Models/Fight/FightInfo.jsc,src_jsc,Models/Fight/FightInfo.jsc,11322,0xb973c051,/Users/zhanglinsen/workspace/bianfeng/sgscq1-china-client/projects/sgscq/Resources/src_jsc/Models/Fight/FightInfo.js,6a65e74778bac7bb08f74662d42cba90b665439e1e01892bc03d044dcb47ef3c
src_jsc/Models/Fight/FightRoundItem.jsc,src_jsc,Models/Fight/FightRoundItem.jsc,7774,0xb973c051,/Users/zhanglinsen/workspace/bianfeng/sgscq1-china-client/projects/sgscq/Resources/src_jsc/Models/Fight/FightRoundItem.js,1f1e585ee3d4f543432f0d25566cd6908db807702e1bb794bce0dcff0d36505d
src_jsc/Models/Fight/FightRoundList.jsc,src_jsc,Models/Fight/FightRoundList.jsc,17713,0xb973c051,/Users/zhanglinsen/workspace/bianfeng/sgscq1-china-client/projects/sgscq/Resources/src_jsc/Models/Fight/FightRoundList.js,95976095ce8bd74d2a263370ecd6a195857bfe530cd02a6224cbfbea2ee13973
src_jsc/Models/Fight/headers.jsc,src_jsc,Models/Fight/headers.jsc,561,0xb973c051,/Users/zhanglinsen/workspace/bianfeng/sgscq1-china-client/projects/sgscq/Resources/src_jsc/Models/Fight/headers.js,1f1537537f076c76d4ace96c6ae65e220a82fca3149db518b4448afd5594c05b
src_jsc/Models/FightStoryItem.jsc,src_jsc,Models/FightStoryItem.jsc,3775,0xb973c051,/Users/zhanglinsen/workspace/bianfeng/sgscq1-china-client/projects/sgscq/Resources/src_jsc/Models/FightStoryItem.js,c97d90de28e611ee8ae1d986420563366d76ee9cc8a6d5ee490f9f6e940b65cb
src_jsc/Models/Game/Package.jsc,src_jsc,Models/Game/Package.jsc,1900,0xb973c051,/Users/zhanglinsen/workspace/bianfeng/sgscq1-china-client/projects/sgscq/Resources/src_jsc/Models/Game/Package.js,c3a0439c3c52dc7ddec049350488674ddf58e91879b4b00af56d682b3bfbcdcc
src_jsc/Models/Game/headers.jsc,src_jsc,Models/Game/headers.jsc,381,0xb973c051,/Users/zhanglinsen/workspace/bianfeng/sgscq1-china-client/projects/sgscq/Resources/src_jsc/Models/Game/headers.js,522765ff53e967aba6e5fa4cb62d63713b5cdcfab5bae76c0e62e183a3eaf390
src_jsc/Models/Gems.jsc,src_jsc,Models/Gems.jsc,10414,0xb973c051,/Users/zhanglinsen/workspace/bianfeng/sgscq1-china-client/projects/sgscq/Resources/src_jsc/Models/Gems.js,16611b78b085cf9213947ac24d2e3b344088c061821d94158473813f15ba99f9
src_jsc/Models/General.jsc,src_jsc,Models/General.jsc,43860,0xb973c051,/Users/zhanglinsen/workspace/bianfeng/sgscq1-china-client/projects/sgscq/Resources/src_jsc/Models/General.js,4ab68284edc1a7609a2947aadcb6590d1fd83cb0a575a1247162ca49a30759c4
src_jsc/Models/GeneralPreview.jsc,src_jsc,Models/GeneralPreview.jsc,4219,0xb973c051,/Users/zhanglinsen/workspace/bianfeng/sgscq1-china-client/projects/sgscq/Resources/src_jsc/Models/GeneralPreview.js,be112215f14847a1eb630e2ac40f6fd5221387cb45ee9879ddd39a637c0e1249
src_jsc/Models/GeneralSoul.jsc,src_jsc,Models/GeneralSoul.jsc,11750,0xb973c051,/Users/zhanglinsen/workspace/bianfeng/sgscq1-china-client/projects/sgscq/Resources/src_jsc/Models/GeneralSoul.js,d6318090a0b11ed179aab3abb570cc8b4239a79004f6b401d43645329df8553d
src_jsc/Models/GeneralTraining.jsc,src_jsc,Models/GeneralTraining.jsc,7253,0xb973c051,/Users/zhanglinsen/workspace/bianfeng/sgscq1-china-client/projects/sgscq/Resources/src_jsc/Models/GeneralTraining.js,eaf51cf17083d0a1ee4c39acb4e629ec0b50ef2ec992680d521d57252dda6ab8
src_jsc/Models/Goddess.jsc,src_jsc,Models/Goddess.jsc,12430,0xb973c051,/Users/zhanglinsen/workspace/bianfeng/sgscq1-china-client/projects/sgscq/Resources/src_jsc/Models/Goddess.js,f492536fae22ef197bd29cd8461412a68ce041478d5d0b8f9c6a3de45ebf51e5
src_jsc/Models/GoddessFate.jsc,src_jsc,Models/GoddessFate.jsc,8089,0xb973c051,/Users/zhanglinsen/workspace/bianfeng/sgscq1-china-client/projects/sgscq/Resources/src_jsc/Models/GoddessFate.js,b52f7cefbcba0d49ce15c01aa67a8462b42903d9f1e3be789300b6a363ff5151
src_jsc/Models/Good.jsc,src_jsc,Models/Good.jsc,6899,0xb973c051,/Users/zhanglinsen/workspace/bianfeng/sgscq1-china-client/projects/sgscq/Resources/src_jsc/Models/Good.js,6695bad0312204a270bdf433b4c43b289525b793576edc28af368fa5ee280942
src_jsc/Models/HD.jsc,src_jsc,Models/HD.jsc,7163,0xb973c051,/Users/zhanglinsen/workspace/bianfeng/sgscq1-china-client/projects/sgscq/Resources/src_jsc/Models/HD.js,e73a70a4334cd8f71d697e6407e2b8f88df927adce32b5c0cf00add7d5f748b6
src_jsc/Models/HintModel.jsc,src_jsc,Models/HintModel.jsc,13760,0xb973c051,/Users/zhanglinsen/workspace/bianfeng/sgscq1-china-client/projects/sgscq/Resources/src_jsc/Models/HintModel.js,bc606d0d17185613f6a913b64e44cdfbca2769f887ea9b2fbcc3e5023722be38
src_jsc/Models/Item.jsc,src_jsc,Models/Item.jsc,30291,0xb973c051,/Users/zhanglinsen/workspace/bianfeng/sgscq1-china-client/projects/sgscq/Resources/src_jsc/Models/Item.js,e329be32d0d04bd20afc652a44061d831a0b978985a8fc99d367de7af4fabd78
src_jsc/Models/LadderModel.jsc,src_jsc,Models/LadderModel.jsc,4555,0xb973c051,/Users/zhanglinsen/workspace/bianfeng/sgscq1-china-client/projects/sgscq/Resources/src_jsc/Models/LadderModel.js,41379e0440da900d6181fe87c1714a2b227dbbeb390417acea714c3448cce631
src_jsc/Models/MagicalEqu.jsc,src_jsc,Models/MagicalEqu.jsc,11554,0xb973c051,/Users/zhanglinsen/workspace/bianfeng/sgscq1-china-client/projects/sgscq/Resources/src_jsc/Models/MagicalEqu.js,1d9851df40d80772f66a6e79ca42d6b863cc0a94bc96cb74a31a61f2acba886e
src_jsc/Models/MagicalEquPoint.jsc,src_jsc,Models/MagicalEquPoint.jsc,4925,0xb973c051,/Users/zhanglinsen/workspace/bianfeng/sgscq1-china-client/projects/sgscq/Resources/src_jsc/Models/MagicalEquPoint.js,c5ec8cfc08afd2276d0d3dea60a4f0e854cd045c7fd166c630fdc861240477b3
src_jsc/Models/Mail.jsc,src_jsc,Models/Mail.jsc,12308,0xb973c051,/Users/zhanglinsen/workspace/bianfeng/sgscq1-china-client/projects/sgscq/Resources/src_jsc/Models/Mail.js,3964e5c14e3e064560191e33c56eb03449a33f69b52b2f35fbee06b1ed089857
src_jsc/Models/MeltCfg.jsc,src_jsc,Models/MeltCfg.jsc,950,0xb973c051,/Users/zhanglinsen/workspace/bianfeng/sgscq1-china-client/projects/sgscq/Resources/src_jsc/Models/MeltCfg.js,d0b920c90eb3fcd403541e86c2a2f2d0f5f09a17efe3234f375bf452b8305ed5
src_jsc/Models/Meridian.jsc,src_jsc,Models/Meridian.jsc,6611,0xb973c051,/Users/zhanglinsen/workspace/bianfeng/sgscq1-china-client/projects/sgscq/Resources/src_jsc/Models/Meridian.js,e35a537441953022ec783678220d03f46885df1f6313d42d77968f35b58e6e85
src_jsc/Models/MeridianPoint.jsc,src_jsc,Models/MeridianPoint.jsc,8811,0xb973c051,/Users/zhanglinsen/workspace/bianfeng/sgscq1-china-client/projects/sgscq/Resources/src_jsc/Models/MeridianPoint.js,52816c70997ffec83cb66aeadb1946fe17f521ec32bf026da2bdd67130acc7c8
src_jsc/Models/MeridianTop.jsc,src_jsc,Models/MeridianTop.jsc,14234,0xb973c051,/Users/zhanglinsen/workspace/bianfeng/sgscq1-china-client/projects/sgscq/Resources/src_jsc/Models/MeridianTop.js,152491af0bffee0d46a1eb309968ff71f1cf76a0a87496530ccf50a172721788
src_jsc/Models/OtherPlayerInfo.jsc,src_jsc,Models/OtherPlayerInfo.jsc,6192,0xb973c051,/Users/zhanglinsen/workspace/bianfeng/sgscq1-china-client/projects/sgscq/Resources/src_jsc/Models/OtherPlayerInfo.js,59f71425d2ed73d473db62ed339ee34569ae6dc2cd404cfd6edfd32dc6d4cdd9
src_jsc/Models/Party.jsc,src_jsc,Models/Party.jsc,3646,0xb973c051,/Users/zhanglinsen/workspace/bianfeng/sgscq1-china-client/projects/sgscq/Resources/src_jsc/Models/Party.js,a24f9e2a1204235e295205170530516f2c8958cd2c74f136ca10042a8845da47
src_jsc/Models/PartyEvent.jsc,src_jsc,Models/PartyEvent.jsc,5334,0xb973c051,/Users/zhanglinsen/workspace/bianfeng/sgscq1-china-client/projects/sgscq/Resources/src_jsc/Models/PartyEvent.js,fbbf45c3e18159db186d35f5788b182eb825fab734badc94fd0696a5124c7c93
src_jsc/Models/Player.jsc,src_jsc,Models/Player.jsc,47224,0xb973c051,/Users/zhanglinsen/workspace/bianfeng/sgscq1-china-client/projects/sgscq/Resources/src_jsc/Models/Player.js,d0dbbe91cb02cb30cf1fd0f50547359f786595cbfd47621058ce3cb06ddbb717
src_jsc/Models/PlayerAttr.jsc,src_jsc,Models/PlayerAttr.jsc,9203,0xb973c051,/Users/zhanglinsen/workspace/bianfeng/sgscq1-china-client/projects/sgscq/Resources/src_jsc/Models/PlayerAttr.js,86a8ca04eebef14e356dd1d6dbd5c4bec463670e20e05aba805f8407bf2961be
src_jsc/Models/PushInfo.jsc,src_jsc,Models/PushInfo.jsc,12666,0xb973c051,/Users/zhanglinsen/workspace/bianfeng/sgscq1-china-client/projects/sgscq/Resources/src_jsc/Models/PushInfo.js,b75b0c10d0456600bb4ae35fb372a0560666dd69a34911348639b7b7f9448c1b
src_jsc/Models/RandomNameCfg.jsc,src_jsc,Models/RandomNameCfg.jsc,4607,0xb973c051,/Users/zhanglinsen/workspace/bianfeng/sgscq1-china-client/projects/sgscq/Resources/src_jsc/Models/RandomNameCfg.js,2b0be531ebf9309887c24ad0fb24616bb446a0f9b059a4cb14d8b1355ca3d85c
src_jsc/Models/Res/Map.jsc,src_jsc,Models/Res/Map.jsc,289,0xb973c051,/Users/zhanglinsen/workspace/bianfeng/sgscq1-china-client/projects/sgscq/Resources/src_jsc/Models/Res/Map.js,f490465316e86adae01b2f47aff9b93a62354c9e46c61e41f546833556c4599c
src_jsc/Models/Res/headers.jsc,src_jsc,Models/Res/headers.jsc,389,0xb973c051,/Users/zhanglinsen/workspace/bianfeng/sgscq1-china-client/projects/sgscq/Resources/src_jsc/Models/Res/headers.js,07086146a6d9c83733e457a8847a8167c4d4450ec47826cc8b009320ac42e2e4
src_jsc/Models/Resource.jsc,src_jsc,Models/Resource.jsc,10033,0xb973c051,/Users/zhanglinsen/workspace/bianfeng/sgscq1-china-client/projects/sgscq/Resources/src_jsc/Models/Resource.js,b02c489caa5b499c94497d7c8465b4f633825df90a8f8954144c0254f8bf2aea
src_jsc/Models/SellCfg.jsc,src_jsc,Models/SellCfg.jsc,950,0xb973c051,/Users/zhanglinsen/workspace/bianfeng/sgscq1-china-client/projects/sgscq/Resources/src_jsc/Models/SellCfg.js,cbbe82b9d619b9f1efb2fae5747ea00d84927544a35ac3f9eb77f7bf36b0fa7d
src_jsc/Models/ShowData.jsc,src_jsc,Models/ShowData.jsc,3614,0xb973c051,/Users/zhanglinsen/workspace/bianfeng/sgscq1-china-client/projects/sgscq/Resources/src_jsc/Models/ShowData.js,bbcf8eeaee3a84441327606717194072528b2eb6b20381b5d6a17e37dcf59dd7
src_jsc/Models/Skill.jsc,src_jsc,Models/Skill.jsc,22799,0xb973c051,/Users/zhanglinsen/workspace/bianfeng/sgscq1-china-client/projects/sgscq/Resources/src_jsc/Models/Skill.js,53b7d71d7884024abdfe90871db2dbce7a69772127d4ebea6fa7d23a62f8a6c3
src_jsc/Models/SkillEffect.jsc,src_jsc,Models/SkillEffect.jsc,3635,0xb973c051,/Users/zhanglinsen/workspace/bianfeng/sgscq1-china-client/projects/sgscq/Resources/src_jsc/Models/SkillEffect.js,bcb460ae0f379dbf42ef304faa45caa399e6b8027101a1655c556ee4ee968c46
src_jsc/Models/SkillExpCfg.jsc,src_jsc,Models/SkillExpCfg.jsc,1063,0xb973c051,/Users/zhanglinsen/workspace/bianfeng/sgscq1-china-client/projects/sgscq/Resources/src_jsc/Models/SkillExpCfg.js,36af34203442925d4ab9661c7668e450138d9eaf5f131d3b518d90d3bb4d3ca7
src_jsc/Models/SkillPiece.jsc,src_jsc,Models/SkillPiece.jsc,7217,0xb973c051,/Users/zhanglinsen/workspace/bianfeng/sgscq1-china-client/projects/sgscq/Resources/src_jsc/Models/SkillPiece.js,e3faffbd2efc18dfaca0d2f36edf939de11dcb36f6039c8e9ce9d9cf96bc737e
src_jsc/Models/Style/headers.jsc,src_jsc,Models/Style/headers.jsc,3678,0xb973c051,/Users/zhanglinsen/workspace/bianfeng/sgscq1-china-client/projects/sgscq/Resources/src_jsc/Models/Style/headers.js,c9c51a1aa6c1cd0d3d7222706dab2cf49dc64fd18166b9ea6f6fc3a4f308ca40
src_jsc/Models/Surrender.jsc,src_jsc,Models/Surrender.jsc,7104,0xb973c051,/Users/zhanglinsen/workspace/bianfeng/sgscq1-china-client/projects/sgscq/Resources/src_jsc/Models/Surrender.js,60bd61cd37848dddcce113c10f12ddf7d68096af1527a52bbecb75d29964da12
src_jsc/Models/Task.jsc,src_jsc,Models/Task.jsc,2881,0xb973c051,/Users/zhanglinsen/workspace/bianfeng/sgscq1-china-client/projects/sgscq/Resources/src_jsc/Models/Task.js,14d031bff9e35c0f1dd22b1159626418a7b455209b17ac3bca2dc897096f25f4
src_jsc/Models/TeamGeneral.jsc,src_jsc,Models/TeamGeneral.jsc,2706,0xb973c051,/Users/zhanglinsen/workspace/bianfeng/sgscq1-china-client/projects/sgscq/Resources/src_jsc/Models/TeamGeneral.js,626f74791577138c8d6f05b38c9a688eeb0605b5631df7403b9253b0a83169dd
src_jsc/Models/TmpInfo/Achieve.jsc,src_jsc,Models/TmpInfo/Achieve.jsc,7009,0xb973c051,/Users/zhanglinsen/workspace/bianfeng/sgscq1-china-client/projects/sgscq/Resources/src_jsc/Models/TmpInfo/Achieve.js,4cdfdd2362912ada4c5fb355e3de14996eaa4de00c8153ae8cf55b1cb2c3f9da
src_jsc/Models/TmpInfo/Adventure.jsc,src_jsc,Models/TmpInfo/Adventure.jsc,5913,0xb973c051,/Users/zhanglinsen/workspace/bianfeng/sgscq1-china-client/projects/sgscq/Resources/src_jsc/Models/TmpInfo/Adventure.js,8e147e3ecd1b6f7ef42816cdec0704f32e15d18287cbd99ea6e620fa5c22cbbe
src_jsc/Models/TmpInfo/Fight.jsc,src_jsc,Models/TmpInfo/Fight.jsc,15430,0xb973c051,/Users/zhanglinsen/workspace/bianfeng/sgscq1-china-client/projects/sgscq/Resources/src_jsc/Models/TmpInfo/Fight.js,4ba16da7c934c423cb2e11334333c003852dfccb4de1a7fb438d8aede9638e2b
src_jsc/Models/TmpInfo/UsrUpgrade.jsc,src_jsc,Models/TmpInfo/UsrUpgrade.jsc,3663,0xb973c051,/Users/zhanglinsen/workspace/bianfeng/sgscq1-china-client/projects/sgscq/Resources/src_jsc/Models/TmpInfo/UsrUpgrade.js,2720e7e6f1f2f1df1907546e25d0df59846a8e4c02641887c984983f4afc0ff5
src_jsc/Models/TmpInfo/headers.jsc,src_jsc,Models/TmpInfo/headers.jsc,618,0xb973c051,/Users/zhanglinsen/workspace/bianfeng/sgscq1-china-client/projects/sgscq/Resources/src_jsc/Models/TmpInfo/headers.js,e12e29e3b01d3dd034a60adf5646c2bee69063ba7bcdf0407eaeba00e2f68142
src_jsc/Models/ToastModel.jsc,src_jsc,Models/ToastModel.jsc,16515,0xb973c051,/Users/zhanglinsen/workspace/bianfeng/sgscq1-china-client/projects/sgscq/Resources/src_jsc/Models/ToastModel.js,b92e202be8983d0ba49e75a068abd187990b60b62dd7d2a6af292147411d05f1
src_jsc/Models/ToastResult.jsc,src_jsc,Models/ToastResult.jsc,806,0xb973c051,/Users/zhanglinsen/workspace/bianfeng/sgscq1-china-client/projects/sgscq/Resources/src_jsc/Models/ToastResult.js,143f7b735e54bc628b91f0421c04f8b7cd792fe97d21dc4335b94bc82f956f6e
src_jsc/Models/TransmissionModel.jsc,src_jsc,Models/TransmissionModel.jsc,2415,0xb973c051,/Users/zhanglinsen/workspace/bianfeng/sgscq1-china-client/projects/sgscq/Resources/src_jsc/Models/TransmissionModel.js,968c0bcaa2b46f97230f9d4aadc3c7746b8a8aed0b26de6abb9b45128dae6537
src_jsc/Models/TreasureBox.jsc,src_jsc,Models/TreasureBox.jsc,11314,0xb973c051,/Users/zhanglinsen/workspace/bianfeng/sgscq1-china-client/projects/sgscq/Resources/src_jsc/Models/TreasureBox.js,238ce3570106d34870e6dddfd1b1c04282904a8a63a69e01612c1ef92d8038d6
src_jsc/Models/Union.jsc,src_jsc,Models/Union.jsc,8046,0xb973c051,/Users/zhanglinsen/workspace/bianfeng/sgscq1-china-client/projects/sgscq/Resources/src_jsc/Models/Union.js,ae080d246aa84a711d6386eb249999f3f78c4122ee30c3da99e6e79ead1d06f7
src_jsc/Models/UnionMember.jsc,src_jsc,Models/UnionMember.jsc,6785,0xb973c051,/Users/zhanglinsen/workspace/bianfeng/sgscq1-china-client/projects/sgscq/Resources/src_jsc/Models/UnionMember.js,3ca5ec14257c2b291d0506b1bccca67d6e03f449fd5151afa44d7bea58a9637e
src_jsc/Models/UnionWar.jsc,src_jsc,Models/UnionWar.jsc,30868,0xb973c051,/Users/zhanglinsen/workspace/bianfeng/sgscq1-china-client/projects/sgscq/Resources/src_jsc/Models/UnionWar.js,23b0961251401af7a2cc1cd326ef44752a8370ebd9e1e3f65c3747a5dc6ab5ba
src_jsc/Models/UnionWarBattleFightInfo.jsc,src_jsc,Models/UnionWarBattleFightInfo.jsc,11453,0xb973c051,/Users/zhanglinsen/workspace/bianfeng/sgscq1-china-client/projects/sgscq/Resources/src_jsc/Models/UnionWarBattleFightInfo.js,2568dde34e75ebe898b85a1d42b9dea278c972e404f8205d18fe6df32eb75dbd
src_jsc/Models/UnionWarBattleInfo.jsc,src_jsc,Models/UnionWarBattleInfo.jsc,3372,0xb973c051,/Users/zhanglinsen/workspace/bianfeng/sgscq1-china-client/projects/sgscq/Resources/src_jsc/Models/UnionWarBattleInfo.js,701643fb1ccb65728c0f0ea43455beff4f63d223228f6701ca33cbfd53f25a06
src_jsc/Models/UnionWarFightingProcess.jsc,src_jsc,Models/UnionWarFightingProcess.jsc,5461,0xb973c051,/Users/zhanglinsen/workspace/bianfeng/sgscq1-china-client/projects/sgscq/Resources/src_jsc/Models/UnionWarFightingProcess.js,d2125ebc3204bed2d0e743d3b376f74dc2f374e035b13185dfc208c866388f95
src_jsc/Models/UnionWarPlayer.jsc,src_jsc,Models/UnionWarPlayer.jsc,7060,0xb973c051,/Users/zhanglinsen/workspace/bianfeng/sgscq1-china-client/projects/sgscq/Resources/src_jsc/Models/UnionWarPlayer.js,3e825a8d38124632c93760942a9b2f267a1cd9268ab3ad2b8139b40bfbfd808a
src_jsc/Models/UpgradeCfg/BaseUpgradeCfg.jsc,src_jsc,Models/UpgradeCfg/BaseUpgradeCfg.jsc,5190,0xb973c051,/Users/zhanglinsen/workspace/bianfeng/sgscq1-china-client/projects/sgscq/Resources/src_jsc/Models/UpgradeCfg/BaseUpgradeCfg.js,171b4220e5a531ca963077cc517224b439be75ac01a909621440b8444bdb3e47
src_jsc/Models/UpgradeCfg/CombatUpgradeCfg.jsc,src_jsc,Models/UpgradeCfg/CombatUpgradeCfg.jsc,2239,0xb973c051,/Users/zhanglinsen/workspace/bianfeng/sgscq1-china-client/projects/sgscq/Resources/src_jsc/Models/UpgradeCfg/CombatUpgradeCfg.js,44e5d7d54cc01c8cb011d825810a39908f33ed8486949d0d9a1a69eb5b7c2771
src_jsc/Models/UpgradeCfg/EatedExpUpgradeCfg.jsc,src_jsc,Models/UpgradeCfg/EatedExpUpgradeCfg.jsc,1048,0xb973c051,/Users/zhanglinsen/workspace/bianfeng/sgscq1-china-client/projects/sgscq/Resources/src_jsc/Models/UpgradeCfg/EatedExpUpgradeCfg.js,f849dcb63ecdb1e47bca7ea13711cc1df242c1c138b149cdd2a091c9a2b7b628
src_jsc/Models/UpgradeCfg/EquipmentCfg.jsc,src_jsc,Models/UpgradeCfg/EquipmentCfg.jsc,3186,0xb973c051,/Users/zhanglinsen/workspace/bianfeng/sgscq1-china-client/projects/sgscq/Resources/src_jsc/Models/UpgradeCfg/EquipmentCfg.js,bea15650a6ed8a821b49bdb756491b2f0b89c797101f0ea4e2390ef97fbd6b0f
src_jsc/Models/UpgradeCfg/GeneralExpCfg.jsc,src_jsc,Models/UpgradeCfg/GeneralExpCfg.jsc,1222,0xb973c051,/Users/zhanglinsen/workspace/bianfeng/sgscq1-china-client/projects/sgscq/Resources/src_jsc/Models/UpgradeCfg/GeneralExpCfg.js,322f35ef7ee011a876e25601fb8ad501ac6a34c1cfd3f5a62e355ee6a4fcecc3
src_jsc/Models/UpgradeCfg/InsightGrowType.jsc,src_jsc,Models/UpgradeCfg/InsightGrowType.jsc,2247,0xb973c051,/Users/zhanglinsen/workspace/bianfeng/sgscq1-china-client/projects/sgscq/Resources/src_jsc/Models/UpgradeCfg/InsightGrowType.js,6e579595a6b6771508f87f247f8a252ccb0fff3a105c54722ee8fc46d6a66240
src_jsc/Models/UpgradeCfg/PlayerUpgradeCfg.jsc,src_jsc,Models/UpgradeCfg/PlayerUpgradeCfg.jsc,3404,0xb973c051,/Users/zhanglinsen/workspace/bianfeng/sgscq1-china-client/projects/sgscq/Resources/src_jsc/Models/UpgradeCfg/PlayerUpgradeCfg.js,7f460dc02b51a71ca2e3692a3c27781c65f8996059810fdd856b4a0a277ce06a
src_jsc/Models/UpgradeCfg/RefineGrowType.jsc,src_jsc,Models/UpgradeCfg/RefineGrowType.jsc,1791,0xb973c051,/Users/zhanglinsen/workspace/bianfeng/sgscq1-china-client/projects/sgscq/Resources/src_jsc/Models/UpgradeCfg/RefineGrowType.js,f8c753606c2478d856bae7211d5bbfe3e56dd6b19e91a3f3b9fd029db25abcb3
src_jsc/Models/UpgradeCfg/UpgradeCoinCfg.jsc,src_jsc,Models/UpgradeCfg/UpgradeCoinCfg.jsc,1026,0xb973c051,/Users/zhanglinsen/workspace/bianfeng/sgscq1-china-client/projects/sgscq/Resources/src_jsc/Models/UpgradeCfg/UpgradeCoinCfg.js,68c088aa8c6aacd80fc5cd2e0f8a2be47bbf9808e3c44e77e4d2297d25203be0
src_jsc/Models/UpgradeCfg/UpgradeExpCfg.jsc,src_jsc,Models/UpgradeCfg/UpgradeExpCfg.jsc,1017,0xb973c051,/Users/zhanglinsen/workspace/bianfeng/sgscq1-china-client/projects/sgscq/Resources/src_jsc/Models/UpgradeCfg/UpgradeExpCfg.js,708b41c601175196746f821fb049f2e5a9b8c1f3f36524cbc746d284a7883dd1
src_jsc/Models/UpgradeCfg/headers.jsc,src_jsc,Models/UpgradeCfg/headers.jsc,1223,0xb973c051,/Users/zhanglinsen/workspace/bianfeng/sgscq1-china-client/projects/sgscq/Resources/src_jsc/Models/UpgradeCfg/headers.js,498978a10ec0155a2d3ceb94fc820a1693949bcbd39f1c6620b5397ff364a16c
src_jsc/Models/VipCfg.jsc,src_jsc,Models/VipCfg.jsc,1852,0xb973c051,/Users/zhanglinsen/workspace/bianfeng/sgscq1-china-client/projects/sgscq/Resources/src_jsc/Models/VipCfg.js,ddc887b7cd4dfb8f4a42ff35802b251b78c5d89eb152345fdbb50241dc9e5cec
src_jsc/Models/WorshipEntry.jsc,src_jsc,Models/WorshipEntry.jsc,2493,0xb973c051,/Users/zhanglinsen/workspace/bianfeng/sgscq1-china-client/projects/sgscq/Resources/src_jsc/Models/WorshipEntry.js,cc64486e85cec914cbf6e67f86a80267f5b079c51d929578eb56a305bbc684b3
src_jsc/Models/headers.jsc,src_jsc,Models/headers.jsc,4710,0xb973c051,/Users/zhanglinsen/workspace/bianfeng/sgscq1-china-client/projects/sgscq/Resources/src_jsc/Models/headers.js,c8898f4c636f07ad7d83746506dda349379820fdba773d5f424722fdb42d412e
src_jsc/Profile/Account.jsc,src_jsc,Profile/Account.jsc,2786,0xb973c051,/Users/zhanglinsen/workspace/bianfeng/sgscq1-china-client/projects/sgscq/Resources/src_jsc/Profile/Account.js,bd5cdf8430f36acb7b9c4031af134d993c43eddfee64a00fbf1ca043a753d3c3
src_jsc/Profile/GameData/AdInfo.jsc,src_jsc,Profile/GameData/AdInfo.jsc,806,0xb973c051,/Users/zhanglinsen/workspace/bianfeng/sgscq1-china-client/projects/sgscq/Resources/src_jsc/Profile/GameData/AdInfo.js,27a828504b88e0404cb2eeccb8a985279506e8363bc20d60bed113288bf98570
src_jsc/Profile/GameData/Atlas.jsc,src_jsc,Profile/GameData/Atlas.jsc,5262,0xb973c051,/Users/zhanglinsen/workspace/bianfeng/sgscq1-china-client/projects/sgscq/Resources/src_jsc/Profile/GameData/Atlas.js,c8293cb31fa1acaed6e4a689c13ae3f8a77c0a1e079604b7d52087d803597f45
src_jsc/Profile/GameData/Base.jsc,src_jsc,Profile/GameData/Base.jsc,9071,0xb973c051,/Users/zhanglinsen/workspace/bianfeng/sgscq1-china-client/projects/sgscq/Resources/src_jsc/Profile/GameData/Base.js,569c3a2096cde74fc2ef9e109b0480314c804323c409a313c9c4a54047c8bd9c
src_jsc/Profile/GameData/Buddy.jsc,src_jsc,Profile/GameData/Buddy.jsc,7355,0xb973c051,/Users/zhanglinsen/workspace/bianfeng/sgscq1-china-client/projects/sgscq/Resources/src_jsc/Profile/GameData/Buddy.js,877f9d607917174c66b8e183abff42b3a663e3f391d724de4ef3d2399c01ea88
src_jsc/Profile/GameData/BuyPeachPriceData.jsc,src_jsc,Profile/GameData/BuyPeachPriceData.jsc,1328,0xb973c051,/Users/zhanglinsen/workspace/bianfeng/sgscq1-china-client/projects/sgscq/Resources/src_jsc/Profile/GameData/BuyPeachPriceData.js,ebd89726f15584e2bc6286258dc0c37d9c46719c030b9a35d55cc180d5edf7f1
src_jsc/Profile/GameData/CardShowData.jsc,src_jsc,Profile/GameData/CardShowData.jsc,3904,0xb973c051,/Users/zhanglinsen/workspace/bianfeng/sgscq1-china-client/projects/sgscq/Resources/src_jsc/Profile/GameData/CardShowData.js,d9790ced9cdc84d3fb6615bdfd7896affed446c88411feaf80ecfa415879b35e
src_jsc/Profile/GameData/Combat.jsc,src_jsc,Profile/GameData/Combat.jsc,2305,0xb973c051,/Users/zhanglinsen/workspace/bianfeng/sgscq1-china-client/projects/sgscq/Resources/src_jsc/Profile/GameData/Combat.js,9a2b0ec03f1f88b08bd75be65c4382325a4595eba7f7c6ad12375a62f061578b
src_jsc/Profile/GameData/EquipmentPieces.jsc,src_jsc,Profile/GameData/EquipmentPieces.jsc,2364,0xb973c051,/Users/zhanglinsen/workspace/bianfeng/sgscq1-china-client/projects/sgscq/Resources/src_jsc/Profile/GameData/EquipmentPieces.js,921f504ede11d86adfc20ded0012eb63233effa2db2ca56bd13fee8f6b07b0a0
src_jsc/Profile/GameData/Equipments.jsc,src_jsc,Profile/GameData/Equipments.jsc,14327,0xb973c051,/Users/zhanglinsen/workspace/bianfeng/sgscq1-china-client/projects/sgscq/Resources/src_jsc/Profile/GameData/Equipments.js,91defb3785da0f9bf465689a6d440eca80e7a2048e4627d709ac22aae3f7917b
src_jsc/Profile/GameData/EvolutionInfos.jsc,src_jsc,Profile/GameData/EvolutionInfos.jsc,5695,0xb973c051,/Users/zhanglinsen/workspace/bianfeng/sgscq1-china-client/projects/sgscq/Resources/src_jsc/Profile/GameData/EvolutionInfos.js,3d82748b01ab371d2b52dd46db7baeaf8f27f2cb667def83a87561925fe3ec36
src_jsc/Profile/GameData/Fate.jsc,src_jsc,Profile/GameData/Fate.jsc,11428,0xb973c051,/Users/zhanglinsen/workspace/bianfeng/sgscq1-china-client/projects/sgscq/Resources/src_jsc/Profile/GameData/Fate.js,041584a088cc577a5ca4da37eb3ae33da8504fe0262dcccc921a8356899e6aaf
src_jsc/Profile/GameData/Gems.jsc,src_jsc,Profile/GameData/Gems.jsc,3279,0xb973c051,/Users/zhanglinsen/workspace/bianfeng/sgscq1-china-client/projects/sgscq/Resources/src_jsc/Profile/GameData/Gems.js,f9a3283dfe8fb3d110169085712eabc6421c12b7496315b694b5e34ce03cc843
src_jsc/Profile/GameData/GeneralSouls.jsc,src_jsc,Profile/GameData/GeneralSouls.jsc,5715,0xb973c051,/Users/zhanglinsen/workspace/bianfeng/sgscq1-china-client/projects/sgscq/Resources/src_jsc/Profile/GameData/GeneralSouls.js,e629d181443311da990630c0cedb45588216a2b1dd08e6696b5b7c106768f7f4
src_jsc/Profile/GameData/Generals.jsc,src_jsc,Profile/GameData/Generals.jsc,33330,0xb973c051,/Users/zhanglinsen/workspace/bianfeng/sgscq1-china-client/projects/sgscq/Resources/src_jsc/Profile/GameData/Generals.js,f7216f7d7caa6c5f360ca79d40d8cd329e0ae18c7f99deb709db7f445098b965
src_jsc/Profile/GameData/Goddess.jsc,src_jsc,Profile/GameData/Goddess.jsc,7707,0xb973c051,/Users/zhanglinsen/workspace/bianfeng/sgscq1-china-client/projects/sgscq/Resources/src_jsc/Profile/GameData/Goddess.js,985649e988b57be75210a4364273a3e5e4aa8115c3c69e899d7a648ec8fbbbee
src_jsc/Profile/GameData/GoddessFate.jsc,src_jsc,Profile/GameData/GoddessFate.jsc,5800,0xb973c051,/Users/zhanglinsen/workspace/bianfeng/sgscq1-china-client/projects/sgscq/Resources/src_jsc/Profile/GameData/GoddessFate.js,0ceccf6080176cd80c956af6352d8f381d93272013c66d19444aad35f892daaa
src_jsc/Profile/GameData/Hint.jsc,src_jsc,Profile/GameData/Hint.jsc,24884,0xb973c051,/Users/zhanglinsen/workspace/bianfeng/sgscq1-china-client/projects/sgscq/Resources/src_jsc/Profile/GameData/Hint.js,ef47d6d617ad3067d5f4bc4be1dee4886089c545d2890cc0f697767565b4d2fc
src_jsc/Profile/GameData/HuLaoBattleData.jsc,src_jsc,Profile/GameData/HuLaoBattleData.jsc,977,0xb973c051,/Users/zhanglinsen/workspace/bianfeng/sgscq1-china-client/projects/sgscq/Resources/src_jsc/Profile/GameData/HuLaoBattleData.js,624a3d6da72aa10c1907776c04e784d1724f0393b12cd78a20bbeec7dcb185f6
src_jsc/Profile/GameData/Index.jsc,src_jsc,Profile/GameData/Index.jsc,3522,0xb973c051,/Users/zhanglinsen/workspace/bianfeng/sgscq1-china-client/projects/sgscq/Resources/src_jsc/Profile/GameData/Index.js,517b20dc47318d6c528b04e047d6dbfb2b89a2b31eb2d59fa95b3ab043c5d9a8
src_jsc/Profile/GameData/Items.jsc,src_jsc,Profile/GameData/Items.jsc,8913,0xb973c051,/Users/zhanglinsen/workspace/bianfeng/sgscq1-china-client/projects/sgscq/Resources/src_jsc/Profile/GameData/Items.js,a8763ba530692ba99ed4e693eee8f0e9a17fd92d53a9ef9c0ca3ebae55b2c717
src_jsc/Profile/GameData/LadderInfo.jsc,src_jsc,Profile/GameData/LadderInfo.jsc,2410,0xb973c051,/Users/zhanglinsen/workspace/bianfeng/sgscq1-china-client/projects/sgscq/Resources/src_jsc/Profile/GameData/LadderInfo.js,4ea72f4e03958b8ca634a1647b2027ec54127d8ccbae3cf98da30b0568412ba0
src_jsc/Profile/GameData/MagicalEqus.jsc,src_jsc,Profile/GameData/MagicalEqus.jsc,3167,0xb973c051,/Users/zhanglinsen/workspace/bianfeng/sgscq1-china-client/projects/sgscq/Resources/src_jsc/Profile/GameData/MagicalEqus.js,e2beedb884c9f199ecb5bbe368734a7b2e97528533609e308bf899cd04f911c0
src_jsc/Profile/GameData/Map.jsc,src_jsc,Profile/GameData/Map.jsc,9019,0xb973c051,/Users/zhanglinsen/workspace/bianfeng/sgscq1-china-client/projects/sgscq/Resources/src_jsc/Profile/GameData/Map.js,cd45b68c85c0e3e639b877b23d046b23cfcdb6db98f10ae5695a51d5de57f24b
src_jsc/Profile/GameData/MeridianTops.jsc,src_jsc,Profile/GameData/MeridianTops.jsc,5081,0xb973c051,/Users/zhanglinsen/workspace/bianfeng/sgscq1-china-client/projects/sgscq/Resources/src_jsc/Profile/GameData/MeridianTops.js,0d1ef2419e72c48cb38befd90eaecc5c04e1cba989d7fb730310e369f3c3a4c4
src_jsc/Profile/GameData/Mgr.jsc,src_jsc,Profile/GameData/Mgr.jsc,10744,0xb973c051,/Users/zhanglinsen/workspace/bianfeng/sgscq1-china-client/projects/sgscq/Resources/src_jsc/Profile/GameData/Mgr.js,cc15fc5c65524d2459fba5b8457519653079d2c0d171480b6e3030424e9e0bba
src_jsc/Profile/GameData/Player.jsc,src_jsc,Profile/GameData/Player.jsc,2065,0xb973c051,/Users/zhanglinsen/workspace/bianfeng/sgscq1-china-client/projects/sgscq/Resources/src_jsc/Profile/GameData/Player.js,881f9736bf9a2fc30952a2141988445623a3070114f78411c902e10758929a20
src_jsc/Profile/GameData/PushInfo.jsc,src_jsc,Profile/GameData/PushInfo.jsc,820,0xb973c051,/Users/zhanglinsen/workspace/bianfeng/sgscq1-china-client/projects/sgscq/Resources/src_jsc/Profile/GameData/PushInfo.js,9ba3f21eb8523843141fb1db0e2621614ae06651ca13262664846791a769c3d9
src_jsc/Profile/GameData/SkillPieces.jsc,src_jsc,Profile/GameData/SkillPieces.jsc,2303,0xb973c051,/Users/zhanglinsen/workspace/bianfeng/sgscq1-china-client/projects/sgscq/Resources/src_jsc/Profile/GameData/SkillPieces.js,6414f797771de5f9984ff2271591a03f3d244a6e73cc930aa7c2f20d6710fdd4
src_jsc/Profile/GameData/Skills.jsc,src_jsc,Profile/GameData/Skills.jsc,9377,0xb973c051,/Users/zhanglinsen/workspace/bianfeng/sgscq1-china-client/projects/sgscq/Resources/src_jsc/Profile/GameData/Skills.js,0d6e3f3a12ce666d1cb39b1a879f502ccc41de07c6d10972e55e76809661950d
src_jsc/Profile/GameData/Team.jsc,src_jsc,Profile/GameData/Team.jsc,14245,0xb973c051,/Users/zhanglinsen/workspace/bianfeng/sgscq1-china-client/projects/sgscq/Resources/src_jsc/Profile/GameData/Team.js,9d45294ac15f4540ca285fe87899957643f0c0d90abf16d5cae97b133aacfa66
src_jsc/Profile/GameData/ToastInfo.jsc,src_jsc,Profile/GameData/ToastInfo.jsc,1921,0xb973c051,/Users/zhanglinsen/workspace/bianfeng/sgscq1-china-client/projects/sgscq/Resources/src_jsc/Profile/GameData/ToastInfo.js,dd9bdd627f85e8baccf86d3fd75703547a2afece4c5aa8d991c68012b66cbc2d
src_jsc/Profile/GameData/Union.jsc,src_jsc,Profile/GameData/Union.jsc,1568,0xb973c051,/Users/zhanglinsen/workspace/bianfeng/sgscq1-china-client/projects/sgscq/Resources/src_jsc/Profile/GameData/Union.js,f307f6551105f95fbbd42baa901690a5bab35f0324d474e80f8be77104972f53
src_jsc/Profile/GameData/UnionWar.jsc,src_jsc,Profile/GameData/UnionWar.jsc,1607,0xb973c051,/Users/zhanglinsen/workspace/bianfeng/sgscq1-china-client/projects/sgscq/Resources/src_jsc/Profile/GameData/UnionWar.js,d43033cb964eeb16980104e41481dd3b10cb6676517a47e434e4e4532be290f8
src_jsc/Profile/GameData/common.jsc,src_jsc,Profile/GameData/common.jsc,23903,0xb973c051,/Users/zhanglinsen/workspace/bianfeng/sgscq1-china-client/projects/sgscq/Resources/src_jsc/Profile/GameData/common.js,d7a4a6e628d889cf7e6a1bdb58fa1a32e8a352d6d596025c33810ae17d13bed8
src_jsc/Profile/GameData/headers.jsc,src_jsc,Profile/GameData/headers.jsc,2742,0xb973c051,/Users/zhanglinsen/workspace/bianfeng/sgscq1-china-client/projects/sgscq/Resources/src_jsc/Profile/GameData/headers.js,66ce89827b8fbbd9d7d2cfa84a440b76edce7e0e041e9616a489f54c5cc24def
src_jsc/Profile/Permission.jsc,src_jsc,Profile/Permission.jsc,9892,0xb973c051,/Users/zhanglinsen/workspace/bianfeng/sgscq1-china-client/projects/sgscq/Resources/src_jsc/Profile/Permission.js,fa82664a38b420539e51cd0fddac2c3069c353087d51e21fdac2a2aba9bedbc5
src_jsc/Profile/UserCfg.jsc,src_jsc,Profile/UserCfg.jsc,15600,0xb973c051,/Users/zhanglinsen/workspace/bianfeng/sgscq1-china-client/projects/sgscq/Resources/src_jsc/Profile/UserCfg.js,eea1617d0eae60b770d56cd9973b90df81612e6e1178f2e73696c7e23d304087
src_jsc/Profile/alias.jsc,src_jsc,Profile/alias.jsc,346,0xb973c051,/Users/zhanglinsen/workspace/bianfeng/sgscq1-china-client/projects/sgscq/Resources/src_jsc/Profile/alias.js,dc5aae47cca53f5825f1212b4c2ecffa538a56d63f3f36ff13ff1e39943d3bb2
src_jsc/Profile/headers.jsc,src_jsc,Profile/headers.jsc,595,0xb973c051,/Users/zhanglinsen/workspace/bianfeng/sgscq1-china-client/projects/sgscq/Resources/src_jsc/Profile/headers.js,bbdd1afb41eea18a21427fad3b9ad57395039859f21dcce6a1fa63ef2bf44042
src_jsc/Prototype/Array.jsc,src_jsc,Prototype/Array.jsc,1740,0xb973c051,/Users/zhanglinsen/workspace/bianfeng/sgscq1-china-client/projects/sgscq/Resources/src_jsc/Prototype/Array.js,e548960404986071040041e3baf774ff8f313ae1426879a24c54c1667ac36dc7
src_jsc/Prototype/CCNode.jsc,src_jsc,Prototype/CCNode.jsc,189,0xb973c051,/Users/zhanglinsen/workspace/bianfeng/sgscq1-china-client/projects/sgscq/Resources/src_jsc/Prototype/CCNode.js,429ffc09f507cfd12b4e81661b4e78994fa3a37acbd524a083c4b93e27490434
src_jsc/Prototype/Class.jsc,src_jsc,Prototype/Class.jsc,188,0xb973c051,/Users/zhanglinsen/workspace/bianfeng/sgscq1-china-client/projects/sgscq/Resources/src_jsc/Prototype/Class.js,c06765cdb848128967f4523892439239c852f374db4016f9b6ade6a8eef37d80
src_jsc/Prototype/Function.jsc,src_jsc,Prototype/Function.jsc,191,0xb973c051,/Users/zhanglinsen/workspace/bianfeng/sgscq1-china-client/projects/sgscq/Resources/src_jsc/Prototype/Function.js,9b8090420cdd94cc48b7be33faec431cc876677842fef294fd25e160b2a36bc0
src_jsc/Prototype/Node.jsc,src_jsc,Prototype/Node.jsc,5498,0xb973c051,/Users/zhanglinsen/workspace/bianfeng/sgscq1-china-client/projects/sgscq/Resources/src_jsc/Prototype/Node.js,5e9e03a3853c9b7b0872203096857ac007b46d8d65b3c014c0d84ed257e0a698
src_jsc/Prototype/Number.jsc,src_jsc,Prototype/Number.jsc,440,0xb973c051,/Users/zhanglinsen/workspace/bianfeng/sgscq1-china-client/projects/sgscq/Resources/src_jsc/Prototype/Number.js,cc21d952f9d300b8951703b10101c67af75707abcd287410dbd8901d09316143
src_jsc/Prototype/Object.jsc,src_jsc,Prototype/Object.jsc,4390,0xb973c051,/Users/zhanglinsen/workspace/bianfeng/sgscq1-china-client/projects/sgscq/Resources/src_jsc/Prototype/Object.js,83a15bbd600990541f623c515a1b05bc3567cc3b1213798a1b78493e15da8ed0
src_jsc/Prototype/String.jsc,src_jsc,Prototype/String.jsc,1773,0xb973c051,/Users/zhanglinsen/workspace/bianfeng/sgscq1-china-client/projects/sgscq/Resources/src_jsc/Prototype/String.js,90a70abd26e01047dbbab3662def1cb9a91753643b601c4455c29d8d976f2204
src_jsc/Prototype/headers.jsc,src_jsc,Prototype/headers.jsc,695,0xb973c051,/Users/zhanglinsen/workspace/bianfeng/sgscq1-china-client/projects/sgscq/Resources/src_jsc/Prototype/headers.js,84e18cd82ce6fdf02cfaa1990439c55021d9327b19cdc288fda3207c03192b23
src_jsc/Scene/Achievement/AchievementScene.jsc,src_jsc,Scene/Achievement/AchievementScene.jsc,23334,0xb973c051,/Users/zhanglinsen/workspace/bianfeng/sgscq1-china-client/projects/sgscq/Resources/src_jsc/Scene/Achievement/AchievementScene.js,c5403401f2261f0d21d7bb6d28bc829630955c548b3eb116f7b01783ddf4869b
src_jsc/Scene/Aga/AgaScene.jsc,src_jsc,Scene/Aga/AgaScene.jsc,61935,0xb973c051,/Users/zhanglinsen/workspace/bianfeng/sgscq1-china-client/projects/sgscq/Resources/src_jsc/Scene/Aga/AgaScene.js,7f98854e38d62b641160fb1a83cd4d1b3f3f47d3d54ae620a07913a36bd32aa4
src_jsc/Scene/Awake/AwakeBoxScene.jsc,src_jsc,Scene/Awake/AwakeBoxScene.jsc,5406,0xb973c051,/Users/zhanglinsen/workspace/bianfeng/sgscq1-china-client/projects/sgscq/Resources/src_jsc/Scene/Awake/AwakeBoxScene.js,fa7e3b84c041f8c1e7a49b7774fbfc394f9506b61aad917ad8fa039720f34c47
src_jsc/Scene/Awake/AwakeBoxView.jsc,src_jsc,Scene/Awake/AwakeBoxView.jsc,41744,0xb973c051,/Users/zhanglinsen/workspace/bianfeng/sgscq1-china-client/projects/sgscq/Resources/src_jsc/Scene/Awake/AwakeBoxView.js,2aecae458772759ee1c4018cfc30a9fa185bedadebff75a7f8805f63c83eb5db
src_jsc/Scene/Awake/AwakeScene.jsc,src_jsc,Scene/Awake/AwakeScene.jsc,3352,0xb973c051,/Users/zhanglinsen/workspace/bianfeng/sgscq1-china-client/projects/sgscq/Resources/src_jsc/Scene/Awake/AwakeScene.js,bcb944dac19d4c77eea746de04bb33f3bfd894696f994c9c5c23a84e5b6dd859
src_jsc/Scene/Bag/BagScene.jsc,src_jsc,Scene/Bag/BagScene.jsc,44557,0xb973c051,/Users/zhanglinsen/workspace/bianfeng/sgscq1-china-client/projects/sgscq/Resources/src_jsc/Scene/Bag/BagScene.js,21141d3be309a6a7d0970cc412ed277a431a3b6489d02289d0d8d50eb36ee82e
src_jsc/Scene/Beauty/BeautyCell.jsc,src_jsc,Scene/Beauty/BeautyCell.jsc,5026,0xb973c051,/Users/zhanglinsen/workspace/bianfeng/sgscq1-china-client/projects/sgscq/Resources/src_jsc/Scene/Beauty/BeautyCell.js,baf76eb6ea4f053098d2c62e3314529338fcb7e4fb549a1f36c5101642617046
src_jsc/Scene/Beauty/BeautyScene.jsc,src_jsc,Scene/Beauty/BeautyScene.jsc,57404,0xb973c051,/Users/zhanglinsen/workspace/bianfeng/sgscq1-china-client/projects/sgscq/Resources/src_jsc/Scene/Beauty/BeautyScene.js,78c5b25e92999cea11e365b115acb18a7e4a75f8136b314b86c1fad1061cef80
src_jsc/Scene/Buddy/BuddyScene.jsc,src_jsc,Scene/Buddy/BuddyScene.jsc,5377,0xb973c051,/Users/zhanglinsen/workspace/bianfeng/sgscq1-china-client/projects/sgscq/Resources/src_jsc/Scene/Buddy/BuddyScene.js,628b3821ccd1bfc2d78182508d6f1ae669536e2901699b3db7d240633969a051
src_jsc/Scene/Buddy/BuddyView.jsc,src_jsc,Scene/Buddy/BuddyView.jsc,17765,0xb973c051,/Users/zhanglinsen/workspace/bianfeng/sgscq1-china-client/projects/sgscq/Resources/src_jsc/Scene/Buddy/BuddyView.js,5b57398404dfd8d094863ee3056620f86dd5cd571c4fddfafb55c9f6c2e79885
src_jsc/Scene/Chaos/ChaosFight.jsc,src_jsc,Scene/Chaos/ChaosFight.jsc,10477,0xb973c051,/Users/zhanglinsen/workspace/bianfeng/sgscq1-china-client/projects/sgscq/Resources/src_jsc/Scene/Chaos/ChaosFight.js,1606148f6799fef79b4d67124b9fad6d212f04c044e43e2262a8f0245d41ee7c
src_jsc/Scene/Chaos/ChaosFightScene.jsc,src_jsc,Scene/Chaos/ChaosFightScene.jsc,2850,0xb973c051,/Users/zhanglinsen/workspace/bianfeng/sgscq1-china-client/projects/sgscq/Resources/src_jsc/Scene/Chaos/ChaosFightScene.js,e06df7399d0f03c811fda1771924d5467de57d61484779958d555575405416bd
src_jsc/Scene/Chaos/ChaosHomeView.jsc,src_jsc,Scene/Chaos/ChaosHomeView.jsc,17772,0xb973c051,/Users/zhanglinsen/workspace/bianfeng/sgscq1-china-client/projects/sgscq/Resources/src_jsc/Scene/Chaos/ChaosHomeView.js,741a0c9ee262bdfc86471f6925121c31c84d7ad29738e5e8de2552491dab8d64
src_jsc/Scene/Chaos/ChaosScene.jsc,src_jsc,Scene/Chaos/ChaosScene.jsc,6713,0xb973c051,/Users/zhanglinsen/workspace/bianfeng/sgscq1-china-client/projects/sgscq/Resources/src_jsc/Scene/Chaos/ChaosScene.js,84c5ef65b4a5b873e994b52ef680dede7a95f1dc060512781479eb0da815e1e6
src_jsc/Scene/Climb/ClimbLadderRankListScene.jsc,src_jsc,Scene/Climb/ClimbLadderRankListScene.jsc,10012,0xb973c051,/Users/zhanglinsen/workspace/bianfeng/sgscq1-china-client/projects/sgscq/Resources/src_jsc/Scene/Climb/ClimbLadderRankListScene.js,f9efcc9ed078b2ff8e942710b4f73be9be5e8f765f74cac1b3674601f177baab
src_jsc/Scene/Climb/ClimbLadderScene.jsc,src_jsc,Scene/Climb/ClimbLadderScene.jsc,6734,0xb973c051,/Users/zhanglinsen/workspace/bianfeng/sgscq1-china-client/projects/sgscq/Resources/src_jsc/Scene/Climb/ClimbLadderScene.js,eb14d8a9cd51a4190bb5375e60cc7827f19dcbab8ecb32e9932ccc2e626d708f
src_jsc/Scene/Climb/StartBattleScene.jsc,src_jsc,Scene/Climb/StartBattleScene.jsc,54175,0xb973c051,/Users/zhanglinsen/workspace/bianfeng/sgscq1-china-client/projects/sgscq/Resources/src_jsc/Scene/Climb/StartBattleScene.js,6c11193a335cce664011d3a17d9ddbf3d66afe8dbd8d63911ea1aa2db393eca5
src_jsc/Scene/Combat/CombatCardView.jsc,src_jsc,Scene/Combat/CombatCardView.jsc,14081,0xb973c051,/Users/zhanglinsen/workspace/bianfeng/sgscq1-china-client/projects/sgscq/Resources/src_jsc/Scene/Combat/CombatCardView.js,c2ff0f1b90c32693e1b930d985f223324ec92fb5f5baccdfca9255115e91cfa3
src_jsc/Scene/Combat/CombatScene.jsc,src_jsc,Scene/Combat/CombatScene.jsc,2832,0xb973c051,/Users/zhanglinsen/workspace/bianfeng/sgscq1-china-client/projects/sgscq/Resources/src_jsc/Scene/Combat/CombatScene.js,92b651f9dd62c80dd7ad16b8b94157aa9589432a92c08b9d1cb72a3133241cef
src_jsc/Scene/Combat/CombatUpgradeScene.jsc,src_jsc,Scene/Combat/CombatUpgradeScene.jsc,27141,0xb973c051,/Users/zhanglinsen/workspace/bianfeng/sgscq1-china-client/projects/sgscq/Resources/src_jsc/Scene/Combat/CombatUpgradeScene.js,8eae2d93c9957c884dc3be68bf2ff58de0252958545d9ac90cf72d9c9241f6f3
src_jsc/Scene/Copy/BossCell.jsc,src_jsc,Scene/Copy/BossCell.jsc,3219,0xb973c051,/Users/zhanglinsen/workspace/bianfeng/sgscq1-china-client/projects/sgscq/Resources/src_jsc/Scene/Copy/BossCell.js,fe21166690e2ce8c5c4987ca4327fd783bea433e417c8faf4e7004a8a711e97e
src_jsc/Scene/Copy/CopyScene.jsc,src_jsc,Scene/Copy/CopyScene.jsc,31483,0xb973c051,/Users/zhanglinsen/workspace/bianfeng/sgscq1-china-client/projects/sgscq/Resources/src_jsc/Scene/Copy/CopyScene.js,56ad4fff80c3e69fb033b746dd11ae33ed593a558f45ffaef9cb750f0bbada36
src_jsc/Scene/Copy/DuanWuCopyScene.jsc,src_jsc,Scene/Copy/DuanWuCopyScene.jsc,31527,0xb973c051,/Users/zhanglinsen/workspace/bianfeng/sgscq1-china-client/projects/sgscq/Resources/src_jsc/Scene/Copy/DuanWuCopyScene.js,2e81bd1bdd9eee5b76035fecb6547766f3e601fd56500ff861700092e11a3cdf
src_jsc/Scene/Copy/LabourlCopyScene.jsc,src_jsc,Scene/Copy/LabourlCopyScene.jsc,31544,0xb973c051,/Users/zhanglinsen/workspace/bianfeng/sgscq1-china-client/projects/sgscq/Resources/src_jsc/Scene/Copy/LabourlCopyScene.js,200c6e950c0c15320546bbcee38c1f02851a22e9d11ca29796aa12ea35012138
src_jsc/Scene/Copy/MemorialCopyScene.jsc,src_jsc,Scene/Copy/MemorialCopyScene.jsc,31557,0xb973c051,/Users/zhanglinsen/workspace/bianfeng/sgscq1-china-client/projects/sgscq/Resources/src_jsc/Scene/Copy/MemorialCopyScene.js,00bec66c05cdcdd0dd5c22ec103506d8b6ee5b6193d81faf8c20f3c1c3bbc0ba
src_jsc/Scene/Copy/PlantCopyScene.jsc,src_jsc,Scene/Copy/PlantCopyScene.jsc,31505,0xb973c051,/Users/zhanglinsen/workspace/bianfeng/sgscq1-china-client/projects/sgscq/Resources/src_jsc/Scene/Copy/PlantCopyScene.js,7150914bfe543a074389ec67bbb4d338f074263a32a51f932dadf9c34d18890d
src_jsc/Scene/Copy/PublicCopyScene.jsc,src_jsc,Scene/Copy/PublicCopyScene.jsc,32996,0xb973c051,/Users/zhanglinsen/workspace/bianfeng/sgscq1-china-client/projects/sgscq/Resources/src_jsc/Scene/Copy/PublicCopyScene.js,f8a782675dfbe958ce0300e30e44e854c52aa3e94e1df8bd9df2ea2a77effc69
src_jsc/Scene/Debug/DebugScene.jsc,src_jsc,Scene/Debug/DebugScene.jsc,18068,0xb973c051,/Users/zhanglinsen/workspace/bianfeng/sgscq1-china-client/projects/sgscq/Resources/src_jsc/Scene/Debug/DebugScene.js,a71775b526106392f87ee019f8c9777d41432849c8ab9866a984bda61e0f587d
src_jsc/Scene/DecisiveBattle/DecisiveBattleMainScene.jsc,src_jsc,Scene/DecisiveBattle/DecisiveBattleMainScene.jsc,3544,0xb973c051,/Users/zhanglinsen/workspace/bianfeng/sgscq1-china-client/projects/sgscq/Resources/src_jsc/Scene/DecisiveBattle/DecisiveBattleMainScene.js,a209914158c538fe091b09348a4a6ff3166e9df79852803938d3153ea4e75968
src_jsc/Scene/DecisiveBattle/DecisiveBattlePreviewScene.jsc,src_jsc,Scene/DecisiveBattle/DecisiveBattlePreviewScene.jsc,2387,0xb973c051,/Users/zhanglinsen/workspace/bianfeng/sgscq1-china-client/projects/sgscq/Resources/src_jsc/Scene/DecisiveBattle/DecisiveBattlePreviewScene.js,581b5153d4d76dd0b843d978d1c32086abc495e7066b06d7675b7c2c2278874d
src_jsc/Scene/DecisiveBattle/SupportAwardScene.jsc,src_jsc,Scene/DecisiveBattle/SupportAwardScene.jsc,3873,0xb973c051,/Users/zhanglinsen/workspace/bianfeng/sgscq1-china-client/projects/sgscq/Resources/src_jsc/Scene/DecisiveBattle/SupportAwardScene.js,bd5f59616e168777e72525e01c8f4e94f558443e21144bd2c1f132a7c3c354d1
src_jsc/Scene/Develop/AlchemyView.jsc,src_jsc,Scene/Develop/AlchemyView.jsc,27252,0xb973c051,/Users/zhanglinsen/workspace/bianfeng/sgscq1-china-client/projects/sgscq/Resources/src_jsc/Scene/Develop/AlchemyView.js,7169e2a2f9a721ed50a6b957ba1f812827bb4085aac7e8c39cad8ff2bba34373
src_jsc/Scene/Develop/DevelopScene.jsc,src_jsc,Scene/Develop/DevelopScene.jsc,4025,0xb973c051,/Users/zhanglinsen/workspace/bianfeng/sgscq1-china-client/projects/sgscq/Resources/src_jsc/Scene/Develop/DevelopScene.js,60120586d2230e6e441c66fbbe354a5820aed5a678bfb7f82a77f66de2034ea0
src_jsc/Scene/Equ/EquipmentScene.jsc,src_jsc,Scene/Equ/EquipmentScene.jsc,20346,0xb973c051,/Users/zhanglinsen/workspace/bianfeng/sgscq1-china-client/projects/sgscq/Resources/src_jsc/Scene/Equ/EquipmentScene.js,c8d2e895d339122803587de3f5d02e68cb638372835017772f85ef072ebab581
src_jsc/Scene/Fight/FightScene.jsc,src_jsc,Scene/Fight/FightScene.jsc,121288,0xb973c051,/Users/zhanglinsen/workspace/bianfeng/sgscq1-china-client/projects/sgscq/Resources/src_jsc/Scene/Fight/FightScene.js,ddd5a29c8f4a3bc26bba68280f2223bb8578b28cace13af0202d306701e2dc79
src_jsc/Scene/Fight/SkillNameEx.jsc,src_jsc,Scene/Fight/SkillNameEx.jsc,769,0xb973c051,/Users/zhanglinsen/workspace/bianfeng/sgscq1-china-client/projects/sgscq/Resources/src_jsc/Scene/Fight/SkillNameEx.js,242d0a07864ca65961cc59a6de25d271836315322100ef1d86b077be97ba3f38
src_jsc/Scene/Fight/headers.jsc,src_jsc,Scene/Fight/headers.jsc,476,0xb973c051,/Users/zhanglinsen/workspace/bianfeng/sgscq1-china-client/projects/sgscq/Resources/src_jsc/Scene/Fight/headers.js,095b44853a0e702f56473345aa99e071a234588cdf4c6d6e51c17c59cc2f82f2
src_jsc/Scene/FightChapter/DungeonView.jsc,src_jsc,Scene/FightChapter/DungeonView.jsc,9788,0xb973c051,/Users/zhanglinsen/workspace/bianfeng/sgscq1-china-client/projects/sgscq/Resources/src_jsc/Scene/FightChapter/DungeonView.js,3a6379594b84cd0e8af6a6da50034991d211944dbd0d4145bc835d825aaffcdb
src_jsc/Scene/FightChapter/FightChapters.jsc,src_jsc,Scene/FightChapter/FightChapters.jsc,19755,0xb973c051,/Users/zhanglinsen/workspace/bianfeng/sgscq1-china-client/projects/sgscq/Resources/src_jsc/Scene/FightChapter/FightChapters.js,c204dac92d6016a5089263c2f523c524141627db730805a882903e1efadf30a4
src_jsc/Scene/Gems/GemsScene.jsc,src_jsc,Scene/Gems/GemsScene.jsc,4608,0xb973c051,/Users/zhanglinsen/workspace/bianfeng/sgscq1-china-client/projects/sgscq/Resources/src_jsc/Scene/Gems/GemsScene.js,6e78b3e21d0b39a10d3c34daae3ccedfda6724c376e9e4ccc1e626de75ff1e1c
src_jsc/Scene/GeneralSelect/GeneralSelectScene.jsc,src_jsc,Scene/GeneralSelect/GeneralSelectScene.jsc,18260,0xb973c051,/Users/zhanglinsen/workspace/bianfeng/sgscq1-china-client/projects/sgscq/Resources/src_jsc/Scene/GeneralSelect/GeneralSelectScene.js,689270b5562735f5b53dbeab3d419127a6474a3d0ef4db41646a2221f163f6dd
src_jsc/Scene/Goddess/GoddessMainScene.jsc,src_jsc,Scene/Goddess/GoddessMainScene.jsc,3501,0xb973c051,/Users/zhanglinsen/workspace/bianfeng/sgscq1-china-client/projects/sgscq/Resources/src_jsc/Scene/Goddess/GoddessMainScene.js,42431e5293731aa389d808485f511ea60d7250ea28a21d30f8263d989bfbd001
src_jsc/Scene/HulaoBattle/HulaoBattleMainScene.jsc,src_jsc,Scene/HulaoBattle/HulaoBattleMainScene.jsc,3770,0xb973c051,/Users/zhanglinsen/workspace/bianfeng/sgscq1-china-client/projects/sgscq/Resources/src_jsc/Scene/HulaoBattle/HulaoBattleMainScene.js,6a7fdc1a9e7f2b677290f1bbb7b825d96b6522e25d7b1318fa904a8a2998d264
src_jsc/Scene/InterService/InterServiceFightScene.jsc,src_jsc,Scene/InterService/InterServiceFightScene.jsc,3745,0xb973c051,/Users/zhanglinsen/workspace/bianfeng/sgscq1-china-client/projects/sgscq/Resources/src_jsc/Scene/InterService/InterServiceFightScene.js,09bba8acd1ab68e10bfad1b2e6d82db9a4294fad52d45e980bf6525dbec85ee9
src_jsc/Scene/InterService/InterServiceRegistrationScene.jsc,src_jsc,Scene/InterService/InterServiceRegistrationScene.jsc,3876,0xb973c051,/Users/zhanglinsen/workspace/bianfeng/sgscq1-china-client/projects/sgscq/Resources/src_jsc/Scene/InterService/InterServiceRegistrationScene.js,3a3df7fd03cf977558adc61126fedc7f1842abf97cc10a42fb4d068ed6a70511
src_jsc/Scene/InterService/InterServiceWorshipScene.jsc,src_jsc,Scene/InterService/InterServiceWorshipScene.jsc,4705,0xb973c051,/Users/zhanglinsen/workspace/bianfeng/sgscq1-china-client/projects/sgscq/Resources/src_jsc/Scene/InterService/InterServiceWorshipScene.js,e4b7833f2f1dcce9eacf55f644e127064692fd19479b6df39fda5adf0365c8d0
src_jsc/Scene/InterService/PopularityRewardScene.jsc,src_jsc,Scene/InterService/PopularityRewardScene.jsc,3871,0xb973c051,/Users/zhanglinsen/workspace/bianfeng/sgscq1-china-client/projects/sgscq/Resources/src_jsc/Scene/InterService/PopularityRewardScene.js,b43c9e4172e414abcf60883aa20c183332d75cc4204a8bb341f77973ced9f46c
src_jsc/Scene/Ladder/LadderCardShow.jsc,src_jsc,Scene/Ladder/LadderCardShow.jsc,21800,0xb973c051,/Users/zhanglinsen/workspace/bianfeng/sgscq1-china-client/projects/sgscq/Resources/src_jsc/Scene/Ladder/LadderCardShow.js,63f05927300330ddd86d7ec7ecdeef880dd35950376b214af48edf7298c40a7f
src_jsc/Scene/Ladder/LadderChartScene.jsc,src_jsc,Scene/Ladder/LadderChartScene.jsc,2600,0xb973c051,/Users/zhanglinsen/workspace/bianfeng/sgscq1-china-client/projects/sgscq/Resources/src_jsc/Scene/Ladder/LadderChartScene.js,5a2d69a7977d8c28c1f12f6d94eb6d4925c14bbbf6ef5d3fdf4344db136978e7
src_jsc/Scene/Ladder/LadderChartView.jsc,src_jsc,Scene/Ladder/LadderChartView.jsc,3246,0xb973c051,/Users/zhanglinsen/workspace/bianfeng/sgscq1-china-client/projects/sgscq/Resources/src_jsc/Scene/Ladder/LadderChartView.js,7db9ad202ac902d545d57f55305d67cd89baba8ca92579c59f26b88f1b73bc50
src_jsc/Scene/Ladder/LadderGiftView.jsc,src_jsc,Scene/Ladder/LadderGiftView.jsc,17726,0xb973c051,/Users/zhanglinsen/workspace/bianfeng/sgscq1-china-client/projects/sgscq/Resources/src_jsc/Scene/Ladder/LadderGiftView.js,73faa24d889ad0a1d5291cbd5e5fd8a0868d313fb1d81662a6069ee99efc7b55
src_jsc/Scene/Ladder/LadderGiftView_Honor.jsc,src_jsc,Scene/Ladder/LadderGiftView_Honor.jsc,20627,0xb973c051,/Users/zhanglinsen/workspace/bianfeng/sgscq1-china-client/projects/sgscq/Resources/src_jsc/Scene/Ladder/LadderGiftView_Honor.js,d89ed30dc2f9d39786ea01403c6c956bdae0a55f8336f85f8498b535950d4496
src_jsc/Scene/Ladder/LadderScene.jsc,src_jsc,Scene/Ladder/LadderScene.jsc,5747,0xb973c051,/Users/zhanglinsen/workspace/bianfeng/sgscq1-china-client/projects/sgscq/Resources/src_jsc/Scene/Ladder/LadderScene.js,d8fce5abdd587a4bc7a490fcb0fb825fc9be0f90e2a63f61aa6864e18f44c883
src_jsc/Scene/Ladder/LadderTenFightResultDialog.jsc,src_jsc,Scene/Ladder/LadderTenFightResultDialog.jsc,11680,0xb973c051,/Users/zhanglinsen/workspace/bianfeng/sgscq1-china-client/projects/sgscq/Resources/src_jsc/Scene/Ladder/LadderTenFightResultDialog.js,60e2189b88278f5c1509ac204d1b55c7e63c6fa4ea3bcf2183e86ca998df1980
src_jsc/Scene/Ladder/LadderView.jsc,src_jsc,Scene/Ladder/LadderView.jsc,13526,0xb973c051,/Users/zhanglinsen/workspace/bianfeng/sgscq1-china-client/projects/sgscq/Resources/src_jsc/Scene/Ladder/LadderView.js,afa40055b04c496718aaa829c448af9fca2bba9df3cda4ff0551b5b34bdd10d9
src_jsc/Scene/Ladder/headers.jsc,src_jsc,Scene/Ladder/headers.jsc,193,0xb973c051,/Users/zhanglinsen/workspace/bianfeng/sgscq1-china-client/projects/sgscq/Resources/src_jsc/Scene/Ladder/headers.js,c11651fa09222d2f3e48f413512907460fcdab9b2aa8f82b5fee6d99167265a0
src_jsc/Scene/LoadingScene.jsc,src_jsc,Scene/LoadingScene.jsc,3084,0xb973c051,/Users/zhanglinsen/workspace/bianfeng/sgscq1-china-client/projects/sgscq/Resources/src_jsc/Scene/LoadingScene.js,837699a7a19bcc545ae8d3244a1dbab4d19bee8ea11856ae8078666eb6fba431
src_jsc/Scene/Login/LoginScene_AnySdk.jsc,src_jsc,Scene/Login/LoginScene_AnySdk.jsc,40647,0xb973c051,/Users/zhanglinsen/workspace/bianfeng/sgscq1-china-client/projects/sgscq/Resources/src_jsc/Scene/Login/LoginScene_AnySdk.js,23ba0f429172ecafba0a9175c73e995a90594d4745bd57fae583266975079634
src_jsc/Scene/Login/LoginScene_BfSdk.jsc,src_jsc,Scene/Login/LoginScene_BfSdk.jsc,47155,0xb973c051,/Users/zhanglinsen/workspace/bianfeng/sgscq1-china-client/projects/sgscq/Resources/src_jsc/Scene/Login/LoginScene_BfSdk.js,36c1db22d7474aea2987bdd96f7f8ef72af2fc526ce4a994596413411adb36a2
src_jsc/Scene/Login/LoginScene_EasyGuestSdk.jsc,src_jsc,Scene/Login/LoginScene_EasyGuestSdk.jsc,25022,0xb973c051,/Users/zhanglinsen/workspace/bianfeng/sgscq1-china-client/projects/sgscq/Resources/src_jsc/Scene/Login/LoginScene_EasyGuestSdk.js,a99a1206bb2610f9fabe89a282ae32a3b229d87ae7fe1359b160b9929b73fa33
src_jsc/Scene/Login/LoginScene_EasySdk.jsc,src_jsc,Scene/Login/LoginScene_EasySdk.jsc,20085,0xb973c051,/Users/zhanglinsen/workspace/bianfeng/sgscq1-china-client/projects/sgscq/Resources/src_jsc/Scene/Login/LoginScene_EasySdk.js,b78618f2104c76fdce0f710d6a947d817920f591f7867721224790164f24ab73
src_jsc/Scene/Login/LoginScene_ThirdGuestSdk.jsc,src_jsc,Scene/Login/LoginScene_ThirdGuestSdk.jsc,29733,0xb973c051,/Users/zhanglinsen/workspace/bianfeng/sgscq1-china-client/projects/sgscq/Resources/src_jsc/Scene/Login/LoginScene_ThirdGuestSdk.js,d956026d6af48bfa5728c498140228dbfef87c4815fc44304de55abaa4f7e9c9
src_jsc/Scene/Login/LoginScene_ThirdSdk.jsc,src_jsc,Scene/Login/LoginScene_ThirdSdk.jsc,25067,0xb973c051,/Users/zhanglinsen/workspace/bianfeng/sgscq1-china-client/projects/sgscq/Resources/src_jsc/Scene/Login/LoginScene_ThirdSdk.js,9b9c6bea19d417c2b3e2aca6c96b305fc6c090da4e0866b22f90933423a6aedc
src_jsc/Scene/Login/headers.jsc,src_jsc,Scene/Login/headers.jsc,6443,0xb973c051,/Users/zhanglinsen/workspace/bianfeng/sgscq1-china-client/projects/sgscq/Resources/src_jsc/Scene/Login/headers.js,8a638fb4c0839a3e7cae03e9abbb51b23db7d28a32b3f48792b169581992b186
src_jsc/Scene/Mail/MailSystemScene.jsc,src_jsc,Scene/Mail/MailSystemScene.jsc,7152,0xb973c051,/Users/zhanglinsen/workspace/bianfeng/sgscq1-china-client/projects/sgscq/Resources/src_jsc/Scene/Mail/MailSystemScene.js,0297279f64ba38fb096f6f48d2551e4deb719514afc7b871de89cfb8634a1c15
src_jsc/Scene/Mail/MailView.jsc,src_jsc,Scene/Mail/MailView.jsc,6593,0xb973c051,/Users/zhanglinsen/workspace/bianfeng/sgscq1-china-client/projects/sgscq/Resources/src_jsc/Scene/Mail/MailView.js,97e3dea962043e1d97baad9dc0b2ad7d8a1a479dedd107d27a2e3dd8f7cc27d2
src_jsc/Scene/Mail/headers.jsc,src_jsc,Scene/Mail/headers.jsc,398,0xb973c051,/Users/zhanglinsen/workspace/bianfeng/sgscq1-china-client/projects/sgscq/Resources/src_jsc/Scene/Mail/headers.js,dcfcfaa1ffaa674a8e249ebe6c02ee46a2376db2918d2062f065c789539fc094
src_jsc/Scene/Main/MainMenuScene.jsc,src_jsc,Scene/Main/MainMenuScene.jsc,41447,0xb973c051,/Users/zhanglinsen/workspace/bianfeng/sgscq1-china-client/projects/sgscq/Resources/src_jsc/Scene/Main/MainMenuScene.js,a00cc27fd53bf61c8668fd430c7d387afebc8949ea6e0166058d9f61c8c683f3
src_jsc/Scene/Meridians/MeridiansMainScene.jsc,src_jsc,Scene/Meridians/MeridiansMainScene.jsc,3178,0xb973c051,/Users/zhanglinsen/workspace/bianfeng/sgscq1-china-client/projects/sgscq/Resources/src_jsc/Scene/Meridians/MeridiansMainScene.js,8467c35579e445be40b23f2ee639ddff288704946c7beec1b72c440a84ef3563
src_jsc/Scene/Meridians/PracticeMeridiansMainScene.jsc,src_jsc,Scene/Meridians/PracticeMeridiansMainScene.jsc,3687,0xb973c051,/Users/zhanglinsen/workspace/bianfeng/sgscq1-china-client/projects/sgscq/Resources/src_jsc/Scene/Meridians/PracticeMeridiansMainScene.js,00d86ee6df9da8790340a5fb7ebc1d7513e65d087de3df799afd8d638204725e
src_jsc/Scene/MiracleWeapons/MiracleWeaponScene.jsc,src_jsc,Scene/MiracleWeapons/MiracleWeaponScene.jsc,3040,0xb973c051,/Users/zhanglinsen/workspace/bianfeng/sgscq1-china-client/projects/sgscq/Resources/src_jsc/Scene/MiracleWeapons/MiracleWeaponScene.js,57beb895b341f290a608a12c934ddb2a4bb5b2ba40961ee6834fee6d50ef981b
src_jsc/Scene/MiracleWeapons/SelectMiracleWeaponsScene.jsc,src_jsc,Scene/MiracleWeapons/SelectMiracleWeaponsScene.jsc,3508,0xb973c051,/Users/zhanglinsen/workspace/bianfeng/sgscq1-china-client/projects/sgscq/Resources/src_jsc/Scene/MiracleWeapons/SelectMiracleWeaponsScene.js,783c9139fa04adbb91867c73cb442188b17dc4ff69b71e3cf4909f321a97b1a5
src_jsc/Scene/NewPlayer/NewPlayerScene.jsc,src_jsc,Scene/NewPlayer/NewPlayerScene.jsc,6537,0xb973c051,/Users/zhanglinsen/workspace/bianfeng/sgscq1-china-client/projects/sgscq/Resources/src_jsc/Scene/NewPlayer/NewPlayerScene.js,b3af434e2aa23ea0ca07f2dd67bbf3b4d799236f4ef56b1e8ad42d45c3793b0b
src_jsc/Scene/Party/Double11Dialog.jsc,src_jsc,Scene/Party/Double11Dialog.jsc,18545,0xb973c051,/Users/zhanglinsen/workspace/bianfeng/sgscq1-china-client/projects/sgscq/Resources/src_jsc/Scene/Party/Double11Dialog.js,a4f1fea9fd03d44b40d79e3dfbbea12a573667eba88afe2056945ac0bbda732f
src_jsc/Scene/Party/LadderCompetitionDialog.jsc,src_jsc,Scene/Party/LadderCompetitionDialog.jsc,10969,0xb973c051,/Users/zhanglinsen/workspace/bianfeng/sgscq1-china-client/projects/sgscq/Resources/src_jsc/Scene/Party/LadderCompetitionDialog.js,bddc9241def8dd41cfe7b1b240e61dfe33b3658f84fd4adb7c406018b33e7321
src_jsc/Scene/Party/MonthLegendDialog.jsc,src_jsc,Scene/Party/MonthLegendDialog.jsc,7203,0xb973c051,/Users/zhanglinsen/workspace/bianfeng/sgscq1-china-client/projects/sgscq/Resources/src_jsc/Scene/Party/MonthLegendDialog.js,2d373393899f393e7b2325d2869a1adf4c1a40b8fab4b45af1c8217c0199d4f6
src_jsc/Scene/Party/PartyDialog.jsc,src_jsc,Scene/Party/PartyDialog.jsc,76879,0xb973c051,/Users/zhanglinsen/workspace/bianfeng/sgscq1-china-client/projects/sgscq/Resources/src_jsc/Scene/Party/PartyDialog.js,bb0b9eec8bb3503901d1438ecc12d3b0c51300e6e06a5e1fa885dd56f115c3b4
src_jsc/Scene/Party/PartyDialogExt.jsc,src_jsc,Scene/Party/PartyDialogExt.jsc,81897,0xb973c051,/Users/zhanglinsen/workspace/bianfeng/sgscq1-china-client/projects/sgscq/Resources/src_jsc/Scene/Party/PartyDialogExt.js,ae7a8fb425c065af621e4f22ff970d0e49951a96e9b9d685c9f53e392796b3c2
src_jsc/Scene/Party/PictureActivityDialog.jsc,src_jsc,Scene/Party/PictureActivityDialog.jsc,7382,0xb973c051,/Users/zhanglinsen/workspace/bianfeng/sgscq1-china-client/projects/sgscq/Resources/src_jsc/Scene/Party/PictureActivityDialog.js,26a61b5648d627b85a71006d3904f89a30c75811146e4aa7d7183e8cd964329f
src_jsc/Scene/Party/RechargeAwardDialog.jsc,src_jsc,Scene/Party/RechargeAwardDialog.jsc,4843,0xb973c051,/Users/zhanglinsen/workspace/bianfeng/sgscq1-china-client/projects/sgscq/Resources/src_jsc/Scene/Party/RechargeAwardDialog.js,afa192aeed04dcf2bc0963e74bc9bb0e94b477e5ca501576d2e916f8119dc0e8
src_jsc/Scene/Party/RechargeRankDialog.jsc,src_jsc,Scene/Party/RechargeRankDialog.jsc,18098,0xb973c051,/Users/zhanglinsen/workspace/bianfeng/sgscq1-china-client/projects/sgscq/Resources/src_jsc/Scene/Party/RechargeRankDialog.js,70a62ccf3648ea8a10f88ad4587f469e5ba44465e347d3e6af7f07e8c5f9fbf8
src_jsc/Scene/Party/WishingScene.jsc,src_jsc,Scene/Party/WishingScene.jsc,28961,0xb973c051,/Users/zhanglinsen/workspace/bianfeng/sgscq1-china-client/projects/sgscq/Resources/src_jsc/Scene/Party/WishingScene.js,f9007330d03127b8538451efb90246fd960b45ca3478e10fff667dcae717ca98
src_jsc/Scene/Party/headers.jsc,src_jsc,Scene/Party/headers.jsc,978,0xb973c051,/Users/zhanglinsen/workspace/bianfeng/sgscq1-china-client/projects/sgscq/Resources/src_jsc/Scene/Party/headers.js,fd0f1901b1aa9b124c40052cd460b1fc1db13e962147239c715af68f1518df54
src_jsc/Scene/Rank/RankScene.jsc,src_jsc,Scene/Rank/RankScene.jsc,8256,0xb973c051,/Users/zhanglinsen/workspace/bianfeng/sgscq1-china-client/projects/sgscq/Resources/src_jsc/Scene/Rank/RankScene.js,489808485df048b1d03c50a0f7d2c670ccc93b3cfb7b2c404f7650d09720e062
src_jsc/Scene/SceneMgr.jsc,src_jsc,Scene/SceneMgr.jsc,19914,0xb973c051,/Users/zhanglinsen/workspace/bianfeng/sgscq1-china-client/projects/sgscq/Resources/src_jsc/Scene/SceneMgr.js,9ad22fe6306ee33a323e0d36db9f31fb869614f8727fabffa049dce7f0b89340
src_jsc/Scene/Setting/ContactGMScene.jsc,src_jsc,Scene/Setting/ContactGMScene.jsc,8969,0xb973c051,/Users/zhanglinsen/workspace/bianfeng/sgscq1-china-client/projects/sgscq/Resources/src_jsc/Scene/Setting/ContactGMScene.js,18469b612e744ca8e34c67f9c88a15f65dc164543f947b662e6afb4d6817ba78
src_jsc/Scene/Setting/SettingScene.jsc,src_jsc,Scene/Setting/SettingScene.jsc,27717,0xb973c051,/Users/zhanglinsen/workspace/bianfeng/sgscq1-china-client/projects/sgscq/Resources/src_jsc/Scene/Setting/SettingScene.js,fea8f1bbb55a791ffd9a395b4986ea52c26dc913444c145621c0c166d6486568
src_jsc/Scene/Skill/SkillScene.jsc,src_jsc,Scene/Skill/SkillScene.jsc,12040,0xb973c051,/Users/zhanglinsen/workspace/bianfeng/sgscq1-china-client/projects/sgscq/Resources/src_jsc/Scene/Skill/SkillScene.js,b6191454e294ffde1826a09b66a7b07ce5c7f8dcd5a82e43abe1f7f0833eef2e
src_jsc/Scene/SkillRefining/SkillRefiningScene.jsc,src_jsc,Scene/SkillRefining/SkillRefiningScene.jsc,3052,0xb973c051,/Users/zhanglinsen/workspace/bianfeng/sgscq1-china-client/projects/sgscq/Resources/src_jsc/Scene/SkillRefining/SkillRefiningScene.js,dc8fa6afc71bdf55038fa067ed4345ae58b8a2f45b4ef0ca76d30d96c1649a3a
src_jsc/Scene/Social/SocialScene.jsc,src_jsc,Scene/Social/SocialScene.jsc,3024,0xb973c051,/Users/zhanglinsen/workspace/bianfeng/sgscq1-china-client/projects/sgscq/Resources/src_jsc/Scene/Social/SocialScene.js,c61a8ede8063687a0dfbb789753699fe65f48d1437309d052e128b5dccff9f6b
src_jsc/Scene/Social/SocialView.jsc,src_jsc,Scene/Social/SocialView.jsc,13531,0xb973c051,/Users/zhanglinsen/workspace/bianfeng/sgscq1-china-client/projects/sgscq/Resources/src_jsc/Scene/Social/SocialView.js,d320e7da8e92c6b72fd7abe5bdfecc808ddd12e74d3041ffccbc9ed6022a98ee
src_jsc/Scene/Social/headers.jsc,src_jsc,Scene/Social/headers.jsc,482,0xb973c051,/Users/zhanglinsen/workspace/bianfeng/sgscq1-china-client/projects/sgscq/Resources/src_jsc/Scene/Social/headers.js,d0c59e5d0673c38c13e1ecc92bbf6c636068058298c3b84725f118234e0f431c
src_jsc/Scene/Store/StoreScene.jsc,src_jsc,Scene/Store/StoreScene.jsc,15224,0xb973c051,/Users/zhanglinsen/workspace/bianfeng/sgscq1-china-client/projects/sgscq/Resources/src_jsc/Scene/Store/StoreScene.js,3a00c2d50bbfff03c18cc0456a6b95de50dddf284aba76ba8336a29e546d681d
src_jsc/Scene/Store/ToastView.jsc,src_jsc,Scene/Store/ToastView.jsc,37687,0xb973c051,/Users/zhanglinsen/workspace/bianfeng/sgscq1-china-client/projects/sgscq/Resources/src_jsc/Scene/Store/ToastView.js,5d6b9d17c0c983a71b1cb8e15963db6a1a95d870ed6a96641bc7ffc922a8dea7
src_jsc/Scene/SubMenu/ChallengeMenuScene.jsc,src_jsc,Scene/SubMenu/ChallengeMenuScene.jsc,17108,0xb973c051,/Users/zhanglinsen/workspace/bianfeng/sgscq1-china-client/projects/sgscq/Resources/src_jsc/Scene/SubMenu/ChallengeMenuScene.js,a834feca27cea2aeed8f655539dacc018fa7de391cfa2743274a328b1df172b4
src_jsc/Scene/SubMenu/GeneralMenuScene.jsc,src_jsc,Scene/SubMenu/GeneralMenuScene.jsc,25362,0xb973c051,/Users/zhanglinsen/workspace/bianfeng/sgscq1-china-client/projects/sgscq/Resources/src_jsc/Scene/SubMenu/GeneralMenuScene.js,551b1d1418e460b97a991482db8d715d833b6b82916a0d7d9c28eb35d04d2f7a
src_jsc/Scene/SubMenu/MenuMenuScene.jsc,src_jsc,Scene/SubMenu/MenuMenuScene.jsc,12790,0xb973c051,/Users/zhanglinsen/workspace/bianfeng/sgscq1-china-client/projects/sgscq/Resources/src_jsc/Scene/SubMenu/MenuMenuScene.js,c3f6797b98c99ffd7703093683842733b2b71f871b1ce9e435fa17e56b0f1619
src_jsc/Scene/SubMenu/PartyMenuScene.jsc,src_jsc,Scene/SubMenu/PartyMenuScene.jsc,44304,0xb973c051,/Users/zhanglinsen/workspace/bianfeng/sgscq1-china-client/projects/sgscq/Resources/src_jsc/Scene/SubMenu/PartyMenuScene.js,d71555be77f25553091605e25fce0e63cfef9a16a7285cb23e3acf56e6f22404
src_jsc/Scene/SubMenu/headers.jsc,src_jsc,Scene/SubMenu/headers.jsc,667,0xb973c051,/Users/zhanglinsen/workspace/bianfeng/sgscq1-china-client/projects/sgscq/Resources/src_jsc/Scene/SubMenu/headers.js,42677bc6b05fe368832414d1b554401b5c8d79c1c55665b9985a55bd5190513b
src_jsc/Scene/TeamBuild/TeamBuildScene.jsc,src_jsc,Scene/TeamBuild/TeamBuildScene.jsc,66503,0xb973c051,/Users/zhanglinsen/workspace/bianfeng/sgscq1-china-client/projects/sgscq/Resources/src_jsc/Scene/TeamBuild/TeamBuildScene.js,caacbb787d160ab80f3f0b233e7868da77805fc8b69ca419063a83f391725e3d
src_jsc/Scene/TeamBuild/TeamBuildScene_V2.jsc,src_jsc,Scene/TeamBuild/TeamBuildScene_V2.jsc,51774,0xb973c051,/Users/zhanglinsen/workspace/bianfeng/sgscq1-china-client/projects/sgscq/Resources/src_jsc/Scene/TeamBuild/TeamBuildScene_V2.js,1f6ee3e3a5f118ab3f2dda659f621f9e38484089078362e25b179cbea5a0397a
src_jsc/Scene/TeamBuild/TeamMemberNavigation.jsc,src_jsc,Scene/TeamBuild/TeamMemberNavigation.jsc,37770,0xb973c051,/Users/zhanglinsen/workspace/bianfeng/sgscq1-china-client/projects/sgscq/Resources/src_jsc/Scene/TeamBuild/TeamMemberNavigation.js,ce5e4a6ebee275cfb00005bb45a77ad8048df0460ef423b1a7be93bb4d7dd8dc
src_jsc/Scene/TeamBuild/headers.jsc,src_jsc,Scene/TeamBuild/headers.jsc,680,0xb973c051,/Users/zhanglinsen/workspace/bianfeng/sgscq1-china-client/projects/sgscq/Resources/src_jsc/Scene/TeamBuild/headers.js,d3eff6d13007799131b8a8c6583b4aa927545336cc11712b0b37f288ff543117
src_jsc/Scene/Training/GeneralTraningScene.jsc,src_jsc,Scene/Training/GeneralTraningScene.jsc,39663,0xb973c051,/Users/zhanglinsen/workspace/bianfeng/sgscq1-china-client/projects/sgscq/Resources/src_jsc/Scene/Training/GeneralTraningScene.js,45a8593d66fb1f11bc56096cf95f419bc9a9be1e50f2c8391dc5bcfe3ae06141
src_jsc/Scene/UnionWar/UnionWarBattleScene.jsc,src_jsc,Scene/UnionWar/UnionWarBattleScene.jsc,11621,0xb973c051,/Users/zhanglinsen/workspace/bianfeng/sgscq1-china-client/projects/sgscq/Resources/src_jsc/Scene/UnionWar/UnionWarBattleScene.js,9f2671955758b320469056edb3b4f47fd0b2f03af99ea1c8544761cf787fff11
src_jsc/Scene/UnionWar/UnionWarChangeFormationScene.jsc,src_jsc,Scene/UnionWar/UnionWarChangeFormationScene.jsc,15167,0xb973c051,/Users/zhanglinsen/workspace/bianfeng/sgscq1-china-client/projects/sgscq/Resources/src_jsc/Scene/UnionWar/UnionWarChangeFormationScene.js,574763847223513d384f10cb22d32ee5c787891b7ed6622573b2e18a5c9a0fcd
src_jsc/Scene/UnionWar/UnionWarFightScene.jsc,src_jsc,Scene/UnionWar/UnionWarFightScene.jsc,15355,0xb973c051,/Users/zhanglinsen/workspace/bianfeng/sgscq1-china-client/projects/sgscq/Resources/src_jsc/Scene/UnionWar/UnionWarFightScene.js,ca988b304ad619ec5d1f96afbf4c77e9e99b59e45a80a75c33f1edb96c071ffe
src_jsc/Scene/Vip/VipScene.jsc,src_jsc,Scene/Vip/VipScene.jsc,7310,0xb973c051,/Users/zhanglinsen/workspace/bianfeng/sgscq1-china-client/projects/sgscq/Resources/src_jsc/Scene/Vip/VipScene.js,9be545354844de791df9e9b839b9d841cb514375368a726976fd0759f4c0f9fa
src_jsc/Scene/Worship/WorshipScene.jsc,src_jsc,Scene/Worship/WorshipScene.jsc,17596,0xb973c051,/Users/zhanglinsen/workspace/bianfeng/sgscq1-china-client/projects/sgscq/Resources/src_jsc/Scene/Worship/WorshipScene.js,c15626b2d6355dcf42070d117138291208cec0450d80f03152bcb5addf2ea6b6
src_jsc/Scene/alias.jsc,src_jsc,Scene/alias.jsc,184,0xb973c051,/Users/zhanglinsen/workspace/bianfeng/sgscq1-china-client/projects/sgscq/Resources/src_jsc/Scene/alias.js,f602dd45250a3712e0948f4f4298a39d9bb8e6b61c67a06d0a41ded5ae8cfc21
src_jsc/Scene/headers.jsc,src_jsc,Scene/headers.jsc,10729,0xb973c051,/Users/zhanglinsen/workspace/bianfeng/sgscq1-china-client/projects/sgscq/Resources/src_jsc/Scene/headers.js,537c37ec76a8dc425b3c4c99538b1d87aa87a5deb9bab02898fc14f341e346bb
src_jsc/Skill/Impl.jsc,src_jsc,Skill/Impl.jsc,1376,0xb973c051,/Users/zhanglinsen/workspace/bianfeng/sgscq1-china-client/projects/sgscq/Resources/src_jsc/Skill/Impl.js,0a3446cc3d2bc09626015005c4e4f167e7fd8984fa2428f073548b8951c07d09
src_jsc/Skill/Part.jsc,src_jsc,Skill/Part.jsc,23482,0xb973c051,/Users/zhanglinsen/workspace/bianfeng/sgscq1-china-client/projects/sgscq/Resources/src_jsc/Skill/Part.js,7fda39cb9a87a12b3f8af4dc27ca755171077a58b759e1e6542c1c716635a958
src_jsc/Skill/PartAttack.jsc,src_jsc,Skill/PartAttack.jsc,8443,0xb973c051,/Users/zhanglinsen/workspace/bianfeng/sgscq1-china-client/projects/sgscq/Resources/src_jsc/Skill/PartAttack.js,a938441f70ad34abe8edd134d5980e87b24d431d9ad47151be05bb4819fb1ae4
src_jsc/Skill/PartBuff.jsc,src_jsc,Skill/PartBuff.jsc,8359,0xb973c051,/Users/zhanglinsen/workspace/bianfeng/sgscq1-china-client/projects/sgscq/Resources/src_jsc/Skill/PartBuff.js,474eb1e0b9552aea82e7ae0dafe369c990f9ad3d94bb5909c48e351f79ff5003
src_jsc/Skill/PartEffect.jsc,src_jsc,Skill/PartEffect.jsc,63126,0xb973c051,/Users/zhanglinsen/workspace/bianfeng/sgscq1-china-client/projects/sgscq/Resources/src_jsc/Skill/PartEffect.js,37aa5a76ebb1207ebbca4605a33534ef3d187786c0c34a1cb70ee1c3c6ad0093
src_jsc/Skill/PartEffectGhost.jsc,src_jsc,Skill/PartEffectGhost.jsc,4187,0xb973c051,/Users/zhanglinsen/workspace/bianfeng/sgscq1-china-client/projects/sgscq/Resources/src_jsc/Skill/PartEffectGhost.js,bbc83dc5f3a0f98dca60966e920745619b3a79075125e2d9fdcf22e439735dd9
src_jsc/Skill/PartHurt.jsc,src_jsc,Skill/PartHurt.jsc,12425,0xb973c051,/Users/zhanglinsen/workspace/bianfeng/sgscq1-china-client/projects/sgscq/Resources/src_jsc/Skill/PartHurt.js,8c12237e4a1a426826dc417f5d363cf9d9054fc3ad2b02848343e300b5f71fa7
src_jsc/Skill/PartOpen.jsc,src_jsc,Skill/PartOpen.jsc,7999,0xb973c051,/Users/zhanglinsen/workspace/bianfeng/sgscq1-china-client/projects/sgscq/Resources/src_jsc/Skill/PartOpen.js,36e7fc987fc647ec9604c5d188e9877747e7950f5d790234fdfd9eafde1fd9d2
src_jsc/Skill/PartStatus.jsc,src_jsc,Skill/PartStatus.jsc,14753,0xb973c051,/Users/zhanglinsen/workspace/bianfeng/sgscq1-china-client/projects/sgscq/Resources/src_jsc/Skill/PartStatus.js,94e1051e256f5d43a6c43c1ed09951bd1c3f5853e1e0f82076ab9afc8936f951
src_jsc/Skill/Skill.jsc,src_jsc,Skill/Skill.jsc,15656,0xb973c051,/Users/zhanglinsen/workspace/bianfeng/sgscq1-china-client/projects/sgscq/Resources/src_jsc/Skill/Skill.js,1a595d9e1f6b25f29157e4fa67a813c74e5220849e3d76cbd5f5e23772d47b77
src_jsc/Skill/SkillAbsorb.jsc,src_jsc,Skill/SkillAbsorb.jsc,1800,0xb973c051,/Users/zhanglinsen/workspace/bianfeng/sgscq1-china-client/projects/sgscq/Resources/src_jsc/Skill/SkillAbsorb.js,c64ebb1f29129f314513bb4a85959710ba969b5bb88ab52acaf0d51ba5047332
src_jsc/Skill/SkillAttack.jsc,src_jsc,Skill/SkillAttack.jsc,6415,0xb973c051,/Users/zhanglinsen/workspace/bianfeng/sgscq1-china-client/projects/sgscq/Resources/src_jsc/Skill/SkillAttack.js,8e51d5d505b417d9158cc8e71e85388cad1613abaad9a0a4b05f99626ff1647f
src_jsc/Skill/SkillBuff.jsc,src_jsc,Skill/SkillBuff.jsc,4566,0xb973c051,/Users/zhanglinsen/workspace/bianfeng/sgscq1-china-client/projects/sgscq/Resources/src_jsc/Skill/SkillBuff.js,8ef773870e5da853f96408c70d27184e8edc7e86d85f02ed5d1570d91af4dd5c
src_jsc/Skill/SkillGhost.jsc,src_jsc,Skill/SkillGhost.jsc,2830,0xb973c051,/Users/zhanglinsen/workspace/bianfeng/sgscq1-china-client/projects/sgscq/Resources/src_jsc/Skill/SkillGhost.js,a70bd8a73df71aade32a217bc20b0d76d853e94ec217029c22f9c4219e007406
src_jsc/Skill/SkillGoddess.jsc,src_jsc,Skill/SkillGoddess.jsc,785,0xb973c051,/Users/zhanglinsen/workspace/bianfeng/sgscq1-china-client/projects/sgscq/Resources/src_jsc/Skill/SkillGoddess.js,61bb47bb3fcaf25615dbb3fe9447422c96f310238af2dd2c5740e75ea23c3c54
src_jsc/Skill/SkillHitBack.jsc,src_jsc,Skill/SkillHitBack.jsc,18713,0xb973c051,/Users/zhanglinsen/workspace/bianfeng/sgscq1-china-client/projects/sgscq/Resources/src_jsc/Skill/SkillHitBack.js,c8640aec4dd0d4233e8a93211ec638fb9406b206fc894d155470c7394fec147d
src_jsc/Skill/SkillOpen.jsc,src_jsc,Skill/SkillOpen.jsc,705,0xb973c051,/Users/zhanglinsen/workspace/bianfeng/sgscq1-china-client/projects/sgscq/Resources/src_jsc/Skill/SkillOpen.js,300cab99751838bab5fb4d4bba2ddf7a70e509bc2b021af856bfb3ca8b6a9c8b
src_jsc/Skill/SkillProximal.jsc,src_jsc,Skill/SkillProximal.jsc,3770,0xb973c051,/Users/zhanglinsen/workspace/bianfeng/sgscq1-china-client/projects/sgscq/Resources/src_jsc/Skill/SkillProximal.js,497f118c8f2dfc1b64a5d093bed87074942d2e328b9b540f64f22c255af753ed
src_jsc/Skill/SkillRemote.jsc,src_jsc,Skill/SkillRemote.jsc,42191,0xb973c051,/Users/zhanglinsen/workspace/bianfeng/sgscq1-china-client/projects/sgscq/Resources/src_jsc/Skill/SkillRemote.js,702a21bb99e2fc739c5313b1ca6855111c3552d3ce7787b67b23d250c086becf
src_jsc/Skill/SkillStatus.jsc,src_jsc,Skill/SkillStatus.jsc,9646,0xb973c051,/Users/zhanglinsen/workspace/bianfeng/sgscq1-china-client/projects/sgscq/Resources/src_jsc/Skill/SkillStatus.js,49be6bbc2f3fa43edeae8b15f439a822adc0f6059e72f0ad0b4bff17aa8db793
src_jsc/Skill/Template.jsc,src_jsc,Skill/Template.jsc,6934,0xb973c051,/Users/zhanglinsen/workspace/bianfeng/sgscq1-china-client/projects/sgscq/Resources/src_jsc/Skill/Template.js,15c47560a8c86db439decea58dd47361548106b2775058738abf6515abfc844b
src_jsc/Skill/TemplateAttack.jsc,src_jsc,Skill/TemplateAttack.jsc,4252,0xb973c051,/Users/zhanglinsen/workspace/bianfeng/sgscq1-china-client/projects/sgscq/Resources/src_jsc/Skill/TemplateAttack.js,73299488175fdf5113285b44287ffb36b605414004ec83e523470e716d2bbb09
src_jsc/Skill/TemplateItem.jsc,src_jsc,Skill/TemplateItem.jsc,10267,0xb973c051,/Users/zhanglinsen/workspace/bianfeng/sgscq1-china-client/projects/sgscq/Resources/src_jsc/Skill/TemplateItem.js,0ccecd6fc6754be82de64871002330f10febc778b6f22f810f567ceb55e13e16
src_jsc/Skill/TemplateItemAttack.jsc,src_jsc,Skill/TemplateItemAttack.jsc,1245,0xb973c051,/Users/zhanglinsen/workspace/bianfeng/sgscq1-china-client/projects/sgscq/Resources/src_jsc/Skill/TemplateItemAttack.js,7c3ab18e80fa485ea61721c95234b6137d39f0521ff9ec0b6b6ca5a4cbf097e3
src_jsc/Skill/TemplateItemHp.jsc,src_jsc,Skill/TemplateItemHp.jsc,2771,0xb973c051,/Users/zhanglinsen/workspace/bianfeng/sgscq1-china-client/projects/sgscq/Resources/src_jsc/Skill/TemplateItemHp.js,b2cf5086d1f95570266785e86e24ee1807a7af32b80a0ea60aea48775ce183ad
src_jsc/Skill/TemplateItemStatus.jsc,src_jsc,Skill/TemplateItemStatus.jsc,2743,0xb973c051,/Users/zhanglinsen/workspace/bianfeng/sgscq1-china-client/projects/sgscq/Resources/src_jsc/Skill/TemplateItemStatus.js,c79c307bed9cc3842697e490c6eeb7699754f60e4e24e75b726b122d03abb217
src_jsc/Skill/TemplateItemText.jsc,src_jsc,Skill/TemplateItemText.jsc,4052,0xb973c051,/Users/zhanglinsen/workspace/bianfeng/sgscq1-china-client/projects/sgscq/Resources/src_jsc/Skill/TemplateItemText.js,772a1bbdeef6d1bce34109a8b39e507988228f703f8097652082639fcd67f7ce
src_jsc/Skill/TemplatePart.jsc,src_jsc,Skill/TemplatePart.jsc,5014,0xb973c051,/Users/zhanglinsen/workspace/bianfeng/sgscq1-china-client/projects/sgscq/Resources/src_jsc/Skill/TemplatePart.js,013d1a77279d8477dc01de2b2b227d9dbc54cfed426106a5c22869d5ccb6b3af
src_jsc/Skill/TemplatePartBuff.jsc,src_jsc,Skill/TemplatePartBuff.jsc,3878,0xb973c051,/Users/zhanglinsen/workspace/bianfeng/sgscq1-china-client/projects/sgscq/Resources/src_jsc/Skill/TemplatePartBuff.js,8e58c75a04baf3409a6e535f99a86a573db42c149e8b800d724fb68fadb7a241
src_jsc/Skill/TemplatePartHurt.jsc,src_jsc,Skill/TemplatePartHurt.jsc,4047,0xb973c051,/Users/zhanglinsen/workspace/bianfeng/sgscq1-china-client/projects/sgscq/Resources/src_jsc/Skill/TemplatePartHurt.js,901a3e9826363abc2d6458c4748f004ba35d64ea33697092e7afc299dd524805
src_jsc/Skill/TemplatePartStatus.jsc,src_jsc,Skill/TemplatePartStatus.jsc,23013,0xb973c051,/Users/zhanglinsen/workspace/bianfeng/sgscq1-china-client/projects/sgscq/Resources/src_jsc/Skill/TemplatePartStatus.js,0802ab00c507f6e66377879a3fcfdaea613c6f6439d8e05c3fbfd8ae942d0fed
src_jsc/Skill/headers.jsc,src_jsc,Skill/headers.jsc,2188,0xb973c051,/Users/zhanglinsen/workspace/bianfeng/sgscq1-china-client/projects/sgscq/Resources/src_jsc/Skill/headers.js,fc440e7759e5e9dba8f570c386670a4a2013d6503b5f052fddda7175cb8a784e
src_jsc/Tools/Audio.jsc,src_jsc,Tools/Audio.jsc,2818,0xb973c051,/Users/zhanglinsen/workspace/bianfeng/sgscq1-china-client/projects/sgscq/Resources/src_jsc/Tools/Audio.js,d6a2a05943fe1752a9399a4aea1430f5610234d346427ab3f8853c54583c577b
src_jsc/Tools/Card.jsc,src_jsc,Tools/Card.jsc,21263,0xb973c051,/Users/zhanglinsen/workspace/bianfeng/sgscq1-china-client/projects/sgscq/Resources/src_jsc/Tools/Card.js,3f47a7ef84e4e8297c44b4400983cb701c058d36def8d40b1d566d0354823543
src_jsc/Tools/CfgData.jsc,src_jsc,Tools/CfgData.jsc,15365,0xb973c051,/Users/zhanglinsen/workspace/bianfeng/sgscq1-china-client/projects/sgscq/Resources/src_jsc/Tools/CfgData.js,08a4497736011f02d034c230b6d8d01d31c094d0e4fda1dfcc6d858c8b33e943
src_jsc/Tools/CmdShell.jsc,src_jsc,Tools/CmdShell.jsc,1628,0xb973c051,/Users/zhanglinsen/workspace/bianfeng/sgscq1-china-client/projects/sgscq/Resources/src_jsc/Tools/CmdShell.js,10a8725a5cb8c5d2a4cf405d158885a5f6f2877428574aa661f35c33265c7675
src_jsc/Tools/Filter.jsc,src_jsc,Tools/Filter.jsc,9097,0xb973c051,/Users/zhanglinsen/workspace/bianfeng/sgscq1-china-client/projects/sgscq/Resources/src_jsc/Tools/Filter.js,374f89326c16a8697af395dbc5300b5a10793028ca60201be34f60285f785036
src_jsc/Tools/Jsb.jsc,src_jsc,Tools/Jsb.jsc,17054,0xb973c051,/Users/zhanglinsen/workspace/bianfeng/sgscq1-china-client/projects/sgscq/Resources/src_jsc/Tools/Jsb.js,614c45aa983a93dfa724a8ae1c87696d50bd972a2b0053ce6ba104734b372f36
src_jsc/Tools/Ml.jsc,src_jsc,Tools/Ml.jsc,2058,0xb973c051,/Users/zhanglinsen/workspace/bianfeng/sgscq1-china-client/projects/sgscq/Resources/src_jsc/Tools/Ml.js,9a3acf7a1904b23a50d9322abb2ab208f20d87635b08de599ba1ba975b660a95
src_jsc/Tools/Model.jsc,src_jsc,Tools/Model.jsc,4886,0xb973c051,/Users/zhanglinsen/workspace/bianfeng/sgscq1-china-client/projects/sgscq/Resources/src_jsc/Tools/Model.js,3023b04cd439a190e486c41bc23bdaeb521b5daaf1aba2361f469c93e1d4036d
src_jsc/Tools/Net.jsc,src_jsc,Tools/Net.jsc,171639,0xb973c051,/Users/zhanglinsen/workspace/bianfeng/sgscq1-china-client/projects/sgscq/Resources/src_jsc/Tools/Net.js,fbbcf57663b71215fbd6592508e81d34332464eb13211bcbb280978db18968f4
src_jsc/Tools/Party.jsc,src_jsc,Tools/Party.jsc,4910,0xb973c051,/Users/zhanglinsen/workspace/bianfeng/sgscq1-china-client/projects/sgscq/Resources/src_jsc/Tools/Party.js,9c625ff87fda7718072c3eed9364bcca0335592d0ad54c6bfe2ad3e857fd0355
src_jsc/Tools/Scene.jsc,src_jsc,Tools/Scene.jsc,20253,0xb973c051,/Users/zhanglinsen/workspace/bianfeng/sgscq1-china-client/projects/sgscq/Resources/src_jsc/Tools/Scene.js,e8ead7e09e4ff9b7d2d98e3c8e6f2c4878f8f064fda098a4ab69527def96d284
src_jsc/Tools/Sort.jsc,src_jsc,Tools/Sort.jsc,6517,0xb973c051,/Users/zhanglinsen/workspace/bianfeng/sgscq1-china-client/projects/sgscq/Resources/src_jsc/Tools/Sort.js,bec796a5de14a6144a732bd839bb644d1dda3b4cecb48091acb254afe0375cdb
src_jsc/Tools/Statistic.jsc,src_jsc,Tools/Statistic.jsc,21339,0xb973c051,/Users/zhanglinsen/workspace/bianfeng/sgscq1-china-client/projects/sgscq/Resources/src_jsc/Tools/Statistic.js,6a4bfcbecf8281934d04bde18aa00e3e2a082ba6767fc125dbcad5e0dd3e00b6
src_jsc/Tools/Story.jsc,src_jsc,Tools/Story.jsc,847,0xb973c051,/Users/zhanglinsen/workspace/bianfeng/sgscq1-china-client/projects/sgscq/Resources/src_jsc/Tools/Story.js,a6a39d5e04bce7f88de5ca00f4724ae3dd5bc678495023ef616b1a0863e45e34
src_jsc/Tools/String.jsc,src_jsc,Tools/String.jsc,4947,0xb973c051,/Users/zhanglinsen/workspace/bianfeng/sgscq1-china-client/projects/sgscq/Resources/src_jsc/Tools/String.js,168365e80bbcdb3e6e90d1d9c7fafed325de5e6871cc4cdb2b99e254864da8dc
src_jsc/Tools/Sys.jsc,src_jsc,Tools/Sys.jsc,8319,0xb973c051,/Users/zhanglinsen/workspace/bianfeng/sgscq1-china-client/projects/sgscq/Resources/src_jsc/Tools/Sys.js,af2fa3e74e7272f521b59212c65c7e6058d7d0c52e575035dab6792bb549463e
src_jsc/Tools/TalkingDataAppCpa.jsc,src_jsc,Tools/TalkingDataAppCpa.jsc,2263,0xb973c051,/Users/zhanglinsen/workspace/bianfeng/sgscq1-china-client/projects/sgscq/Resources/src_jsc/Tools/TalkingDataAppCpa.js,16924c768712292862afaab08ceac9e13fa106efb04775b843778f8283170ccf
src_jsc/Tools/TimeTest.jsc,src_jsc,Tools/TimeTest.jsc,1438,0xb973c051,/Users/zhanglinsen/workspace/bianfeng/sgscq1-china-client/projects/sgscq/Resources/src_jsc/Tools/TimeTest.js,a95ecf0bc9a6b60560249075c09b3895f8bf5d0baeb78498d0daefb2964aa8fd
src_jsc/Tools/UI.jsc,src_jsc,Tools/UI.jsc,24387,0xb973c051,/Users/zhanglinsen/workspace/bianfeng/sgscq1-china-client/projects/sgscq/Resources/src_jsc/Tools/UI.js,c61dc86201867bae0eca97b11d08b81a3ab589f5800c61f255af17df957e68c4
src_jsc/Tools/Views.jsc,src_jsc,Tools/Views.jsc,1003,0xb973c051,/Users/zhanglinsen/workspace/bianfeng/sgscq1-china-client/projects/sgscq/Resources/src_jsc/Tools/Views.js,f75290980117079205397a1a63a973d51bce63ada472e189ca35902852bdd309
src_jsc/Tools/alias.jsc,src_jsc,Tools/alias.jsc,268,0xb973c051,/Users/zhanglinsen/workspace/bianfeng/sgscq1-china-client/projects/sgscq/Resources/src_jsc/Tools/alias.js,747ccd33cde5c8377f45d3d480d2a67d18dc69e1cb5a7e93cfe8ec9c206c3925
src_jsc/Tools/headers.jsc,src_jsc,Tools/headers.jsc,1248,0xb973c051,/Users/zhanglinsen/workspace/bianfeng/sgscq1-china-client/projects/sgscq/Resources/src_jsc/Tools/headers.js,102ecc77876af82bc2097e2b2cdd2c95190d90f9c5cbfe790166ef0005a1d10c
src_jsc/Update/UpdateScene.jsc,src_jsc,Update/UpdateScene.jsc,40095,0xb973c051,/Users/zhanglinsen/workspace/bianfeng/sgscq1-china-client/projects/sgscq/Resources/src_jsc/Update/UpdateScene.js,32e379fb786cc4408861ce0dd32c86f4f526fddc7aba56ff2ad8737cbfe0c2c4
src_jsc/Update/headers.jsc,src_jsc,Update/headers.jsc,317,0xb973c051,/Users/zhanglinsen/workspace/bianfeng/sgscq1-china-client/projects/sgscq/Resources/src_jsc/Update/headers.js,c440dd3e68906a32dabd5a00c310876bb978a7704c2ade19b8e13d2ed4b1eacf
src_jsc/Utils/Action.jsc,src_jsc,Utils/Action.jsc,2892,0xb973c051,/Users/zhanglinsen/workspace/bianfeng/sgscq1-china-client/projects/sgscq/Resources/src_jsc/Utils/Action.js,ad24c620b408238a8a520bdfa72108bfb9cf2ca467f8e349c884d62b8050c71e
src_jsc/Utils/Base64.jsc,src_jsc,Utils/Base64.jsc,7813,0xb973c051,/Users/zhanglinsen/workspace/bianfeng/sgscq1-china-client/projects/sgscq/Resources/src_jsc/Utils/Base64.js,52bfd214dc5607d0d96216b4bf3d2196e4ecb976f656a11ded5094abd8218205
src_jsc/Utils/Ccb.jsc,src_jsc,Utils/Ccb.jsc,262,0xb973c051,/Users/zhanglinsen/workspace/bianfeng/sgscq1-china-client/projects/sgscq/Resources/src_jsc/Utils/Ccb.js,fd99b167784d51506ebc446483b446a5f0fac292dd4c0b2c7ae5940104022245
src_jsc/Utils/CfgReader.jsc,src_jsc,Utils/CfgReader.jsc,484,0xb973c051,/Users/zhanglinsen/workspace/bianfeng/sgscq1-china-client/projects/sgscq/Resources/src_jsc/Utils/CfgReader.js,e3bd770d4c67dc7f2073b19b8033d39b793d2617a7af76703cddec9a20dbbd0b
src_jsc/Utils/FileSys.jsc,src_jsc,Utils/FileSys.jsc,1887,0xb973c051,/Users/zhanglinsen/workspace/bianfeng/sgscq1-china-client/projects/sgscq/Resources/src_jsc/Utils/FileSys.js,1157e47d2820a794f4dcc4ce80b50aea550c39b1d1e92106abb9174d88e63b76
src_jsc/Utils/LocalStore.jsc,src_jsc,Utils/LocalStore.jsc,807,0xb973c051,/Users/zhanglinsen/workspace/bianfeng/sgscq1-china-client/projects/sgscq/Resources/src_jsc/Utils/LocalStore.js,c24f3e6a70ddec937c9e8688ba91a68c36f4ef463781b0818f7cad3fa4dd0a1b
src_jsc/Utils/Math.jsc,src_jsc,Utils/Math.jsc,1176,0xb973c051,/Users/zhanglinsen/workspace/bianfeng/sgscq1-china-client/projects/sgscq/Resources/src_jsc/Utils/Math.js,a859729972b9aabfc5828fd5158706e59c6db5ca7206c1d09ae779247a895c7f
src_jsc/Utils/Md5.jsc,src_jsc,Utils/Md5.jsc,10004,0xb973c051,/Users/zhanglinsen/workspace/bianfeng/sgscq1-china-client/projects/sgscq/Resources/src_jsc/Utils/Md5.js,4f04b3e6a164c9178a6320f30132c47280c633b0fdc6ac0aa21ce47eaf36d000
src_jsc/Utils/Net.jsc,src_jsc,Utils/Net.jsc,1632,0xb973c051,/Users/zhanglinsen/workspace/bianfeng/sgscq1-china-client/projects/sgscq/Resources/src_jsc/Utils/Net.js,1687be8af0b3a64be068d307d0caf16edeafa1875503a7405aa9b4f21d6eb751
src_jsc/Utils/Node.jsc,src_jsc,Utils/Node.jsc,26111,0xb973c051,/Users/zhanglinsen/workspace/bianfeng/sgscq1-china-client/projects/sgscq/Resources/src_jsc/Utils/Node.js,fffed2796f372f1db56b5ae9b91b9d654fb338eab0eaba8a8c31013824205401
src_jsc/Utils/Notify.jsc,src_jsc,Utils/Notify.jsc,633,0xb973c051,/Users/zhanglinsen/workspace/bianfeng/sgscq1-china-client/projects/sgscq/Resources/src_jsc/Utils/Notify.js,06afe378e657da8de28058a0c2f66375edcd5538ef3333e2bbf1ebd2dbad4f98
src_jsc/Utils/Rc4.jsc,src_jsc,Utils/Rc4.jsc,1235,0xb973c051,/Users/zhanglinsen/workspace/bianfeng/sgscq1-china-client/projects/sgscq/Resources/src_jsc/Utils/Rc4.js,f695438046c4f82f1def60e7b8860b53eea8135979ee9794bd67edecee963e33
src_jsc/Utils/Statistic.jsc,src_jsc,Utils/Statistic.jsc,6808,0xb973c051,/Users/zhanglinsen/workspace/bianfeng/sgscq1-china-client/projects/sgscq/Resources/src_jsc/Utils/Statistic.js,f7c055ab60a28dc91abc33f0257dc08bea722e4a418f4080cb77f50d0416fecc
src_jsc/Utils/Sys.jsc,src_jsc,Utils/Sys.jsc,874,0xb973c051,/Users/zhanglinsen/workspace/bianfeng/sgscq1-china-client/projects/sgscq/Resources/src_jsc/Utils/Sys.js,6b6ba7bb463ffddf89a01acb136337eb0fcbe5e0c8b51d5a111dec8543582d68
src_jsc/Utils/UI.jsc,src_jsc,Utils/UI.jsc,5738,0xb973c051,/Users/zhanglinsen/workspace/bianfeng/sgscq1-china-client/projects/sgscq/Resources/src_jsc/Utils/UI.js,9f3839e38da699815cc89fff135ecea11c53c9e18d8ccde2dd4d24993eae4450
src_jsc/Utils/alias.jsc,src_jsc,Utils/alias.jsc,1420,0xb973c051,/Users/zhanglinsen/workspace/bianfeng/sgscq1-china-client/projects/sgscq/Resources/src_jsc/Utils/alias.js,ac09486bc31a4c1ea0000855e9000c117bbbdba43a113629919b574faff269b8
src_jsc/Utils/buckets.jsc,src_jsc,Utils/buckets.jsc,48553,0xb973c051,/Users/zhanglinsen/workspace/bianfeng/sgscq1-china-client/projects/sgscq/Resources/src_jsc/Utils/buckets.js,875fbef61cd6a170f5138277ac49ef2f3faf761be6e80ea95546ed0c27482b37
src_jsc/Utils/common.jsc,src_jsc,Utils/common.jsc,18324,0xb973c051,/Users/zhanglinsen/workspace/bianfeng/sgscq1-china-client/projects/sgscq/Resources/src_jsc/Utils/common.js,7e8ad324c04d633cc082182644054464630aaaf76a7afabd4903206c71dff6dc
src_jsc/Utils/headers.jsc,src_jsc,Utils/headers.jsc,1512,0xb973c051,/Users/zhanglinsen/workspace/bianfeng/sgscq1-china-client/projects/sgscq/Resources/src_jsc/Utils/headers.js,cc1de2cd6390e252278727991cfeb1666ce4cb7ef96168109acfead7fcfba05c
src_jsc/Views/ActivitiesShow.jsc,src_jsc,Views/ActivitiesShow.jsc,4270,0xb973c051,/Users/zhanglinsen/workspace/bianfeng/sgscq1-china-client/projects/sgscq/Resources/src_jsc/Views/ActivitiesShow.js,dcfb7b4a61302ed105b9733ff6c62411fd480b7246ff6d3402e9e8bfcb42be82
src_jsc/Views/ActivitiesShow6Icon.jsc,src_jsc,Views/ActivitiesShow6Icon.jsc,26507,0xb973c051,/Users/zhanglinsen/workspace/bianfeng/sgscq1-china-client/projects/sgscq/Resources/src_jsc/Views/ActivitiesShow6Icon.js,7adc9e37824f3e7c6c550a29b738f675e6d7da1e876f77592ff57fae6b0f8458
src_jsc/Views/Armature/AutoAudioArmature.jsc,src_jsc,Views/Armature/AutoAudioArmature.jsc,2781,0xb973c051,/Users/zhanglinsen/workspace/bianfeng/sgscq1-china-client/projects/sgscq/Resources/src_jsc/Views/Armature/AutoAudioArmature.js,3615afd0e901cebc14f9c0daec5b037bcfbe525dac6256647c2c0891b93d2c48
src_jsc/Views/Armature/headers.jsc,src_jsc,Views/Armature/headers.jsc,437,0xb973c051,/Users/zhanglinsen/workspace/bianfeng/sgscq1-china-client/projects/sgscq/Resources/src_jsc/Views/Armature/headers.js,58dcf84c7b59523a6141ad6b5d2899608e9f3585d2ff8995a19f5641d2a390ad
src_jsc/Views/Awake/AwakeLayer.jsc,src_jsc,Views/Awake/AwakeLayer.jsc,21610,0xb973c051,/Users/zhanglinsen/workspace/bianfeng/sgscq1-china-client/projects/sgscq/Resources/src_jsc/Views/Awake/AwakeLayer.js,f9465b50d619f6f4bcc60344366749265fdfc95baff20d41b2d8a1c5683817a1
src_jsc/Views/Awake/headers.jsc,src_jsc,Views/Awake/headers.jsc,408,0xb973c051,/Users/zhanglinsen/workspace/bianfeng/sgscq1-china-client/projects/sgscq/Resources/src_jsc/Views/Awake/headers.js,7a36192be22ab13041900fe962b9db4b2936777e9920e84f43d03f703d31e80c
src_jsc/Views/BaseView.jsc,src_jsc,Views/BaseView.jsc,4863,0xb973c051,/Users/zhanglinsen/workspace/bianfeng/sgscq1-china-client/projects/sgscq/Resources/src_jsc/Views/BaseView.js,47efbad9afc48ffe78cddf68d71608d6cf831eb9c7533e86af770a5aac178b78
src_jsc/Views/BeautyIconButton.jsc,src_jsc,Views/BeautyIconButton.jsc,9578,0xb973c051,/Users/zhanglinsen/workspace/bianfeng/sgscq1-china-client/projects/sgscq/Resources/src_jsc/Views/BeautyIconButton.js,10642115976f84fea3dfc8bb2df0403a704ee0ba006dd6705077066541221725
src_jsc/Views/Button/ChangeNumBtn.jsc,src_jsc,Views/Button/ChangeNumBtn.jsc,1401,0xb973c051,/Users/zhanglinsen/workspace/bianfeng/sgscq1-china-client/projects/sgscq/Resources/src_jsc/Views/Button/ChangeNumBtn.js,903b7e47489de9aafb082af63728072796547fa7b70fb00081845fff0c5d556d
src_jsc/Views/Button/Factory.jsc,src_jsc,Views/Button/Factory.jsc,3784,0xb973c051,/Users/zhanglinsen/workspace/bianfeng/sgscq1-china-client/projects/sgscq/Resources/src_jsc/Views/Button/Factory.js,20c40044570e61a3301e1c2c3ef86f604dbf13b0d97030d0a76b7eb046bda39c
src_jsc/Views/Button/alias.jsc,src_jsc,Views/Button/alias.jsc,317,0xb973c051,/Users/zhanglinsen/workspace/bianfeng/sgscq1-china-client/projects/sgscq/Resources/src_jsc/Views/Button/alias.js,f6dac6292adb370a37636507e01fcaa7b0b444bbd6611f70b538d95d7086407e
src_jsc/Views/Button/headers.jsc,src_jsc,Views/Button/headers.jsc,538,0xb973c051,/Users/zhanglinsen/workspace/bianfeng/sgscq1-china-client/projects/sgscq/Resources/src_jsc/Views/Button/headers.js,70b6688b12a420bd8b4a7c0c6d7e2fb121bb98d07c9e37f616515317d57b3422
src_jsc/Views/Card/Equ.jsc,src_jsc,Views/Card/Equ.jsc,16610,0xb973c051,/Users/zhanglinsen/workspace/bianfeng/sgscq1-china-client/projects/sgscq/Resources/src_jsc/Views/Card/Equ.js,79bc87152f7bfb0163f0488e52fdfd314aad0e19c3a9c3a65f7391d435278a27
src_jsc/Views/Card/Fight.jsc,src_jsc,Views/Card/Fight.jsc,38161,0xb973c051,/Users/zhanglinsen/workspace/bianfeng/sgscq1-china-client/projects/sgscq/Resources/src_jsc/Views/Card/Fight.js,4605001a662c7b9878a6488ffa7f4f0796c9f4c785cabcd6460099bbfdebef84
src_jsc/Views/Card/General.jsc,src_jsc,Views/Card/General.jsc,14900,0xb973c051,/Users/zhanglinsen/workspace/bianfeng/sgscq1-china-client/projects/sgscq/Resources/src_jsc/Views/Card/General.js,6a0d95237df424ce6a5ff2a5fc5fbf7e225e4724821410b6a7d18fbd88345281
src_jsc/Views/Card/OtherPlayer.jsc,src_jsc,Views/Card/OtherPlayer.jsc,14001,0xb973c051,/Users/zhanglinsen/workspace/bianfeng/sgscq1-china-client/projects/sgscq/Resources/src_jsc/Views/Card/OtherPlayer.js,3c953cecc1e07d08fca72e6091a41129efe18c5714116fef6088af9c9e41e5a8
src_jsc/Views/Card/headers.jsc,src_jsc,Views/Card/headers.jsc,564,0xb973c051,/Users/zhanglinsen/workspace/bianfeng/sgscq1-china-client/projects/sgscq/Resources/src_jsc/Views/Card/headers.js,e5ddd1523b5b893352d51d18b2de23928ec93c5d558f0d1f8cbc5446b80d3ddc
src_jsc/Views/CardListView.jsc,src_jsc,Views/CardListView.jsc,13519,0xb973c051,/Users/zhanglinsen/workspace/bianfeng/sgscq1-china-client/projects/sgscq/Resources/src_jsc/Views/CardListView.js,5420195472d505ab703502f78220efe3f90beea7b23c7426f43725fcbbc02fae
src_jsc/Views/CardListView_v2.jsc,src_jsc,Views/CardListView_v2.jsc,15882,0xb973c051,/Users/zhanglinsen/workspace/bianfeng/sgscq1-china-client/projects/sgscq/Resources/src_jsc/Views/CardListView_v2.js,29f78a2c2418e1057e1cc29d751c39aaa19a95c21dda229033342101b32a8019
src_jsc/Views/CardNavigateView.jsc,src_jsc,Views/CardNavigateView.jsc,5941,0xb973c051,/Users/zhanglinsen/workspace/bianfeng/sgscq1-china-client/projects/sgscq/Resources/src_jsc/Views/CardNavigateView.js,4f93b4dbbf0625b2008d1cfd99c72829e8ec159048fdee36d9179160ce1d5e32
src_jsc/Views/ChangeName.jsc,src_jsc,Views/ChangeName.jsc,5232,0xb973c051,/Users/zhanglinsen/workspace/bianfeng/sgscq1-china-client/projects/sgscq/Resources/src_jsc/Views/ChangeName.js,fefe5cd971fca8094f488b0560f249f41da072865f00c72056003879366e8de6
src_jsc/Views/ChatContentLayer.jsc,src_jsc,Views/ChatContentLayer.jsc,15442,0xb973c051,/Users/zhanglinsen/workspace/bianfeng/sgscq1-china-client/projects/sgscq/Resources/src_jsc/Views/ChatContentLayer.js,afc47bf7708c8e6d957cc316c75264d7ed027cc2f220a2bb373e1432c2c54c77
src_jsc/Views/ChatTablePageView.jsc,src_jsc,Views/ChatTablePageView.jsc,2926,0xb973c051,/Users/zhanglinsen/workspace/bianfeng/sgscq1-china-client/projects/sgscq/Resources/src_jsc/Views/ChatTablePageView.js,53e042e8e18309ee72f6676a21aef1c39cd6a203eb9cde78386d924150009c20
src_jsc/Views/ClimbLadderArtifactStorey.jsc,src_jsc,Views/ClimbLadderArtifactStorey.jsc,17310,0xb973c051,/Users/zhanglinsen/workspace/bianfeng/sgscq1-china-client/projects/sgscq/Resources/src_jsc/Views/ClimbLadderArtifactStorey.js,8764320793967185c634f241fffdfc5587c6240cb5efa862049fbb54f5d68269
src_jsc/Views/ClimbLadderPFKGView.jsc,src_jsc,Views/ClimbLadderPFKGView.jsc,32605,0xb973c051,/Users/zhanglinsen/workspace/bianfeng/sgscq1-china-client/projects/sgscq/Resources/src_jsc/Views/ClimbLadderPFKGView.js,d7a310e8c6ee39f8427c1144684456b406bf1f0646c5fe5450fe78903d2fe47b
src_jsc/Views/DecisiveBattle/DecisiveBattleMainView.jsc,src_jsc,Views/DecisiveBattle/DecisiveBattleMainView.jsc,21566,0xb973c051,/Users/zhanglinsen/workspace/bianfeng/sgscq1-china-client/projects/sgscq/Resources/src_jsc/Views/DecisiveBattle/DecisiveBattleMainView.js,ed154fcbb5e503089cb79d661356ca627c1e8123627e2ed6dc39f36dada9ebfa
src_jsc/Views/DecisiveBattle/DecisiveBattlePreviewView.jsc,src_jsc,Views/DecisiveBattle/DecisiveBattlePreviewView.jsc,23407,0xb973c051,/Users/zhanglinsen/workspace/bianfeng/sgscq1-china-client/projects/sgscq/Resources/src_jsc/Views/DecisiveBattle/DecisiveBattlePreviewView.js,5e243cfd6519496cf4c8eba39b4a7ab79dd572aae30a41026061d35a2f32b066
src_jsc/Views/DecisiveBattle/OneRoundPlayerListDialog.jsc,src_jsc,Views/DecisiveBattle/OneRoundPlayerListDialog.jsc,15542,0xb973c051,/Users/zhanglinsen/workspace/bianfeng/sgscq1-china-client/projects/sgscq/Resources/src_jsc/Views/DecisiveBattle/OneRoundPlayerListDialog.js,5d3332ad530aedb7fd77b4a43f6993a313ea0c94270e148bc3c1797a3f169304
src_jsc/Views/DecisiveBattle/OutPlayersDialog.jsc,src_jsc,Views/DecisiveBattle/OutPlayersDialog.jsc,9984,0xb973c051,/Users/zhanglinsen/workspace/bianfeng/sgscq1-china-client/projects/sgscq/Resources/src_jsc/Views/DecisiveBattle/OutPlayersDialog.js,5b34f6c5f25babe9ab5b59f159e16fcd1054868f40b4bce190f5fcd9f8c6005e
src_jsc/Views/DecisiveBattle/SupportPointsExchangeView.jsc,src_jsc,Views/DecisiveBattle/SupportPointsExchangeView.jsc,15813,0xb973c051,/Users/zhanglinsen/workspace/bianfeng/sgscq1-china-client/projects/sgscq/Resources/src_jsc/Views/DecisiveBattle/SupportPointsExchangeView.js,ac86fda991dea29dfec3221479969532cc5bc10c940e4b4b849e5564d42fcb8f
src_jsc/Views/DecisiveBattle/SupportRankingDialog.jsc,src_jsc,Views/DecisiveBattle/SupportRankingDialog.jsc,11042,0xb973c051,/Users/zhanglinsen/workspace/bianfeng/sgscq1-china-client/projects/sgscq/Resources/src_jsc/Views/DecisiveBattle/SupportRankingDialog.js,cf8c2fe9e07b35df440a991bfdefa66131eea472e9ce91b6b3ba85291bb2f7ec
src_jsc/Views/DecisiveBattle/SupportRecordView.jsc,src_jsc,Views/DecisiveBattle/SupportRecordView.jsc,12386,0xb973c051,/Users/zhanglinsen/workspace/bianfeng/sgscq1-china-client/projects/sgscq/Resources/src_jsc/Views/DecisiveBattle/SupportRecordView.js,c7a089bbb4158855b33f62a0f6ae45380477256364bc34d7d2bb8f25bb0eb2c9
src_jsc/Views/DecisiveBattle/headers.jsc,src_jsc,Views/DecisiveBattle/headers.jsc,1109,0xb973c051,/Users/zhanglinsen/workspace/bianfeng/sgscq1-china-client/projects/sgscq/Resources/src_jsc/Views/DecisiveBattle/headers.js,1aa23b794b14ca7fdb88bc156dd49e26c02da0a952f1155e9745db1708ddaade
src_jsc/Views/Dialog/AchieveDialog.jsc,src_jsc,Views/Dialog/AchieveDialog.jsc,6740,0xb973c051,/Users/zhanglinsen/workspace/bianfeng/sgscq1-china-client/projects/sgscq/Resources/src_jsc/Views/Dialog/AchieveDialog.js,57c659babcaf0c95285e3407c692f23e6f1dbcaee5f3e4e22b2b1e6e8a7cd1bc
src_jsc/Views/Dialog/Achievement.jsc,src_jsc,Views/Dialog/Achievement.jsc,197,0xb973c051,/Users/zhanglinsen/workspace/bianfeng/sgscq1-china-client/projects/sgscq/Resources/src_jsc/Views/Dialog/Achievement.js,0f2d988f81f9092e062d0419c08836c9ce7c062d26538c52cd21d61275841a45
src_jsc/Views/Dialog/Adventure.jsc,src_jsc,Views/Dialog/Adventure.jsc,25950,0xb973c051,/Users/zhanglinsen/workspace/bianfeng/sgscq1-china-client/projects/sgscq/Resources/src_jsc/Views/Dialog/Adventure.js,bbc5cef1223720ddf032404280b394216af5df9c7743bd5ff8c35e5d8c494b5c
src_jsc/Views/Dialog/AdventureDropDialog.jsc,src_jsc,Views/Dialog/AdventureDropDialog.jsc,10972,0xb973c051,/Users/zhanglinsen/workspace/bianfeng/sgscq1-china-client/projects/sgscq/Resources/src_jsc/Views/Dialog/AdventureDropDialog.js,a9b799821b06bcfb253ea7fd47d7060d3cee945b308b95046d95b17f015b6ceb
src_jsc/Views/Dialog/AdvertisementDialog.jsc,src_jsc,Views/Dialog/AdvertisementDialog.jsc,13176,0xb973c051,/Users/zhanglinsen/workspace/bianfeng/sgscq1-china-client/projects/sgscq/Resources/src_jsc/Views/Dialog/AdvertisementDialog.js,b9dbc5d38895ea6307c803b76782dc70f705762f5731996092dc2ba2891588c0
src_jsc/Views/Dialog/AdvertisementDialogGuide.jsc,src_jsc,Views/Dialog/AdvertisementDialogGuide.jsc,4780,0xb973c051,/Users/zhanglinsen/workspace/bianfeng/sgscq1-china-client/projects/sgscq/Resources/src_jsc/Views/Dialog/AdvertisementDialogGuide.js,af9f2a3121a0736567161296af66eeb5d88ad12e8ed42fc03a3a8a9c1f603e1f
src_jsc/Views/Dialog/AgaSurrenderDialog.jsc,src_jsc,Views/Dialog/AgaSurrenderDialog.jsc,15308,0xb973c051,/Users/zhanglinsen/workspace/bianfeng/sgscq1-china-client/projects/sgscq/Resources/src_jsc/Views/Dialog/AgaSurrenderDialog.js,dd19fcebb5058a1df751251aaf454974179fe095f5516197d3db7373358b79da
src_jsc/Views/Dialog/AnnouncementDialog.jsc,src_jsc,Views/Dialog/AnnouncementDialog.jsc,49246,0xb973c051,/Users/zhanglinsen/workspace/bianfeng/sgscq1-china-client/projects/sgscq/Resources/src_jsc/Views/Dialog/AnnouncementDialog.js,ddccc0531e32dd627e69a4f32a914574b8fa3ac3389a9b17451be42116e04bd3
src_jsc/Views/Dialog/AnnouncementExt.jsc,src_jsc,Views/Dialog/AnnouncementExt.jsc,4101,0xb973c051,/Users/zhanglinsen/workspace/bianfeng/sgscq1-china-client/projects/sgscq/Resources/src_jsc/Views/Dialog/AnnouncementExt.js,4a66e08cb1972bfd63fe2928b7652831b5da84e3c1cf32741760f317e3d9dcbd
src_jsc/Views/Dialog/AutoMultiKillSelectDialog.jsc,src_jsc,Views/Dialog/AutoMultiKillSelectDialog.jsc,20801,0xb973c051,/Users/zhanglinsen/workspace/bianfeng/sgscq1-china-client/projects/sgscq/Resources/src_jsc/Views/Dialog/AutoMultiKillSelectDialog.js,304a9eb5e375c9012ea1b50091246b7ef83f89a9c0dbee6d47ee22be843ac2eb
src_jsc/Views/Dialog/AutoPracticeDialog.jsc,src_jsc,Views/Dialog/AutoPracticeDialog.jsc,18391,0xb973c051,/Users/zhanglinsen/workspace/bianfeng/sgscq1-china-client/projects/sgscq/Resources/src_jsc/Views/Dialog/AutoPracticeDialog.js,a242d3b5258605f791740e0036b92470ab7aacb4e3ef8ed192032f1d6acfba11
src_jsc/Views/Dialog/AutoPracticeResultDialog.jsc,src_jsc,Views/Dialog/AutoPracticeResultDialog.jsc,10336,0xb973c051,/Users/zhanglinsen/workspace/bianfeng/sgscq1-china-client/projects/sgscq/Resources/src_jsc/Views/Dialog/AutoPracticeResultDialog.js,47b2c9d74498d481f4c67247aa0959b09c34388e349863f9a753a36cd919948e
src_jsc/Views/Dialog/AvoidWarDialog.jsc,src_jsc,Views/Dialog/AvoidWarDialog.jsc,4319,0xb973c051,/Users/zhanglinsen/workspace/bianfeng/sgscq1-china-client/projects/sgscq/Resources/src_jsc/Views/Dialog/AvoidWarDialog.js,e757d87f57804caebee14de67f6173e14c48d5284f6d4a2f802c535136355821
src_jsc/Views/Dialog/AwakeChangeYuanFenDialog.jsc,src_jsc,Views/Dialog/AwakeChangeYuanFenDialog.jsc,17384,0xb973c051,/Users/zhanglinsen/workspace/bianfeng/sgscq1-china-client/projects/sgscq/Resources/src_jsc/Views/Dialog/AwakeChangeYuanFenDialog.js,ea44359b561ab0d884f2bc23681e92586ddbfe4e186e4f784bbe957e82c3f7d1
src_jsc/Views/Dialog/AwakeConfirmDialog.jsc,src_jsc,Views/Dialog/AwakeConfirmDialog.jsc,8680,0xb973c051,/Users/zhanglinsen/workspace/bianfeng/sgscq1-china-client/projects/sgscq/Resources/src_jsc/Views/Dialog/AwakeConfirmDialog.js,60e9ec986e24a577a3053d319fb07ef95315df0fc027633350896864c9a4ea2a
src_jsc/Views/Dialog/AwakeInfoDialog.jsc,src_jsc,Views/Dialog/AwakeInfoDialog.jsc,14750,0xb973c051,/Users/zhanglinsen/workspace/bianfeng/sgscq1-china-client/projects/sgscq/Resources/src_jsc/Views/Dialog/AwakeInfoDialog.js,e6f73fee2f049b2906f9b833a177d89efc7032c3124254f6ecdc3a0bd4077635
src_jsc/Views/Dialog/BeautyShopDialog.jsc,src_jsc,Views/Dialog/BeautyShopDialog.jsc,19867,0xb973c051,/Users/zhanglinsen/workspace/bianfeng/sgscq1-china-client/projects/sgscq/Resources/src_jsc/Views/Dialog/BeautyShopDialog.js,752348132ce072d3b303fc365b36a57fa413607a452fe207e5cebf72152ede47
src_jsc/Views/Dialog/BeautyTipsDialog.jsc,src_jsc,Views/Dialog/BeautyTipsDialog.jsc,6919,0xb973c051,/Users/zhanglinsen/workspace/bianfeng/sgscq1-china-client/projects/sgscq/Resources/src_jsc/Views/Dialog/BeautyTipsDialog.js,9d7c26373fe75045157363e06e6236b7c53192bd8a9c344072a1420db58d3328
src_jsc/Views/Dialog/BecomeStrongerDialog.jsc,src_jsc,Views/Dialog/BecomeStrongerDialog.jsc,33007,0xb973c051,/Users/zhanglinsen/workspace/bianfeng/sgscq1-china-client/projects/sgscq/Resources/src_jsc/Views/Dialog/BecomeStrongerDialog.js,3762947ad92194d668a47b850769deb9cd0af1909c8c5410201ad1f9206181ed
src_jsc/Views/Dialog/BindingDialog.jsc,src_jsc,Views/Dialog/BindingDialog.jsc,16743,0xb973c051,/Users/zhanglinsen/workspace/bianfeng/sgscq1-china-client/projects/sgscq/Resources/src_jsc/Views/Dialog/BindingDialog.js,730032a3a3e6524a39e2e1bf6d72d684ec5a307889c5ecb486f2476386e21ab5
src_jsc/Views/Dialog/BindingTelDialog.jsc,src_jsc,Views/Dialog/BindingTelDialog.jsc,7562,0xb973c051,/Users/zhanglinsen/workspace/bianfeng/sgscq1-china-client/projects/sgscq/Resources/src_jsc/Views/Dialog/BindingTelDialog.js,131027bbd670d2cc2251c75a21b4dc640bf6a35c67332e23cc496386fd983270
src_jsc/Views/Dialog/BreachResult.jsc,src_jsc,Views/Dialog/BreachResult.jsc,13508,0xb973c051,/Users/zhanglinsen/workspace/bianfeng/sgscq1-china-client/projects/sgscq/Resources/src_jsc/Views/Dialog/BreachResult.js,69c423d2234e44dca512c51d9c02e6eaec49f89a660a451817dd02573f24251f
src_jsc/Views/Dialog/BuddyInfoDialog.jsc,src_jsc,Views/Dialog/BuddyInfoDialog.jsc,2145,0xb973c051,/Users/zhanglinsen/workspace/bianfeng/sgscq1-china-client/projects/sgscq/Resources/src_jsc/Views/Dialog/BuddyInfoDialog.js,4ae9504193236965f1e4c8e925c82209b25e2b5bc010dd8d10ebe8936ca93362
src_jsc/Views/Dialog/ChargeDialog.jsc,src_jsc,Views/Dialog/ChargeDialog.jsc,10456,0xb973c051,/Users/zhanglinsen/workspace/bianfeng/sgscq1-china-client/projects/sgscq/Resources/src_jsc/Views/Dialog/ChargeDialog.js,470b6c7d1eb3e810120813710e93857038d4ed89282e8ad24f8a1ad8ca042ab0
src_jsc/Views/Dialog/ChargePrivilegeDialog.jsc,src_jsc,Views/Dialog/ChargePrivilegeDialog.jsc,8319,0xb973c051,/Users/zhanglinsen/workspace/bianfeng/sgscq1-china-client/projects/sgscq/Resources/src_jsc/Views/Dialog/ChargePrivilegeDialog.js,236c4135318ff0ddb87d82ab9bbffd2178ff4e7ade19ef538b5ffdb06bc06230
src_jsc/Views/Dialog/ChatDialog.jsc,src_jsc,Views/Dialog/ChatDialog.jsc,6873,0xb973c051,/Users/zhanglinsen/workspace/bianfeng/sgscq1-china-client/projects/sgscq/Resources/src_jsc/Views/Dialog/ChatDialog.js,116b7af1897240ecb06bccb42a814c3be08046586f53d72cb96c659e5cbdb5fe
src_jsc/Views/Dialog/CheckOrderDialog.jsc,src_jsc,Views/Dialog/CheckOrderDialog.jsc,10951,0xb973c051,/Users/zhanglinsen/workspace/bianfeng/sgscq1-china-client/projects/sgscq/Resources/src_jsc/Views/Dialog/CheckOrderDialog.js,698e59929764ec25bac7e0646c5388d1a119e2e2c2d4b71c389e78feac702f72
src_jsc/Views/Dialog/ClimbLaddersFailDialog.jsc,src_jsc,Views/Dialog/ClimbLaddersFailDialog.jsc,3877,0xb973c051,/Users/zhanglinsen/workspace/bianfeng/sgscq1-china-client/projects/sgscq/Resources/src_jsc/Views/Dialog/ClimbLaddersFailDialog.js,bcd9f317426ff20e68b44395af8b509cf13e3092b71438eee1ea53223c395f84
src_jsc/Views/Dialog/CommonDialog.jsc,src_jsc,Views/Dialog/CommonDialog.jsc,24101,0xb973c051,/Users/zhanglinsen/workspace/bianfeng/sgscq1-china-client/projects/sgscq/Resources/src_jsc/Views/Dialog/CommonDialog.js,e738f2c7c4f1555591f1609c15dca44f23759066b045fabcd22f2d30c224bf12
src_jsc/Views/Dialog/DailyTaskDialog.jsc,src_jsc,Views/Dialog/DailyTaskDialog.jsc,7397,0xb973c051,/Users/zhanglinsen/workspace/bianfeng/sgscq1-china-client/projects/sgscq/Resources/src_jsc/Views/Dialog/DailyTaskDialog.js,7366065e7675d690447f1a66ab20b3bb83ea4cee0873bd66c431557a275548c1
src_jsc/Views/Dialog/DecisiveSupportDialog.jsc,src_jsc,Views/Dialog/DecisiveSupportDialog.jsc,23553,0xb973c051,/Users/zhanglinsen/workspace/bianfeng/sgscq1-china-client/projects/sgscq/Resources/src_jsc/Views/Dialog/DecisiveSupportDialog.js,76762947b54b8fb2f25607f5cc9450a3bd381214c54fd5e800c12675d4b88f41
src_jsc/Views/Dialog/DetailDialogComponent.jsc,src_jsc,Views/Dialog/DetailDialogComponent.jsc,99074,0xb973c051,/Users/zhanglinsen/workspace/bianfeng/sgscq1-china-client/projects/sgscq/Resources/src_jsc/Views/Dialog/DetailDialogComponent.js,04055137ca532cb5e56a7ae45244abe8ac4236b525fad63dc0122324d47b756b
src_jsc/Views/Dialog/DetailDialogEquip.jsc,src_jsc,Views/Dialog/DetailDialogEquip.jsc,18885,0xb973c051,/Users/zhanglinsen/workspace/bianfeng/sgscq1-china-client/projects/sgscq/Resources/src_jsc/Views/Dialog/DetailDialogEquip.js,bec2a1d78ba4c5af1d6c0942cb26b4fcecd60a4ba87fa37fa4299672007de0ab
src_jsc/Views/Dialog/DetailDialogGeneral.jsc,src_jsc,Views/Dialog/DetailDialogGeneral.jsc,35119,0xb973c051,/Users/zhanglinsen/workspace/bianfeng/sgscq1-china-client/projects/sgscq/Resources/src_jsc/Views/Dialog/DetailDialogGeneral.js,74ffaf3ba35fea758f0d321f859c17509c73aad9742b07be565abdf3ecc1d8d8
src_jsc/Views/Dialog/DetailDialogSkill.jsc,src_jsc,Views/Dialog/DetailDialogSkill.jsc,21849,0xb973c051,/Users/zhanglinsen/workspace/bianfeng/sgscq1-china-client/projects/sgscq/Resources/src_jsc/Views/Dialog/DetailDialogSkill.js,3d989780a64d8133770b96d039468bf0410ec5355c290c2bb2c54281bfa9ebf9
src_jsc/Views/Dialog/DetailFade.jsc,src_jsc,Views/Dialog/DetailFade.jsc,6804,0xb973c051,/Users/zhanglinsen/workspace/bianfeng/sgscq1-china-client/projects/sgscq/Resources/src_jsc/Views/Dialog/DetailFade.js,2fa91b48043eeceb13436fea33b7cb53cf92ab1ddb0496ea2019803e424239a0
src_jsc/Views/Dialog/DevelopInstruction.jsc,src_jsc,Views/Dialog/DevelopInstruction.jsc,3594,0xb973c051,/Users/zhanglinsen/workspace/bianfeng/sgscq1-china-client/projects/sgscq/Resources/src_jsc/Views/Dialog/DevelopInstruction.js,e7cbd903545e34338508b7d5be99ef96db8f48ea4a8b558f5ff850c958c844bf
src_jsc/Views/Dialog/Dialog.jsc,src_jsc,Views/Dialog/Dialog.jsc,26153,0xb973c051,/Users/zhanglinsen/workspace/bianfeng/sgscq1-china-client/projects/sgscq/Resources/src_jsc/Views/Dialog/Dialog.js,74c28b9980ebddbc9547c24145847861570b2ce84d1e1ba153949e7658a42d1f
src_jsc/Views/Dialog/DuanWuDialog.jsc,src_jsc,Views/Dialog/DuanWuDialog.jsc,19964,0xb973c051,/Users/zhanglinsen/workspace/bianfeng/sgscq1-china-client/projects/sgscq/Resources/src_jsc/Views/Dialog/DuanWuDialog.js,2aa1455840ef7f7318ca15ff6a54f24c54be0c9f220f396244a90315f3d25996
src_jsc/Views/Dialog/DungeonDetail.jsc,src_jsc,Views/Dialog/DungeonDetail.jsc,28611,0xb973c051,/Users/zhanglinsen/workspace/bianfeng/sgscq1-china-client/projects/sgscq/Resources/src_jsc/Views/Dialog/DungeonDetail.js,7ca07a477bebb35451686c399b1a06499f335b817f850689370b728d0bec012f
src_jsc/Views/Dialog/DungeonDetailB.jsc,src_jsc,Views/Dialog/DungeonDetailB.jsc,24824,0xb973c051,/Users/zhanglinsen/workspace/bianfeng/sgscq1-china-client/projects/sgscq/Resources/src_jsc/Views/Dialog/DungeonDetailB.js,d78b7e3fce5b2668e83b09011916e9826729aa593ca8e23a8bbc47a51f6db3ed
src_jsc/Views/Dialog/EquipmentStrengthenDialog.jsc,src_jsc,Views/Dialog/EquipmentStrengthenDialog.jsc,20061,0xb973c051,/Users/zhanglinsen/workspace/bianfeng/sgscq1-china-client/projects/sgscq/Resources/src_jsc/Views/Dialog/EquipmentStrengthenDialog.js,76179ea22b807a64930a4daf275d9937a81c854d3014262cbb798e72cf56b01e
src_jsc/Views/Dialog/ErrorDialog.jsc,src_jsc,Views/Dialog/ErrorDialog.jsc,8097,0xb973c051,/Users/zhanglinsen/workspace/bianfeng/sgscq1-china-client/projects/sgscq/Resources/src_jsc/Views/Dialog/ErrorDialog.js,4492e07927ff05a60adbe471bbca7d003e57b5cc46227abfc6d59fa38a34b952
src_jsc/Views/Dialog/ExchangeCDKey.jsc,src_jsc,Views/Dialog/ExchangeCDKey.jsc,6019,0xb973c051,/Users/zhanglinsen/workspace/bianfeng/sgscq1-china-client/projects/sgscq/Resources/src_jsc/Views/Dialog/ExchangeCDKey.js,3adb1ac0fd2618c66c28d25597b6153c89e8d918af12b85b687f1639e19f9b78
src_jsc/Views/Dialog/FGLoginDialog.jsc,src_jsc,Views/Dialog/FGLoginDialog.jsc,6240,0xb973c051,/Users/zhanglinsen/workspace/bianfeng/sgscq1-china-client/projects/sgscq/Resources/src_jsc/Views/Dialog/FGLoginDialog.js,854d6d334147d80735030b68d64269c5586424254a08f67543df65d8242ed6ba
src_jsc/Views/Dialog/FacebookLoginDialog.jsc,src_jsc,Views/Dialog/FacebookLoginDialog.jsc,7893,0xb973c051,/Users/zhanglinsen/workspace/bianfeng/sgscq1-china-client/projects/sgscq/Resources/src_jsc/Views/Dialog/FacebookLoginDialog.js,dbcf4a572205695a009741273e3dd9dfcef1505962388491a10d29343f5acb75
src_jsc/Views/Dialog/FightResult.jsc,src_jsc,Views/Dialog/FightResult.jsc,24054,0xb973c051,/Users/zhanglinsen/workspace/bianfeng/sgscq1-china-client/projects/sgscq/Resources/src_jsc/Views/Dialog/FightResult.js,548ebd990d95dbb16066e70560f6266ff644c8d163ea36b40173b35156dbe528
src_jsc/Views/Dialog/FirstChargeDialog.jsc,src_jsc,Views/Dialog/FirstChargeDialog.jsc,5540,0xb973c051,/Users/zhanglinsen/workspace/bianfeng/sgscq1-china-client/projects/sgscq/Resources/src_jsc/Views/Dialog/FirstChargeDialog.js,8cabaca7fcca09c79ae67a97cce0d857073b25b7adb0f4b5c069ec4cbd95750d
src_jsc/Views/Dialog/FriendOperationDialog.jsc,src_jsc,Views/Dialog/FriendOperationDialog.jsc,6904,0xb973c051,/Users/zhanglinsen/workspace/bianfeng/sgscq1-china-client/projects/sgscq/Resources/src_jsc/Views/Dialog/FriendOperationDialog.js,7853f1fc268a0818ea0552fbf4bf4aebbe36e76e1cdd8f60a833db7f58db3bf6
src_jsc/Views/Dialog/GeneralPreviewDialog.jsc,src_jsc,Views/Dialog/GeneralPreviewDialog.jsc,12938,0xb973c051,/Users/zhanglinsen/workspace/bianfeng/sgscq1-china-client/projects/sgscq/Resources/src_jsc/Views/Dialog/GeneralPreviewDialog.js,e89e97d9dc2189c9ce4e7c452d762f31efe0c3b0a74a63749804699385da340a
src_jsc/Views/Dialog/GeneralTrainingResultDialog.jsc,src_jsc,Views/Dialog/GeneralTrainingResultDialog.jsc,16160,0xb973c051,/Users/zhanglinsen/workspace/bianfeng/sgscq1-china-client/projects/sgscq/Resources/src_jsc/Views/Dialog/GeneralTrainingResultDialog.js,3c6295152c2efaa6a2776c95df61ea18ae331f8333d64b8ab4129df7e355e70d
src_jsc/Views/Dialog/GoldDrawDialog.jsc,src_jsc,Views/Dialog/GoldDrawDialog.jsc,7061,0xb973c051,/Users/zhanglinsen/workspace/bianfeng/sgscq1-china-client/projects/sgscq/Resources/src_jsc/Views/Dialog/GoldDrawDialog.js,1dd709d0dc810a42ce7ff4eb63252a062d461b247fc3bc2878a6d1d05114b84b
src_jsc/Views/Dialog/IdCardBindingDialog.jsc,src_jsc,Views/Dialog/IdCardBindingDialog.jsc,8685,0xb973c051,/Users/zhanglinsen/workspace/bianfeng/sgscq1-china-client/projects/sgscq/Resources/src_jsc/Views/Dialog/IdCardBindingDialog.js,28bd7eeb17d25dc0918d12833b86f8c7a9f155b5b4ac636f8a54ca1213f5be7b
src_jsc/Views/Dialog/InstructionDialog.jsc,src_jsc,Views/Dialog/InstructionDialog.jsc,6206,0xb973c051,/Users/zhanglinsen/workspace/bianfeng/sgscq1-china-client/projects/sgscq/Resources/src_jsc/Views/Dialog/InstructionDialog.js,2d2800faf41e605c9d09ec50a500d96d4ea163f82270ed00cf43012cfa434e64
src_jsc/Views/Dialog/JiFenDuiHuanDialog.jsc,src_jsc,Views/Dialog/JiFenDuiHuanDialog.jsc,19892,0xb973c051,/Users/zhanglinsen/workspace/bianfeng/sgscq1-china-client/projects/sgscq/Resources/src_jsc/Views/Dialog/JiFenDuiHuanDialog.js,302487dd1b38a4ec543be381f94a579ba0933bfee9169cc97f1138ced96e85f0
src_jsc/Views/Dialog/LabourlDialog.jsc,src_jsc,Views/Dialog/LabourlDialog.jsc,19858,0xb973c051,/Users/zhanglinsen/workspace/bianfeng/sgscq1-china-client/projects/sgscq/Resources/src_jsc/Views/Dialog/LabourlDialog.js,f3fc08f34d9880d0f7b1d261e8eebf25bf66448fda34244a379192c75fc31315
src_jsc/Views/Dialog/MemorialDialog.jsc,src_jsc,Views/Dialog/MemorialDialog.jsc,19873,0xb973c051,/Users/zhanglinsen/workspace/bianfeng/sgscq1-china-client/projects/sgscq/Resources/src_jsc/Views/Dialog/MemorialDialog.js,f36a06ba00466616145f6b82073484839df982cac4a56bbe6620822011082953
src_jsc/Views/Dialog/MessagePopView.jsc,src_jsc,Views/Dialog/MessagePopView.jsc,13124,0xb973c051,/Users/zhanglinsen/workspace/bianfeng/sgscq1-china-client/projects/sgscq/Resources/src_jsc/Views/Dialog/MessagePopView.js,03679918591fb3034252e40eec53156c5c0ab4f206a593039472604192b9699a
src_jsc/Views/Dialog/MulitiFightDialog.jsc,src_jsc,Views/Dialog/MulitiFightDialog.jsc,5571,0xb973c051,/Users/zhanglinsen/workspace/bianfeng/sgscq1-china-client/projects/sgscq/Resources/src_jsc/Views/Dialog/MulitiFightDialog.js,91dbab4d291b8defb700b3771302f6d16691ea2b01d0f57dfab760dd68a7633e
src_jsc/Views/Dialog/MultiItemBuyDialog.jsc,src_jsc,Views/Dialog/MultiItemBuyDialog.jsc,6832,0xb973c051,/Users/zhanglinsen/workspace/bianfeng/sgscq1-china-client/projects/sgscq/Resources/src_jsc/Views/Dialog/MultiItemBuyDialog.js,4e2532e1fdc5832a5c245bf75d32bc4dfbf59862eb84a58f31ca809cc6349f78
src_jsc/Views/Dialog/MultiItemExchangeDialog.jsc,src_jsc,Views/Dialog/MultiItemExchangeDialog.jsc,9295,0xb973c051,/Users/zhanglinsen/workspace/bianfeng/sgscq1-china-client/projects/sgscq/Resources/src_jsc/Views/Dialog/MultiItemExchangeDialog.js,f56ced84401e2f80c1ed451df666af48a81b5283bd8f430449630bbe81220157
src_jsc/Views/Dialog/MysteryStoreDialog.jsc,src_jsc,Views/Dialog/MysteryStoreDialog.jsc,24987,0xb973c051,/Users/zhanglinsen/workspace/bianfeng/sgscq1-china-client/projects/sgscq/Resources/src_jsc/Views/Dialog/MysteryStoreDialog.js,a2f6f2d01d59dd145b1e77c2f0f3cccedc9f36113b4cfef10961345a924abc39
src_jsc/Views/Dialog/PlantTreeDlg.jsc,src_jsc,Views/Dialog/PlantTreeDlg.jsc,18800,0xb973c051,/Users/zhanglinsen/workspace/bianfeng/sgscq1-china-client/projects/sgscq/Resources/src_jsc/Views/Dialog/PlantTreeDlg.js,72502142b3ec5d3823d111a3b5969cc8aedb2f910e39f113bef2da213d78b615
src_jsc/Views/Dialog/PlayerInfoDialog.jsc,src_jsc,Views/Dialog/PlayerInfoDialog.jsc,20019,0xb973c051,/Users/zhanglinsen/workspace/bianfeng/sgscq1-china-client/projects/sgscq/Resources/src_jsc/Views/Dialog/PlayerInfoDialog.js,5f0c603045580534534493cbaf2b1700618663d6cd1515f060bdc42273f59d5f
src_jsc/Views/Dialog/PublicCopyDialog.jsc,src_jsc,Views/Dialog/PublicCopyDialog.jsc,20247,0xb973c051,/Users/zhanglinsen/workspace/bianfeng/sgscq1-china-client/projects/sgscq/Resources/src_jsc/Views/Dialog/PublicCopyDialog.js,c8f3e6b1a5d16d3e445f7ed3f090a494851f738a428073e008848974d6cb74c6
src_jsc/Views/Dialog/PublicNotice.jsc,src_jsc,Views/Dialog/PublicNotice.jsc,4795,0xb973c051,/Users/zhanglinsen/workspace/bianfeng/sgscq1-china-client/projects/sgscq/Resources/src_jsc/Views/Dialog/PublicNotice.js,d9b1b65d6bcd96cb09f3f466a614ce257d752b6876ad57cfc54a6264038bc474
src_jsc/Views/Dialog/RandEvent.jsc,src_jsc,Views/Dialog/RandEvent.jsc,7681,0xb973c051,/Users/zhanglinsen/workspace/bianfeng/sgscq1-china-client/projects/sgscq/Resources/src_jsc/Views/Dialog/RandEvent.js,4c879f564930ec210ec7d8cd7f95536d14e2bf243e55f417cc32545104134f9a
src_jsc/Views/Dialog/RefineEquipmentDialog.jsc,src_jsc,Views/Dialog/RefineEquipmentDialog.jsc,21359,0xb973c051,/Users/zhanglinsen/workspace/bianfeng/sgscq1-china-client/projects/sgscq/Resources/src_jsc/Views/Dialog/RefineEquipmentDialog.js,02e90c24df0131fb96059c5e7d241526b64da434c89a57a318f255a4d0cead1a
src_jsc/Views/Dialog/ReplaceCardDialog.jsc,src_jsc,Views/Dialog/ReplaceCardDialog.jsc,71366,0xb973c051,/Users/zhanglinsen/workspace/bianfeng/sgscq1-china-client/projects/sgscq/Resources/src_jsc/Views/Dialog/ReplaceCardDialog.js,2db989ca3711ae0d4b4320aa7e6aa3a823d1a1c338eba11ac683d9c2111c4b4a
src_jsc/Views/Dialog/SelectOpenBoxNumDialog.jsc,src_jsc,Views/Dialog/SelectOpenBoxNumDialog.jsc,6902,0xb973c051,/Users/zhanglinsen/workspace/bianfeng/sgscq1-china-client/projects/sgscq/Resources/src_jsc/Views/Dialog/SelectOpenBoxNumDialog.js,f9e22fd53a36b0e9058014e139c50860d4e71dbbe15112780966405fa9d7f9e5
src_jsc/Views/Dialog/SelectResolveNumDialog.jsc,src_jsc,Views/Dialog/SelectResolveNumDialog.jsc,7112,0xb973c051,/Users/zhanglinsen/workspace/bianfeng/sgscq1-china-client/projects/sgscq/Resources/src_jsc/Views/Dialog/SelectResolveNumDialog.js,29f0f2d401e5d952ede5a41534416d99fee01bb3c56d862d1f216a0d35c2b02b
src_jsc/Views/Dialog/SelectSgsChannelDialog.jsc,src_jsc,Views/Dialog/SelectSgsChannelDialog.jsc,10287,0xb973c051,/Users/zhanglinsen/workspace/bianfeng/sgscq1-china-client/projects/sgscq/Resources/src_jsc/Views/Dialog/SelectSgsChannelDialog.js,a1866f73a05942640d6632172b355b8b50607f0e4fab0fbad8dc7408b698d82f
src_jsc/Views/Dialog/SendMessageDialog.jsc,src_jsc,Views/Dialog/SendMessageDialog.jsc,8143,0xb973c051,/Users/zhanglinsen/workspace/bianfeng/sgscq1-china-client/projects/sgscq/Resources/src_jsc/Views/Dialog/SendMessageDialog.js,106c2cdd4614ab825dde5b59202880be30b88dc0eeadf5904112e7e987f71aff
src_jsc/Views/Dialog/SkillUpDialog.jsc,src_jsc,Views/Dialog/SkillUpDialog.jsc,31554,0xb973c051,/Users/zhanglinsen/workspace/bianfeng/sgscq1-china-client/projects/sgscq/Resources/src_jsc/Views/Dialog/SkillUpDialog.js,27edc3985de1267114410db125f50d512b49e9b30a6c5835e5270723f1012e43
src_jsc/Views/Dialog/SlotMachinesActivities.jsc,src_jsc,Views/Dialog/SlotMachinesActivities.jsc,17832,0xb973c051,/Users/zhanglinsen/workspace/bianfeng/sgscq1-china-client/projects/sgscq/Resources/src_jsc/Views/Dialog/SlotMachinesActivities.js,77c887a99e21ba3fbb2d80aa3005c36ba3fc2dc24c54b5498d17faa77d3b1c16
src_jsc/Views/Dialog/SpecificDialog.jsc,src_jsc,Views/Dialog/SpecificDialog.jsc,48481,0xb973c051,/Users/zhanglinsen/workspace/bianfeng/sgscq1-china-client/projects/sgscq/Resources/src_jsc/Views/Dialog/SpecificDialog.js,f88354f82e655ec27999e7c123b1b5850e5a14a42eb12b5ea10e96841f66fe29
src_jsc/Views/Dialog/SpiritStoneDialog.jsc,src_jsc,Views/Dialog/SpiritStoneDialog.jsc,18779,0xb973c051,/Users/zhanglinsen/workspace/bianfeng/sgscq1-china-client/projects/sgscq/Resources/src_jsc/Views/Dialog/SpiritStoneDialog.js,1b3bfa2b92aad3a3361af0801247b4ebbad671d69a7dffb4c9102476f25b4403
src_jsc/Views/Dialog/Story.jsc,src_jsc,Views/Dialog/Story.jsc,12635,0xb973c051,/Users/zhanglinsen/workspace/bianfeng/sgscq1-china-client/projects/sgscq/Resources/src_jsc/Views/Dialog/Story.js,2da88e68b570051d22e74b044f1a9e6d51cb36bbc9a3ab0a70d51a846a5563ac
src_jsc/Views/Dialog/TeamInfoDialog.jsc,src_jsc,Views/Dialog/TeamInfoDialog.jsc,2726,0xb973c051,/Users/zhanglinsen/workspace/bianfeng/sgscq1-china-client/projects/sgscq/Resources/src_jsc/Views/Dialog/TeamInfoDialog.js,fe594ac75d78c3b915ae6facbdb5808687ea3fcb39df0b5f5528ad2adb962ec4
src_jsc/Views/Dialog/UnionActiveDialog.jsc,src_jsc,Views/Dialog/UnionActiveDialog.jsc,15894,0xb973c051,/Users/zhanglinsen/workspace/bianfeng/sgscq1-china-client/projects/sgscq/Resources/src_jsc/Views/Dialog/UnionActiveDialog.js,53c5e757446701af8ecb2dcdb47f29aab14e0fa596ac3e53f1c316a04716dfe6
src_jsc/Views/Dialog/UnionChgNoticeSignDialog.jsc,src_jsc,Views/Dialog/UnionChgNoticeSignDialog.jsc,10117,0xb973c051,/Users/zhanglinsen/workspace/bianfeng/sgscq1-china-client/projects/sgscq/Resources/src_jsc/Views/Dialog/UnionChgNoticeSignDialog.js,575035a7fcef7054afa0b86525f0090ed4117745fdcd6ad5871cfdd5b71d82ba
src_jsc/Views/Dialog/UnionDepotMemberDialog.jsc,src_jsc,Views/Dialog/UnionDepotMemberDialog.jsc,18033,0xb973c051,/Users/zhanglinsen/workspace/bianfeng/sgscq1-china-client/projects/sgscq/Resources/src_jsc/Views/Dialog/UnionDepotMemberDialog.js,2d71eb5bb42e27edac648e0c4d8e49d47dc7ecac0b2ee9260bd4cc20e077465e
src_jsc/Views/Dialog/UnionDepotNumChooseDialog.jsc,src_jsc,Views/Dialog/UnionDepotNumChooseDialog.jsc,8953,0xb973c051,/Users/zhanglinsen/workspace/bianfeng/sgscq1-china-client/projects/sgscq/Resources/src_jsc/Views/Dialog/UnionDepotNumChooseDialog.js,ac4b84d922af92ced0625b32d1c188d9da181fc248d03a18cca7a26c681107cd
src_jsc/Views/Dialog/UnionEncounterMapDialog.jsc,src_jsc,Views/Dialog/UnionEncounterMapDialog.jsc,34202,0xb973c051,/Users/zhanglinsen/workspace/bianfeng/sgscq1-china-client/projects/sgscq/Resources/src_jsc/Views/Dialog/UnionEncounterMapDialog.js,f3b180403e8d5322cbbdf8c6759cab035ade88cd360eb574af6cd27f96dafa54
src_jsc/Views/Dialog/UnionWarActivePromoteDialog.jsc,src_jsc,Views/Dialog/UnionWarActivePromoteDialog.jsc,7343,0xb973c051,/Users/zhanglinsen/workspace/bianfeng/sgscq1-china-client/projects/sgscq/Resources/src_jsc/Views/Dialog/UnionWarActivePromoteDialog.js,0aa3b381631f731fcc62954233aee81f734e4a55046e7c3ca28d5ced422df202
src_jsc/Views/Dialog/UnionWarBattleResultDialog.jsc,src_jsc,Views/Dialog/UnionWarBattleResultDialog.jsc,13979,0xb973c051,/Users/zhanglinsen/workspace/bianfeng/sgscq1-china-client/projects/sgscq/Resources/src_jsc/Views/Dialog/UnionWarBattleResultDialog.js,d140fe8b514de4532ddfb9a6a8cd3cd1535502d1f6ae1653b0040b02bc28d4f5
src_jsc/Views/Dialog/UnionWarFightDialog.jsc,src_jsc,Views/Dialog/UnionWarFightDialog.jsc,2154,0xb973c051,/Users/zhanglinsen/workspace/bianfeng/sgscq1-china-client/projects/sgscq/Resources/src_jsc/Views/Dialog/UnionWarFightDialog.js,d7059671036aba098dc3694b8b7de38925d0acab45dc0b5af27e9ead0fb4b8a7
src_jsc/Views/Dialog/UnionWarFlowChartDialog.jsc,src_jsc,Views/Dialog/UnionWarFlowChartDialog.jsc,7654,0xb973c051,/Users/zhanglinsen/workspace/bianfeng/sgscq1-china-client/projects/sgscq/Resources/src_jsc/Views/Dialog/UnionWarFlowChartDialog.js,dfc5263ceb9f342a239b2393a04218fdbbfbc833aec40de14fa417975c105641
src_jsc/Views/Dialog/UsrUpgrade.jsc,src_jsc,Views/Dialog/UsrUpgrade.jsc,7133,0xb973c051,/Users/zhanglinsen/workspace/bianfeng/sgscq1-china-client/projects/sgscq/Resources/src_jsc/Views/Dialog/UsrUpgrade.js,25342a2b21c428ca307f9829cfb200139e1f50071f2c26fd3721778c65fa8798
src_jsc/Views/Dialog/UsrUpgradeNew.jsc,src_jsc,Views/Dialog/UsrUpgradeNew.jsc,22822,0xb973c051,/Users/zhanglinsen/workspace/bianfeng/sgscq1-china-client/projects/sgscq/Resources/src_jsc/Views/Dialog/UsrUpgradeNew.js,0ecd2cdacaebea2d70588daf304b605b3055980b5e0ed4ac116bd4e0cf926a4e
src_jsc/Views/Dialog/UsrUpgradeWillOpen.jsc,src_jsc,Views/Dialog/UsrUpgradeWillOpen.jsc,5075,0xb973c051,/Users/zhanglinsen/workspace/bianfeng/sgscq1-china-client/projects/sgscq/Resources/src_jsc/Views/Dialog/UsrUpgradeWillOpen.js,46bf3dcfa3ceca419a37e048301b82b0d255f4eef3c97295f7f67f2d6de736b9
src_jsc/Views/Dialog/VerificationTelDialog.jsc,src_jsc,Views/Dialog/VerificationTelDialog.jsc,8499,0xb973c051,/Users/zhanglinsen/workspace/bianfeng/sgscq1-china-client/projects/sgscq/Resources/src_jsc/Views/Dialog/VerificationTelDialog.js,a61ff48599d617a6182cf801f16d610fa9f3f01ca35f9ee07467db287770eb95
src_jsc/Views/Dialog/headers.jsc,src_jsc,Views/Dialog/headers.jsc,7598,0xb973c051,/Users/zhanglinsen/workspace/bianfeng/sgscq1-china-client/projects/sgscq/Resources/src_jsc/Views/Dialog/headers.js,3ab14217da0e61b2208e7bc04e8997bcbf3e909e428685b049874c55594fc6eb
src_jsc/Views/EquipmentReinforceView.jsc,src_jsc,Views/EquipmentReinforceView.jsc,9427,0xb973c051,/Users/zhanglinsen/workspace/bianfeng/sgscq1-china-client/projects/sgscq/Resources/src_jsc/Views/EquipmentReinforceView.js,1b9aa3b1ec9455c21390b912e273f25120d1b67b45a8515f58902aadcc5c95cd
src_jsc/Views/EquipmentsListView.jsc,src_jsc,Views/EquipmentsListView.jsc,581,0xb973c051,/Users/zhanglinsen/workspace/bianfeng/sgscq1-china-client/projects/sgscq/Resources/src_jsc/Views/EquipmentsListView.js,793f9b96dc8ce08f0e06b34576777d694ec5fe41cef75037207abeb1a2f8b260
src_jsc/Views/FeedBack.jsc,src_jsc,Views/FeedBack.jsc,4467,0xb973c051,/Users/zhanglinsen/workspace/bianfeng/sgscq1-china-client/projects/sgscq/Resources/src_jsc/Views/FeedBack.js,caf6c6bcc139783ba768124d04b586a8ac0c5ae4d78de3877a6ed109f7c1e07c
src_jsc/Views/Gems/AllGemsListDialog.jsc,src_jsc,Views/Gems/AllGemsListDialog.jsc,11749,0xb973c051,/Users/zhanglinsen/workspace/bianfeng/sgscq1-china-client/projects/sgscq/Resources/src_jsc/Views/Gems/AllGemsListDialog.js,9945bba17b7326ed9fd46156b4fbc824281f6beded5ea6a304f90c8145f0ad34
src_jsc/Views/Gems/GemsBagView.jsc,src_jsc,Views/Gems/GemsBagView.jsc,14629,0xb973c051,/Users/zhanglinsen/workspace/bianfeng/sgscq1-china-client/projects/sgscq/Resources/src_jsc/Views/Gems/GemsBagView.js,7cd7b44371e988e0f289d6f8886c31daed3ca379023812fa3e1e9de3845f69ba
src_jsc/Views/Gems/GemsComposeView.jsc,src_jsc,Views/Gems/GemsComposeView.jsc,24738,0xb973c051,/Users/zhanglinsen/workspace/bianfeng/sgscq1-china-client/projects/sgscq/Resources/src_jsc/Views/Gems/GemsComposeView.js,0f20b0e21f680716978b58d63d69fb4592d1921fb65c05aee092d1f64db32bfd
src_jsc/Views/Gems/GemsEquipmentAdd.jsc,src_jsc,Views/Gems/GemsEquipmentAdd.jsc,4352,0xb973c051,/Users/zhanglinsen/workspace/bianfeng/sgscq1-china-client/projects/sgscq/Resources/src_jsc/Views/Gems/GemsEquipmentAdd.js,0fc3b1a9689194dfb5ce1f3d967cc3c0be6e17a0e7afe3f1c1bf5c54638a4963
src_jsc/Views/Gems/GemsHoleextendView.jsc,src_jsc,Views/Gems/GemsHoleextendView.jsc,17725,0xb973c051,/Users/zhanglinsen/workspace/bianfeng/sgscq1-china-client/projects/sgscq/Resources/src_jsc/Views/Gems/GemsHoleextendView.js,62437e5cf26bec27eabf64ca811901e2deff77a94c31f0d68f0c0bef83e47631
src_jsc/Views/Gems/GemsPunchView.jsc,src_jsc,Views/Gems/GemsPunchView.jsc,28802,0xb973c051,/Users/zhanglinsen/workspace/bianfeng/sgscq1-china-client/projects/sgscq/Resources/src_jsc/Views/Gems/GemsPunchView.js,2e0132339ded387c66f453dcc3923bb90ff96ef4be8feee5f93569fbb6b33b10
src_jsc/Views/Gems/GemsSophisticationReplaceDialog.jsc,src_jsc,Views/Gems/GemsSophisticationReplaceDialog.jsc,15516,0xb973c051,/Users/zhanglinsen/workspace/bianfeng/sgscq1-china-client/projects/sgscq/Resources/src_jsc/Views/Gems/GemsSophisticationReplaceDialog.js,31590feb7cf37a0c73d3d3d75cc3e0f9a12fa4699a272284ea8e4ba2219cf829
src_jsc/Views/Gems/GemsSophisticationView.jsc,src_jsc,Views/Gems/GemsSophisticationView.jsc,39249,0xb973c051,/Users/zhanglinsen/workspace/bianfeng/sgscq1-china-client/projects/sgscq/Resources/src_jsc/Views/Gems/GemsSophisticationView.js,be11dc279e0a7385ed4d88e689e9e8e19ad4b3fc545e717dbf74510aebb1915f
src_jsc/Views/Gems/headers.jsc,src_jsc,Views/Gems/headers.jsc,975,0xb973c051,/Users/zhanglinsen/workspace/bianfeng/sgscq1-china-client/projects/sgscq/Resources/src_jsc/Views/Gems/headers.js,d9095f4f095f806851b15288f31b222e69315b21affae3591637200b09632954
src_jsc/Views/GeneralCardShow.jsc,src_jsc,Views/GeneralCardShow.jsc,9742,0xb973c051,/Users/zhanglinsen/workspace/bianfeng/sgscq1-china-client/projects/sgscq/Resources/src_jsc/Views/GeneralCardShow.js,d0588f54a742d363f8e0d66e0ea459c7101980d91c771e9e55e4e779bd6fe175
src_jsc/Views/GeneralPlayView.jsc,src_jsc,Views/GeneralPlayView.jsc,27928,0xb973c051,/Users/zhanglinsen/workspace/bianfeng/sgscq1-china-client/projects/sgscq/Resources/src_jsc/Views/GeneralPlayView.js,45802a91656222d7737fc20575e3a6c4d3ed8c2a3b210467b286cc0d80533ab2
src_jsc/Views/GeneralSwapView.jsc,src_jsc,Views/GeneralSwapView.jsc,14727,0xb973c051,/Users/zhanglinsen/workspace/bianfeng/sgscq1-china-client/projects/sgscq/Resources/src_jsc/Views/GeneralSwapView.js,e6bcd81ebaa7c4672f69c68e1c21f7b85238d18bb5609ccdb11043cd1cb5cd1d
src_jsc/Views/Goddess/GoddessAchievementDialog.jsc,src_jsc,Views/Goddess/GoddessAchievementDialog.jsc,14988,0xb973c051,/Users/zhanglinsen/workspace/bianfeng/sgscq1-china-client/projects/sgscq/Resources/src_jsc/Views/Goddess/GoddessAchievementDialog.js,d3c2aa7f0198bf7b25349a3965e51a504333cc83fb39ae429eb0193231bb704d
src_jsc/Views/Goddess/GoddessMainView.jsc,src_jsc,Views/Goddess/GoddessMainView.jsc,23914,0xb973c051,/Users/zhanglinsen/workspace/bianfeng/sgscq1-china-client/projects/sgscq/Resources/src_jsc/Views/Goddess/GoddessMainView.js,590946b6d25162f36044d764dcb32d0df49ca126d23dee795861dfee0c23b0a8
src_jsc/Views/Goddess/ThreeIconShowView.jsc,src_jsc,Views/Goddess/ThreeIconShowView.jsc,13900,0xb973c051,/Users/zhanglinsen/workspace/bianfeng/sgscq1-china-client/projects/sgscq/Resources/src_jsc/Views/Goddess/ThreeIconShowView.js,b68ca4cb0188da856dd6708895fed22dcb6936ea46c7e560c8b6ad37b02a974f
src_jsc/Views/Goddess/headers.jsc,src_jsc,Views/Goddess/headers.jsc,608,0xb973c051,/Users/zhanglinsen/workspace/bianfeng/sgscq1-china-client/projects/sgscq/Resources/src_jsc/Views/Goddess/headers.js,1c236b781ec34e5e4f52e299bf49b44ef2d91c20bc6b67288adfc26cd2a5b598
src_jsc/Views/HDShowViews.jsc,src_jsc,Views/HDShowViews.jsc,7371,0xb973c051,/Users/zhanglinsen/workspace/bianfeng/sgscq1-china-client/projects/sgscq/Resources/src_jsc/Views/HDShowViews.js,93f1c7d0b1356b3adc5160a872d56a6f2f4964a0114406a552aa91eefbad28c0
src_jsc/Views/HandbookCell.jsc,src_jsc,Views/HandbookCell.jsc,16390,0xb973c051,/Users/zhanglinsen/workspace/bianfeng/sgscq1-china-client/projects/sgscq/Resources/src_jsc/Views/HandbookCell.js,90dd5f4d5109ae46421c8c72e1b8579bd605d0d1ee14822450b45c2dd35640c4
src_jsc/Views/HornView.jsc,src_jsc,Views/HornView.jsc,6174,0xb973c051,/Users/zhanglinsen/workspace/bianfeng/sgscq1-china-client/projects/sgscq/Resources/src_jsc/Views/HornView.js,23068629317b1d103095a53370bece35371c088a1eeac06d9002b99529e64d0b
src_jsc/Views/HpProgressView.jsc,src_jsc,Views/HpProgressView.jsc,11843,0xb973c051,/Users/zhanglinsen/workspace/bianfeng/sgscq1-china-client/projects/sgscq/Resources/src_jsc/Views/HpProgressView.js,1c2537b401789477cb7cd7a9fb46f8ffebde897a668a24b865a055dd2073892f
src_jsc/Views/HulaoBattle/GarrisonLayoutDialog.jsc,src_jsc,Views/HulaoBattle/GarrisonLayoutDialog.jsc,41378,0xb973c051,/Users/zhanglinsen/workspace/bianfeng/sgscq1-china-client/projects/sgscq/Resources/src_jsc/Views/HulaoBattle/GarrisonLayoutDialog.js,afea70eddb6376640766f683fb6563ddeb4b7855e05cf116cb65aea7f8b0c4e7
src_jsc/Views/HulaoBattle/HulaoBattleMainView.jsc,src_jsc,Views/HulaoBattle/HulaoBattleMainView.jsc,15761,0xb973c051,/Users/zhanglinsen/workspace/bianfeng/sgscq1-china-client/projects/sgscq/Resources/src_jsc/Views/HulaoBattle/HulaoBattleMainView.js,50faa3fd700338a80e5919391fa83dbad97cf45b11eb4e03f6ed50e46d7b82b1
src_jsc/Views/HulaoBattle/HulaoBattleSelectDifficulty.jsc,src_jsc,Views/HulaoBattle/HulaoBattleSelectDifficulty.jsc,8441,0xb973c051,/Users/zhanglinsen/workspace/bianfeng/sgscq1-china-client/projects/sgscq/Resources/src_jsc/Views/HulaoBattle/HulaoBattleSelectDifficulty.js,5e749d6093082bb4e3aa94e3ab0899ffa01ce64d172a8974e62f201b1f3e79d2
src_jsc/Views/HulaoBattle/LightenLuckDialog.jsc,src_jsc,Views/HulaoBattle/LightenLuckDialog.jsc,15835,0xb973c051,/Users/zhanglinsen/workspace/bianfeng/sgscq1-china-client/projects/sgscq/Resources/src_jsc/Views/HulaoBattle/LightenLuckDialog.js,59fc6c58f6965519f995b6fa6173a6ea891976284d2380690b3a65bb189683f5
src_jsc/Views/HulaoBattle/headers.jsc,src_jsc,Views/HulaoBattle/headers.jsc,756,0xb973c051,/Users/zhanglinsen/workspace/bianfeng/sgscq1-china-client/projects/sgscq/Resources/src_jsc/Views/HulaoBattle/headers.js,dbcdba28c6dcabb393d11caac21b8ffb65dd822a1ad62d4d3347580d202097db
src_jsc/Views/HungerLayer.jsc,src_jsc,Views/HungerLayer.jsc,10638,0xb973c051,/Users/zhanglinsen/workspace/bianfeng/sgscq1-china-client/projects/sgscq/Resources/src_jsc/Views/HungerLayer.js,43f7fcffe620034a03ff1a7eb832a364eb870a8779f72c70ce27be50e4ce5c44
src_jsc/Views/Icon/BaseIcon.jsc,src_jsc,Views/Icon/BaseIcon.jsc,12289,0xb973c051,/Users/zhanglinsen/workspace/bianfeng/sgscq1-china-client/projects/sgscq/Resources/src_jsc/Views/Icon/BaseIcon.js,043748097eb2adba1502f04260678502ea2c02b8d537c27ab8a21ff19945b6db
src_jsc/Views/Icon/IconPackage.jsc,src_jsc,Views/Icon/IconPackage.jsc,4127,0xb973c051,/Users/zhanglinsen/workspace/bianfeng/sgscq1-china-client/projects/sgscq/Resources/src_jsc/Views/Icon/IconPackage.js,140dba1265a6a027e5af303d205adc7728917644c80964a1325849f3b544b206
src_jsc/Views/Icon/IconStyleA.jsc,src_jsc,Views/Icon/IconStyleA.jsc,34004,0xb973c051,/Users/zhanglinsen/workspace/bianfeng/sgscq1-china-client/projects/sgscq/Resources/src_jsc/Views/Icon/IconStyleA.js,1e71964b86e709cc7ecb2d9d1bd99c20d5fee3760b8feff662e066938060c5b4
src_jsc/Views/Icon/IconStyleB.jsc,src_jsc,Views/Icon/IconStyleB.jsc,3209,0xb973c051,/Users/zhanglinsen/workspace/bianfeng/sgscq1-china-client/projects/sgscq/Resources/src_jsc/Views/Icon/IconStyleB.js,4d3d68cafe5bfebb10ff41b61472b5b43e277b9702b8f4b81dcbb6bbdc3cff99
src_jsc/Views/Icon/IconStyleC.jsc,src_jsc,Views/Icon/IconStyleC.jsc,2138,0xb973c051,/Users/zhanglinsen/workspace/bianfeng/sgscq1-china-client/projects/sgscq/Resources/src_jsc/Views/Icon/IconStyleC.js,09bf7050f33111a636a17aa8a4354a02e7cc260826dfa70c2367081c8a4102c0
src_jsc/Views/Icon/IconWrapped.jsc,src_jsc,Views/Icon/IconWrapped.jsc,7468,0xb973c051,/Users/zhanglinsen/workspace/bianfeng/sgscq1-china-client/projects/sgscq/Resources/src_jsc/Views/Icon/IconWrapped.js,8888b618533ab555336961b1b2da3e0fa25d028318c999b0f87c7e51f8c73363
src_jsc/Views/Icon/IconWrappedWithLabel.jsc,src_jsc,Views/Icon/IconWrappedWithLabel.jsc,4451,0xb973c051,/Users/zhanglinsen/workspace/bianfeng/sgscq1-china-client/projects/sgscq/Resources/src_jsc/Views/Icon/IconWrappedWithLabel.js,05789fdb437710d6b5b6a0dfdc592aeddecd4625158b5573c2a8cc9f862b7d29
src_jsc/Views/Icon/headers.jsc,src_jsc,Views/Icon/headers.jsc,804,0xb973c051,/Users/zhanglinsen/workspace/bianfeng/sgscq1-china-client/projects/sgscq/Resources/src_jsc/Views/Icon/headers.js,f2b58994e23147c0c0c650c5185de207ea6a6da4356db454c135632f0c94427b
src_jsc/Views/InterService/InterServiceFightView.jsc,src_jsc,Views/InterService/InterServiceFightView.jsc,20668,0xb973c051,/Users/zhanglinsen/workspace/bianfeng/sgscq1-china-client/projects/sgscq/Resources/src_jsc/Views/InterService/InterServiceFightView.js,405113b22d5a30e0381d3ff58d50b4c99a8dbae9e8b77411156b3516b0d534fa
src_jsc/Views/InterService/InterServiceRegistrationView.jsc,src_jsc,Views/InterService/InterServiceRegistrationView.jsc,19741,0xb973c051,/Users/zhanglinsen/workspace/bianfeng/sgscq1-china-client/projects/sgscq/Resources/src_jsc/Views/InterService/InterServiceRegistrationView.js,d89c3be9d6bccf8412b73bf906c7a4579c69fc50bda446917ca2b7a7c1f7d761
src_jsc/Views/InterService/InterServiceRewardDialog.jsc,src_jsc,Views/InterService/InterServiceRewardDialog.jsc,7698,0xb973c051,/Users/zhanglinsen/workspace/bianfeng/sgscq1-china-client/projects/sgscq/Resources/src_jsc/Views/InterService/InterServiceRewardDialog.js,4ba8d588c2ba830ce9fbd3611be7e0bd61638f542220120f8b7644e57ad40b26
src_jsc/Views/InterService/InterServiceRewardPreviewDialog.jsc,src_jsc,Views/InterService/InterServiceRewardPreviewDialog.jsc,5527,0xb973c051,/Users/zhanglinsen/workspace/bianfeng/sgscq1-china-client/projects/sgscq/Resources/src_jsc/Views/InterService/InterServiceRewardPreviewDialog.js,c735aa7a2f5a0f8c395f30cf372b9a015370ea0cdada54fbad35a58e6cb3d0e8
src_jsc/Views/InterService/InterServiceWorshipView.jsc,src_jsc,Views/InterService/InterServiceWorshipView.jsc,17177,0xb973c051,/Users/zhanglinsen/workspace/bianfeng/sgscq1-china-client/projects/sgscq/Resources/src_jsc/Views/InterService/InterServiceWorshipView.js,b6d0a1d4856cac1a68fe24aa537b077174ea7468d859eb56997c2d7c7972b425
src_jsc/Views/InterService/PointsExchangeView.jsc,src_jsc,Views/InterService/PointsExchangeView.jsc,16630,0xb973c051,/Users/zhanglinsen/workspace/bianfeng/sgscq1-china-client/projects/sgscq/Resources/src_jsc/Views/InterService/PointsExchangeView.js,718bc6f7bc90545d5948cadace98867cfd81d23542ea04996ae67440a34a2cbd
src_jsc/Views/InterService/PointsRankDialog.jsc,src_jsc,Views/InterService/PointsRankDialog.jsc,10775,0xb973c051,/Users/zhanglinsen/workspace/bianfeng/sgscq1-china-client/projects/sgscq/Resources/src_jsc/Views/InterService/PointsRankDialog.js,b67e418e38e97139ad88268dfa76521f05cdb1fb5bf44278310f53f539af6e52
src_jsc/Views/InterService/PopularityRewardView.jsc,src_jsc,Views/InterService/PopularityRewardView.jsc,11708,0xb973c051,/Users/zhanglinsen/workspace/bianfeng/sgscq1-china-client/projects/sgscq/Resources/src_jsc/Views/InterService/PopularityRewardView.js,7273210211347aa562710b5d057c366715478de189f82947cceb6a5ddbe2249c
src_jsc/Views/InterService/PromptFrameDialog.jsc,src_jsc,Views/InterService/PromptFrameDialog.jsc,6716,0xb973c051,/Users/zhanglinsen/workspace/bianfeng/sgscq1-china-client/projects/sgscq/Resources/src_jsc/Views/InterService/PromptFrameDialog.js,b6681f578fa9bf7abc8627f61ca9198bd2f382f0a4dde05b13b14f2d40d8be9c
src_jsc/Views/InterService/headers.jsc,src_jsc,Views/InterService/headers.jsc,1291,0xb973c051,/Users/zhanglinsen/workspace/bianfeng/sgscq1-china-client/projects/sgscq/Resources/src_jsc/Views/InterService/headers.js,9ccf450bc5b3cd1e4551abe167299ccd98ab5a5f0f16f19cef4e1070508a70a3
src_jsc/Views/ItemCell.jsc,src_jsc,Views/ItemCell.jsc,23421,0xb973c051,/Users/zhanglinsen/workspace/bianfeng/sgscq1-china-client/projects/sgscq/Resources/src_jsc/Views/ItemCell.js,9086b9c0245948fafce79cff63ca5cc181cdcd98c0feeff5851169b26d272238
src_jsc/Views/ItemShowList.jsc,src_jsc,Views/ItemShowList.jsc,11482,0xb973c051,/Users/zhanglinsen/workspace/bianfeng/sgscq1-china-client/projects/sgscq/Resources/src_jsc/Views/ItemShowList.js,0a12e0b3dbafdda1de41c1c0c242364f0ababf4c545ec5da310f046d97a250a4
src_jsc/Views/Label/LabelBMF.jsc,src_jsc,Views/Label/LabelBMF.jsc,557,0xb973c051,/Users/zhanglinsen/workspace/bianfeng/sgscq1-china-client/projects/sgscq/Resources/src_jsc/Views/Label/LabelBMF.js,6a2ed8d818c1cbf64fee6b64460e2f4ae8b1e27176d987320d9f8bcc4c107dd4
src_jsc/Views/Label/LabelExt.jsc,src_jsc,Views/Label/LabelExt.jsc,10962,0xb973c051,/Users/zhanglinsen/workspace/bianfeng/sgscq1-china-client/projects/sgscq/Resources/src_jsc/Views/Label/LabelExt.js,d25f61c5394aee0562911841f5a6c458e1c90b44a4bc5bbe155d380625f63fb1
src_jsc/Views/Label/LabelTTF.jsc,src_jsc,Views/Label/LabelTTF.jsc,551,0xb973c051,/Users/zhanglinsen/workspace/bianfeng/sgscq1-china-client/projects/sgscq/Resources/src_jsc/Views/Label/LabelTTF.js,f79d1b994f265c88e44cf6c6180dbfc9580adea035ba56c4cac75ba7c5c1417f
src_jsc/Views/Label/headers.jsc,src_jsc,Views/Label/headers.jsc,405,0xb973c051,/Users/zhanglinsen/workspace/bianfeng/sgscq1-china-client/projects/sgscq/Resources/src_jsc/Views/Label/headers.js,03675a35b17f481689eb0850bdccf81a52284bdc1050c4029a8c7fd81a96e9ec
src_jsc/Views/ListTableView.jsc,src_jsc,Views/ListTableView.jsc,7903,0xb973c051,/Users/zhanglinsen/workspace/bianfeng/sgscq1-china-client/projects/sgscq/Resources/src_jsc/Views/ListTableView.js,4807f16f2a50963d2ec5ecfaaaa45102202f03a4fe503f98b63f0c54ec2d6ebf
src_jsc/Views/LoadingView.jsc,src_jsc,Views/LoadingView.jsc,4656,0xb973c051,/Users/zhanglinsen/workspace/bianfeng/sgscq1-china-client/projects/sgscq/Resources/src_jsc/Views/LoadingView.js,cd82649edfe2154b4035b985c72eb1f8ee22cbcef9d3031aace11874b137bb50
src_jsc/Views/MTipsListView.jsc,src_jsc,Views/MTipsListView.jsc,3416,0xb973c051,/Users/zhanglinsen/workspace/bianfeng/sgscq1-china-client/projects/sgscq/Resources/src_jsc/Views/MTipsListView.js,8e468e74ee1d2f432b09d023dcfc81ab8a2c900ce25164cc6f68512bd44faa64
src_jsc/Views/MainMenuBtnView.jsc,src_jsc,Views/MainMenuBtnView.jsc,13682,0xb973c051,/Users/zhanglinsen/workspace/bianfeng/sgscq1-china-client/projects/sgscq/Resources/src_jsc/Views/MainMenuBtnView.js,9f7b006b62bdc1d9808dadd4682e4f524b51b944f41991ea52d277db3ffadfaf
src_jsc/Views/MainMenuView.jsc,src_jsc,Views/MainMenuView.jsc,15448,0xb973c051,/Users/zhanglinsen/workspace/bianfeng/sgscq1-china-client/projects/sgscq/Resources/src_jsc/Views/MainMenuView.js,32849dce0bf934e9dbeb313f741cd938b36559a2edaee4bdf7f9a93b7f29788a
src_jsc/Views/Meridians/AcupointListView.jsc,src_jsc,Views/Meridians/AcupointListView.jsc,7869,0xb973c051,/Users/zhanglinsen/workspace/bianfeng/sgscq1-china-client/projects/sgscq/Resources/src_jsc/Views/Meridians/AcupointListView.js,0f8fac243e88a56ec5890ed1fe0f408bf0f800064b0b1e478881621daea0048c
src_jsc/Views/Meridians/DetailsListView.jsc,src_jsc,Views/Meridians/DetailsListView.jsc,10317,0xb973c051,/Users/zhanglinsen/workspace/bianfeng/sgscq1-china-client/projects/sgscq/Resources/src_jsc/Views/Meridians/DetailsListView.js,083531797c6b5217f0f7de70bf988fa1546b59e601b1eada3ddfcf86bf0ee2fc
src_jsc/Views/Meridians/MeridiansDetailDialog.jsc,src_jsc,Views/Meridians/MeridiansDetailDialog.jsc,8053,0xb973c051,/Users/zhanglinsen/workspace/bianfeng/sgscq1-china-client/projects/sgscq/Resources/src_jsc/Views/Meridians/MeridiansDetailDialog.js,2ed0dd4750fa0a146dcc2041ccf1859366070987a4279518a931c8d10b64783c
src_jsc/Views/Meridians/MeridiansMainView.jsc,src_jsc,Views/Meridians/MeridiansMainView.jsc,27854,0xb973c051,/Users/zhanglinsen/workspace/bianfeng/sgscq1-china-client/projects/sgscq/Resources/src_jsc/Views/Meridians/MeridiansMainView.js,7c46738779a38e285381237d36422882daadebc20e2b58c1a168724821440a0f
src_jsc/Views/Meridians/PracticeMeridiansMainView.jsc,src_jsc,Views/Meridians/PracticeMeridiansMainView.jsc,18136,0xb973c051,/Users/zhanglinsen/workspace/bianfeng/sgscq1-china-client/projects/sgscq/Resources/src_jsc/Views/Meridians/PracticeMeridiansMainView.js,f3b02b345e1a573bf0296f766d95669e2141163ccc976333a0846c52857a6d66
src_jsc/Views/Meridians/headers.jsc,src_jsc,Views/Meridians/headers.jsc,808,0xb973c051,/Users/zhanglinsen/workspace/bianfeng/sgscq1-china-client/projects/sgscq/Resources/src_jsc/Views/Meridians/headers.js,3078c1830d50978b3a845d67b34a83835c4a043851888609a01d885c45f7e5bf
src_jsc/Views/Mgr.jsc,src_jsc,Views/Mgr.jsc,48786,0xb973c051,/Users/zhanglinsen/workspace/bianfeng/sgscq1-china-client/projects/sgscq/Resources/src_jsc/Views/Mgr.js,ec38300a272143428ea63a138367d255202d1064e8a51f0b76f0ca1b51b0e1ab
src_jsc/Views/MiniTablePage.jsc,src_jsc,Views/MiniTablePage.jsc,3823,0xb973c051,/Users/zhanglinsen/workspace/bianfeng/sgscq1-china-client/projects/sgscq/Resources/src_jsc/Views/MiniTablePage.js,2e102e6433d1afd13d564e12151eabe841507ae65f37ebe447dc4751a1ceecd3
src_jsc/Views/MiracleWeapons/MiracleWeaponInforDialog.jsc,src_jsc,Views/MiracleWeapons/MiracleWeaponInforDialog.jsc,17277,0xb973c051,/Users/zhanglinsen/workspace/bianfeng/sgscq1-china-client/projects/sgscq/Resources/src_jsc/Views/MiracleWeapons/MiracleWeaponInforDialog.js,3cc122e8c6bdaa50f8fe222e51edd43fdf7be5b611263e952f24a688b4680192
src_jsc/Views/MiracleWeapons/MiracleWeaponLayer.jsc,src_jsc,Views/MiracleWeapons/MiracleWeaponLayer.jsc,36727,0xb973c051,/Users/zhanglinsen/workspace/bianfeng/sgscq1-china-client/projects/sgscq/Resources/src_jsc/Views/MiracleWeapons/MiracleWeaponLayer.js,cbd253a7e3284396e91b3e0a61a28fbb37cf6d69f1ce2c152c6563bdff53151d
src_jsc/Views/MiracleWeapons/SelectMiracleWeaponLayer.jsc,src_jsc,Views/MiracleWeapons/SelectMiracleWeaponLayer.jsc,19815,0xb973c051,/Users/zhanglinsen/workspace/bianfeng/sgscq1-china-client/projects/sgscq/Resources/src_jsc/Views/MiracleWeapons/SelectMiracleWeaponLayer.js,a6c81f2958c730c05cc76ae8d523d08633b011249cbc7de1973568106f17f626
src_jsc/Views/MiracleWeapons/ThreeMiracleWeaponsShowLayer.jsc,src_jsc,Views/MiracleWeapons/ThreeMiracleWeaponsShowLayer.jsc,14036,0xb973c051,/Users/zhanglinsen/workspace/bianfeng/sgscq1-china-client/projects/sgscq/Resources/src_jsc/Views/MiracleWeapons/ThreeMiracleWeaponsShowLayer.js,d04113fd570ead2289628445efa4f1202ee30cd43b9e2149ed2b520f1e6e07d0
src_jsc/Views/MiracleWeapons/headers.jsc,src_jsc,Views/MiracleWeapons/headers.jsc,810,0xb973c051,/Users/zhanglinsen/workspace/bianfeng/sgscq1-china-client/projects/sgscq/Resources/src_jsc/Views/MiracleWeapons/headers.js,3a3a5d609ca142d98c146989dedfe039dcf5815b91e741463b4a72edd4ee04c1
src_jsc/Views/MultiLineUpView.jsc,src_jsc,Views/MultiLineUpView.jsc,15245,0xb973c051,/Users/zhanglinsen/workspace/bianfeng/sgscq1-china-client/projects/sgscq/Resources/src_jsc/Views/MultiLineUpView.js,2f2ba0b4389183cd2cc61c5665dde99a95b1ef5c229d5c73963753515e02a9e4
src_jsc/Views/MultiPagesMenuView.jsc,src_jsc,Views/MultiPagesMenuView.jsc,14426,0xb973c051,/Users/zhanglinsen/workspace/bianfeng/sgscq1-china-client/projects/sgscq/Resources/src_jsc/Views/MultiPagesMenuView.js,e1b297a3da78cd5a47be6c89ace30cdca683b120102becde6238d3f420fe85b2
src_jsc/Views/NotificationNode.jsc,src_jsc,Views/NotificationNode.jsc,2089,0xb973c051,/Users/zhanglinsen/workspace/bianfeng/sgscq1-china-client/projects/sgscq/Resources/src_jsc/Views/NotificationNode.js,cb23d5999b3588e16f41e4f282eba0e54390c004604569a35b5b51c92824f17b
src_jsc/Views/PlayerInfoBannerView.jsc,src_jsc,Views/PlayerInfoBannerView.jsc,15343,0xb973c051,/Users/zhanglinsen/workspace/bianfeng/sgscq1-china-client/projects/sgscq/Resources/src_jsc/Views/PlayerInfoBannerView.js,e9466921521dce5ea4af542e7efefaccfd16cb7d60944edc5e3f4d2eddfb6dd6
src_jsc/Views/ProgressTimer/BlueProgressTimer.jsc,src_jsc,Views/ProgressTimer/BlueProgressTimer.jsc,2547,0xb973c051,/Users/zhanglinsen/workspace/bianfeng/sgscq1-china-client/projects/sgscq/Resources/src_jsc/Views/ProgressTimer/BlueProgressTimer.js,cb8c9e763efb92b2a5dd1e8b0d39794e117c3a218adc3725b56bbf13ce16d62e
src_jsc/Views/ProgressTimer/NormalProgressTimer.jsc,src_jsc,Views/ProgressTimer/NormalProgressTimer.jsc,3211,0xb973c051,/Users/zhanglinsen/workspace/bianfeng/sgscq1-china-client/projects/sgscq/Resources/src_jsc/Views/ProgressTimer/NormalProgressTimer.js,246fce14f9514338753210fef0ceb008b766ba50e08c16198f8646e6cb3d53aa
src_jsc/Views/ProgressTimer/header.jsc,src_jsc,Views/ProgressTimer/header.jsc,560,0xb973c051,/Users/zhanglinsen/workspace/bianfeng/sgscq1-china-client/projects/sgscq/Resources/src_jsc/Views/ProgressTimer/header.js,6e4ed39aa61ba83ec85f9e82fed3019a1d00005320e4c959878138cd64f5b306
src_jsc/Views/QueueTeamView.jsc,src_jsc,Views/QueueTeamView.jsc,24186,0xb973c051,/Users/zhanglinsen/workspace/bianfeng/sgscq1-china-client/projects/sgscq/Resources/src_jsc/Views/QueueTeamView.js,d457242c714289c4d7aff4083c95c05697dfcb656e428385880ade1660ea3e0f
src_jsc/Views/QuickFight.jsc,src_jsc,Views/QuickFight.jsc,14877,0xb973c051,/Users/zhanglinsen/workspace/bianfeng/sgscq1-china-client/projects/sgscq/Resources/src_jsc/Views/QuickFight.js,38d8f0dc04ec1b9526ba72c87b9630313faf3769660ff8e4902f376f694fd1e4
src_jsc/Views/ReincarnationView.jsc,src_jsc,Views/ReincarnationView.jsc,4859,0xb973c051,/Users/zhanglinsen/workspace/bianfeng/sgscq1-china-client/projects/sgscq/Resources/src_jsc/Views/ReincarnationView.js,79ba9b096ab4fe7e8ad46f9b57e6890e5c78cfcb4eb43f6c91435efc2874430c
src_jsc/Views/ReplaceCardList.jsc,src_jsc,Views/ReplaceCardList.jsc,14456,0xb973c051,/Users/zhanglinsen/workspace/bianfeng/sgscq1-china-client/projects/sgscq/Resources/src_jsc/Views/ReplaceCardList.js,f4ea2e2499f7473ae9e2898c2fba48b7b1c300c463fc7ef6d22d8083def677e4
src_jsc/Views/ReplaceCardPanel.jsc,src_jsc,Views/ReplaceCardPanel.jsc,5174,0xb973c051,/Users/zhanglinsen/workspace/bianfeng/sgscq1-china-client/projects/sgscq/Resources/src_jsc/Views/ReplaceCardPanel.js,8fe3cbb6071a80310bf94d0cee5b472ebb25aaf4b6036ad19d399f7cc1a431d8
src_jsc/Views/RoundClippingNode.jsc,src_jsc,Views/RoundClippingNode.jsc,2036,0xb973c051,/Users/zhanglinsen/workspace/bianfeng/sgscq1-china-client/projects/sgscq/Resources/src_jsc/Views/RoundClippingNode.js,b526dca287bcb9af20f54d4dee7f7474d668959568c02898a97e2b372610ff99
src_jsc/Views/SceneTitleView.jsc,src_jsc,Views/SceneTitleView.jsc,2092,0xb973c051,/Users/zhanglinsen/workspace/bianfeng/sgscq1-china-client/projects/sgscq/Resources/src_jsc/Views/SceneTitleView.js,f0ac7029c860ca2265cb347b52bf584e5a2ded30157771ccc371b54961c168d5
src_jsc/Views/ScrollView.jsc,src_jsc,Views/ScrollView.jsc,7663,0xb973c051,/Users/zhanglinsen/workspace/bianfeng/sgscq1-china-client/projects/sgscq/Resources/src_jsc/Views/ScrollView.js,f5dc608d7b05b91d822e8de4d14b69d8a85e1f71b7e5fc4dc90c0f37f69cabd3
src_jsc/Views/ServerSelectView.jsc,src_jsc,Views/ServerSelectView.jsc,13902,0xb973c051,/Users/zhanglinsen/workspace/bianfeng/sgscq1-china-client/projects/sgscq/Resources/src_jsc/Views/ServerSelectView.js,b7fbc2173fb1a24f380ebda5b2404c65fad9970b8cff41e3a1ce509831c9dea5
src_jsc/Views/ShowTeamView.jsc,src_jsc,Views/ShowTeamView.jsc,22988,0xb973c051,/Users/zhanglinsen/workspace/bianfeng/sgscq1-china-client/projects/sgscq/Resources/src_jsc/Views/ShowTeamView.js,431fdf4267f20b3475569d7235c2fea49eeb725b426f94af1c3b3309e9db4c06
src_jsc/Views/SkillCompoundView.jsc,src_jsc,Views/SkillCompoundView.jsc,4286,0xb973c051,/Users/zhanglinsen/workspace/bianfeng/sgscq1-china-client/projects/sgscq/Resources/src_jsc/Views/SkillCompoundView.js,feaef352de65cdf2bd6c40dd3357f4268578f4d3b5e96e7ebe760d27749e9c70
src_jsc/Views/SkillPieceIconShow.jsc,src_jsc,Views/SkillPieceIconShow.jsc,6735,0xb973c051,/Users/zhanglinsen/workspace/bianfeng/sgscq1-china-client/projects/sgscq/Resources/src_jsc/Views/SkillPieceIconShow.js,e95f6f6e47bf49522dd0fef1912bccb00cd8e33cfdb0d0cbfba72d484caf9fff
src_jsc/Views/SkillRefining/RefiningSkillDialog.jsc,src_jsc,Views/SkillRefining/RefiningSkillDialog.jsc,4258,0xb973c051,/Users/zhanglinsen/workspace/bianfeng/sgscq1-china-client/projects/sgscq/Resources/src_jsc/Views/SkillRefining/RefiningSkillDialog.js,982ca66ab9e916045bd22ea7876ed90683326f06e5bac5be5b85e968d64ac325
src_jsc/Views/SkillRefining/RefiningSkillShowTableView.jsc,src_jsc,Views/SkillRefining/RefiningSkillShowTableView.jsc,5817,0xb973c051,/Users/zhanglinsen/workspace/bianfeng/sgscq1-china-client/projects/sgscq/Resources/src_jsc/Views/SkillRefining/RefiningSkillShowTableView.js,080c7c7ee113bf54f66564cbd2648fdb2f7771587a2420f4a4be76edd35184c5
src_jsc/Views/SkillRefining/RefiningSkillTableView.jsc,src_jsc,Views/SkillRefining/RefiningSkillTableView.jsc,3070,0xb973c051,/Users/zhanglinsen/workspace/bianfeng/sgscq1-china-client/projects/sgscq/Resources/src_jsc/Views/SkillRefining/RefiningSkillTableView.js,4586f75ed6a03d975de867d6e42ea4ae8543ebd1648e6028bb5cbc40b80dbcf1
src_jsc/Views/SkillRefining/RefiningSkillTableViewCell.jsc,src_jsc,Views/SkillRefining/RefiningSkillTableViewCell.jsc,6125,0xb973c051,/Users/zhanglinsen/workspace/bianfeng/sgscq1-china-client/projects/sgscq/Resources/src_jsc/Views/SkillRefining/RefiningSkillTableViewCell.js,56af8d92495e8e11a5aba1153c94cfe02329b03c5b352afba6163d3de03e0fcd
src_jsc/Views/SkillRefining/SkillRefiningLayer.jsc,src_jsc,Views/SkillRefining/SkillRefiningLayer.jsc,24998,0xb973c051,/Users/zhanglinsen/workspace/bianfeng/sgscq1-china-client/projects/sgscq/Resources/src_jsc/Views/SkillRefining/SkillRefiningLayer.js,9967e677852b46104545dc9c3852085d13680d71e3c7f32281b6841461169c3a
src_jsc/Views/SkillRefining/headers.jsc,src_jsc,Views/SkillRefining/headers.jsc,894,0xb973c051,/Users/zhanglinsen/workspace/bianfeng/sgscq1-china-client/projects/sgscq/Resources/src_jsc/Views/SkillRefining/headers.js,6e0bd23d8eeab6a8ebce2c52b19ddaa569cb78e688cb586f3833470cf5ae6821
src_jsc/Views/SkillSpecView.jsc,src_jsc,Views/SkillSpecView.jsc,1903,0xb973c051,/Users/zhanglinsen/workspace/bianfeng/sgscq1-china-client/projects/sgscq/Resources/src_jsc/Views/SkillSpecView.js,c32785a6ce7bb4982181fa0d8670861e00417c3cc936f9cbebb568a3247ac379
src_jsc/Views/SortController.jsc,src_jsc,Views/SortController.jsc,18876,0xb973c051,/Users/zhanglinsen/workspace/bianfeng/sgscq1-china-client/projects/sgscq/Resources/src_jsc/Views/SortController.js,6422f488998eeec19b18d3867d0cee2654bf7434369286085ce6b5c792033863
src_jsc/Views/SpeakerView.jsc,src_jsc,Views/SpeakerView.jsc,2324,0xb973c051,/Users/zhanglinsen/workspace/bianfeng/sgscq1-china-client/projects/sgscq/Resources/src_jsc/Views/SpeakerView.js,5c04e2d90c5b08dbfdba6d3686b9e3c67a40111559196489672c2136624ef39f
src_jsc/Views/SplitLabelTTF.jsc,src_jsc,Views/SplitLabelTTF.jsc,2988,0xb973c051,/Users/zhanglinsen/workspace/bianfeng/sgscq1-china-client/projects/sgscq/Resources/src_jsc/Views/SplitLabelTTF.js,4bdd60d21d64d1cd97092d6c5f2e8bbc85819016ee651b856b7e464bc752b2eb
src_jsc/Views/SpriteClippingNode.jsc,src_jsc,Views/SpriteClippingNode.jsc,2242,0xb973c051,/Users/zhanglinsen/workspace/bianfeng/sgscq1-china-client/projects/sgscq/Resources/src_jsc/Views/SpriteClippingNode.js,84eda5c5393245e42532cff2f45559a5d6f716d510d70daf9b3869b771052845
src_jsc/Views/StoreItemView.jsc,src_jsc,Views/StoreItemView.jsc,8483,0xb973c051,/Users/zhanglinsen/workspace/bianfeng/sgscq1-china-client/projects/sgscq/Resources/src_jsc/Views/StoreItemView.js,4188b1c83ed58d5fab0bb48fb83a76d9fb64d088dd67fe114fb8ed333ce05ffb
src_jsc/Views/SurrenderReachView.jsc,src_jsc,Views/SurrenderReachView.jsc,4696,0xb973c051,/Users/zhanglinsen/workspace/bianfeng/sgscq1-china-client/projects/sgscq/Resources/src_jsc/Views/SurrenderReachView.js,2eb3d8914a507c8c3cdb2a03386e010a67b1769441cde4d0aa5e6709481a3719
src_jsc/Views/Table/AgaHeadTableView.jsc,src_jsc,Views/Table/AgaHeadTableView.jsc,4709,0xb973c051,/Users/zhanglinsen/workspace/bianfeng/sgscq1-china-client/projects/sgscq/Resources/src_jsc/Views/Table/AgaHeadTableView.js,8846bf869f2a0e11211d3afd3bad9f28ad991d4cfbca772ee739447c603ed974
src_jsc/Views/Table/AvoidWarTableView.jsc,src_jsc,Views/Table/AvoidWarTableView.jsc,6157,0xb973c051,/Users/zhanglinsen/workspace/bianfeng/sgscq1-china-client/projects/sgscq/Resources/src_jsc/Views/Table/AvoidWarTableView.js,14bf107300ea29114382aafb00b2ecddb5a68d9817a6662ce7d33ac6319fc5da
src_jsc/Views/Table/BaseTableView.jsc,src_jsc,Views/Table/BaseTableView.jsc,9556,0xb973c051,/Users/zhanglinsen/workspace/bianfeng/sgscq1-china-client/projects/sgscq/Resources/src_jsc/Views/Table/BaseTableView.js,49a54c23ecad292926f4982beae6a46033b52ec5accfc798706e615a9e444b0b
src_jsc/Views/Table/BaseTableViewExtra.jsc,src_jsc,Views/Table/BaseTableViewExtra.jsc,2105,0xb973c051,/Users/zhanglinsen/workspace/bianfeng/sgscq1-china-client/projects/sgscq/Resources/src_jsc/Views/Table/BaseTableViewExtra.js,d051ec208160fda266882c92b35ea58ac0213a73f8bddb96d39b453e973d4a62
src_jsc/Views/Table/Cell/AgaHeadTableViewCell.jsc,src_jsc,Views/Table/Cell/AgaHeadTableViewCell.jsc,2358,0xb973c051,/Users/zhanglinsen/workspace/bianfeng/sgscq1-china-client/projects/sgscq/Resources/src_jsc/Views/Table/Cell/AgaHeadTableViewCell.js,907edb5c4a490f5dae63f696df2a2b030460c1df5b66b7b140909ae6b6040304
src_jsc/Views/Table/Cell/AvoidWarTableViewCell.jsc,src_jsc,Views/Table/Cell/AvoidWarTableViewCell.jsc,7136,0xb973c051,/Users/zhanglinsen/workspace/bianfeng/sgscq1-china-client/projects/sgscq/Resources/src_jsc/Views/Table/Cell/AvoidWarTableViewCell.js,71f171286e8897f78e539b6fecd7c41aeb60c6eb72c6ea227e60b479b10d30a2
src_jsc/Views/Table/Cell/BaseCcbCell.jsc,src_jsc,Views/Table/Cell/BaseCcbCell.jsc,2106,0xb973c051,/Users/zhanglinsen/workspace/bianfeng/sgscq1-china-client/projects/sgscq/Resources/src_jsc/Views/Table/Cell/BaseCcbCell.js,040885e4741b866f17c426f1fc127cd08a8ad546d9871f29e5237f4ee94cfb74
src_jsc/Views/Table/Cell/BaseCell.jsc,src_jsc,Views/Table/Cell/BaseCell.jsc,2097,0xb973c051,/Users/zhanglinsen/workspace/bianfeng/sgscq1-china-client/projects/sgscq/Resources/src_jsc/Views/Table/Cell/BaseCell.js,91bab3e968d57e711848e92561a158b407aaf9013d66044508efe5962eaa1919
src_jsc/Views/Table/Cell/BaseCmnStyleACell.jsc,src_jsc,Views/Table/Cell/BaseCmnStyleACell.jsc,4837,0xb973c051,/Users/zhanglinsen/workspace/bianfeng/sgscq1-china-client/projects/sgscq/Resources/src_jsc/Views/Table/Cell/BaseCmnStyleACell.js,b8e58e6524a2c7cb1c2306a13ceb90df7d00058c88a75dba389129f001cdb9cd
src_jsc/Views/Table/Cell/BaseCmnStyleBCell.jsc,src_jsc,Views/Table/Cell/BaseCmnStyleBCell.jsc,7014,0xb973c051,/Users/zhanglinsen/workspace/bianfeng/sgscq1-china-client/projects/sgscq/Resources/src_jsc/Views/Table/Cell/BaseCmnStyleBCell.js,c3bfd2275c14903353f9609a949aaff836c49f13a0cb4e07bd87d89ced390cee
src_jsc/Views/Table/Cell/BaseCmnStyleCCell.jsc,src_jsc,Views/Table/Cell/BaseCmnStyleCCell.jsc,6933,0xb973c051,/Users/zhanglinsen/workspace/bianfeng/sgscq1-china-client/projects/sgscq/Resources/src_jsc/Views/Table/Cell/BaseCmnStyleCCell.js,558f1be415785f42da60c66bbfe901c0628bb9a51d725d7e3a830b9596d283d7
src_jsc/Views/Table/Cell/BaseCmnStyleDCell.jsc,src_jsc,Views/Table/Cell/BaseCmnStyleDCell.jsc,5765,0xb973c051,/Users/zhanglinsen/workspace/bianfeng/sgscq1-china-client/projects/sgscq/Resources/src_jsc/Views/Table/Cell/BaseCmnStyleDCell.js,86a49ba7bc42edd42454b20ea02ef972b56acd3d31c42a0f9595d720ec49aeeb
src_jsc/Views/Table/Cell/BaseShortCardInfoCell.jsc,src_jsc,Views/Table/Cell/BaseShortCardInfoCell.jsc,211,0xb973c051,/Users/zhanglinsen/workspace/bianfeng/sgscq1-china-client/projects/sgscq/Resources/src_jsc/Views/Table/Cell/BaseShortCardInfoCell.js,ddeffeaf1e453fbef79c16bd68ee6c3a5e87cd14c32d72b68c93b27fad972db9
src_jsc/Views/Table/Cell/BaseTableViewExtraCell.jsc,src_jsc,Views/Table/Cell/BaseTableViewExtraCell.jsc,1917,0xb973c051,/Users/zhanglinsen/workspace/bianfeng/sgscq1-china-client/projects/sgscq/Resources/src_jsc/Views/Table/Cell/BaseTableViewExtraCell.js,950d7dd693e9549c983b8bee9b1f27bf36889ccdc0572245d74b1dc0a523081e
src_jsc/Views/Table/Cell/ChaosTableViewCell.jsc,src_jsc,Views/Table/Cell/ChaosTableViewCell.jsc,10664,0xb973c051,/Users/zhanglinsen/workspace/bianfeng/sgscq1-china-client/projects/sgscq/Resources/src_jsc/Views/Table/Cell/ChaosTableViewCell.js,b73567b2e2440264819944707bbd0cf859c0410a1a8fea3a17c161a379df6a0a
src_jsc/Views/Table/Cell/ChargeItemCell.jsc,src_jsc,Views/Table/Cell/ChargeItemCell.jsc,7022,0xb973c051,/Users/zhanglinsen/workspace/bianfeng/sgscq1-china-client/projects/sgscq/Resources/src_jsc/Views/Table/Cell/ChargeItemCell.js,957a9d00959db404d881d61e1c3273a3461af252f0483a330063b3af824cc6ca
src_jsc/Views/Table/Cell/ChatContentCell.jsc,src_jsc,Views/Table/Cell/ChatContentCell.jsc,1991,0xb973c051,/Users/zhanglinsen/workspace/bianfeng/sgscq1-china-client/projects/sgscq/Resources/src_jsc/Views/Table/Cell/ChatContentCell.js,c8d9b4b99d7b9047a035d24626762b21cee7a88df4e98a7ea0412c5dd730b370
src_jsc/Views/Table/Cell/ClimbLadderTableViewCell.jsc,src_jsc,Views/Table/Cell/ClimbLadderTableViewCell.jsc,12283,0xb973c051,/Users/zhanglinsen/workspace/bianfeng/sgscq1-china-client/projects/sgscq/Resources/src_jsc/Views/Table/Cell/ClimbLadderTableViewCell.js,56cbbfd3d874b0b5465a40ceab9f9dd61373df76b7f452d19c79876ca70023ab
src_jsc/Views/Table/Cell/CombatTableViewCell.jsc,src_jsc,Views/Table/Cell/CombatTableViewCell.jsc,8067,0xb973c051,/Users/zhanglinsen/workspace/bianfeng/sgscq1-china-client/projects/sgscq/Resources/src_jsc/Views/Table/Cell/CombatTableViewCell.js,bde8a8514611a2ab1953f3685824806ce66c074b73e834e0f8b0be277d2fe2de
src_jsc/Views/Table/Cell/EquipRefineTableViewCell.jsc,src_jsc,Views/Table/Cell/EquipRefineTableViewCell.jsc,7264,0xb973c051,/Users/zhanglinsen/workspace/bianfeng/sgscq1-china-client/projects/sgscq/Resources/src_jsc/Views/Table/Cell/EquipRefineTableViewCell.js,4730988dc2679b0401c62f48dc1757b74729ae5279cf744f166f83c1f596ee1a
src_jsc/Views/Table/Cell/EquipmentFragmentJoinTableViewCell.jsc,src_jsc,Views/Table/Cell/EquipmentFragmentJoinTableViewCell.jsc,7357,0xb973c051,/Users/zhanglinsen/workspace/bianfeng/sgscq1-china-client/projects/sgscq/Resources/src_jsc/Views/Table/Cell/EquipmentFragmentJoinTableViewCell.js,647107d13e792d38da6b6c413be2cf1b3f97ee105aa1ca950c2ef7990851648f
src_jsc/Views/Table/Cell/EquipmentFragmentTableViewCell.jsc,src_jsc,Views/Table/Cell/EquipmentFragmentTableViewCell.jsc,8015,0xb973c051,/Users/zhanglinsen/workspace/bianfeng/sgscq1-china-client/projects/sgscq/Resources/src_jsc/Views/Table/Cell/EquipmentFragmentTableViewCell.js,24d3c77fac95250184e0b8664554386f5e9ea0ca6fd927be217e3ecc41fa2e01
src_jsc/Views/Table/Cell/EquipmentTableViewCell.jsc,src_jsc,Views/Table/Cell/EquipmentTableViewCell.jsc,15255,0xb973c051,/Users/zhanglinsen/workspace/bianfeng/sgscq1-china-client/projects/sgscq/Resources/src_jsc/Views/Table/Cell/EquipmentTableViewCell.js,869e9cbad20a25bc1fa47db1614772523e9b58d892ee3fdad8f081bbb58d126a
src_jsc/Views/Table/Cell/EquipmentTableViewStrengthenCell.jsc,src_jsc,Views/Table/Cell/EquipmentTableViewStrengthenCell.jsc,12299,0xb973c051,/Users/zhanglinsen/workspace/bianfeng/sgscq1-china-client/projects/sgscq/Resources/src_jsc/Views/Table/Cell/EquipmentTableViewStrengthenCell.js,a944425944de65965e1d40c29def643ef8524670e8863de7064e80e2dced03ce
src_jsc/Views/Table/Cell/LadderChartTableViewCell.jsc,src_jsc,Views/Table/Cell/LadderChartTableViewCell.jsc,7367,0xb973c051,/Users/zhanglinsen/workspace/bianfeng/sgscq1-china-client/projects/sgscq/Resources/src_jsc/Views/Table/Cell/LadderChartTableViewCell.js,9f6c0fdf3feb34850051787820dc65e06b887bac5764f40d4945b0b334d002f8
src_jsc/Views/Table/Cell/MailTableViewCell.jsc,src_jsc,Views/Table/Cell/MailTableViewCell.jsc,11454,0xb973c051,/Users/zhanglinsen/workspace/bianfeng/sgscq1-china-client/projects/sgscq/Resources/src_jsc/Views/Table/Cell/MailTableViewCell.js,3adfb06df70c77051d4c642f1977fb79b3cc2a11867431573f1fe326a476e07c
src_jsc/Views/Table/Cell/MulitiFightCell.jsc,src_jsc,Views/Table/Cell/MulitiFightCell.jsc,6520,0xb973c051,/Users/zhanglinsen/workspace/bianfeng/sgscq1-china-client/projects/sgscq/Resources/src_jsc/Views/Table/Cell/MulitiFightCell.js,6088f3c70bc45787cacb8a12c77b4ea0d2da70294b02387d3d2c0259c0fbad4a
src_jsc/Views/Table/Cell/MultiColumnTableViewCell.jsc,src_jsc,Views/Table/Cell/MultiColumnTableViewCell.jsc,2672,0xb973c051,/Users/zhanglinsen/workspace/bianfeng/sgscq1-china-client/projects/sgscq/Resources/src_jsc/Views/Table/Cell/MultiColumnTableViewCell.js,84eea080890cccfae12754019c833aaef989c371d080cf381898f04c3783d285
src_jsc/Views/Table/Cell/RankTableViewCell.jsc,src_jsc,Views/Table/Cell/RankTableViewCell.jsc,10936,0xb973c051,/Users/zhanglinsen/workspace/bianfeng/sgscq1-china-client/projects/sgscq/Resources/src_jsc/Views/Table/Cell/RankTableViewCell.js,77bf7bb3bc1b42d2327d17fef5813e9a221940cf56ab135f081d042a048d6491
src_jsc/Views/Table/Cell/ReplaceCardCell.jsc,src_jsc,Views/Table/Cell/ReplaceCardCell.jsc,45353,0xb973c051,/Users/zhanglinsen/workspace/bianfeng/sgscq1-china-client/projects/sgscq/Resources/src_jsc/Views/Table/Cell/ReplaceCardCell.js,cef433612d733d0d4b3fb88de8c15ee92dd27350b4eba27751333461443e69e1
src_jsc/Views/Table/Cell/SkillListTableViewCell.jsc,src_jsc,Views/Table/Cell/SkillListTableViewCell.jsc,10422,0xb973c051,/Users/zhanglinsen/workspace/bianfeng/sgscq1-china-client/projects/sgscq/Resources/src_jsc/Views/Table/Cell/SkillListTableViewCell.js,31fa3b73a0b5adfdb410162fb286b7349ac5e6e20a077787040c977706ba81fe
src_jsc/Views/Table/Cell/SkillMeltTableCell.jsc,src_jsc,Views/Table/Cell/SkillMeltTableCell.jsc,16630,0xb973c051,/Users/zhanglinsen/workspace/bianfeng/sgscq1-china-client/projects/sgscq/Resources/src_jsc/Views/Table/Cell/SkillMeltTableCell.js,1305c70db3e62e1a2e0169391b6cedd2528fe3dafe009d05d6aa71b00a5b55fd
src_jsc/Views/Table/Cell/SkillPieceTableViewCell.jsc,src_jsc,Views/Table/Cell/SkillPieceTableViewCell.jsc,2383,0xb973c051,/Users/zhanglinsen/workspace/bianfeng/sgscq1-china-client/projects/sgscq/Resources/src_jsc/Views/Table/Cell/SkillPieceTableViewCell.js,f79e28c2b9f12fceda88ae88d65fcb96783bd9e85016cc557aafbe3844b4a7d1
src_jsc/Views/Table/Cell/SkillTableViewCell.jsc,src_jsc,Views/Table/Cell/SkillTableViewCell.jsc,7072,0xb973c051,/Users/zhanglinsen/workspace/bianfeng/sgscq1-china-client/projects/sgscq/Resources/src_jsc/Views/Table/Cell/SkillTableViewCell.js,df3717b760a99b881df3e6f0094f67b45046c1abf3f8d15c7f229609d5659a7d
src_jsc/Views/Table/Cell/SocialTableViewCell.jsc,src_jsc,Views/Table/Cell/SocialTableViewCell.jsc,8278,0xb973c051,/Users/zhanglinsen/workspace/bianfeng/sgscq1-china-client/projects/sgscq/Resources/src_jsc/Views/Table/Cell/SocialTableViewCell.js,484976a3e807bc6bb1a3c7f6ea2a9f8eed9e3361b4dc76b3a77f261e16f20d9e
src_jsc/Views/Table/Cell/TaskCell.jsc,src_jsc,Views/Table/Cell/TaskCell.jsc,16898,0xb973c051,/Users/zhanglinsen/workspace/bianfeng/sgscq1-china-client/projects/sgscq/Resources/src_jsc/Views/Table/Cell/TaskCell.js,fdfce324b0cab568979834e0bb33b31c78d21c974667253130939b2ae7968d98
src_jsc/Views/Table/Cell/TeamQueueTeamCell.jsc,src_jsc,Views/Table/Cell/TeamQueueTeamCell.jsc,4688,0xb973c051,/Users/zhanglinsen/workspace/bianfeng/sgscq1-china-client/projects/sgscq/Resources/src_jsc/Views/Table/Cell/TeamQueueTeamCell.js,0ee08420ce9a0222dfbc061b34c5b59e53c3a619759388ce41d4f7d9a7d11702
src_jsc/Views/Table/Cell/UnionSearchTableViewCell.jsc,src_jsc,Views/Table/Cell/UnionSearchTableViewCell.jsc,6014,0xb973c051,/Users/zhanglinsen/workspace/bianfeng/sgscq1-china-client/projects/sgscq/Resources/src_jsc/Views/Table/Cell/UnionSearchTableViewCell.js,f175d170d1716c2f6e911f716443f43fa01527f9be45ce9e594484d16602c2bd
src_jsc/Views/Table/Cell/headers.jsc,src_jsc,Views/Table/Cell/headers.jsc,3409,0xb973c051,/Users/zhanglinsen/workspace/bianfeng/sgscq1-china-client/projects/sgscq/Resources/src_jsc/Views/Table/Cell/headers.js,88ab56faccee4407d985b64e721466a7e8c003c25a9923ad9d1614ec6989a0db
src_jsc/Views/Table/ChaosTableView.jsc,src_jsc,Views/Table/ChaosTableView.jsc,2875,0xb973c051,/Users/zhanglinsen/workspace/bianfeng/sgscq1-china-client/projects/sgscq/Resources/src_jsc/Views/Table/ChaosTableView.js,7fe09e08944f5e4a700770a79928d8d83fdc88851bdf3d19019152fd93923bad
src_jsc/Views/Table/ChargeItemTableView.jsc,src_jsc,Views/Table/ChargeItemTableView.jsc,16862,0xb973c051,/Users/zhanglinsen/workspace/bianfeng/sgscq1-china-client/projects/sgscq/Resources/src_jsc/Views/Table/ChargeItemTableView.js,2340b202859d6653d37604f9a0479c2a47963c0bda82a514990e66cb5fb45a3e
src_jsc/Views/Table/ClimbLadderTableView.jsc,src_jsc,Views/Table/ClimbLadderTableView.jsc,4076,0xb973c051,/Users/zhanglinsen/workspace/bianfeng/sgscq1-china-client/projects/sgscq/Resources/src_jsc/Views/Table/ClimbLadderTableView.js,555ebed41693619859e3b93a265cbbc92f79b4bacd952ae28aebdbded919ef59
src_jsc/Views/Table/CombatTableView.jsc,src_jsc,Views/Table/CombatTableView.jsc,4090,0xb973c051,/Users/zhanglinsen/workspace/bianfeng/sgscq1-china-client/projects/sgscq/Resources/src_jsc/Views/Table/CombatTableView.js,e34b40be9920bf7c215c5d09d07393ddc83e4e80435db754e71316375af8074c
src_jsc/Views/Table/EquipRefineTableView.jsc,src_jsc,Views/Table/EquipRefineTableView.jsc,4062,0xb973c051,/Users/zhanglinsen/workspace/bianfeng/sgscq1-china-client/projects/sgscq/Resources/src_jsc/Views/Table/EquipRefineTableView.js,f8269ded4341b565c26288a8b23ea45158fa8055121d6aa0d943787b24ac52c3
src_jsc/Views/Table/EquipmentFragmentJoinTableView.jsc,src_jsc,Views/Table/EquipmentFragmentJoinTableView.jsc,3097,0xb973c051,/Users/zhanglinsen/workspace/bianfeng/sgscq1-china-client/projects/sgscq/Resources/src_jsc/Views/Table/EquipmentFragmentJoinTableView.js,c8c0e2be35b7a99877e635cf56f7f3569f28a2919b0a23c9de63d39019b2aba1
src_jsc/Views/Table/EquipmentFragmentTableView.jsc,src_jsc,Views/Table/EquipmentFragmentTableView.jsc,3189,0xb973c051,/Users/zhanglinsen/workspace/bianfeng/sgscq1-china-client/projects/sgscq/Resources/src_jsc/Views/Table/EquipmentFragmentTableView.js,1bcc29b19c4d7666dbda31f276d423029df09c38072ab63dacfa6cecba58b10a
src_jsc/Views/Table/EquipmentTableView.jsc,src_jsc,Views/Table/EquipmentTableView.jsc,3433,0xb973c051,/Users/zhanglinsen/workspace/bianfeng/sgscq1-china-client/projects/sgscq/Resources/src_jsc/Views/Table/EquipmentTableView.js,6557cebecea4aa3703f5cc70e30408b1e2f273bfb484161798ed886446f2af19
src_jsc/Views/Table/EquipmentTableViewStrengthen.jsc,src_jsc,Views/Table/EquipmentTableViewStrengthen.jsc,3780,0xb973c051,/Users/zhanglinsen/workspace/bianfeng/sgscq1-china-client/projects/sgscq/Resources/src_jsc/Views/Table/EquipmentTableViewStrengthen.js,a37042b6ad87110398e2021bebb925b6b1c2725165166897f7871468cdca8781
src_jsc/Views/Table/InterServiceRewardPreviewTableView.jsc,src_jsc,Views/Table/InterServiceRewardPreviewTableView.jsc,6345,0xb973c051,/Users/zhanglinsen/workspace/bianfeng/sgscq1-china-client/projects/sgscq/Resources/src_jsc/Views/Table/InterServiceRewardPreviewTableView.js,a7860432bad924d3290b8f35ef982b908e85b39a2ab1e1864c486f7e7197355e
src_jsc/Views/Table/InterServiceRewardTableView.jsc,src_jsc,Views/Table/InterServiceRewardTableView.jsc,8841,0xb973c051,/Users/zhanglinsen/workspace/bianfeng/sgscq1-china-client/projects/sgscq/Resources/src_jsc/Views/Table/InterServiceRewardTableView.js,6dead7f671451edae59127e5c27f799c3df99d88ca9646dab623f6c569ac2bc0
src_jsc/Views/Table/LadderChartTableView.jsc,src_jsc,Views/Table/LadderChartTableView.jsc,2497,0xb973c051,/Users/zhanglinsen/workspace/bianfeng/sgscq1-china-client/projects/sgscq/Resources/src_jsc/Views/Table/LadderChartTableView.js,28335300683fb198266d18c020f8f1aed37622d69d514fadf822ab40b488c4d0
src_jsc/Views/Table/MailTableView.jsc,src_jsc,Views/Table/MailTableView.jsc,2139,0xb973c051,/Users/zhanglinsen/workspace/bianfeng/sgscq1-china-client/projects/sgscq/Resources/src_jsc/Views/Table/MailTableView.js,f975af35860a2f645f55b95c76560824664e10a57ff8588ea36011f6db1ae098
src_jsc/Views/Table/MenuTableView.jsc,src_jsc,Views/Table/MenuTableView.jsc,11111,0xb973c051,/Users/zhanglinsen/workspace/bianfeng/sgscq1-china-client/projects/sgscq/Resources/src_jsc/Views/Table/MenuTableView.js,5e20c7fb3b99b2f2f73fc9088c713cbab8a138b4f0ea6f6be79d457dede174b1
src_jsc/Views/Table/MulitiFightResultTableView.jsc,src_jsc,Views/Table/MulitiFightResultTableView.jsc,3980,0xb973c051,/Users/zhanglinsen/workspace/bianfeng/sgscq1-china-client/projects/sgscq/Resources/src_jsc/Views/Table/MulitiFightResultTableView.js,70024e7b3c06ecb639ddb6a43844574d9592e025df67a5d629eb12682ef197b6
src_jsc/Views/Table/MultiColumnTableView.jsc,src_jsc,Views/Table/MultiColumnTableView.jsc,3097,0xb973c051,/Users/zhanglinsen/workspace/bianfeng/sgscq1-china-client/projects/sgscq/Resources/src_jsc/Views/Table/MultiColumnTableView.js,8afd462d9f506e1fab4d49631ce2ebe162d2757b7d22f0e5ddb71602afc39787
src_jsc/Views/Table/RankTableView.jsc,src_jsc,Views/Table/RankTableView.jsc,3043,0xb973c051,/Users/zhanglinsen/workspace/bianfeng/sgscq1-china-client/projects/sgscq/Resources/src_jsc/Views/Table/RankTableView.js,25c789ccf05c0fc8af2e1eb62375e66bcb337616d234666aaa34305404bb28a6
src_jsc/Views/Table/SkillListTableView.jsc,src_jsc,Views/Table/SkillListTableView.jsc,10720,0xb973c051,/Users/zhanglinsen/workspace/bianfeng/sgscq1-china-client/projects/sgscq/Resources/src_jsc/Views/Table/SkillListTableView.js,6069dcd9605815075e66401ff860eb9d6245d42db21b83a77eea4a06eac8d00f
src_jsc/Views/Table/SkillMeltTableView.jsc,src_jsc,Views/Table/SkillMeltTableView.jsc,3850,0xb973c051,/Users/zhanglinsen/workspace/bianfeng/sgscq1-china-client/projects/sgscq/Resources/src_jsc/Views/Table/SkillMeltTableView.js,c40f4aac0f965ca0960e0212796d52818a720e9760528b0f58f509f8104a381a
src_jsc/Views/Table/SkillPieceTableView.jsc,src_jsc,Views/Table/SkillPieceTableView.jsc,4122,0xb973c051,/Users/zhanglinsen/workspace/bianfeng/sgscq1-china-client/projects/sgscq/Resources/src_jsc/Views/Table/SkillPieceTableView.js,b98fff74c6563701fb2460e65f1a1838f06faf38c1c09387bb96478ee939bc2a
src_jsc/Views/Table/SkillTableView.jsc,src_jsc,Views/Table/SkillTableView.jsc,3047,0xb973c051,/Users/zhanglinsen/workspace/bianfeng/sgscq1-china-client/projects/sgscq/Resources/src_jsc/Views/Table/SkillTableView.js,33f3c9b86cbd8b33e280fc91306e486f5536113f73e7d1dccb5030a0fa8b63c2
src_jsc/Views/Table/SocialTableView.jsc,src_jsc,Views/Table/SocialTableView.jsc,2856,0xb973c051,/Users/zhanglinsen/workspace/bianfeng/sgscq1-china-client/projects/sgscq/Resources/src_jsc/Views/Table/SocialTableView.js,6564fc9a461b465e6a1b2e061b5e9256247586ff1ef5452a3e7470a33578e23f
src_jsc/Views/Table/TaskTableView.jsc,src_jsc,Views/Table/TaskTableView.jsc,3683,0xb973c051,/Users/zhanglinsen/workspace/bianfeng/sgscq1-china-client/projects/sgscq/Resources/src_jsc/Views/Table/TaskTableView.js,d12aaa1e09061b3b1c9c80388a81a7d37e434a3ac9af04521065d664a9682304
src_jsc/Views/Table/UnionLogTableView.jsc,src_jsc,Views/Table/UnionLogTableView.jsc,7338,0xb973c051,/Users/zhanglinsen/workspace/bianfeng/sgscq1-china-client/projects/sgscq/Resources/src_jsc/Views/Table/UnionLogTableView.js,00b650c7ad66dc40b109b3a2e66f67d6c57057407a1d95d216696c2f5b049a59
src_jsc/Views/Table/UnionSearchTableView.jsc,src_jsc,Views/Table/UnionSearchTableView.jsc,2903,0xb973c051,/Users/zhanglinsen/workspace/bianfeng/sgscq1-china-client/projects/sgscq/Resources/src_jsc/Views/Table/UnionSearchTableView.js,1802b98da823181b0cc30d3146f9a67aadea4553d92217b29f13932604a84042
src_jsc/Views/Table/UnionWarFlowChartTableView.jsc,src_jsc,Views/Table/UnionWarFlowChartTableView.jsc,8643,0xb973c051,/Users/zhanglinsen/workspace/bianfeng/sgscq1-china-client/projects/sgscq/Resources/src_jsc/Views/Table/UnionWarFlowChartTableView.js,46b80f5a0d2d23241b3d3f1d6360e1685634ace5b1e4c27bbe04c9e6377e0a4c
src_jsc/Views/Table/headers.jsc,src_jsc,Views/Table/headers.jsc,2928,0xb973c051,/Users/zhanglinsen/workspace/bianfeng/sgscq1-china-client/projects/sgscq/Resources/src_jsc/Views/Table/headers.js,50bf1a0fbd099b183832b51bd80fdd0ec660c639a735d22d7bc3dc3ba4870d7d
src_jsc/Views/TablePageView.jsc,src_jsc,Views/TablePageView.jsc,20287,0xb973c051,/Users/zhanglinsen/workspace/bianfeng/sgscq1-china-client/projects/sgscq/Resources/src_jsc/Views/TablePageView.js,90074bfe113cb48eab245dfaf336095591921a8c0fe125b3d818cb17f5854f78
src_jsc/Views/TableViewCellButton.jsc,src_jsc,Views/TableViewCellButton.jsc,11153,0xb973c051,/Users/zhanglinsen/workspace/bianfeng/sgscq1-china-client/projects/sgscq/Resources/src_jsc/Views/TableViewCellButton.js,042faf49c21b627893be31d20880ae69221c2351d7b0d9444f546d10340c3735
src_jsc/Views/TeamCntPopView.jsc,src_jsc,Views/TeamCntPopView.jsc,11537,0xb973c051,/Users/zhanglinsen/workspace/bianfeng/sgscq1-china-client/projects/sgscq/Resources/src_jsc/Views/TeamCntPopView.js,f89b21678c48ca67f4ed51c448abfe1e421d10255b03038ff6b3fa87f00c96e8
src_jsc/Views/TeamGeneralFightAndStrikeView.jsc,src_jsc,Views/TeamGeneralFightAndStrikeView.jsc,6652,0xb973c051,/Users/zhanglinsen/workspace/bianfeng/sgscq1-china-client/projects/sgscq/Resources/src_jsc/Views/TeamGeneralFightAndStrikeView.js,08289ee1774735093302a62937add8c77df6b71691cbd1b4a303abb46e289f16
src_jsc/Views/TeamIconButton.jsc,src_jsc,Views/TeamIconButton.jsc,11669,0xb973c051,/Users/zhanglinsen/workspace/bianfeng/sgscq1-china-client/projects/sgscq/Resources/src_jsc/Views/TeamIconButton.js,b6e648e67a05e043ceb85c325c16e92a97163ed0e1ff19d3b20e40836435d3d2
src_jsc/Views/TeamIconButton_Buddy.jsc,src_jsc,Views/TeamIconButton_Buddy.jsc,4144,0xb973c051,/Users/zhanglinsen/workspace/bianfeng/sgscq1-china-client/projects/sgscq/Resources/src_jsc/Views/TeamIconButton_Buddy.js,154678afbb27b74fd919809c89aa646023835b5911bee9ef8a58616fa3650f8a
src_jsc/Views/TextProgressView.jsc,src_jsc,Views/TextProgressView.jsc,2360,0xb973c051,/Users/zhanglinsen/workspace/bianfeng/sgscq1-china-client/projects/sgscq/Resources/src_jsc/Views/TextProgressView.js,b58395354d15190fb543c90fc8acedbe79ab3e76f1e5fc4299b85b180895beca
src_jsc/Views/TouchableIcon.jsc,src_jsc,Views/TouchableIcon.jsc,345,0xb973c051,/Users/zhanglinsen/workspace/bianfeng/sgscq1-china-client/projects/sgscq/Resources/src_jsc/Views/TouchableIcon.js,b989bad11e6885e1c902ea7e4516072d72492a60fb1fca243da048b0e71d1a77
src_jsc/Views/Union/UnionBaseLayer.jsc,src_jsc,Views/Union/UnionBaseLayer.jsc,1590,0xb973c051,/Users/zhanglinsen/workspace/bianfeng/sgscq1-china-client/projects/sgscq/Resources/src_jsc/Views/Union/UnionBaseLayer.js,069a183a12d32e3470a69b50409f07c10db95c5c25526a609ed2fb29282f67d6
src_jsc/Views/Union/UnionCombatMainLayer.jsc,src_jsc,Views/Union/UnionCombatMainLayer.jsc,26666,0xb973c051,/Users/zhanglinsen/workspace/bianfeng/sgscq1-china-client/projects/sgscq/Resources/src_jsc/Views/Union/UnionCombatMainLayer.js,3ceddd0f47eb4c1df83b103ab9b8c6bcb83da411215dd004ff334d36374ccd59
src_jsc/Views/Union/UnionCreate.jsc,src_jsc,Views/Union/UnionCreate.jsc,10828,0xb973c051,/Users/zhanglinsen/workspace/bianfeng/sgscq1-china-client/projects/sgscq/Resources/src_jsc/Views/Union/UnionCreate.js,5434a1573fff5ea96bcf50dc2b360cb39fa8a50f0c2c17afdadeceb623fcc9b8
src_jsc/Views/Union/UnionDepotLayer.jsc,src_jsc,Views/Union/UnionDepotLayer.jsc,15592,0xb973c051,/Users/zhanglinsen/workspace/bianfeng/sgscq1-china-client/projects/sgscq/Resources/src_jsc/Views/Union/UnionDepotLayer.js,5be9e8821ef702706041e0a217e8740433b86d710b01d0cb151989ac6ba41909
src_jsc/Views/Union/UnionDialog.jsc,src_jsc,Views/Union/UnionDialog.jsc,13888,0xb973c051,/Users/zhanglinsen/workspace/bianfeng/sgscq1-china-client/projects/sgscq/Resources/src_jsc/Views/Union/UnionDialog.js,3e3240ec13af34886d7417d9651cc40f160f45be99d5a7d19d6ecaf30d60683c
src_jsc/Views/Union/UnionDonationLayer.jsc,src_jsc,Views/Union/UnionDonationLayer.jsc,18854,0xb973c051,/Users/zhanglinsen/workspace/bianfeng/sgscq1-china-client/projects/sgscq/Resources/src_jsc/Views/Union/UnionDonationLayer.js,958456587639001ddf94764b96709c0e8138a724c6efdd1aa34fa97c3a83344a
src_jsc/Views/Union/UnionInfoLayer.jsc,src_jsc,Views/Union/UnionInfoLayer.jsc,18542,0xb973c051,/Users/zhanglinsen/workspace/bianfeng/sgscq1-china-client/projects/sgscq/Resources/src_jsc/Views/Union/UnionInfoLayer.js,28279a02ba8a35e4cfd3702fd0399b443aab16ecf3f45edd0b578eb5d3e66866
src_jsc/Views/Union/UnionMemberLayer.jsc,src_jsc,Views/Union/UnionMemberLayer.jsc,23707,0xb973c051,/Users/zhanglinsen/workspace/bianfeng/sgscq1-china-client/projects/sgscq/Resources/src_jsc/Views/Union/UnionMemberLayer.js,97e870e8136284b2fd6b98ec551fd08fe2470f3ae8f25d34cef91eec5b00913f
src_jsc/Views/Union/UnionMemberManageDialog.jsc,src_jsc,Views/Union/UnionMemberManageDialog.jsc,9019,0xb973c051,/Users/zhanglinsen/workspace/bianfeng/sgscq1-china-client/projects/sgscq/Resources/src_jsc/Views/Union/UnionMemberManageDialog.js,95863b5a62ff5e35d28c5f8d9c5d295f699c5507d61bad10d0ea7a4216788ab7
src_jsc/Views/Union/UnionMembershipLayer.jsc,src_jsc,Views/Union/UnionMembershipLayer.jsc,16437,0xb973c051,/Users/zhanglinsen/workspace/bianfeng/sgscq1-china-client/projects/sgscq/Resources/src_jsc/Views/Union/UnionMembershipLayer.js,fa2229bbc8f0332e6b27a853de977875a6af7f8f6f523511068386b79c5b7169
src_jsc/Views/Union/UnionRankingLayer.jsc,src_jsc,Views/Union/UnionRankingLayer.jsc,15333,0xb973c051,/Users/zhanglinsen/workspace/bianfeng/sgscq1-china-client/projects/sgscq/Resources/src_jsc/Views/Union/UnionRankingLayer.js,9133e1abc286f53c51999d1a9c717823dda23ddb4e5e515e96b8bb5f1e6e672e
src_jsc/Views/Union/UnionSearch.jsc,src_jsc,Views/Union/UnionSearch.jsc,14847,0xb973c051,/Users/zhanglinsen/workspace/bianfeng/sgscq1-china-client/projects/sgscq/Resources/src_jsc/Views/Union/UnionSearch.js,dcfceb8605526386167b8f8ff849862908dda73b90e5a29995dc6af6e91df707
src_jsc/Views/Union/UnionShopLayer.jsc,src_jsc,Views/Union/UnionShopLayer.jsc,16041,0xb973c051,/Users/zhanglinsen/workspace/bianfeng/sgscq1-china-client/projects/sgscq/Resources/src_jsc/Views/Union/UnionShopLayer.js,1c15499b23273ef94b7dfee30bed06c9ca05307b2b78a0cf5cd2a2713b67e1f0
src_jsc/Views/Union/headers.jsc,src_jsc,Views/Union/headers.jsc,1338,0xb973c051,/Users/zhanglinsen/workspace/bianfeng/sgscq1-china-client/projects/sgscq/Resources/src_jsc/Views/Union/headers.js,e8791bb6f8b8594f2b1454407c5ac9f5d802303682a466fe0bfab6455114a2c8
src_jsc/Views/UnionWarBattleView.jsc,src_jsc,Views/UnionWarBattleView.jsc,12565,0xb973c051,/Users/zhanglinsen/workspace/bianfeng/sgscq1-china-client/projects/sgscq/Resources/src_jsc/Views/UnionWarBattleView.js,da0812020ff8caf7118bd73e240e73abb2282cfdad3cea44d814cae5db79878f
src_jsc/Views/UnionWarFightView.jsc,src_jsc,Views/UnionWarFightView.jsc,11514,0xb973c051,/Users/zhanglinsen/workspace/bianfeng/sgscq1-china-client/projects/sgscq/Resources/src_jsc/Views/UnionWarFightView.js,01f129d6f502c4d7ef2a55e31f78bbd00a68d42dbac5f897c36c60d599e949ea
src_jsc/Views/UnionWarPlayerHeadFightView.jsc,src_jsc,Views/UnionWarPlayerHeadFightView.jsc,9119,0xb973c051,/Users/zhanglinsen/workspace/bianfeng/sgscq1-china-client/projects/sgscq/Resources/src_jsc/Views/UnionWarPlayerHeadFightView.js,8f53339e386520a653b9bb3275edeaea543068fea41fb7ff97cf314027b3f9c3
src_jsc/Views/UnionWarPlayerHeadView.jsc,src_jsc,Views/UnionWarPlayerHeadView.jsc,5333,0xb973c051,/Users/zhanglinsen/workspace/bianfeng/sgscq1-china-client/projects/sgscq/Resources/src_jsc/Views/UnionWarPlayerHeadView.js,c6fe5eac54dea96803ca03834d41c23f6687dbfd8edb4fd4a990bfce787da263
src_jsc/Views/UpgradeCard/BaseUpgradeCard.jsc,src_jsc,Views/UpgradeCard/BaseUpgradeCard.jsc,16017,0xb973c051,/Users/zhanglinsen/workspace/bianfeng/sgscq1-china-client/projects/sgscq/Resources/src_jsc/Views/UpgradeCard/BaseUpgradeCard.js,a1484fd3741de452123c4ee095f45e11e6ff1513189f4d45b0b6b6b5557ac729
src_jsc/Views/UpgradeCard/CardAwakeInfoView.jsc,src_jsc,Views/UpgradeCard/CardAwakeInfoView.jsc,4955,0xb973c051,/Users/zhanglinsen/workspace/bianfeng/sgscq1-china-client/projects/sgscq/Resources/src_jsc/Views/UpgradeCard/CardAwakeInfoView.js,4823529b87df4a920cfc217823d1a462d1b00cabb78ddfd600892a6e7a982ded
src_jsc/Views/UpgradeCard/CardAwakeView.jsc,src_jsc,Views/UpgradeCard/CardAwakeView.jsc,4520,0xb973c051,/Users/zhanglinsen/workspace/bianfeng/sgscq1-china-client/projects/sgscq/Resources/src_jsc/Views/UpgradeCard/CardAwakeView.js,e2ed2ea25fe2c05c8f6daac2b26dceeda26750b4f9b85f1496fdda0a2a544e7a
src_jsc/Views/UpgradeCard/CombatUpgradeCard.jsc,src_jsc,Views/UpgradeCard/CombatUpgradeCard.jsc,2811,0xb973c051,/Users/zhanglinsen/workspace/bianfeng/sgscq1-china-client/projects/sgscq/Resources/src_jsc/Views/UpgradeCard/CombatUpgradeCard.js,20160e15f9ed34fcbf6dc46a70371efbe3a46670bef2118a5c5fc5bd792cbcf0
src_jsc/Views/UpgradeCard/EquipmentUpgradeCard.jsc,src_jsc,Views/UpgradeCard/EquipmentUpgradeCard.jsc,3208,0xb973c051,/Users/zhanglinsen/workspace/bianfeng/sgscq1-china-client/projects/sgscq/Resources/src_jsc/Views/UpgradeCard/EquipmentUpgradeCard.js,f59602fcc7a75199999ebbea0ac98dbf27120edf3804190f4b28e0a938ccee5d
src_jsc/Views/UpgradeCard/SkillUpgradeCard.jsc,src_jsc,Views/UpgradeCard/SkillUpgradeCard.jsc,877,0xb973c051,/Users/zhanglinsen/workspace/bianfeng/sgscq1-china-client/projects/sgscq/Resources/src_jsc/Views/UpgradeCard/SkillUpgradeCard.js,83cb6749dc9f41ecd67c900e57ed191b80644ce5554572f2d78e84c8a2d55fca
src_jsc/Views/UpgradeCard/headers.jsc,src_jsc,Views/UpgradeCard/headers.jsc,810,0xb973c051,/Users/zhanglinsen/workspace/bianfeng/sgscq1-china-client/projects/sgscq/Resources/src_jsc/Views/UpgradeCard/headers.js,769dd6384ee15e88cc5ea4cc21640495c275b05e1f6114cb65a28434503355b7
src_jsc/Views/UpgradeGuideInMainView.jsc,src_jsc,Views/UpgradeGuideInMainView.jsc,6528,0xb973c051,/Users/zhanglinsen/workspace/bianfeng/sgscq1-china-client/projects/sgscq/Resources/src_jsc/Views/UpgradeGuideInMainView.js,b17db173342795f1a250fa212c429857fd4bb1838e07e9180474716e1eea9571
src_jsc/Views/UserLevelUp.jsc,src_jsc,Views/UserLevelUp.jsc,1525,0xb973c051,/Users/zhanglinsen/workspace/bianfeng/sgscq1-china-client/projects/sgscq/Resources/src_jsc/Views/UserLevelUp.js,bb61d2d0126a70d752383eb3290d47411710ad5b7c20f9ab62495738edd1aaae
src_jsc/Views/VipCell.jsc,src_jsc,Views/VipCell.jsc,7079,0xb973c051,/Users/zhanglinsen/workspace/bianfeng/sgscq1-china-client/projects/sgscq/Resources/src_jsc/Views/VipCell.js,75711bf710bf2dc51072c3578b7651b28232de193388557ea5b77f8ee2b3bade
src_jsc/Views/WorshipCardAdd.jsc,src_jsc,Views/WorshipCardAdd.jsc,3431,0xb973c051,/Users/zhanglinsen/workspace/bianfeng/sgscq1-china-client/projects/sgscq/Resources/src_jsc/Views/WorshipCardAdd.js,1033e6343eb8f258bafd8b68a50f84e17ef4b4707aea007d705bef71e2509f81
src_jsc/Views/WorshipDescView.jsc,src_jsc,Views/WorshipDescView.jsc,2342,0xb973c051,/Users/zhanglinsen/workspace/bianfeng/sgscq1-china-client/projects/sgscq/Resources/src_jsc/Views/WorshipDescView.js,4f6c6a7a9f76f798ddeaa1dd79a4e0cf543d53ca66dd6634368190c9fa6e8102
src_jsc/Views/WorshipInfoView.jsc,src_jsc,Views/WorshipInfoView.jsc,16545,0xb973c051,/Users/zhanglinsen/workspace/bianfeng/sgscq1-china-client/projects/sgscq/Resources/src_jsc/Views/WorshipInfoView.js,128dbc67de1e4c1ee649f2595d6213263ae67bc784faf65c878b9d2f619725ca
src_jsc/Views/WorshipWinePopNode.jsc,src_jsc,Views/WorshipWinePopNode.jsc,18779,0xb973c051,/Users/zhanglinsen/workspace/bianfeng/sgscq1-china-client/projects/sgscq/Resources/src_jsc/Views/WorshipWinePopNode.js,0cb9ca75a7897f49a48f41453077d02dae5bbb556118488535cbea5adf322b09
src_jsc/Views/headers.jsc,src_jsc,Views/headers.jsc,6142,0xb973c051,/Users/zhanglinsen/workspace/bianfeng/sgscq1-china-client/projects/sgscq/Resources/src_jsc/Views/headers.js,eeb6e75fae4cc63b18722f314d11f2fdec7992b26515725b89fbc4dc6fcf11ca
src_jsc/cfg.jsc,src_jsc,cfg.jsc,2970,0xb973c051,/Users/zhanglinsen/workspace/bianfeng/sgscq1-china-client/projects/sgscq/Resources/src_jsc/cfg.js,32a2ae4dc5b6bd57de1e101528b12512c96b98bf281615e21974b49fe45af427
src_jsc/cpp2jsb.jsc,src_jsc,cpp2jsb.jsc,19445,0xb973c051,/Users/zhanglinsen/workspace/bianfeng/sgscq1-china-client/projects/sgscq/Resources/src_jsc/cpp2jsb.js,5c1a5324604bd6d5a821c4c98c2c73347655cbe646850c713b04bbe9d01e0b41
src_jsc/debug.jsc,src_jsc,debug.jsc,1647,0xb973c051,/Users/zhanglinsen/workspace/bianfeng/sgscq1-china-client/projects/sgscq/Resources/src_jsc/debug.js,069ed3f4317ace62a6d233b283f086de7983391a0bbd065d5ffaa6be57403dfe
src_jsc/headers.jsc,src_jsc,headers.jsc,1870,0xb973c051,/Users/zhanglinsen/workspace/bianfeng/sgscq1-china-client/projects/sgscq/Resources/src_jsc/headers.js,fc763617e06b83a24a880b00348f26d189c17811b2948a5e449d0f5d93d97807
src_jsc/main.jsc,src_jsc,main.jsc,10351,0xb973c051,/Users/zhanglinsen/workspace/bianfeng/sgscq1-china-client/projects/sgscq/Resources/src_jsc/main.js,3d1646842457e53d775a140ea6263767a327d28e54fbdf6525dad31f97b5253e
