action,request_path,request_encoding,play_stage,client_evidence,request_fields,response_fields,cmn_effect,static_config_dependencies,persistence_entities,implementation_status,handling_class,test_fixture,device_validation,risk,next_step
account.bindWithBf,/index.php?do=account.bindWithBf,GET; encodeURIComponent(JSON.stringify(data)); ingor_encrypt=1; optional zlib=1; sign=MD5(raw JSON + client constant),10 长尾 / 待核,"[""ReconstructedJS/src_jsc/Cfg/Url.js:135"",""docs/ref/account.md#accountbindWithBf"",""Views/Dialog/BindingDialog.js:318 (onBfSdkLoginSucess)""]","[""sessionId"",""uid""]",[],No model hop extracted; inspect ref page and cmn consumers.,not resolved from endpoint alone,not implemented,DISABLED_BY_DESIGN,LEGACY_DISABLED,unit regression test,NOT DEVICE VERIFIED,"Intentionally unavailable; the handler must keep returning failure without creating orders, identity records, or grants.",Keep the corresponding client flow disabled and retain the explicit failure fixture.
account.bindWithEasysdk,/index.php?do=account.bindWithEasysdk,GET; encodeURIComponent(JSON.stringify(data)); ingor_encrypt=1; optional zlib=1; sign=MD5(raw JSON + client constant),10 长尾 / 待核,"[""ReconstructedJS/src_jsc/Cfg/Url.js:137"",""docs/ref/account.md#accountbindWithEasysdk"",""Scene/Setting/SettingScene.js:259 (getEasySessionIdforBinding)""]","[""easy_uid"",""session_id"",""uid""]",[],No model hop extracted; inspect ref page and cmn consumers.,not resolved from endpoint alone,not implemented,DISABLED_BY_DESIGN,LEGACY_DISABLED,unit regression test,NOT DEVICE VERIFIED,"Intentionally unavailable; the handler must keep returning failure without creating orders, identity records, or grants.",Keep the corresponding client flow disabled and retain the explicit failure fixture.
account.bindWithFacebook,/index.php?do=account.bindWithFacebook,GET; encodeURIComponent(JSON.stringify(data)); ingor_encrypt=1; optional zlib=1; sign=MD5(raw JSON + client constant),10 长尾 / 待核,"[""ReconstructedJS/src_jsc/Cfg/Url.js:136"",""docs/ref/account.md#accountbindWithFacebook"",""Scene/Setting/SettingScene.js:233 (getNewSessionId)""]","[""sessionId"",""uid""]",[],No model hop extracted; inspect ref page and cmn consumers.,not resolved from endpoint alone,not implemented,DISABLED_BY_DESIGN,LEGACY_DISABLED,unit regression test,NOT DEVICE VERIFIED,"Intentionally unavailable; the handler must keep returning failure without creating orders, identity records, or grants.",Keep the corresponding client flow disabled and retain the explicit failure fixture.
account.chgAccountInfo,/index.php?do=account.chgAccountInfo,GET; encodeURIComponent(JSON.stringify(data)); ingor_encrypt=1; optional zlib=1; sign=MD5(raw JSON + client constant),10 长尾 / 待核,"[""ReconstructedJS/src_jsc/Cfg/Url.js:138"",""docs/ref/account.md#accountchgAccountInfo"",""Views/Dialog/BindingTelDialog.js:131 (init)""]","[""mobile_num"",""uid""]",[],No model hop extracted; inspect ref page and cmn consumers.,not resolved from endpoint alone,not implemented,DISABLED_BY_DESIGN,LEGACY_DISABLED,unit regression test,NOT DEVICE VERIFIED,"Intentionally unavailable; the handler must keep returning failure without creating orders, identity records, or grants.",Keep the corresponding client flow disabled and retain the explicit failure fixture.
account.index,/index.php?do=account.index,GET; encodeURIComponent(JSON.stringify(data)); ingor_encrypt=1; optional zlib=1; sign=MD5(raw JSON + client constant),1-2 启动、选服与主城,"[""ReconstructedJS/src_jsc/Cfg/Url.js:120"",""docs/ref/account.md#accountindex"",""Scene/Login/LoginScene_AnySdk.js:440 (onAnySdkLoginSucess)"",""Scene/Login/LoginScene_AnySdk.js:694 (onVisitorBtnClick)"",""Scene/Login/LoginScene_AnySdk.js:710 (onBfSdkLoginSucess)"",""Scene/Login/LoginScene_BfSdk.js:588 (onVisitorBtnClick)"",""Scene/Login/LoginScene_BfSdk.js:613 (checkGetOpenUDID)"",""Scene/Login/LoginScene_BfSdk.js:634 (onBfSdkLoginSucess)"",""Scene/Login/LoginScene_EasyGuestSdk.js:190 (_onVisitorBtnClick)"",""Scene/Login/LoginScene_EasyGuestSdk.js:391 (onEasySdkLoginSuccess)"",""Scene/Login/LoginScene_EasySdk.js:292 (onEasySdkLoginSuccess)"",""Scene/Login/LoginScene_ThirdGuestSdk.js:385 (onVisitorBtnClick)"",""Scene/Login/LoginScene_ThirdGuestSdk.js:493 (onThirdSdkLoginSucess)"",""Scene/Login/LoginScene_ThirdSdk.js:416 (onThirdSdkLoginSucess)""]","[""app_indentify"",""extra"",""logintype"",""session"",""sessionId"",""uid""]","[""account_info.account_uid"",""server_list"",""server_list.length"",""server_logined_list"",""server_params"",""token"",""user_auth""]",No model hop extracted; inspect ref page and cmn consumers.,not resolved from endpoint alone,"accounts, sessions",IMPLEMENTED_LOCAL_SLICE,CLIENT_BOOTSTRAP,HTTP integration test,NOT DEVICE VERIFIED,"Current handler covers only the local reconstruction slice; verify full response, rules, costs, and restart behavior.","Extend behavior from client evidence; add success, legal refusal, retry, persistence, and device checks."
activity.exchange,/index.php?do=activity.exchange,GET; encodeURIComponent(JSON.stringify(data)); ingor_encrypt=1; optional zlib=1; sign=MD5(raw JSON + client constant),8 日常与经济,"[""ReconstructedJS/src_jsc/Cfg/Url.js:25"",""docs/ref/activity.md#activityexchange"",""Views/Dialog/MultiItemExchangeDialog.js:116 (onClick)""]","[""exchange_id"",""instance_id"",""num"",""user_id""]","[""activity_exchange"",""add_list""]",No model hop extracted; inspect ref page and cmn consumers.,not resolved from endpoint alone,not implemented,NOT_IMPLEMENTED,GAMEPLAY_REQUIRED,missing,NOT DEVICE VERIFIED,Client has a recovered call path; returning not_implemented can block this feature.,"Trace full client consumer, config dependencies, state changes, and failure path; implement behavior + tests."
activity.gamble,/index.php?do=activity.gamble,GET; encodeURIComponent(JSON.stringify(data)); ingor_encrypt=1; optional zlib=1; sign=MD5(raw JSON + client constant),8 日常与经济,"[""ReconstructedJS/src_jsc/Cfg/Url.js:24"",""docs/ref/activity.md#activitygamble"",""Views/Dialog/SlotMachinesActivities.js:351 (onStartBtn)""]","[""activity_push"",""forcePush"",""forcepush"",""instance_id"",""user_id""]","[""add_list.num"",""gamble""]",No model hop extracted; inspect ref page and cmn consumers.,not resolved from endpoint alone,not implemented,NOT_IMPLEMENTED,GAMEPLAY_REQUIRED,missing,NOT DEVICE VERIFIED,Client has a recovered call path; returning not_implemented can block this feature.,"Trace full client consumer, config dependencies, state changes, and failure path; implement behavior + tests."
activity.receive,/index.php?do=activity.receive,GET; encodeURIComponent(JSON.stringify(data)); ingor_encrypt=1; optional zlib=1; sign=MD5(raw JSON + client constant),8 日常与经济,"[""ReconstructedJS/src_jsc/Cfg/Url.js:22"",""docs/ref/activity.md#activityreceive"",""Scene/Party/MonthLegendDialog.js:96 (onBtnAwardCallBack)"",""Scene/Party/PartyDialog.js:235 (onBtnConfirmClickCallBack)"",""Scene/Party/PartyDialog.js:1334 (onBtnAwardCallBack)"",""Scene/Party/PartyDialogExt.js:263 (onBtnConfirmClickCallBack)"",""Scene/Party/PartyDialogExt.js:1029 (onBtnAwardCallBack)""]","[""cooperator"",""cooperator_server_id"",""extra_param"",""forcepush"",""instance_id""]","[""activity_list"",""add_list""]",No model hop extracted; inspect ref page and cmn consumers.,not resolved from endpoint alone,not implemented,NOT_IMPLEMENTED,GAMEPLAY_REQUIRED,missing,NOT DEVICE VERIFIED,Client has a recovered call path; returning not_implemented can block this feature.,"Trace full client consumer, config dependencies, state changes, and failure path; implement behavior + tests."
activity.receivePower,/index.php?do=activity.receivePower,GET; encodeURIComponent(JSON.stringify(data)); ingor_encrypt=1; optional zlib=1; sign=MD5(raw JSON + client constant),8 日常与经济,"[""ReconstructedJS/src_jsc/Cfg/Url.js:23"",""docs/ref/activity.md#activityreceivePower"",""Scene/Party/PartyDialog.js:1693 (init)""]","[""activity_push"",""forcepush""]","[""timing_power""]",No model hop extracted; inspect ref page and cmn consumers.,not resolved from endpoint alone,not implemented,NOT_IMPLEMENTED,GAMEPLAY_REQUIRED,missing,NOT DEVICE VERIFIED,Client has a recovered call path; returning not_implemented can block this feature.,"Trace full client consumer, config dependencies, state changes, and failure path; implement behavior + tests."
anysdkAccount.index,(内联拼接，不含固定前缀),GET; encodeURIComponent(JSON.stringify(data)); ingor_encrypt=1; optional zlib=1; sign=MD5(raw JSON + client constant),10 长尾 / 待核,"[""AnySdk/AnySdkHelp_js.js:23"",""docs/ref/anysdkAccount.md#anysdkAccountindex""]",[],[],No model hop extracted; inspect ref page and cmn consumers.,not resolved from endpoint alone,not implemented,DISABLED_BY_DESIGN,LEGACY_DISABLED,unit regression test,NOT DEVICE VERIFIED,"Intentionally unavailable; the handler must keep returning failure without creating orders, identity records, or grants.",Keep the corresponding client flow disabled and retain the explicit failure fixture.
atlas.getList,/index.php?do=atlas.getList,GET; encodeURIComponent(JSON.stringify(data)); ingor_encrypt=1; optional zlib=1; sign=MD5(raw JSON + client constant),10 长尾 / 待核,"[""ReconstructedJS/src_jsc/Cfg/Url.js:108"",""docs/ref/atlas.md#atlasgetList"",""Scene/Achievement/AchievementScene.js:34 (requestService)""]","[""initWithData""]",[],No model hop extracted; inspect ref page and cmn consumers.,not resolved from endpoint alone,not implemented,NOT_IMPLEMENTED,GAMEPLAY_REQUIRED,missing,NOT DEVICE VERIFIED,Client has a recovered call path; returning not_implemented can block this feature.,"Trace full client consumer, config dependencies, state changes, and failure path; implement behavior + tests."
atlas.getSurrenderList,/index.php?do=atlas.getSurrenderList,GET; encodeURIComponent(JSON.stringify(data)); ingor_encrypt=1; optional zlib=1; sign=MD5(raw JSON + client constant),10 长尾 / 待核,"[""ReconstructedJS/src_jsc/Cfg/Url.js:109"",""docs/ref/atlas.md#atlasgetSurrenderList"",""Views/Dialog/AgaSurrenderDialog.js:207 (refreshViewWithModelGeneral)"",""Views/Dialog/DetailDialogGeneral.js:458 (setDisplayType)"",""Views/Dialog/DetailDialogGeneral.js:469 (setDisplayType)"",""Views/Dialog/DetailDialogGeneral.js:490 (setDisplayType)"",""Views/Dialog/DetailDialogGeneral.js:505 (setDisplayType)""]","[""general_id""]",[],No model hop extracted; inspect ref page and cmn consumers.,"[""sgs_generals""]",not implemented,NOT_IMPLEMENTED,GAMEPLAY_REQUIRED,missing,NOT DEVICE VERIFIED,Client has a recovered call path; returning not_implemented can block this feature.,"Trace full client consumer, config dependencies, state changes, and failure path; implement behavior + tests."
battle.mnq,(内联拼接，不含固定前缀),GET; encodeURIComponent(JSON.stringify(data)); ingor_encrypt=1; optional zlib=1; sign=MD5(raw JSON + client constant),10 长尾 / 待核,"[""Cfg/Url.js:19"",""docs/ref/battle.md#battlemnq""]",[],[],No model hop extracted; inspect ref page and cmn consumers.,not resolved from endpoint alone,not implemented,NOT_IMPLEMENTED,UNKNOWN,missing,NOT DEVICE VERIFIED,No static call site or server behavior; reachability is not established.,Trace inline/dynamic URL and original client path before classifying or implementing.
beauty.addBeautyExperience,/?do=beauty.addBeautyExperience,GET; encodeURIComponent(JSON.stringify(data)); ingor_encrypt=1; optional zlib=1; sign=MD5(raw JSON + client constant),7 常规成长,"[""ReconstructedJS/src_jsc/Cfg/Url.js:258"",""docs/ref/beauty.md#beautyaddBeautyExperience"",""Scene/Beauty/BeautyScene.js:1086 (requestBeautyAddExp)""]","[""item_num"",""user_item_id""]","[""add_list.addExperience"",""add_list.attack"",""add_list.curMaxLevle"",""add_list.defense"",""add_list.hp"",""add_list.isUplevel"",""add_list.talentLevel"",""add_list.wisdom"",""error_code"",""result""]",No model hop extracted; inspect ref page and cmn consumers.,not resolved from endpoint alone,not implemented,NOT_IMPLEMENTED,GAMEPLAY_REQUIRED,missing,NOT DEVICE VERIFIED,Client has a recovered call path; returning not_implemented can block this feature.,"Trace full client consumer, config dependencies, state changes, and failure path; implement behavior + tests."
beauty.beautyCruise,/?do=beauty.beautyCruise,GET; encodeURIComponent(JSON.stringify(data)); ingor_encrypt=1; optional zlib=1; sign=MD5(raw JSON + client constant),7 常规成长,"[""ReconstructedJS/src_jsc/Cfg/Url.js:256"",""docs/ref/beauty.md#beautybeautyCruise"",""Scene/Beauty/BeautyScene.js:866 (requestBeautySatrt)""]","[""beauty_id"",""talent_level""]","[""beauty_info.end_time"",""error_code"",""result""]",No model hop extracted; inspect ref page and cmn consumers.,not resolved from endpoint alone,not implemented,NOT_IMPLEMENTED,GAMEPLAY_REQUIRED,missing,NOT DEVICE VERIFIED,Client has a recovered call path; returning not_implemented can block this feature.,"Trace full client consumer, config dependencies, state changes, and failure path; implement behavior + tests."
beauty.beautyCruiseOver,/?do=beauty.beautyCruiseOver,GET; encodeURIComponent(JSON.stringify(data)); ingor_encrypt=1; optional zlib=1; sign=MD5(raw JSON + client constant),7 常规成长,"[""ReconstructedJS/src_jsc/Cfg/Url.js:257"",""docs/ref/beauty.md#beautybeautyCruiseOver"",""Scene/Beauty/BeautyScene.js:985 (requestBeautyEnd)"",""Scene/Beauty/BeautyScene.js:1013 (rightCB)""]","[""Constant_Beauty_Over_Normal"",""type""]","[""beauty_cruise_info"",""error_code"",""result""]",No model hop extracted; inspect ref page and cmn consumers.,not resolved from endpoint alone,not implemented,NOT_IMPLEMENTED,GAMEPLAY_REQUIRED,missing,NOT DEVICE VERIFIED,Client has a recovered call path; returning not_implemented can block this feature.,"Trace full client consumer, config dependencies, state changes, and failure path; implement behavior + tests."
beauty.beautyExchange,/?do=beauty.beautyExchange,GET; encodeURIComponent(JSON.stringify(data)); ingor_encrypt=1; optional zlib=1; sign=MD5(raw JSON + client constant),7 常规成长,"[""ReconstructedJS/src_jsc/Cfg/Url.js:260"",""docs/ref/beauty.md#beautybeautyExchange"",""Views/Dialog/BeautyShopDialog.js:393 (rightCB)""]","[""pk_id"",""user_id""]","[""result""]",No model hop extracted; inspect ref page and cmn consumers.,not resolved from endpoint alone,not implemented,NOT_IMPLEMENTED,GAMEPLAY_REQUIRED,missing,NOT DEVICE VERIFIED,Client has a recovered call path; returning not_implemented can block this feature.,"Trace full client consumer, config dependencies, state changes, and failure path; implement behavior + tests."
beauty.getBeautyExchangeList,/?do=beauty.getBeautyExchangeList,GET; encodeURIComponent(JSON.stringify(data)); ingor_encrypt=1; optional zlib=1; sign=MD5(raw JSON + client constant),7 常规成长,"[""ReconstructedJS/src_jsc/Cfg/Url.js:259"",""docs/ref/beauty.md#beautygetBeautyExchangeList"",""Views/Dialog/BeautyShopDialog.js:443 (showWithSurrenderInfo)""]",[],"[""result""]",No model hop extracted; inspect ref page and cmn consumers.,not resolved from endpoint alone,not implemented,NOT_IMPLEMENTED,GAMEPLAY_REQUIRED,missing,NOT DEVICE VERIFIED,Client has a recovered call path; returning not_implemented can block this feature.,"Trace full client consumer, config dependencies, state changes, and failure path; implement behavior + tests."
beauty.init,/?do=beauty.init,GET; encodeURIComponent(JSON.stringify(data)); ingor_encrypt=1; optional zlib=1; sign=MD5(raw JSON + client constant),7 常规成长,"[""ReconstructedJS/src_jsc/Cfg/Url.js:255"",""docs/ref/beauty.md#beautyinit"",""Tools/Scene.js:248 (gotoBeautyScene)""]",[],[],cmn models: mBeautyData.loadJson,not resolved from endpoint alone,not implemented,NOT_IMPLEMENTED,GAMEPLAY_REQUIRED,missing,NOT DEVICE VERIFIED,Client has a recovered call path; returning not_implemented can block this feature.,"Trace full client consumer, config dependencies, state changes, and failure path; implement behavior + tests."
buddy.activatePosition,?do=buddy.activatePosition,GET; encodeURIComponent(JSON.stringify(data)); ingor_encrypt=1; optional zlib=1; sign=MD5(raw JSON + client constant),7 常规成长,"[""ReconstructedJS/src_jsc/Cfg/Url.js:152"",""docs/ref/buddy.md#buddyactivatePosition"",""Scene/Buddy/BuddyView.js:343 (requestActivateBuddyPosition)""]","[""position"",""user_id""]",[],No model hop extracted; inspect ref page and cmn consumers.,not resolved from endpoint alone,not implemented,NOT_IMPLEMENTED,GAMEPLAY_REQUIRED,missing,NOT DEVICE VERIFIED,Client has a recovered call path; returning not_implemented can block this feature.,"Trace full client consumer, config dependencies, state changes, and failure path; implement behavior + tests."
buddy.setBuddy,?do=buddy.setBuddy,GET; encodeURIComponent(JSON.stringify(data)); ingor_encrypt=1; optional zlib=1; sign=MD5(raw JSON + client constant),7 常规成长,"[""ReconstructedJS/src_jsc/Cfg/Url.js:153"",""docs/ref/buddy.md#buddysetBuddy"",""Scene/Buddy/BuddyView.js:378 (requestSetBuddy)""]","[""position"",""user_general_id"",""user_id""]",[],No model hop extracted; inspect ref page and cmn consumers.,not resolved from endpoint alone,not implemented,NOT_IMPLEMENTED,GAMEPLAY_REQUIRED,missing,NOT DEVICE VERIFIED,Client has a recovered call path; returning not_implemented can block this feature.,"Trace full client consumer, config dependencies, state changes, and failure path; implement behavior + tests."
chat.getMessage,/index.php?do=chat.getMessage,GET; encodeURIComponent(JSON.stringify(data)); ingor_encrypt=1; optional zlib=1; sign=MD5(raw JSON + client constant),9 社交与竞赛,"[""ReconstructedJS/src_jsc/Cfg/Url.js:133"",""docs/ref/chat.md#chatgetMessage"",""Models/ChatMessageManager.js:49 (requestNewMsgFromServer)""]","[""limit"",""token"",""user_id""]","[""chat_msg""]",No model hop extracted; inspect ref page and cmn consumers.,not resolved from endpoint alone,not implemented,NOT_IMPLEMENTED,GAMEPLAY_REQUIRED,missing,NOT DEVICE VERIFIED,Client has a recovered call path; returning not_implemented can block this feature.,"Trace full client consumer, config dependencies, state changes, and failure path; implement behavior + tests."
chat.send,/index.php?do=chat.send,GET; encodeURIComponent(JSON.stringify(data)); ingor_encrypt=1; optional zlib=1; sign=MD5(raw JSON + client constant),9 社交与竞赛,"[""ReconstructedJS/src_jsc/Cfg/Url.js:134"",""docs/ref/chat.md#chatsend"",""Views/ChatContentLayer.js:204 (init)""]","[""channel"",""message"",""send_to"",""user_id""]","[""chat_msg""]",No model hop extracted; inspect ref page and cmn consumers.,not resolved from endpoint alone,not implemented,NOT_IMPLEMENTED,GAMEPLAY_REQUIRED,missing,NOT DEVICE VERIFIED,Client has a recovered call path; returning not_implemented can block this feature.,"Trace full client consumer, config dependencies, state changes, and failure path; implement behavior + tests."
combat.getUserCombatList,/index.php?do=combat.getUserCombatList,GET; encodeURIComponent(JSON.stringify(data)); ingor_encrypt=1; optional zlib=1; sign=MD5(raw JSON + client constant),7 常规成长,"[""ReconstructedJS/src_jsc/Cfg/Url.js:63"",""docs/ref/combat.md#combatgetUserCombatList""]",[],[],No model hop extracted; inspect ref page and cmn consumers.,not resolved from endpoint alone,not implemented,NOT_IMPLEMENTED,UNKNOWN,missing,NOT DEVICE VERIFIED,No static call site or server behavior; reachability is not established.,Trace inline/dynamic URL and original client path before classifying or implementing.
combat.upgradeCombatLevel,/index.php?do=combat.upgradeCombatLevel,GET; encodeURIComponent(JSON.stringify(data)); ingor_encrypt=1; optional zlib=1; sign=MD5(raw JSON + client constant),7 常规成长,"[""ReconstructedJS/src_jsc/Cfg/Url.js:66"",""docs/ref/combat.md#combatupgradeCombatLevel"",""Scene/Combat/CombatUpgradeScene.js:426 (confirmUpgrade)""]","[""combat_id"",""forcepush"",""gids"",""num"",""sids""]",[],No model hop extracted; inspect ref page and cmn consumers.,not resolved from endpoint alone,not implemented,NOT_IMPLEMENTED,GAMEPLAY_REQUIRED,missing,NOT DEVICE VERIFIED,Client has a recovered call path; returning not_implemented can block this feature.,"Trace full client consumer, config dependencies, state changes, and failure path; implement behavior + tests."
dungeon.fight,/?do=dungeon.fight,GET; encodeURIComponent(JSON.stringify(data)); ingor_encrypt=1; optional zlib=1; sign=MD5(raw JSON + client constant),4-5 地图与副本,"[""ReconstructedJS/src_jsc/Cfg/Url.js:33"",""docs/ref/dungeon.md#dungeonfight"",""Views/Dialog/DungeonDetail.js:321 (rightCB)"",""Views/Dialog/DungeonDetailB.js:213 (singleFight)""]","[""check_troop"",""dungeon_id"",""forcepush"",""ignoreRandEvent""]","[""map_info""]","cmn models: xs.Models.FightInfo.create, GameData.Map.update","[""sgs_map_conf (empty in shipped package; local map data required)""]","player_dungeons, player_items, player_equipment, player_counters, tutorial_progress, request_dedup",IMPLEMENTED_LOCAL_SLICE,GAMEPLAY_REQUIRED,HTTP integration test,NOT DEVICE VERIFIED,"Current handler covers only the local reconstruction slice; verify full response, rules, costs, and restart behavior.","Extend behavior from client evidence; add success, legal refusal, retry, persistence, and device checks."
dungeon.fightBefore,/?do=dungeon.fightBefore,GET; encodeURIComponent(JSON.stringify(data)); ingor_encrypt=1; optional zlib=1; sign=MD5(raw JSON + client constant),4-5 地图与副本,"[""ReconstructedJS/src_jsc/Cfg/Url.js:32"",""docs/ref/dungeon.md#dungeonfightBefore""]",[],[],No model hop extracted; inspect ref page and cmn consumers.,not resolved from endpoint alone,not implemented,NOT_IMPLEMENTED,UNKNOWN,missing,NOT DEVICE VERIFIED,No static call site or server behavior; reachability is not established.,Trace inline/dynamic URL and original client path before classifying or implementing.
dungeon.multiKill,/?do=dungeon.multiKill,GET; encodeURIComponent(JSON.stringify(data)); ingor_encrypt=1; optional zlib=1; sign=MD5(raw JSON + client constant),4-5 地图与副本,"[""ReconstructedJS/src_jsc/Cfg/Url.js:37"",""docs/ref/dungeon.md#dungeonmultiKill"",""Views/Dialog/DungeonDetail.js:153 (rightCB)"",""Views/Dialog/DungeonDetail.js:399 (rightCB)"",""Views/Dialog/DungeonDetailB.js:132 (init)"",""Views/Dialog/DungeonDetailB.js:306 (rightCB)""]","[""clear_cd"",""dungeon_id"",""forcepush"",""ignoreRandEvent""]","[""map_info""]","cmn models: xs.Models.MulitiFightInfo.create, GameData.Map.update","[""sgs_map_conf (empty in shipped package; local map data required)""]",not implemented,NOT_IMPLEMENTED,GAMEPLAY_REQUIRED,missing,NOT DEVICE VERIFIED,Client has a recovered call path; returning not_implemented can block this feature.,"Trace full client consumer, config dependencies, state changes, and failure path; implement behavior + tests."
dungeon.multiKillSpecial,?do=dungeon.multiKillSpecial,GET; encodeURIComponent(JSON.stringify(data)); ingor_encrypt=1; optional zlib=1; sign=MD5(raw JSON + client constant),4-5 地图与副本,"[""ReconstructedJS/src_jsc/Cfg/Url.js:40"",""docs/ref/dungeon.md#dungeonmultiKillSpecial"",""Views/Dialog/AutoMultiKillSelectDialog.js:499 (onClick)""]","[""dungeon_id"",""eat_baoZi"",""fight_num"",""ignoreRandEvent"",""user_id""]","[""map_info""]","cmn models: xs.Models.MulitiFightInfo.create, GameData.Map.update","[""sgs_map_conf (empty in shipped package; local map data required)""]",not implemented,NOT_IMPLEMENTED,GAMEPLAY_REQUIRED,missing,NOT DEVICE VERIFIED,Client has a recovered call path; returning not_implemented can block this feature.,"Trace full client consumer, config dependencies, state changes, and failure path; implement behavior + tests."
dungeon.multiKillSpecialInfo,?do=dungeon.multiKillSpecialInfo,GET; encodeURIComponent(JSON.stringify(data)); ingor_encrypt=1; optional zlib=1; sign=MD5(raw JSON + client constant),4-5 地图与副本,"[""ReconstructedJS/src_jsc/Cfg/Url.js:39"",""docs/ref/dungeon.md#dungeonmultiKillSpecialInfo"",""Views/Dialog/AutoMultiKillSelectDialog.js:199 (requestBaoZiPriceData)""]","[""user_id""]","[""return_info"",""return_info.ordinary_price"",""return_info.power_price""]",No model hop extracted; inspect ref page and cmn consumers.,not resolved from endpoint alone,not implemented,NOT_IMPLEMENTED,GAMEPLAY_REQUIRED,missing,NOT DEVICE VERIFIED,Client has a recovered call path; returning not_implemented can block this feature.,"Trace full client consumer, config dependencies, state changes, and failure path; implement behavior + tests."
dungeon.openBox,?do=dungeon.openBox,GET; encodeURIComponent(JSON.stringify(data)); ingor_encrypt=1; optional zlib=1; sign=MD5(raw JSON + client constant),4-5 地图与副本,"[""ReconstructedJS/src_jsc/Cfg/Url.js:38"",""docs/ref/dungeon.md#dungeonopenBox"",""Views/Dialog/Dialog.js:481 (centerBtnCallback)""]","[""box_id""]",[],No model hop extracted; inspect ref page and cmn consumers.,not resolved from endpoint alone,not implemented,NOT_IMPLEMENTED,GAMEPLAY_REQUIRED,missing,NOT DEVICE VERIFIED,Client has a recovered call path; returning not_implemented can block this feature.,"Trace full client consumer, config dependencies, state changes, and failure path; implement behavior + tests."
email.accept,/index.php?do=email.accept,GET; encodeURIComponent(JSON.stringify(data)); ingor_encrypt=1; optional zlib=1; sign=MD5(raw JSON + client constant),8 日常与经济,"[""ReconstructedJS/src_jsc/Cfg/Url.js:107"",""docs/ref/email.md#emailaccept"",""Views/Table/Cell/MailTableViewCell.js:142 (updateCcbForGift)"",""Scene/Mail/MailView.js:54 (onBtnClick)""]","[""email_id"",""email_push"",""forcepush""]","[""add_list""]",No model hop extracted; inspect ref page and cmn consumers.,not resolved from endpoint alone,not implemented,NOT_IMPLEMENTED,GAMEPLAY_REQUIRED,missing,NOT DEVICE VERIFIED,Client has a recovered call path; returning not_implemented can block this feature.,"Trace full client consumer, config dependencies, state changes, and failure path; implement behavior + tests."
email.getList,/index.php?do=email.getList,GET; encodeURIComponent(JSON.stringify(data)); ingor_encrypt=1; optional zlib=1; sign=MD5(raw JSON + client constant),8 日常与经济,"[""ReconstructedJS/src_jsc/Cfg/Url.js:104"",""docs/ref/email.md#emailgetList"",""Models/Mail.js:91 (queryMailList)"",""Scene/Mail/MailSystemScene.js:77 (updateData)""]","[""email_push"",""forcepush""]","[""email_list""]",No model hop extracted; inspect ref page and cmn consumers.,not resolved from endpoint alone,not implemented,NOT_IMPLEMENTED,GAMEPLAY_REQUIRED,missing,NOT DEVICE VERIFIED,Client has a recovered call path; returning not_implemented can block this feature.,"Trace full client consumer, config dependencies, state changes, and failure path; implement behavior + tests."
email.send,/index.php?do=email.send,GET; encodeURIComponent(JSON.stringify(data)); ingor_encrypt=1; optional zlib=1; sign=MD5(raw JSON + client constant),8 日常与经济,"[""ReconstructedJS/src_jsc/Cfg/Url.js:113"",""docs/ref/email.md#emailsend"",""Views/Dialog/SendMessageDialog.js:121 (onSendBtnClick)""]","[""content"",""send_to"",""send_type"",""title""]",[],No model hop extracted; inspect ref page and cmn consumers.,not resolved from endpoint alone,not implemented,NOT_IMPLEMENTED,GAMEPLAY_REQUIRED,missing,NOT DEVICE VERIFIED,Client has a recovered call path; returning not_implemented can block this feature.,"Trace full client consumer, config dependencies, state changes, and failure path; implement behavior + tests."
equipment.equipmentCompose,/index.php?do=equipment.equipmentCompose,GET; encodeURIComponent(JSON.stringify(data)); ingor_encrypt=1; optional zlib=1; sign=MD5(raw JSON + client constant),6 背包与装备,"[""ReconstructedJS/src_jsc/Cfg/Url.js:45"",""docs/ref/equipment.md#equipmentequipmentCompose"",""Views/Table/Cell/EquipmentFragmentJoinTableViewCell.js:76 (_join)""]","[""equipment_id""]",[],No model hop extracted; inspect ref page and cmn consumers.,"[""sgs_equipments""]",not implemented,NOT_IMPLEMENTED,GAMEPLAY_REQUIRED,missing,NOT DEVICE VERIFIED,Client has a recovered call path; returning not_implemented can block this feature.,"Trace full client consumer, config dependencies, state changes, and failure path; implement behavior + tests."
equipment.equipmentPieceSell,/index.php?do=equipment.equipmentPieceSell,GET; encodeURIComponent(JSON.stringify(data)); ingor_encrypt=1; optional zlib=1; sign=MD5(raw JSON + client constant),6 背包与装备,"[""ReconstructedJS/src_jsc/Cfg/Url.js:44"",""docs/ref/equipment.md#equipmentequipmentPieceSell"",""Views/Table/Cell/EquipmentFragmentTableViewCell.js:86 (_sell)""]","[""equipment_id""]",[],No model hop extracted; inspect ref page and cmn consumers.,"[""sgs_equipments""]",not implemented,NOT_IMPLEMENTED,GAMEPLAY_REQUIRED,missing,NOT DEVICE VERIFIED,Client has a recovered call path; returning not_implemented can block this feature.,"Trace full client consumer, config dependencies, state changes, and failure path; implement behavior + tests."
equipment.melt,/index.php?do=equipment.melt,GET; encodeURIComponent(JSON.stringify(data)); ingor_encrypt=1; optional zlib=1; sign=MD5(raw JSON + client constant),6 背包与装备,"[""ReconstructedJS/src_jsc/Cfg/Url.js:42"",""docs/ref/equipment.md#equipmentmelt"",""Views/Table/Cell/EquipmentTableViewCell.js:182 (_sell)"",""Views/Table/Cell/EquipmentTableViewCell.js:225 (_sell)""]","[""eids"",""user_id""]","[""add_list""]",No model hop extracted; inspect ref page and cmn consumers.,not resolved from endpoint alone,not implemented,NOT_IMPLEMENTED,GAMEPLAY_REQUIRED,missing,NOT DEVICE VERIFIED,Client has a recovered call path; returning not_implemented can block this feature.,"Trace full client consumer, config dependencies, state changes, and failure path; implement behavior + tests."
equipment.multiMelt,/index.php?do=equipment.multiMelt,GET; encodeURIComponent(JSON.stringify(data)); ingor_encrypt=1; optional zlib=1; sign=MD5(raw JSON + client constant),6 背包与装备,"[""ReconstructedJS/src_jsc/Cfg/Url.js:43"",""docs/ref/equipment.md#equipmentmultiMelt"",""Scene/Equ/EquipmentScene.js:219 (rightCB)""]","[""user_id""]","[""add_list""]",No model hop extracted; inspect ref page and cmn consumers.,not resolved from endpoint alone,not implemented,NOT_IMPLEMENTED,GAMEPLAY_REQUIRED,missing,NOT DEVICE VERIFIED,Client has a recovered call path; returning not_implemented can block this feature.,"Trace full client consumer, config dependencies, state changes, and failure path; implement behavior + tests."
equipment.multiUpgrade,/index.php?do=equipment.multiUpgrade,GET; encodeURIComponent(JSON.stringify(data)); ingor_encrypt=1; optional zlib=1; sign=MD5(raw JSON + client constant),6 背包与装备,"[""ReconstructedJS/src_jsc/Cfg/Url.js:59"",""docs/ref/equipment.md#equipmentmultiUpgrade"",""Scene/Equ/EquipmentScene.js:187 (rightCB)""]","[""forcepush"",""user_id""]","[""coin_not_enough"",""result""]",No model hop extracted; inspect ref page and cmn consumers.,not resolved from endpoint alone,not implemented,NOT_IMPLEMENTED,GAMEPLAY_REQUIRED,missing,NOT DEVICE VERIFIED,Client has a recovered call path; returning not_implemented can block this feature.,"Trace full client consumer, config dependencies, state changes, and failure path; implement behavior + tests."
equipment.refine,/index.php?do=equipment.refine,GET; encodeURIComponent(JSON.stringify(data)); ingor_encrypt=1; optional zlib=1; sign=MD5(raw JSON + client constant),6 背包与装备,"[""ReconstructedJS/src_jsc/Cfg/Url.js:132"",""docs/ref/equipment.md#equipmentrefine"",""Views/Dialog/RefineEquipmentDialog.js:410 (onConfirmRefine)""]","[""eaten_user_eids"",""eaten_user_items"",""forcepush"",""user_equipment_id"",""user_id""]","[""add_list.num""]",No model hop extracted; inspect ref page and cmn consumers.,not resolved from endpoint alone,not implemented,NOT_IMPLEMENTED,GAMEPLAY_REQUIRED,missing,NOT DEVICE VERIFIED,Client has a recovered call path; returning not_implemented can block this feature.,"Trace full client consumer, config dependencies, state changes, and failure path; implement behavior + tests."
equipment.sell,/index.php?do=equipment.sell,GET; encodeURIComponent(JSON.stringify(data)); ingor_encrypt=1; optional zlib=1; sign=MD5(raw JSON + client constant),6 背包与装备,"[""ReconstructedJS/src_jsc/Cfg/Url.js:41"",""docs/ref/equipment.md#equipmentsell""]",[],[],No model hop extracted; inspect ref page and cmn consumers.,not resolved from endpoint alone,not implemented,NOT_IMPLEMENTED,UNKNOWN,missing,NOT DEVICE VERIFIED,No static call site or server behavior; reachability is not established.,Trace inline/dynamic URL and original client path before classifying or implementing.
equipment.upgrade,/index.php?do=equipment.upgrade,GET; encodeURIComponent(JSON.stringify(data)); ingor_encrypt=1; optional zlib=1; sign=MD5(raw JSON + client constant),6 背包与装备,"[""ReconstructedJS/src_jsc/Cfg/Url.js:58"",""docs/ref/equipment.md#equipmentupgrade"",""Views/EquipmentReinforceView.js:131 (reinforceCallback)"",""Views/Dialog/EquipmentStrengthenDialog.js:249 (quick)"",""Views/Dialog/EquipmentStrengthenDialog.js:282 (streng)""]","[""forcepush"",""quick"",""user_equipment_id""]","[""upgrade_level""]",No model hop extracted; inspect ref page and cmn consumers.,not resolved from endpoint alone,not implemented,NOT_IMPLEMENTED,GAMEPLAY_REQUIRED,missing,NOT DEVICE VERIFIED,Client has a recovered call path; returning not_implemented can block this feature.,"Trace full client consumer, config dependencies, state changes, and failure path; implement behavior + tests."
evolution.active,?do=evolution.active,GET; encodeURIComponent(JSON.stringify(data)); ingor_encrypt=1; optional zlib=1; sign=MD5(raw JSON + client constant),7 常规成长,"[""ReconstructedJS/src_jsc/Cfg/Url.js:253"",""docs/ref/evolution.md#evolutionactive"",""Views/Awake/AwakeLayer.js:557 (ActivateCallback)""]","[""evolution_id"",""user_id""]","[""result""]",No model hop extracted; inspect ref page and cmn consumers.,not resolved from endpoint alone,not implemented,NOT_IMPLEMENTED,GAMEPLAY_REQUIRED,missing,NOT DEVICE VERIFIED,Client has a recovered call path; returning not_implemented can block this feature.,"Trace full client consumer, config dependencies, state changes, and failure path; implement behavior + tests."
evolution.changeFate,/index.php?do=evolution.changeFate,GET; encodeURIComponent(JSON.stringify(data)); ingor_encrypt=1; optional zlib=1; sign=MD5(raw JSON + client constant),7 常规成长,"[""ReconstructedJS/src_jsc/Cfg/Url.js:83"",""docs/ref/evolution.md#evolutionchangeFate"",""Views/Dialog/AwakeChangeYuanFenDialog.js:62 (loadCCBI)""]","[""evolution_id"",""fate_ids"",""ignoreRandEvent""]",[],No model hop extracted; inspect ref page and cmn consumers.,not resolved from endpoint alone,not implemented,NOT_IMPLEMENTED,GAMEPLAY_REQUIRED,missing,NOT DEVICE VERIFIED,Client has a recovered call path; returning not_implemented can block this feature.,"Trace full client consumer, config dependencies, state changes, and failure path; implement behavior + tests."
evolution.open,/index.php?do=evolution.open,GET; encodeURIComponent(JSON.stringify(data)); ingor_encrypt=1; optional zlib=1; sign=MD5(raw JSON + client constant),7 常规成长,"[""ReconstructedJS/src_jsc/Cfg/Url.js:82"",""docs/ref/evolution.md#evolutionopen"",""Scene/Aga/AgaScene.js:972 (sendEvolutionReq)""]","[""evolution_id"",""ignoreRandEvent""]",[],No model hop extracted; inspect ref page and cmn consumers.,not resolved from endpoint alone,not implemented,NOT_IMPLEMENTED,GAMEPLAY_REQUIRED,missing,NOT DEVICE VERIFIED,Client has a recovered call path; returning not_implemented can block this feature.,"Trace full client consumer, config dependencies, state changes, and failure path; implement behavior + tests."
evolutionChest.getList,?do=evolutionChest.getList,GET; encodeURIComponent(JSON.stringify(data)); ingor_encrypt=1; optional zlib=1; sign=MD5(raw JSON + client constant),10 长尾 / 待核,"[""ReconstructedJS/src_jsc/Cfg/Url.js:249"",""docs/ref/evolutionChest.md#evolutionChestgetList"",""Scene/Awake/AwakeBoxView.js:178 (getEvolutionChest)"",""Tools/Scene.js:225 (gotoEvolutionChest)""]","[""user_id""]",[],cmn models: mEvoChest.loadJson,not resolved from endpoint alone,not implemented,NOT_IMPLEMENTED,GAMEPLAY_REQUIRED,missing,NOT DEVICE VERIFIED,Client has a recovered call path; returning not_implemented can block this feature.,"Trace full client consumer, config dependencies, state changes, and failure path; implement behavior + tests."
evolutionChest.open,?do=evolutionChest.open,GET; encodeURIComponent(JSON.stringify(data)); ingor_encrypt=1; optional zlib=1; sign=MD5(raw JSON + client constant),10 长尾 / 待核,"[""ReconstructedJS/src_jsc/Cfg/Url.js:250"",""docs/ref/evolutionChest.md#evolutionChestopen"",""Scene/Awake/AwakeBoxView.js:199 (goldBtnClicked)"",""Scene/Awake/AwakeBoxView.js:570 (init)""]","[""user_id""]","[""free_times"",""reward_info"",""reward_info.hasOwnProperty""]",No model hop extracted; inspect ref page and cmn consumers.,not resolved from endpoint alone,not implemented,NOT_IMPLEMENTED,GAMEPLAY_REQUIRED,missing,NOT DEVICE VERIFIED,Client has a recovered call path; returning not_implemented can block this feature.,"Trace full client consumer, config dependencies, state changes, and failure path; implement behavior + tests."
evolutionChest.openTen,?do=evolutionChest.openTen,GET; encodeURIComponent(JSON.stringify(data)); ingor_encrypt=1; optional zlib=1; sign=MD5(raw JSON + client constant),10 长尾 / 待核,"[""ReconstructedJS/src_jsc/Cfg/Url.js:251"",""docs/ref/evolutionChest.md#evolutionChestopenTen"",""Scene/Awake/AwakeBoxView.js:246 (copperBtnClicked)"",""Scene/Awake/AwakeBoxView.js:893 (init)""]","[""user_id""]","[""free_times"",""reward_info"",""reward_info.hasOwnProperty""]",No model hop extracted; inspect ref page and cmn consumers.,not resolved from endpoint alone,not implemented,NOT_IMPLEMENTED,GAMEPLAY_REQUIRED,missing,NOT DEVICE VERIFIED,Client has a recovered call path; returning not_implemented can block this feature.,"Trace full client consumer, config dependencies, state changes, and failure path; implement behavior + tests."
evolutionChest.refresh,?do=evolutionChest.refresh,GET; encodeURIComponent(JSON.stringify(data)); ingor_encrypt=1; optional zlib=1; sign=MD5(raw JSON + client constant),10 长尾 / 待核,"[""ReconstructedJS/src_jsc/Cfg/Url.js:252"",""docs/ref/evolutionChest.md#evolutionChestrefresh"",""Scene/Awake/AwakeBoxView.js:438 (updateBtnClicked)""]","[""user_id""]",[],cmn models: mEvoChest.loadJson,not resolved from endpoint alone,not implemented,NOT_IMPLEMENTED,GAMEPLAY_REQUIRED,missing,NOT DEVICE VERIFIED,Client has a recovered call path; returning not_implemented can block this feature.,"Trace full client consumer, config dependencies, state changes, and failure path; implement behavior + tests."
evolutionChest.synthetise,/index.php?do=evolutionChest.synthetise,GET; encodeURIComponent(JSON.stringify(data)); ingor_encrypt=1; optional zlib=1; sign=MD5(raw JSON + client constant),10 长尾 / 待核,"[""ReconstructedJS/src_jsc/Cfg/Url.js:56"",""docs/ref/evolutionChest.md#evolutionChestsynthetise"",""Scene/Bag/BagScene.js:558 (rightCB)""]","[""universal_num"",""user_item_id""]","[""add_list""]",No model hop extracted; inspect ref page and cmn consumers.,not resolved from endpoint alone,not implemented,NOT_IMPLEMENTED,GAMEPLAY_REQUIRED,missing,NOT DEVICE VERIFIED,Client has a recovered call path; returning not_implemented can block this feature.,"Trace full client consumer, config dependencies, state changes, and failure path; implement behavior + tests."
festival.getGift,/?do=festival.getGift,GET; encodeURIComponent(JSON.stringify(data)); ingor_encrypt=1; optional zlib=1; sign=MD5(raw JSON + client constant),8 日常与经济,"[""ReconstructedJS/src_jsc/Cfg/Url.js:232"",""docs/ref/festival.md#festivalgetGift"",""Views/Dialog/PlantTreeDlg.js:395 (convertCallBack)""]","[""pk_id"",""user_id""]","[""result""]",No model hop extracted; inspect ref page and cmn consumers.,not resolved from endpoint alone,not implemented,NOT_IMPLEMENTED,GAMEPLAY_REQUIRED,missing,NOT DEVICE VERIFIED,Client has a recovered call path; returning not_implemented can block this feature.,"Trace full client consumer, config dependencies, state changes, and failure path; implement behavior + tests."
festival.getRainDewList,/?do=festival.getRainDewList,GET; encodeURIComponent(JSON.stringify(data)); ingor_encrypt=1; optional zlib=1; sign=MD5(raw JSON + client constant),8 日常与经济,"[""ReconstructedJS/src_jsc/Cfg/Url.js:230"",""docs/ref/festival.md#festivalgetRainDewList"",""Views/Dialog/PlantTreeDlg.js:443 (showWithSurrenderInfo)""]","[""user_id""]","[""result""]",No model hop extracted; inspect ref page and cmn consumers.,not resolved from endpoint alone,not implemented,NOT_IMPLEMENTED,GAMEPLAY_REQUIRED,missing,NOT DEVICE VERIFIED,Client has a recovered call path; returning not_implemented can block this feature.,"Trace full client consumer, config dependencies, state changes, and failure path; implement behavior + tests."
festival.getScoreList,/?do=festival.getScoreList,GET; encodeURIComponent(JSON.stringify(data)); ingor_encrypt=1; optional zlib=1; sign=MD5(raw JSON + client constant),8 日常与经济,"[""ReconstructedJS/src_jsc/Cfg/Url.js:229"",""docs/ref/festival.md#festivalgetScoreList"",""Views/Dialog/DuanWuDialog.js:449 (showWithSurrenderInfo)"",""Views/Dialog/JiFenDuiHuanDialog.js:445 (showWithSurrenderInfo)"",""Views/Dialog/LabourlDialog.js:445 (showWithSurrenderInfo)"",""Views/Dialog/MemorialDialog.js:445 (showWithSurrenderInfo)"",""Views/Dialog/PublicCopyDialog.js:451 (showWithSurrenderInfo)""]","[""user_id""]","[""result""]",No model hop extracted; inspect ref page and cmn consumers.,not resolved from endpoint alone,not implemented,NOT_IMPLEMENTED,GAMEPLAY_REQUIRED,missing,NOT DEVICE VERIFIED,Client has a recovered call path; returning not_implemented can block this feature.,"Trace full client consumer, config dependencies, state changes, and failure path; implement behavior + tests."
festival.goFight,/?do=festival.goFight,GET; encodeURIComponent(JSON.stringify(data)); ingor_encrypt=1; optional zlib=1; sign=MD5(raw JSON + client constant),8 日常与经济,"[""ReconstructedJS/src_jsc/Cfg/Url.js:34"",""docs/ref/festival.md#festivalgoFight"",""Scene/Copy/CopyScene.js:229 (initUI)"",""Scene/Copy/DuanWuCopyScene.js:229 (initUI)"",""Scene/Copy/LabourlCopyScene.js:229 (initUI)"",""Scene/Copy/MemorialCopyScene.js:229 (initUI)"",""Scene/Copy/PlantCopyScene.js:227 (initUI)"",""Scene/Copy/PublicCopyScene.js:239 (initUI)""]","[""boss_dungeon_id"",""boss_id"",""user_id""]",[],cmn models: xs.Models.FightInfo.create,not resolved from endpoint alone,not implemented,NOT_IMPLEMENTED,GAMEPLAY_REQUIRED,missing,NOT DEVICE VERIFIED,Client has a recovered call path; returning not_implemented can block this feature.,"Trace full client consumer, config dependencies, state changes, and failure path; implement behavior + tests."
festival.init,/?do=festival.init,GET; encodeURIComponent(JSON.stringify(data)); ingor_encrypt=1; optional zlib=1; sign=MD5(raw JSON + client constant),8 日常与经济,"[""ReconstructedJS/src_jsc/Cfg/Url.js:35"",""docs/ref/festival.md#festivalinit"",""Scene/Copy/CopyScene.js:496 (requestService)"",""Scene/Copy/DuanWuCopyScene.js:496 (requestService)"",""Scene/Copy/LabourlCopyScene.js:496 (requestService)"",""Scene/Copy/MemorialCopyScene.js:496 (requestService)"",""Scene/Copy/PublicCopyScene.js:539 (requestService)""]","[""user_id""]",[],cmn models: mCopy.loadJson,not resolved from endpoint alone,not implemented,NOT_IMPLEMENTED,GAMEPLAY_REQUIRED,missing,NOT DEVICE VERIFIED,Client has a recovered call path; returning not_implemented can block this feature.,"Trace full client consumer, config dependencies, state changes, and failure path; implement behavior + tests."
festival.initRainDew,/?do=festival.initRainDew,GET; encodeURIComponent(JSON.stringify(data)); ingor_encrypt=1; optional zlib=1; sign=MD5(raw JSON + client constant),8 日常与经济,"[""ReconstructedJS/src_jsc/Cfg/Url.js:36"",""docs/ref/festival.md#festivalinitRainDew"",""Scene/Copy/PlantCopyScene.js:494 (requestService)""]","[""user_id""]",[],cmn models: mCopy.loadJson,not resolved from endpoint alone,not implemented,NOT_IMPLEMENTED,GAMEPLAY_REQUIRED,missing,NOT DEVICE VERIFIED,Client has a recovered call path; returning not_implemented can block this feature.,"Trace full client consumer, config dependencies, state changes, and failure path; implement behavior + tests."
festival.scoreBuy,/?do=festival.scoreBuy,GET; encodeURIComponent(JSON.stringify(data)); ingor_encrypt=1; optional zlib=1; sign=MD5(raw JSON + client constant),8 日常与经济,"[""ReconstructedJS/src_jsc/Cfg/Url.js:231"",""docs/ref/festival.md#festivalscoreBuy"",""Views/Dialog/DuanWuDialog.js:399 (rightCB)"",""Views/Dialog/JiFenDuiHuanDialog.js:395 (rightCB)"",""Views/Dialog/LabourlDialog.js:395 (rightCB)"",""Views/Dialog/MemorialDialog.js:395 (rightCB)"",""Views/Dialog/PublicCopyDialog.js:401 (rightCB)""]","[""pk_id"",""user_id""]","[""result""]",No model hop extracted; inspect ref page and cmn consumers.,not resolved from endpoint alone,not implemented,NOT_IMPLEMENTED,GAMEPLAY_REQUIRED,missing,NOT DEVICE VERIFIED,Client has a recovered call path; returning not_implemented can block this feature.,"Trace full client consumer, config dependencies, state changes, and failure path; implement behavior + tests."
gem.bore,?do=gem.bore,GET; encodeURIComponent(JSON.stringify(data)); ingor_encrypt=1; optional zlib=1; sign=MD5(raw JSON + client constant),7 常规成长,"[""ReconstructedJS/src_jsc/Cfg/Url.js:168"",""docs/ref/gem.md#gembore"",""Views/Gems/GemsPunchView.js:198 (_setPunchNodeCallBack)""]","[""user_equipment_id"",""user_id""]",[],No model hop extracted; inspect ref page and cmn consumers.,not resolved from endpoint alone,not implemented,NOT_IMPLEMENTED,GAMEPLAY_REQUIRED,missing,NOT DEVICE VERIFIED,Client has a recovered call path; returning not_implemented can block this feature.,"Trace full client consumer, config dependencies, state changes, and failure path; implement behavior + tests."
gem.chgProperty,?do=gem.chgProperty,GET; encodeURIComponent(JSON.stringify(data)); ingor_encrypt=1; optional zlib=1; sign=MD5(raw JSON + client constant),7 常规成长,"[""ReconstructedJS/src_jsc/Cfg/Url.js:164"",""docs/ref/gem.md#gemchgProperty"",""Views/Gems/GemsSophisticationView.js:330 (_gemSophisticationCallBack)""]","[""user_equipment_id"",""user_id""]","[""result""]",No model hop extracted; inspect ref page and cmn consumers.,not resolved from endpoint alone,not implemented,NOT_IMPLEMENTED,GAMEPLAY_REQUIRED,missing,NOT DEVICE VERIFIED,Client has a recovered call path; returning not_implemented can block this feature.,"Trace full client consumer, config dependencies, state changes, and failure path; implement behavior + tests."
gem.gemCompose,?do=gem.gemCompose,GET; encodeURIComponent(JSON.stringify(data)); ingor_encrypt=1; optional zlib=1; sign=MD5(raw JSON + client constant),7 常规成长,"[""ReconstructedJS/src_jsc/Cfg/Url.js:191"",""docs/ref/gem.md#gemgemCompose"",""Views/Gems/GemsComposeView.js:276 (OneStepComposeCallBack)"",""Views/Gems/GemsComposeView.js:301 (ComposeCallback)""]","[""multi"",""type"",""user_gem_id"",""user_id""]","[""result"",""return_info""]",No model hop extracted; inspect ref page and cmn consumers.,not resolved from endpoint alone,not implemented,NOT_IMPLEMENTED,GAMEPLAY_REQUIRED,missing,NOT DEVICE VERIFIED,Client has a recovered call path; returning not_implemented can block this feature.,"Trace full client consumer, config dependencies, state changes, and failure path; implement behavior + tests."
gem.gemInherit,?do=gem.gemInherit,GET; encodeURIComponent(JSON.stringify(data)); ingor_encrypt=1; optional zlib=1; sign=MD5(raw JSON + client constant),7 常规成长,"[""ReconstructedJS/src_jsc/Cfg/Url.js:167"",""docs/ref/gem.md#gemgemInherit"",""Views/Gems/GemsHoleextendView.js:376 (rightCB)"",""Views/Gems/GemsHoleextendView.js:400 (rightCB)""]","[""from_equipment_id"",""to_equipment_id"",""user_id""]","[""result""]",No model hop extracted; inspect ref page and cmn consumers.,not resolved from endpoint alone,not implemented,NOT_IMPLEMENTED,GAMEPLAY_REQUIRED,missing,NOT DEVICE VERIFIED,Client has a recovered call path; returning not_implemented can block this feature.,"Trace full client consumer, config dependencies, state changes, and failure path; implement behavior + tests."
gem.gemInset,?do=gem.gemInset,GET; encodeURIComponent(JSON.stringify(data)); ingor_encrypt=1; optional zlib=1; sign=MD5(raw JSON + client constant),7 常规成长,"[""ReconstructedJS/src_jsc/Cfg/Url.js:165"",""docs/ref/gem.md#gemgemInset"",""Views/Gems/GemsPunchView.js:562 (_inlayOrRemove)"",""Views/Gems/GemsSophisticationView.js:551 (_inlayOrRemove)""]","[""bore_id"",""user_gem_id"",""user_id""]","[""result""]",No model hop extracted; inspect ref page and cmn consumers.,not resolved from endpoint alone,not implemented,NOT_IMPLEMENTED,GAMEPLAY_REQUIRED,missing,NOT DEVICE VERIFIED,Client has a recovered call path; returning not_implemented can block this feature.,"Trace full client consumer, config dependencies, state changes, and failure path; implement behavior + tests."
gem.gemRemove,?do=gem.gemRemove,GET; encodeURIComponent(JSON.stringify(data)); ingor_encrypt=1; optional zlib=1; sign=MD5(raw JSON + client constant),7 常规成长,"[""ReconstructedJS/src_jsc/Cfg/Url.js:166"",""docs/ref/gem.md#gemgemRemove"",""Views/Gems/GemsPunchView.js:598 (_inlayOrRemove)"",""Views/Gems/GemsSophisticationView.js:583 (_inlayOrRemove)""]","[""bore_id"",""user_gem_id"",""user_id""]","[""result""]",No model hop extracted; inspect ref page and cmn consumers.,not resolved from endpoint alone,not implemented,NOT_IMPLEMENTED,GAMEPLAY_REQUIRED,missing,NOT DEVICE VERIFIED,Client has a recovered call path; returning not_implemented can block this feature.,"Trace full client consumer, config dependencies, state changes, and failure path; implement behavior + tests."
gem.lock,?do=gem.lock,GET; encodeURIComponent(JSON.stringify(data)); ingor_encrypt=1; optional zlib=1; sign=MD5(raw JSON + client constant),7 常规成长,"[""ReconstructedJS/src_jsc/Cfg/Url.js:162"",""docs/ref/gem.md#gemlock"",""Views/Gems/GemsSophisticationView.js:800 (_gemLockAndUnlockCallBack)""]","[""bore_id"",""user_id""]","[""result""]",No model hop extracted; inspect ref page and cmn consumers.,not resolved from endpoint alone,not implemented,NOT_IMPLEMENTED,GAMEPLAY_REQUIRED,missing,NOT DEVICE VERIFIED,Client has a recovered call path; returning not_implemented can block this feature.,"Trace full client consumer, config dependencies, state changes, and failure path; implement behavior + tests."
gem.unlock,?do=gem.unlock,GET; encodeURIComponent(JSON.stringify(data)); ingor_encrypt=1; optional zlib=1; sign=MD5(raw JSON + client constant),7 常规成长,"[""ReconstructedJS/src_jsc/Cfg/Url.js:163"",""docs/ref/gem.md#gemunlock"",""Views/Gems/GemsSophisticationView.js:817 (_gemLockAndUnlockCallBack)""]","[""bore_id"",""user_id""]","[""result""]",No model hop extracted; inspect ref page and cmn consumers.,not resolved from endpoint alone,not implemented,NOT_IMPLEMENTED,GAMEPLAY_REQUIRED,missing,NOT DEVICE VERIFIED,Client has a recovered call path; returning not_implemented can block this feature.,"Trace full client consumer, config dependencies, state changes, and failure path; implement behavior + tests."
general.autoCultivate,?do=general.autoCultivate,GET; encodeURIComponent(JSON.stringify(data)); ingor_encrypt=1; optional zlib=1; sign=MD5(raw JSON + client constant),7 常规成长,"[""ReconstructedJS/src_jsc/Cfg/Url.js:235"",""docs/ref/general.md#generalautoCultivate"",""Views/Dialog/AutoPracticeDialog.js:423 (_requestAutoPractice)""]","[""cultivate_num"",""cultivate_rule"",""is_gain"",""is_multi"",""is_need_talent"",""user_general_id"",""user_id""]","[""attr_info""]",No model hop extracted; inspect ref page and cmn consumers.,not resolved from endpoint alone,not implemented,NOT_IMPLEMENTED,GAMEPLAY_REQUIRED,missing,NOT DEVICE VERIFIED,Client has a recovered call path; returning not_implemented can block this feature.,"Trace full client consumer, config dependencies, state changes, and failure path; implement behavior + tests."
general.culture,/index.php?do=general.culture,GET; encodeURIComponent(JSON.stringify(data)); ingor_encrypt=1; optional zlib=1; sign=MD5(raw JSON + client constant),7 常规成长,"[""ReconstructedJS/src_jsc/Cfg/Url.js:48"",""docs/ref/general.md#generalculture"",""Scene/Develop/AlchemyView.js:346 (init)"",""Scene/Develop/AlchemyView.js:359 (init)"",""Scene/Develop/AlchemyView.js:373 (init)"",""Scene/Develop/AlchemyView.js:386 (init)""]","[""forcepush"",""is_gain"",""is_multi"",""user_general_id""]",[],No model hop extracted; inspect ref page and cmn consumers.,not resolved from endpoint alone,not implemented,NOT_IMPLEMENTED,GAMEPLAY_REQUIRED,missing,NOT DEVICE VERIFIED,Client has a recovered call path; returning not_implemented can block this feature.,"Trace full client consumer, config dependencies, state changes, and failure path; implement behavior + tests."
general.getOverview,/index.php?do=general.getOverview,GET; encodeURIComponent(JSON.stringify(data)); ingor_encrypt=1; optional zlib=1; sign=MD5(raw JSON + client constant),7 常规成长,"[""ReconstructedJS/src_jsc/Cfg/Url.js:123"",""docs/ref/general.md#generalgetOverview"",""Tools/Net.js:150 (displayOtherTeamInfo)""]","[""other_user_id""]","[""info""]",No model hop extracted; inspect ref page and cmn consumers.,not resolved from endpoint alone,not implemented,NOT_IMPLEMENTED,GAMEPLAY_REQUIRED,missing,NOT DEVICE VERIFIED,Client has a recovered call path; returning not_implemented can block this feature.,"Trace full client consumer, config dependencies, state changes, and failure path; implement behavior + tests."
general.insight,/index.php?do=general.insight,GET; encodeURIComponent(JSON.stringify(data)); ingor_encrypt=1; optional zlib=1; sign=MD5(raw JSON + client constant),7 常规成长,"[""ReconstructedJS/src_jsc/Cfg/Url.js:80"",""docs/ref/general.md#generalinsight"",""Scene/Aga/AgaScene.js:593 (setCardInfo)""]","[""user_general_id""]",[],cmn models: xs.Models.BreachModel.create,not resolved from endpoint alone,not implemented,NOT_IMPLEMENTED,GAMEPLAY_REQUIRED,missing,NOT DEVICE VERIFIED,Client has a recovered call path; returning not_implemented can block this feature.,"Trace full client consumer, config dependencies, state changes, and failure path; implement behavior + tests."
general.reincarnate,/index.php?do=general.reincarnate,GET; encodeURIComponent(JSON.stringify(data)); ingor_encrypt=1; optional zlib=1; sign=MD5(raw JSON + client constant),7 常规成长,"[""ReconstructedJS/src_jsc/Cfg/Url.js:81"",""docs/ref/general.md#generalreincarnate"",""Scene/Aga/AgaScene.js:630 (setCardInfo)""]","[""general_id"",""ignoreRandEvent""]",[],No model hop extracted; inspect ref page and cmn consumers.,"[""sgs_generals""]",not implemented,NOT_IMPLEMENTED,GAMEPLAY_REQUIRED,missing,NOT DEVICE VERIFIED,Client has a recovered call path; returning not_implemented can block this feature.,"Trace full client consumer, config dependencies, state changes, and failure path; implement behavior + tests."
general.removeObject,/index.php?do=general.removeObject,GET; encodeURIComponent(JSON.stringify(data)); ingor_encrypt=1; optional zlib=1; sign=MD5(raw JSON + client constant),7 常规成长,"[""ReconstructedJS/src_jsc/Cfg/Url.js:122"",""docs/ref/general.md#generalremoveObject"",""Scene/TeamBuild/TeamBuildScene.js:890 (removeObjectAndCloseDialog)"",""Scene/TeamBuild/TeamBuildScene.js:905 (removeObjectAndCloseDialog)"",""Scene/TeamBuild/TeamBuildScene_V2.js:704 (removeObjectAndCloseDialog)"",""Scene/TeamBuild/TeamBuildScene_V2.js:719 (removeObjectAndCloseDialog)""]","[""object_instance_id"",""position"",""type"",""user_general_id""]",[],No model hop extracted; inspect ref page and cmn consumers.,not resolved from endpoint alone,not implemented,NOT_IMPLEMENTED,GAMEPLAY_REQUIRED,missing,NOT DEVICE VERIFIED,Client has a recovered call path; returning not_implemented can block this feature.,"Trace full client consumer, config dependencies, state changes, and failure path; implement behavior + tests."
general.sacrifice,/index.php?do=general.sacrifice,GET; encodeURIComponent(JSON.stringify(data)); ingor_encrypt=1; optional zlib=1; sign=MD5(raw JSON + client constant),7 常规成长,"[""ReconstructedJS/src_jsc/Cfg/Url.js:84"",""docs/ref/general.md#generalsacrifice"",""Scene/Worship/WorshipScene.js:275 (requestWorshipGeneral)""]","[""item_id"",""sacrifice_type"",""user_death_general_id"",""user_general_id""]",[],cmn models: xs.Models.TransmissionModel.create,"[""sgs_item""]",not implemented,NOT_IMPLEMENTED,GAMEPLAY_REQUIRED,missing,NOT DEVICE VERIFIED,Client has a recovered call path; returning not_implemented can block this feature.,"Trace full client consumer, config dependencies, state changes, and failure path; implement behavior + tests."
general.setEquipment,/index.php?do=general.setEquipment,GET; encodeURIComponent(JSON.stringify(data)); ingor_encrypt=1; optional zlib=1; sign=MD5(raw JSON + client constant),6 背包与装备,"[""ReconstructedJS/src_jsc/Cfg/Url.js:29"",""docs/ref/general.md#generalsetEquipment"",""Scene/TeamBuild/TeamBuildScene.js:1251 (Net_ReplaceEquipment)"",""Scene/TeamBuild/TeamBuildScene_V2.js:961 (Net_ReplaceEquipment)""]","[""new_equipment_id"",""user_general_id""]",[],No model hop extracted; inspect ref page and cmn consumers.,not resolved from endpoint alone,"player_equipment, tutorial_progress, request_dedup",IMPLEMENTED_LOCAL_SLICE,GAMEPLAY_REQUIRED,HTTP integration test,NOT DEVICE VERIFIED,"Current handler covers only the local reconstruction slice; verify full response, rules, costs, and restart behavior.","Extend behavior from client evidence; add success, legal refusal, retry, persistence, and device checks."
general.setLieutenant,/index.php?do=general.setLieutenant,GET; encodeURIComponent(JSON.stringify(data)); ingor_encrypt=1; optional zlib=1; sign=MD5(raw JSON + client constant),7 常规成长,"[""ReconstructedJS/src_jsc/Cfg/Url.js:30"",""docs/ref/general.md#generalsetLieutenant"",""Scene/TeamBuild/TeamBuildScene.js:1278 (Net_ReplaceAssistantGeneral)"",""Scene/TeamBuild/TeamBuildScene_V2.js:990 (Net_ReplaceAssistantGeneral)""]","[""lieutenant_user_general_id"",""major_user_general_id"",""position""]",[],No model hop extracted; inspect ref page and cmn consumers.,not resolved from endpoint alone,not implemented,NOT_IMPLEMENTED,GAMEPLAY_REQUIRED,missing,NOT DEVICE VERIFIED,Client has a recovered call path; returning not_implemented can block this feature.,"Trace full client consumer, config dependencies, state changes, and failure path; implement behavior + tests."
general.setSkill,/index.php?do=general.setSkill,GET; encodeURIComponent(JSON.stringify(data)); ingor_encrypt=1; optional zlib=1; sign=MD5(raw JSON + client constant),7 常规成长,"[""ReconstructedJS/src_jsc/Cfg/Url.js:28"",""docs/ref/general.md#generalsetSkill"",""Scene/TeamBuild/TeamBuildScene.js:1228 (Net_ReplaceSkill)"",""Scene/TeamBuild/TeamBuildScene_V2.js:934 (Net_ReplaceSkill)""]","[""new_skill_id"",""skill_pos"",""user_general_id""]",[],No model hop extracted; inspect ref page and cmn consumers.,not resolved from endpoint alone,not implemented,NOT_IMPLEMENTED,GAMEPLAY_REQUIRED,missing,NOT DEVICE VERIFIED,Client has a recovered call path; returning not_implemented can block this feature.,"Trace full client consumer, config dependencies, state changes, and failure path; implement behavior + tests."
general.takeCultureItem,/index.php?do=general.takeCultureItem,GET; encodeURIComponent(JSON.stringify(data)); ingor_encrypt=1; optional zlib=1; sign=MD5(raw JSON + client constant),7 常规成长,"[""ReconstructedJS/src_jsc/Cfg/Url.js:49"",""docs/ref/general.md#generaltakeCultureItem"",""Scene/Develop/AlchemyView.js:171 (showAlchemyResult)"",""Scene/Develop/AlchemyView.js:183 (showAlchemyResult)""]","[""is_take"",""user_general_id""]",[],No model hop extracted; inspect ref page and cmn consumers.,not resolved from endpoint alone,not implemented,NOT_IMPLEMENTED,GAMEPLAY_REQUIRED,missing,NOT DEVICE VERIFIED,Client has a recovered call path; returning not_implemented can block this feature.,"Trace full client consumer, config dependencies, state changes, and failure path; implement behavior + tests."
godness.cancelFight,?do=godness.cancelFight,GET; encodeURIComponent(JSON.stringify(data)); ingor_encrypt=1; optional zlib=1; sign=MD5(raw JSON + client constant),7 常规成长,"[""ReconstructedJS/src_jsc/Cfg/Url.js:220"",""docs/ref/godness.md#godnesscancelFight"",""Views/Goddess/GoddessMainView.js:502 (goToFight)""]","[""user_godness_id"",""user_id""]","[""result""]",No model hop extracted; inspect ref page and cmn consumers.,not resolved from endpoint alone,not implemented,NOT_IMPLEMENTED,GAMEPLAY_REQUIRED,missing,NOT DEVICE VERIFIED,Client has a recovered call path; returning not_implemented can block this feature.,"Trace full client consumer, config dependencies, state changes, and failure path; implement behavior + tests."
godness.fight,?do=godness.fight,GET; encodeURIComponent(JSON.stringify(data)); ingor_encrypt=1; optional zlib=1; sign=MD5(raw JSON + client constant),7 常规成长,"[""ReconstructedJS/src_jsc/Cfg/Url.js:219"",""docs/ref/godness.md#godnessfight"",""Views/Goddess/GoddessMainView.js:522 (goToFight)""]","[""user_godness_id"",""user_id""]","[""result""]",No model hop extracted; inspect ref page and cmn consumers.,not resolved from endpoint alone,not implemented,NOT_IMPLEMENTED,GAMEPLAY_REQUIRED,missing,NOT DEVICE VERIFIED,Client has a recovered call path; returning not_implemented can block this feature.,"Trace full client consumer, config dependencies, state changes, and failure path; implement behavior + tests."
godness.switchGodness,?do=godness.switchGodness,GET; encodeURIComponent(JSON.stringify(data)); ingor_encrypt=1; optional zlib=1; sign=MD5(raw JSON + client constant),7 常规成长,"[""ReconstructedJS/src_jsc/Cfg/Url.js:221"",""docs/ref/godness.md#godnessswitchGodness"",""Views/Goddess/GoddessMainView.js:476 (changeSkinCallBack)""]","[""godness_skin_id"",""user_godness_id"",""user_id""]","[""result""]",No model hop extracted; inspect ref page and cmn consumers.,not resolved from endpoint alone,not implemented,NOT_IMPLEMENTED,GAMEPLAY_REQUIRED,missing,NOT DEVICE VERIFIED,Client has a recovered call path; returning not_implemented can block this feature.,"Trace full client consumer, config dependencies, state changes, and failure path; implement behavior + tests."
hulao.fight,?do=hulao.fight,GET; encodeURIComponent(JSON.stringify(data)); ingor_encrypt=1; optional zlib=1; sign=MD5(raw JSON + client constant),9 社交与竞赛,"[""ReconstructedJS/src_jsc/Cfg/Url.js:225"",""docs/ref/hulao.md#hulaofight"",""Views/HulaoBattle/GarrisonLayoutDialog.js:793 (GoToFightCallBack)""]","[""forcePush"",""general_list"",""mode"",""stage"",""user_id""]","[""return_info""]",No model hop extracted; inspect ref page and cmn consumers.,not resolved from endpoint alone,not implemented,NOT_IMPLEMENTED,GAMEPLAY_REQUIRED,missing,NOT DEVICE VERIFIED,Client has a recovered call path; returning not_implemented can block this feature.,"Trace full client consumer, config dependencies, state changes, and failure path; implement behavior + tests."
hulao.index,?do=hulao.index,GET; encodeURIComponent(JSON.stringify(data)); ingor_encrypt=1; optional zlib=1; sign=MD5(raw JSON + client constant),9 社交与竞赛,"[""ReconstructedJS/src_jsc/Cfg/Url.js:222"",""docs/ref/hulao.md#hulaoindex"",""Views/HulaoBattle/GarrisonLayoutDialog.js:861 (funcFinish)"",""Views/HulaoBattle/GarrisonLayoutDialog.js:908 (funcFinish)"",""Views/HulaoBattle/GarrisonLayoutDialog.js:948 (funcFinish)"",""Views/HulaoBattle/HulaoBattleMainView.js:213 (getHulaoBattleReward)"",""Tools/Scene.js:116 (gotoWorldBoss)""]","[""user_id""]","[""return_info""]",No model hop extracted; inspect ref page and cmn consumers.,not resolved from endpoint alone,not implemented,NOT_IMPLEMENTED,GAMEPLAY_REQUIRED,missing,NOT DEVICE VERIFIED,Client has a recovered call path; returning not_implemented can block this feature.,"Trace full client consumer, config dependencies, state changes, and failure path; implement behavior + tests."
hulao.lineup,?do=hulao.lineup,GET; encodeURIComponent(JSON.stringify(data)); ingor_encrypt=1; optional zlib=1; sign=MD5(raw JSON + client constant),9 社交与竞赛,"[""ReconstructedJS/src_jsc/Cfg/Url.js:224"",""docs/ref/hulao.md#hulaolineup"",""Views/HulaoBattle/HulaoBattleMainView.js:134 (goToGarrisonLayoutDialog)"",""Views/HulaoBattle/HulaoBattleSelectDifficulty.js:96 (setDifficultyRequest)""]","[""mode"",""stage"",""user_id""]","[""return_info"",""return_info.left_info"",""return_info.left_info.consume_fortune"",""return_info.left_info.general_list"",""return_info.left_info.total_fortune""]",No model hop extracted; inspect ref page and cmn consumers.,not resolved from endpoint alone,not implemented,NOT_IMPLEMENTED,GAMEPLAY_REQUIRED,missing,NOT DEVICE VERIFIED,Client has a recovered call path; returning not_implemented can block this feature.,"Trace full client consumer, config dependencies, state changes, and failure path; implement behavior + tests."
hulao.recieve,?do=hulao.recieve,GET; encodeURIComponent(JSON.stringify(data)); ingor_encrypt=1; optional zlib=1; sign=MD5(raw JSON + client constant),9 社交与竞赛,"[""ReconstructedJS/src_jsc/Cfg/Url.js:223"",""docs/ref/hulao.md#hulaorecieve"",""Views/HulaoBattle/HulaoBattleMainView.js:205 (getHulaoBattleReward)""]","[""mode"",""stage"",""user_id""]","[""add_list"",""return_info""]",No model hop extracted; inspect ref page and cmn consumers.,not resolved from endpoint alone,not implemented,NOT_IMPLEMENTED,GAMEPLAY_REQUIRED,missing,NOT DEVICE VERIFIED,Client has a recovered call path; returning not_implemented can block this feature.,"Trace full client consumer, config dependencies, state changes, and failure path; implement behavior + tests."
idcard.getCode,/?do=idcard.getCode,GET; encodeURIComponent(JSON.stringify(data)); ingor_encrypt=1; optional zlib=1; sign=MD5(raw JSON + client constant),10 长尾 / 待核,"[""ReconstructedJS/src_jsc/Cfg/Url.js:247"",""docs/ref/idcard.md#idcardgetCode"",""Views/Dialog/VerificationTelDialog.js:114 (init)""]","[""mobile"",""user_id""]",[],No model hop extracted; inspect ref page and cmn consumers.,not resolved from endpoint alone,not implemented,DISABLED_BY_DESIGN,LEGACY_DISABLED,unit regression test,NOT DEVICE VERIFIED,"Intentionally unavailable; the handler must keep returning failure without creating orders, identity records, or grants.",Keep the corresponding client flow disabled and retain the explicit failure fixture.
idcard.save,/index.php?do=idcard.save,GET; encodeURIComponent(JSON.stringify(data)); ingor_encrypt=1; optional zlib=1; sign=MD5(raw JSON + client constant),10 长尾 / 待核,"[""ReconstructedJS/src_jsc/Cfg/Url.js:246"",""docs/ref/idcard.md#idcardsave"",""Views/Dialog/IdCardBindingDialog.js:171 (onBindingBtnClick)""]","[""idcard"",""user_id"",""user_name""]",[],No model hop extracted; inspect ref page and cmn consumers.,not resolved from endpoint alone,not implemented,DISABLED_BY_DESIGN,LEGACY_DISABLED,HTTP integration test,NOT DEVICE VERIFIED,"Intentionally unavailable; the handler must keep returning failure without creating orders, identity records, or grants.",Keep the corresponding client flow disabled and retain the explicit failure fixture.
idcard.saveMobile,/?do=idcard.saveMobile,GET; encodeURIComponent(JSON.stringify(data)); ingor_encrypt=1; optional zlib=1; sign=MD5(raw JSON + client constant),10 长尾 / 待核,"[""ReconstructedJS/src_jsc/Cfg/Url.js:248"",""docs/ref/idcard.md#idcardsaveMobile"",""Views/Dialog/VerificationTelDialog.js:136 (init)""]","[""mobile"",""mobile_code"",""user_id""]","[""result""]",No model hop extracted; inspect ref page and cmn consumers.,not resolved from endpoint alone,not implemented,DISABLED_BY_DESIGN,LEGACY_DISABLED,unit regression test,NOT DEVICE VERIFIED,"Intentionally unavailable; the handler must keep returning failure without creating orders, identity records, or grants.",Keep the corresponding client flow disabled and retain the explicit failure fixture.
item.buy,/index.php?do=item.buy,GET; encodeURIComponent(JSON.stringify(data)); ingor_encrypt=1; optional zlib=1; sign=MD5(raw JSON + client constant),6 背包与装备,"[""ReconstructedJS/src_jsc/Cfg/Url.js:52"",""docs/ref/item.md#itembuy"",""Views/Table/Cell/AvoidWarTableViewCell.js:111 (buyItemCallback)"",""Views/Dialog/Dialog.js:169 (init)"",""Scene/Ladder/LadderGiftView.js:150 (onExchangeBtn)"",""Scene/Ladder/LadderGiftView_Honor.js:207 (onExchangeBtn)"",""Tools/Net.js:42 (BuyGood)""]","[""addNum"",""currency_type"",""discount_price"",""forcepush"",""item_advanced_id"",""item_num"",""ladder_push"",""vipstore_push""]","[""add_list""]",No model hop extracted; inspect ref page and cmn consumers.,not resolved from endpoint alone,not implemented,NOT_IMPLEMENTED,GAMEPLAY_REQUIRED,missing,NOT DEVICE VERIFIED,Client has a recovered call path; returning not_implemented can block this feature.,"Trace full client consumer, config dependencies, state changes, and failure path; implement behavior + tests."
item.buyPlusUse,/index.php?do=item.buyPlusUse,GET; encodeURIComponent(JSON.stringify(data)); ingor_encrypt=1; optional zlib=1; sign=MD5(raw JSON + client constant),6 背包与装备,"[""ReconstructedJS/src_jsc/Cfg/Url.js:57"",""docs/ref/item.md#itembuyPlusUse"",""Scene/Ladder/LadderGiftView.js:185 (onGetGiftBtn)"",""Scene/Ladder/LadderGiftView_Honor.js:119 (getAllCallback)"",""Scene/Ladder/LadderGiftView_Honor.js:246 (onGetGiftBtn)""]","[""discount_price"",""forcepush"",""item_advanced_id"",""item_num"",""ladder_push""]","[""add_list""]",No model hop extracted; inspect ref page and cmn consumers.,not resolved from endpoint alone,not implemented,NOT_IMPLEMENTED,GAMEPLAY_REQUIRED,missing,NOT DEVICE VERIFIED,Client has a recovered call path; returning not_implemented can block this feature.,"Trace full client consumer, config dependencies, state changes, and failure path; implement behavior + tests."
item.deleteItem,/index.php?do=item.deleteItem,GET; encodeURIComponent(JSON.stringify(data)); ingor_encrypt=1; optional zlib=1; sign=MD5(raw JSON + client constant),6 背包与装备,"[""ReconstructedJS/src_jsc/Cfg/Url.js:55"",""docs/ref/item.md#itemdeleteItem"",""Scene/Bag/BagScene.js:900 (rightCB)"",""Scene/Bag/BagScene.js:928 (rightCB)""]","[""item_id"",""user_id""]",[],No model hop extracted; inspect ref page and cmn consumers.,"[""sgs_item""]",not implemented,NOT_IMPLEMENTED,GAMEPLAY_REQUIRED,missing,NOT DEVICE VERIFIED,Client has a recovered call path; returning not_implemented can block this feature.,"Trace full client consumer, config dependencies, state changes, and failure path; implement behavior + tests."
item.getList,/index.php?do=item.getList,GET; encodeURIComponent(JSON.stringify(data)); ingor_encrypt=1; optional zlib=1; sign=MD5(raw JSON + client constant),6 背包与装备,"[""ReconstructedJS/src_jsc/Cfg/Url.js:50"",""docs/ref/item.md#itemgetList"",""Views/StoreItemView.js:83 (refreshStore)"",""Scene/Ladder/LadderGiftView.js:48 (init)"",""Scene/Ladder/LadderGiftView.js:202 (reFresh)"",""Scene/Ladder/LadderGiftView_Honor.js:106 (getAllCallback)"",""Scene/Ladder/LadderGiftView_Honor.js:153 (requestGetGoodsList)"",""Scene/Ladder/LadderGiftView_Honor.js:270 (reFresh)""]","[""belongs_shop"",""is_gift"",""refreshStoreSuccessCallback""]","[""item_list""]",No model hop extracted; inspect ref page and cmn consumers.,not resolved from endpoint alone,not implemented,NOT_IMPLEMENTED,GAMEPLAY_REQUIRED,missing,NOT DEVICE VERIFIED,Client has a recovered call path; returning not_implemented can block this feature.,"Trace full client consumer, config dependencies, state changes, and failure path; implement behavior + tests."
item.getQuickList,/index.php?do=item.getQuickList,GET; encodeURIComponent(JSON.stringify(data)); ingor_encrypt=1; optional zlib=1; sign=MD5(raw JSON + client constant),6 背包与装备,"[""ReconstructedJS/src_jsc/Cfg/Url.js:51"",""docs/ref/item.md#itemgetQuickList"",""Views/WorshipWinePopNode.js:299 (initDataSource)"",""Views/Table/AvoidWarTableView.js:51 (reGetData)""]","[""item_id"",""refreshData"",""requestLimitGoodsListSuccessCallback""]","[""item_list""]",No model hop extracted; inspect ref page and cmn consumers.,"[""sgs_item""]",not implemented,NOT_IMPLEMENTED,GAMEPLAY_REQUIRED,missing,NOT DEVICE VERIFIED,Client has a recovered call path; returning not_implemented can block this feature.,"Trace full client consumer, config dependencies, state changes, and failure path; implement behavior + tests."
item.quickBuy,/index.php?do=item.quickBuy,GET; encodeURIComponent(JSON.stringify(data)); ingor_encrypt=1; optional zlib=1; sign=MD5(raw JSON + client constant),6 背包与装备,"[""ReconstructedJS/src_jsc/Cfg/Url.js:121"",""docs/ref/item.md#itemquickBuy"",""Views/Dialog/SpecificDialog.js:263 (init)"",""Views/Dialog/SpecificDialog.js:310 (init)"",""Views/Dialog/SpecificDialog.js:378 (init)"",""Views/Dialog/SpecificDialog.js:443 (init)"",""Views/Dialog/SpecificDialog.js:496 (init)"",""Views/Dialog/SpecificDialog.js:634 (createChallengeNotEnough)""]","[""currency_type"",""disCountPrice"",""extra_param"",""forcepush"",""item_id"",""item_num""]","[""add_list""]",No model hop extracted; inspect ref page and cmn consumers.,"[""sgs_item""]",not implemented,NOT_IMPLEMENTED,GAMEPLAY_REQUIRED,missing,NOT DEVICE VERIFIED,Client has a recovered call path; returning not_implemented can block this feature.,"Trace full client consumer, config dependencies, state changes, and failure path; implement behavior + tests."
item.resolveItem,/index.php?do=item.resolveItem,GET; encodeURIComponent(JSON.stringify(data)); ingor_encrypt=1; optional zlib=1; sign=MD5(raw JSON + client constant),6 背包与装备,"[""ReconstructedJS/src_jsc/Cfg/Url.js:54"",""docs/ref/item.md#itemresolveItem"",""Scene/Bag/BagScene.js:265 (confirmSelect)""]","[""forcepush"",""item_num"",""user_item_id""]","[""add_list""]",No model hop extracted; inspect ref page and cmn consumers.,not resolved from endpoint alone,not implemented,NOT_IMPLEMENTED,GAMEPLAY_REQUIRED,missing,NOT DEVICE VERIFIED,Client has a recovered call path; returning not_implemented can block this feature.,"Trace full client consumer, config dependencies, state changes, and failure path; implement behavior + tests."
item.use,/index.php?do=item.use,GET; encodeURIComponent(JSON.stringify(data)); ingor_encrypt=1; optional zlib=1; sign=MD5(raw JSON + client constant),6 背包与装备,"[""ReconstructedJS/src_jsc/Cfg/Url.js:53"",""docs/ref/item.md#itemuse"",""Views/Table/Cell/AvoidWarTableViewCell.js:125 (useItemCallback)"",""Views/Dialog/SpecificDialog.js:359 (init)"",""Views/Dialog/SpecificDialog.js:424 (init)"",""Scene/Bag/BagScene.js:272 (confirmSelect)"",""Scene/Bag/BagScene.js:417 (BagItemCell_centerBtnCallback)"",""Scene/Bag/BagScene.js:872 (rightCB)""]","[""forcepush"",""item_num"",""user_item_id""]","[""add_list""]",No model hop extracted; inspect ref page and cmn consumers.,not resolved from endpoint alone,"player_items, player_equipment, player_counters, tutorial_progress, request_dedup",IMPLEMENTED_LOCAL_SLICE,GAMEPLAY_REQUIRED,HTTP integration test,NOT DEVICE VERIFIED,"Current handler covers only the local reconstruction slice; verify full response, rules, costs, and restart behavior.","Extend behavior from client evidence; add success, legal refusal, retry, persistence, and device checks."
ladder.fight,/index.php?do=ladder.fight,GET; encodeURIComponent(JSON.stringify(data)); ingor_encrypt=1; optional zlib=1; sign=MD5(raw JSON + client constant),9 社交与竞赛,"[""ReconstructedJS/src_jsc/Cfg/Url.js:94"",""docs/ref/ladder.md#ladderfight"",""Scene/Ladder/LadderCardShow.js:343 (fightBtnClick)""]","[""forcepush"",""player_id""]",[],cmn models: xs.Models.FightInfo.create,not resolved from endpoint alone,not implemented,NOT_IMPLEMENTED,GAMEPLAY_REQUIRED,missing,NOT DEVICE VERIFIED,Client has a recovered call path; returning not_implemented can block this feature.,"Trace full client consumer, config dependencies, state changes, and failure path; implement behavior + tests."
ladder.init,/index.php?do=ladder.init,GET; encodeURIComponent(JSON.stringify(data)); ingor_encrypt=1; optional zlib=1; sign=MD5(raw JSON + client constant),9 社交与竞赛,"[""ReconstructedJS/src_jsc/Cfg/Url.js:93"",""docs/ref/ladder.md#ladderinit"",""Scene/Ladder/LadderView.js:135 (reloadLadderInfo)""]",[],[],cmn models: GameData.LadderInfo.update,not resolved from endpoint alone,not implemented,NOT_IMPLEMENTED,GAMEPLAY_REQUIRED,missing,NOT DEVICE VERIFIED,Client has a recovered call path; returning not_implemented can block this feature.,"Trace full client consumer, config dependencies, state changes, and failure path; implement behavior + tests."
ladder.repeatedlyFight,/index.php?do=ladder.repeatedlyFight,GET; encodeURIComponent(JSON.stringify(data)); ingor_encrypt=1; optional zlib=1; sign=MD5(raw JSON + client constant),9 社交与竞赛,"[""ReconstructedJS/src_jsc/Cfg/Url.js:95"",""docs/ref/ladder.md#ladderrepeatedlyFight"",""Scene/Ladder/LadderCardShow.js:276 (tenFightCallBack)""]","[""ignoreRandEvent"",""ladder_rank"",""player_id"",""player_type"",""user_id""]","[""fight_result"",""fight_result.drop_info""]",No model hop extracted; inspect ref page and cmn consumers.,not resolved from endpoint alone,not implemented,NOT_IMPLEMENTED,GAMEPLAY_REQUIRED,missing,NOT DEVICE VERIFIED,Client has a recovered call path; returning not_implemented can block this feature.,"Trace full client consumer, config dependencies, state changes, and failure path; implement behavior + tests."
ladderWar.buyFtimes,?do=ladderWar.buyFtimes,GET; encodeURIComponent(JSON.stringify(data)); ingor_encrypt=1; optional zlib=1; sign=MD5(raw JSON + client constant),10 长尾 / 待核,"[""ReconstructedJS/src_jsc/Cfg/Url.js:172"",""docs/ref/ladderWar.md#ladderWarbuyFtimes"",""Views/InterService/PromptFrameDialog.js:128 (sureBtnClick)""]","[""user_id""]",[],No model hop extracted; inspect ref page and cmn consumers.,not resolved from endpoint alone,not implemented,NOT_IMPLEMENTED,GAMEPLAY_REQUIRED,missing,NOT DEVICE VERIFIED,Client has a recovered call path; returning not_implemented can block this feature.,"Trace full client consumer, config dependencies, state changes, and failure path; implement behavior + tests."
ladderWar.buyReward,?do=ladderWar.buyReward,GET; encodeURIComponent(JSON.stringify(data)); ingor_encrypt=1; optional zlib=1; sign=MD5(raw JSON + client constant),10 长尾 / 待核,"[""ReconstructedJS/src_jsc/Cfg/Url.js:177"",""docs/ref/ladderWar.md#ladderWarbuyReward""]",[],[],No model hop extracted; inspect ref page and cmn consumers.,not resolved from endpoint alone,not implemented,NOT_IMPLEMENTED,UNKNOWN,missing,NOT DEVICE VERIFIED,No static call site or server behavior; reachability is not established.,Trace inline/dynamic URL and original client path before classifying or implementing.
ladderWar.entry,/index.php?do=ladderWar.entry,GET; encodeURIComponent(JSON.stringify(data)); ingor_encrypt=1; optional zlib=1; sign=MD5(raw JSON + client constant),10 长尾 / 待核,"[""ReconstructedJS/src_jsc/Cfg/Url.js:169"",""docs/ref/ladderWar.md#ladderWarentry"",""Views/InterService/InterServiceRegistrationView.js:300 (RequestNetforInfor)"",""Tools/Scene.js:52 (gotoLadderWar)""]","[""user_id""]","[""return_info"",""return_info.status""]",No model hop extracted; inspect ref page and cmn consumers.,not resolved from endpoint alone,not implemented,NOT_IMPLEMENTED,GAMEPLAY_REQUIRED,missing,NOT DEVICE VERIFIED,Client has a recovered call path; returning not_implemented can block this feature.,"Trace full client consumer, config dependencies, state changes, and failure path; implement behavior + tests."
ladderWar.exchange,?do=ladderWar.exchange,GET; encodeURIComponent(JSON.stringify(data)); ingor_encrypt=1; optional zlib=1; sign=MD5(raw JSON + client constant),10 长尾 / 待核,"[""ReconstructedJS/src_jsc/Cfg/Url.js:171"",""docs/ref/ladderWar.md#ladderWarexchange"",""Views/InterService/PointsExchangeView.js:334 (onBtnCallBack)""]","[""forcepush"",""pk_id"",""user_id""]",[],No model hop extracted; inspect ref page and cmn consumers.,not resolved from endpoint alone,not implemented,NOT_IMPLEMENTED,GAMEPLAY_REQUIRED,missing,NOT DEVICE VERIFIED,Client has a recovered call path; returning not_implemented can block this feature.,"Trace full client consumer, config dependencies, state changes, and failure path; implement behavior + tests."
ladderWar.fight,?do=ladderWar.fight,GET; encodeURIComponent(JSON.stringify(data)); ingor_encrypt=1; optional zlib=1; sign=MD5(raw JSON + client constant),10 长尾 / 待核,"[""ReconstructedJS/src_jsc/Cfg/Url.js:179"",""docs/ref/ladderWar.md#ladderWarfight"",""Views/InterService/InterServiceFightView.js:413 (funcFinish)""]","[""player_id"",""user_id""]",[],No model hop extracted; inspect ref page and cmn consumers.,not resolved from endpoint alone,not implemented,NOT_IMPLEMENTED,GAMEPLAY_REQUIRED,missing,NOT DEVICE VERIFIED,Client has a recovered call path; returning not_implemented can block this feature.,"Trace full client consumer, config dependencies, state changes, and failure path; implement behavior + tests."
ladderWar.getOverview,/index.php?do=ladderWar.getOverview,GET; encodeURIComponent(JSON.stringify(data)); ingor_encrypt=1; optional zlib=1; sign=MD5(raw JSON + client constant),10 长尾 / 待核,"[""ReconstructedJS/src_jsc/Cfg/Url.js:124"",""docs/ref/ladderWar.md#ladderWargetOverview"",""Tools/Net.js:183 (displayInterOtherTeamInfo)""]","[""player_id"",""user_id""]","[""info""]",No model hop extracted; inspect ref page and cmn consumers.,not resolved from endpoint alone,not implemented,NOT_IMPLEMENTED,GAMEPLAY_REQUIRED,missing,NOT DEVICE VERIFIED,Client has a recovered call path; returning not_implemented can block this feature.,"Trace full client consumer, config dependencies, state changes, and failure path; implement behavior + tests."
ladderWar.goodsList,?do=ladderWar.goodsList,GET; encodeURIComponent(JSON.stringify(data)); ingor_encrypt=1; optional zlib=1; sign=MD5(raw JSON + client constant),10 长尾 / 待核,"[""ReconstructedJS/src_jsc/Cfg/Url.js:170"",""docs/ref/ladderWar.md#ladderWargoodsList"",""Views/InterService/PointsExchangeView.js:105 (requestGetGoodsList)""]","[""user_id""]",[],No model hop extracted; inspect ref page and cmn consumers.,not resolved from endpoint alone,not implemented,NOT_IMPLEMENTED,GAMEPLAY_REQUIRED,missing,NOT DEVICE VERIFIED,Client has a recovered call path; returning not_implemented can block this feature.,"Trace full client consumer, config dependencies, state changes, and failure path; implement behavior + tests."
ladderWar.hangReward,?do=ladderWar.hangReward,GET; encodeURIComponent(JSON.stringify(data)); ingor_encrypt=1; optional zlib=1; sign=MD5(raw JSON + client constant),10 长尾 / 待核,"[""ReconstructedJS/src_jsc/Cfg/Url.js:178"",""docs/ref/ladderWar.md#ladderWarhangReward"",""Views/InterService/InterServiceRewardDialog.js:88 (requestHangReward)""]","[""pk_ids"",""user_id""]",[],No model hop extracted; inspect ref page and cmn consumers.,not resolved from endpoint alone,not implemented,NOT_IMPLEMENTED,GAMEPLAY_REQUIRED,missing,NOT DEVICE VERIFIED,Client has a recovered call path; returning not_implemented can block this feature.,"Trace full client consumer, config dependencies, state changes, and failure path; implement behavior + tests."
ladderWar.match,?do=ladderWar.match,GET; encodeURIComponent(JSON.stringify(data)); ingor_encrypt=1; optional zlib=1; sign=MD5(raw JSON + client constant),10 长尾 / 待核,"[""ReconstructedJS/src_jsc/Cfg/Url.js:173"",""docs/ref/ladderWar.md#ladderWarmatch"",""Views/InterService/InterServiceFightView.js:234 (requestPlayersInfor)""]","[""is_main"",""user_id""]","[""return_info""]",No model hop extracted; inspect ref page and cmn consumers.,not resolved from endpoint alone,not implemented,NOT_IMPLEMENTED,GAMEPLAY_REQUIRED,missing,NOT DEVICE VERIFIED,Client has a recovered call path; returning not_implemented can block this feature.,"Trace full client consumer, config dependencies, state changes, and failure path; implement behavior + tests."
ladderWar.rewardList,?do=ladderWar.rewardList,GET; encodeURIComponent(JSON.stringify(data)); ingor_encrypt=1; optional zlib=1; sign=MD5(raw JSON + client constant),10 长尾 / 待核,"[""ReconstructedJS/src_jsc/Cfg/Url.js:176"",""docs/ref/ladderWar.md#ladderWarrewardList"",""Views/InterService/InterServiceWorshipView.js:246 (onm_btnWorshipClicked_hangReward)""]","[""user_id""]","[""return_info.reward_list""]",No model hop extracted; inspect ref page and cmn consumers.,not resolved from endpoint alone,not implemented,NOT_IMPLEMENTED,GAMEPLAY_REQUIRED,missing,NOT DEVICE VERIFIED,Client has a recovered call path; returning not_implemented can block this feature.,"Trace full client consumer, config dependencies, state changes, and failure path; implement behavior + tests."
ladderWar.worship,?do=ladderWar.worship,GET; encodeURIComponent(JSON.stringify(data)); ingor_encrypt=1; optional zlib=1; sign=MD5(raw JSON + client constant),10 长尾 / 待核,"[""ReconstructedJS/src_jsc/Cfg/Url.js:175"",""docs/ref/ladderWar.md#ladderWarworship"",""Views/InterService/InterServiceWorshipView.js:223 (onm_btnWorshipClicked_worship)""]","[""forcepush"",""player_id"",""user_id""]",[],No model hop extracted; inspect ref page and cmn consumers.,not resolved from endpoint alone,not implemented,NOT_IMPLEMENTED,GAMEPLAY_REQUIRED,missing,NOT DEVICE VERIFIED,Client has a recovered call path; returning not_implemented can block this feature.,"Trace full client consumer, config dependencies, state changes, and failure path; implement behavior + tests."
ladderWar.worshipEntry,?do=ladderWar.worshipEntry,GET; encodeURIComponent(JSON.stringify(data)); ingor_encrypt=1; optional zlib=1; sign=MD5(raw JSON + client constant),10 长尾 / 待核,"[""ReconstructedJS/src_jsc/Cfg/Url.js:174"",""docs/ref/ladderWar.md#ladderWarworshipEntry"",""Views/InterService/InterServiceRegistrationView.js:467 (worshipCallback)""]","[""user_id""]",[],No model hop extracted; inspect ref page and cmn consumers.,not resolved from endpoint alone,not implemented,NOT_IMPLEMENTED,GAMEPLAY_REQUIRED,missing,NOT DEVICE VERIFIED,Client has a recovered call path; returning not_implemented can block this feature.,"Trace full client consumer, config dependencies, state changes, and failure path; implement behavior + tests."
ladderWarLocal.buyFtimes,?do=ladderWarLocal.buyFtimes,GET; encodeURIComponent(JSON.stringify(data)); ingor_encrypt=1; optional zlib=1; sign=MD5(raw JSON + client constant),10 长尾 / 待核,"[""ReconstructedJS/src_jsc/Cfg/Url.js:183"",""docs/ref/ladderWarLocal.md#ladderWarLocalbuyFtimes"",""Views/InterService/PromptFrameDialog.js:122 (sureBtnClick)""]","[""user_id""]",[],No model hop extracted; inspect ref page and cmn consumers.,not resolved from endpoint alone,not implemented,NOT_IMPLEMENTED,GAMEPLAY_REQUIRED,missing,NOT DEVICE VERIFIED,Client has a recovered call path; returning not_implemented can block this feature.,"Trace full client consumer, config dependencies, state changes, and failure path; implement behavior + tests."
ladderWarLocal.buyReward,?do=ladderWarLocal.buyReward,GET; encodeURIComponent(JSON.stringify(data)); ingor_encrypt=1; optional zlib=1; sign=MD5(raw JSON + client constant),10 长尾 / 待核,"[""ReconstructedJS/src_jsc/Cfg/Url.js:188"",""docs/ref/ladderWarLocal.md#ladderWarLocalbuyReward""]",[],[],No model hop extracted; inspect ref page and cmn consumers.,not resolved from endpoint alone,not implemented,NOT_IMPLEMENTED,UNKNOWN,missing,NOT DEVICE VERIFIED,No static call site or server behavior; reachability is not established.,Trace inline/dynamic URL and original client path before classifying or implementing.
ladderWarLocal.entry,/index.php?do=ladderWarLocal.entry,GET; encodeURIComponent(JSON.stringify(data)); ingor_encrypt=1; optional zlib=1; sign=MD5(raw JSON + client constant),10 长尾 / 待核,"[""ReconstructedJS/src_jsc/Cfg/Url.js:180"",""docs/ref/ladderWarLocal.md#ladderWarLocalentry"",""Views/InterService/InterServiceRegistrationView.js:290 (RequestNetforInfor)"",""Tools/Scene.js:75 (gotoSmallLadderWar)""]","[""user_id""]","[""return_info"",""return_info.status""]",No model hop extracted; inspect ref page and cmn consumers.,not resolved from endpoint alone,not implemented,NOT_IMPLEMENTED,GAMEPLAY_REQUIRED,missing,NOT DEVICE VERIFIED,Client has a recovered call path; returning not_implemented can block this feature.,"Trace full client consumer, config dependencies, state changes, and failure path; implement behavior + tests."
ladderWarLocal.exchange,?do=ladderWarLocal.exchange,GET; encodeURIComponent(JSON.stringify(data)); ingor_encrypt=1; optional zlib=1; sign=MD5(raw JSON + client constant),10 长尾 / 待核,"[""ReconstructedJS/src_jsc/Cfg/Url.js:182"",""docs/ref/ladderWarLocal.md#ladderWarLocalexchange"",""Views/InterService/PointsExchangeView.js:323 (onBtnCallBack)""]","[""forcepush"",""pk_id"",""user_id""]",[],No model hop extracted; inspect ref page and cmn consumers.,not resolved from endpoint alone,not implemented,NOT_IMPLEMENTED,GAMEPLAY_REQUIRED,missing,NOT DEVICE VERIFIED,Client has a recovered call path; returning not_implemented can block this feature.,"Trace full client consumer, config dependencies, state changes, and failure path; implement behavior + tests."
ladderWarLocal.fight,?do=ladderWarLocal.fight,GET; encodeURIComponent(JSON.stringify(data)); ingor_encrypt=1; optional zlib=1; sign=MD5(raw JSON + client constant),10 长尾 / 待核,"[""ReconstructedJS/src_jsc/Cfg/Url.js:190"",""docs/ref/ladderWarLocal.md#ladderWarLocalfight"",""Views/InterService/InterServiceFightView.js:403 (funcFinish)""]","[""player_id"",""user_id""]",[],No model hop extracted; inspect ref page and cmn consumers.,not resolved from endpoint alone,not implemented,NOT_IMPLEMENTED,GAMEPLAY_REQUIRED,missing,NOT DEVICE VERIFIED,Client has a recovered call path; returning not_implemented can block this feature.,"Trace full client consumer, config dependencies, state changes, and failure path; implement behavior + tests."
ladderWarLocal.getOverview,/index.php?do=ladderWarLocal.getOverview,GET; encodeURIComponent(JSON.stringify(data)); ingor_encrypt=1; optional zlib=1; sign=MD5(raw JSON + client constant),10 长尾 / 待核,"[""ReconstructedJS/src_jsc/Cfg/Url.js:125"",""docs/ref/ladderWarLocal.md#ladderWarLocalgetOverview"",""Tools/Net.js:216 (displayLocalInterOtherTeamInfo)""]","[""player_id"",""user_id""]","[""info""]",No model hop extracted; inspect ref page and cmn consumers.,not resolved from endpoint alone,not implemented,NOT_IMPLEMENTED,GAMEPLAY_REQUIRED,missing,NOT DEVICE VERIFIED,Client has a recovered call path; returning not_implemented can block this feature.,"Trace full client consumer, config dependencies, state changes, and failure path; implement behavior + tests."
ladderWarLocal.goodsList,?do=ladderWarLocal.goodsList,GET; encodeURIComponent(JSON.stringify(data)); ingor_encrypt=1; optional zlib=1; sign=MD5(raw JSON + client constant),10 长尾 / 待核,"[""ReconstructedJS/src_jsc/Cfg/Url.js:181"",""docs/ref/ladderWarLocal.md#ladderWarLocalgoodsList"",""Views/InterService/PointsExchangeView.js:98 (requestGetGoodsList)""]","[""user_id""]",[],No model hop extracted; inspect ref page and cmn consumers.,not resolved from endpoint alone,not implemented,NOT_IMPLEMENTED,GAMEPLAY_REQUIRED,missing,NOT DEVICE VERIFIED,Client has a recovered call path; returning not_implemented can block this feature.,"Trace full client consumer, config dependencies, state changes, and failure path; implement behavior + tests."
ladderWarLocal.hangReward,?do=ladderWarLocal.hangReward,GET; encodeURIComponent(JSON.stringify(data)); ingor_encrypt=1; optional zlib=1; sign=MD5(raw JSON + client constant),10 长尾 / 待核,"[""ReconstructedJS/src_jsc/Cfg/Url.js:189"",""docs/ref/ladderWarLocal.md#ladderWarLocalhangReward"",""Views/InterService/InterServiceRewardDialog.js:76 (requestHangReward)""]","[""pk_ids"",""user_id""]",[],No model hop extracted; inspect ref page and cmn consumers.,not resolved from endpoint alone,not implemented,NOT_IMPLEMENTED,GAMEPLAY_REQUIRED,missing,NOT DEVICE VERIFIED,Client has a recovered call path; returning not_implemented can block this feature.,"Trace full client consumer, config dependencies, state changes, and failure path; implement behavior + tests."
ladderWarLocal.match,?do=ladderWarLocal.match,GET; encodeURIComponent(JSON.stringify(data)); ingor_encrypt=1; optional zlib=1; sign=MD5(raw JSON + client constant),10 长尾 / 待核,"[""ReconstructedJS/src_jsc/Cfg/Url.js:184"",""docs/ref/ladderWarLocal.md#ladderWarLocalmatch"",""Views/InterService/InterServiceFightView.js:223 (requestPlayersInfor)""]","[""is_main"",""user_id""]","[""return_info""]",No model hop extracted; inspect ref page and cmn consumers.,not resolved from endpoint alone,not implemented,NOT_IMPLEMENTED,GAMEPLAY_REQUIRED,missing,NOT DEVICE VERIFIED,Client has a recovered call path; returning not_implemented can block this feature.,"Trace full client consumer, config dependencies, state changes, and failure path; implement behavior + tests."
ladderWarLocal.rewardList,?do=ladderWarLocal.rewardList,GET; encodeURIComponent(JSON.stringify(data)); ingor_encrypt=1; optional zlib=1; sign=MD5(raw JSON + client constant),10 长尾 / 待核,"[""ReconstructedJS/src_jsc/Cfg/Url.js:187"",""docs/ref/ladderWarLocal.md#ladderWarLocalrewardList"",""Views/InterService/InterServiceWorshipView.js:239 (onm_btnWorshipClicked_hangReward)""]","[""user_id""]","[""return_info.reward_list""]",No model hop extracted; inspect ref page and cmn consumers.,not resolved from endpoint alone,not implemented,NOT_IMPLEMENTED,GAMEPLAY_REQUIRED,missing,NOT DEVICE VERIFIED,Client has a recovered call path; returning not_implemented can block this feature.,"Trace full client consumer, config dependencies, state changes, and failure path; implement behavior + tests."
ladderWarLocal.worship,?do=ladderWarLocal.worship,GET; encodeURIComponent(JSON.stringify(data)); ingor_encrypt=1; optional zlib=1; sign=MD5(raw JSON + client constant),10 长尾 / 待核,"[""ReconstructedJS/src_jsc/Cfg/Url.js:186"",""docs/ref/ladderWarLocal.md#ladderWarLocalworship"",""Views/InterService/InterServiceWorshipView.js:212 (onm_btnWorshipClicked_worship)""]","[""forcepush"",""player_id"",""user_id""]",[],No model hop extracted; inspect ref page and cmn consumers.,not resolved from endpoint alone,not implemented,NOT_IMPLEMENTED,GAMEPLAY_REQUIRED,missing,NOT DEVICE VERIFIED,Client has a recovered call path; returning not_implemented can block this feature.,"Trace full client consumer, config dependencies, state changes, and failure path; implement behavior + tests."
ladderWarLocal.worshipEntry,?do=ladderWarLocal.worshipEntry,GET; encodeURIComponent(JSON.stringify(data)); ingor_encrypt=1; optional zlib=1; sign=MD5(raw JSON + client constant),10 长尾 / 待核,"[""ReconstructedJS/src_jsc/Cfg/Url.js:185"",""docs/ref/ladderWarLocal.md#ladderWarLocalworshipEntry"",""Views/InterService/InterServiceRegistrationView.js:460 (worshipCallback)""]","[""user_id""]",[],No model hop extracted; inspect ref page and cmn consumers.,not resolved from endpoint alone,not implemented,NOT_IMPLEMENTED,GAMEPLAY_REQUIRED,missing,NOT DEVICE VERIFIED,Client has a recovered call path; returning not_implemented can block this feature.,"Trace full client consumer, config dependencies, state changes, and failure path; implement behavior + tests."
magic.forge,?do=magic.forge,GET; encodeURIComponent(JSON.stringify(data)); ingor_encrypt=1; optional zlib=1; sign=MD5(raw JSON + client constant),7 常规成长,"[""ReconstructedJS/src_jsc/Cfg/Url.js:193"",""docs/ref/magic.md#magicforge"",""Views/MiracleWeapons/MiracleWeaponLayer.js:716 (duanZaoCallback)""]","[""is_vip"",""magic_id"",""user_id""]","[""cmn.magic_info.update_list"",""result""]",No model hop extracted; inspect ref page and cmn consumers.,"[""sgs_magic""]",not implemented,NOT_IMPLEMENTED,GAMEPLAY_REQUIRED,missing,NOT DEVICE VERIFIED,Client has a recovered call path; returning not_implemented can block this feature.,"Trace full client consumer, config dependencies, state changes, and failure path; implement behavior + tests."
magic.getOverview,?do=magic.getOverview,GET; encodeURIComponent(JSON.stringify(data)); ingor_encrypt=1; optional zlib=1; sign=MD5(raw JSON + client constant),7 常规成长,"[""ReconstructedJS/src_jsc/Cfg/Url.js:194"",""docs/ref/magic.md#magicgetOverview"",""Scene/TeamBuild/TeamBuildScene.js:981 (requestOthersMiracleWeaponInfor)""]","[""other_user_id""]","[""info""]",No model hop extracted; inspect ref page and cmn consumers.,not resolved from endpoint alone,not implemented,NOT_IMPLEMENTED,GAMEPLAY_REQUIRED,missing,NOT DEVICE VERIFIED,Client has a recovered call path; returning not_implemented can block this feature.,"Trace full client consumer, config dependencies, state changes, and failure path; implement behavior + tests."
magic.open,?do=magic.open,GET; encodeURIComponent(JSON.stringify(data)); ingor_encrypt=1; optional zlib=1; sign=MD5(raw JSON + client constant),7 常规成长,"[""ReconstructedJS/src_jsc/Cfg/Url.js:192"",""docs/ref/magic.md#magicopen"",""Views/MiracleWeapons/SelectMiracleWeaponLayer.js:185 (goToMiracleWeaponInfor)""]","[""magic_id"",""user_id""]","[""result""]",No model hop extracted; inspect ref page and cmn consumers.,"[""sgs_magic""]",not implemented,NOT_IMPLEMENTED,GAMEPLAY_REQUIRED,missing,NOT DEVICE VERIFIED,Client has a recovered call path; returning not_implemented can block this feature.,"Trace full client consumer, config dependencies, state changes, and failure path; implement behavior + tests."
map.getConfig,(内联拼接，不含固定前缀),Inline config download URL; separate from ordinary do= transport; exact response not verified,4-5 地图与副本,"[""Tools/Net.js:1523"",""docs/ref/map.md#mapgetConfig""]",[],[],No model hop extracted; inspect ref page and cmn consumers.,not resolved from endpoint alone,not implemented,NOT_IMPLEMENTED,UNKNOWN,missing,NOT DEVICE VERIFIED,No static call site or server behavior; reachability is not established.,Trace inline/dynamic URL and original client path before classifying or implementing.
map.getUserMap,/index.php?do=map.getUserMap,GET; encodeURIComponent(JSON.stringify(data)); ingor_encrypt=1; optional zlib=1; sign=MD5(raw JSON + client constant),4-5 地图与副本,"[""ReconstructedJS/src_jsc/Cfg/Url.js:31"",""docs/ref/map.md#mapgetUserMap"",""Views/Table/Cell/TaskCell.js:333 (changeSceneWithTag)"",""Views/Dialog/BecomeStrongerDialog.js:427 (rightCB)"",""Views/Dialog/DetailDialogComponent.js:61 (CommonJumpCallback)"",""Views/Dialog/DungeonDetailB.js:142 (init)"",""Views/Dialog/DungeonDetailB.js:246 (singleFight)"",""Views/Dialog/DungeonDetailB.js:327 (rightCB)"",""Scene/FightChapter/FightChapters.js:325 (requireChapterInfoWithMapId)"",""Scene/FightChapter/FightChapters.js:341 (requireChapterInfoWithMapId)""]","[""map_id""]","[""map_info""]",cmn models: GameData.Map.update,"[""sgs_map_conf (empty in shipped package; local map data required)""]",not implemented,IMPLEMENTED_LOCAL_SLICE,GAMEPLAY_REQUIRED,HTTP integration test,NOT DEVICE VERIFIED,"Current handler covers only the local reconstruction slice; verify full response, rules, costs, and restart behavior.","Extend behavior from client evidence; add success, legal refusal, retry, persistence, and device checks."
meeting.meeting,/index.php?do=meeting.meeting,GET; encodeURIComponent(JSON.stringify(data)); ingor_encrypt=1; optional zlib=1; sign=MD5(raw JSON + client constant),8 日常与经济,"[""ReconstructedJS/src_jsc/Cfg/Url.js:85"",""docs/ref/meeting.md#meetingmeeting""]",[],[],No model hop extracted; inspect ref page and cmn consumers.,not resolved from endpoint alone,not implemented,NOT_IMPLEMENTED,UNKNOWN,missing,NOT DEVICE VERIFIED,No static call site or server behavior; reachability is not established.,Trace inline/dynamic URL and original client path before classifying or implementing.
menu.notice,/index.php?do=menu.notice,GET; encodeURIComponent(JSON.stringify(data)); ingor_encrypt=1; optional zlib=1; sign=MD5(raw JSON + client constant),1-2 启动、选服与主城,"[""ReconstructedJS/src_jsc/Cfg/Url.js:65"",""docs/ref/menu.md#menunotice"",""Views/Dialog/AnnouncementDialog.js:313 (readDataFromServer)""]","[""channel_id"",""product_line"",""server_id"",""type""]","[""notice""]",No model hop extracted; inspect ref page and cmn consumers.,not resolved from endpoint alone,not implemented,IMPLEMENTED_LOCAL_SLICE,CLIENT_BOOTSTRAP,missing,NOT DEVICE VERIFIED,"Current handler covers only the local reconstruction slice; verify full response, rules, costs, and restart behavior.","Extend behavior from client evidence; add success, legal refusal, retry, persistence, and device checks."
menu.userCdkey,/index.php?do=menu.userCdkey,GET; encodeURIComponent(JSON.stringify(data)); ingor_encrypt=1; optional zlib=1; sign=MD5(raw JSON + client constant),8 日常与经济,"[""ReconstructedJS/src_jsc/Cfg/Url.js:110"",""docs/ref/menu.md#menuuserCdkey"",""Views/Dialog/ExchangeCDKey.js:73 (onExchange)""]","[""cdkey_string""]","[""add_list""]",No model hop extracted; inspect ref page and cmn consumers.,not resolved from endpoint alone,not implemented,NOT_IMPLEMENTED,GAMEPLAY_REQUIRED,missing,NOT DEVICE VERIFIED,Client has a recovered call path; returning not_implemented can block this feature.,"Trace full client consumer, config dependencies, state changes, and failure path; implement behavior + tests."
meridian.light,?do=meridian.light,GET; encodeURIComponent(JSON.stringify(data)); ingor_encrypt=1; optional zlib=1; sign=MD5(raw JSON + client constant),7 常规成长,"[""ReconstructedJS/src_jsc/Cfg/Url.js:244"",""docs/ref/meridian.md#meridianlight"",""Views/Meridians/MeridiansMainView.js:577 (touchMeridiansCallBack)""]","[""user_general_id"",""user_id""]",[],No model hop extracted; inspect ref page and cmn consumers.,not resolved from endpoint alone,not implemented,NOT_IMPLEMENTED,GAMEPLAY_REQUIRED,missing,NOT DEVICE VERIFIED,Client has a recovered call path; returning not_implemented can block this feature.,"Trace full client consumer, config dependencies, state changes, and failure path; implement behavior + tests."
meridian.multiLight,?do=meridian.multiLight,GET; encodeURIComponent(JSON.stringify(data)); ingor_encrypt=1; optional zlib=1; sign=MD5(raw JSON + client constant),7 常规成长,"[""ReconstructedJS/src_jsc/Cfg/Url.js:245"",""docs/ref/meridian.md#meridianmultiLight"",""Views/Meridians/MeridiansMainView.js:545 (touchAllMeridiansCallBack)""]","[""user_general_id"",""user_id""]",[],No model hop extracted; inspect ref page and cmn consumers.,not resolved from endpoint alone,not implemented,NOT_IMPLEMENTED,GAMEPLAY_REQUIRED,missing,NOT DEVICE VERIFIED,Client has a recovered call path; returning not_implemented can block this feature.,"Trace full client consumer, config dependencies, state changes, and failure path; implement behavior + tests."
mystery.buy,/?do=mystery.buy,GET; encodeURIComponent(JSON.stringify(data)); ingor_encrypt=1; optional zlib=1; sign=MD5(raw JSON + client constant),8 日常与经济,"[""ReconstructedJS/src_jsc/Cfg/Url.js:228"",""docs/ref/mystery.md#mysterybuy"",""Views/Dialog/MysteryStoreDialog.js:513 (rightCB)""]","[""pk_id"",""user_id""]","[""result"",""return_info""]",No model hop extracted; inspect ref page and cmn consumers.,not resolved from endpoint alone,not implemented,NOT_IMPLEMENTED,GAMEPLAY_REQUIRED,missing,NOT DEVICE VERIFIED,Client has a recovered call path; returning not_implemented can block this feature.,"Trace full client consumer, config dependencies, state changes, and failure path; implement behavior + tests."
mystery.info,/?do=mystery.info,GET; encodeURIComponent(JSON.stringify(data)); ingor_encrypt=1; optional zlib=1; sign=MD5(raw JSON + client constant),8 日常与经济,"[""ReconstructedJS/src_jsc/Cfg/Url.js:226"",""docs/ref/mystery.md#mysteryinfo"",""Views/Dialog/MysteryStoreDialog.js:579 (showWithSurrenderInfo)""]","[""user_id""]","[""result"",""return_info""]",No model hop extracted; inspect ref page and cmn consumers.,not resolved from endpoint alone,not implemented,NOT_IMPLEMENTED,GAMEPLAY_REQUIRED,missing,NOT DEVICE VERIFIED,Client has a recovered call path; returning not_implemented can block this feature.,"Trace full client consumer, config dependencies, state changes, and failure path; implement behavior + tests."
mystery.refresh,/?do=mystery.refresh,GET; encodeURIComponent(JSON.stringify(data)); ingor_encrypt=1; optional zlib=1; sign=MD5(raw JSON + client constant),8 日常与经济,"[""ReconstructedJS/src_jsc/Cfg/Url.js:227"",""docs/ref/mystery.md#mysteryrefresh"",""Views/Dialog/MysteryStoreDialog.js:443 (_updateCallBack)""]","[""user_id""]","[""result"",""return_info""]",No model hop extracted; inspect ref page and cmn consumers.,not resolved from endpoint alone,not implemented,NOT_IMPLEMENTED,GAMEPLAY_REQUIRED,missing,NOT DEVICE VERIFIED,Client has a recovered call path; returning not_implemented can block this feature.,"Trace full client consumer, config dependencies, state changes, and failure path; implement behavior + tests."
notify.activate,/?do=notify.activate,GET; encodeURIComponent(JSON.stringify(data)); ingor_encrypt=1; optional zlib=1; sign=MD5(raw JSON + client constant),10 长尾 / 待核,"[""ReconstructedJS/src_jsc/Cfg/Url.js:139"",""docs/ref/notify.md#notifyactivate"",""Views/Dialog/UsrUpgrade.js:128 (onEnterTransitionDidFinish)"",""Views/Dialog/UsrUpgradeNew.js:537 (onEnterTransitionDidFinish)"",""Profile/GameData/Mgr.js:139 (init_Login)""]",[],[],No model hop extracted; inspect ref page and cmn consumers.,not resolved from endpoint alone,not implemented,DISABLED_BY_DESIGN,LEGACY_DISABLED,unit regression test,NOT DEVICE VERIFIED,"Intentionally unavailable; the handler must keep returning failure without creating orders, identity records, or grants.",Keep the corresponding client flow disabled and retain the explicit failure fixture.
pay.createTrade,(内联拼接，不含固定前缀),GET; encodeURIComponent(JSON.stringify(data)); ingor_encrypt=1; optional zlib=1; sign=MD5(raw JSON + client constant),10 长尾 / 待核,"[""Views/Table/ChargeItemTableView.js:229"",""docs/ref/pay.md#paycreateTrade""]",[],[],No model hop extracted; inspect ref page and cmn consumers.,not resolved from endpoint alone,not implemented,DISABLED_BY_DESIGN,LEGACY_DISABLED,HTTP integration test,NOT DEVICE VERIFIED,"Intentionally unavailable; the handler must keep returning failure without creating orders, identity records, or grants.",Keep the corresponding client flow disabled and retain the explicit failure fixture.
payIos.iosCharge,/index.php?do=payIos.iosCharge,GET; encodeURIComponent(JSON.stringify(data)); ingor_encrypt=1; optional zlib=1; sign=MD5(raw JSON + client constant),10 长尾 / 待核,"[""ReconstructedJS/src_jsc/Cfg/Url.js:130"",""docs/ref/payIos.md#payIosiosCharge"",""Views/Dialog/CheckOrderDialog.js:78 (requestCheckTransactionReceipt_Google)"",""Views/Dialog/CheckOrderDialog.js:82 (requestCheckTransactionReceipt)""]","[""pay_type"",""receipt_data"",""special_channel"",""user_id""]","[""chargeInfo"",""chargeInfo.flag""]",No model hop extracted; inspect ref page and cmn consumers.,not resolved from endpoint alone,not implemented,DISABLED_BY_DESIGN,LEGACY_DISABLED,unit regression test,NOT DEVICE VERIFIED,"Intentionally unavailable; the handler must keep returning failure without creating orders, identity records, or grants.",Keep the corresponding client flow disabled and retain the explicit failure fixture.
product.checkOrder,/index.php?do=product.checkOrder,GET; encodeURIComponent(JSON.stringify(data)); ingor_encrypt=1; optional zlib=1; sign=MD5(raw JSON + client constant),10 长尾 / 待核,"[""ReconstructedJS/src_jsc/Cfg/Url.js:131"",""docs/ref/product.md#productcheckOrder"",""Views/Dialog/CheckOrderDialog.js:131 (onResponse_Notify)"",""Views/Dialog/CheckOrderDialog.js:180 (onResponse_Status_Err)""]","[""email_push"",""forcepush"",""order_ids""]","[""order_list""]",No model hop extracted; inspect ref page and cmn consumers.,not resolved from endpoint alone,not implemented,DISABLED_BY_DESIGN,LEGACY_DISABLED,unit regression test,NOT DEVICE VERIFIED,"Intentionally unavailable; the handler must keep returning failure without creating orders, identity records, or grants.",Keep the corresponding client flow disabled and retain the explicit failure fixture.
product.createOrder,/index.php?do=product.createOrder,GET; encodeURIComponent(JSON.stringify(data)); ingor_encrypt=1; optional zlib=1; sign=MD5(raw JSON + client constant),10 长尾 / 待核,"[""ReconstructedJS/src_jsc/Cfg/Url.js:128"",""docs/ref/product.md#productcreateOrder"",""Views/Table/ChargeItemTableView.js:195 (rightCB)""]","[""order_type"",""product_id"",""s_type"",""special_channel""]","[""return_info.ext"",""return_info.order_id"",""return_info.product_price"",""return_info.user_id""]",No model hop extracted; inspect ref page and cmn consumers.,not resolved from endpoint alone,not implemented,DISABLED_BY_DESIGN,LEGACY_DISABLED,HTTP integration test,NOT DEVICE VERIFIED,"Intentionally unavailable; the handler must keep returning failure without creating orders, identity records, or grants.",Keep the corresponding client flow disabled and retain the explicit failure fixture.
product.getList,/index.php?do=product.getList,GET; encodeURIComponent(JSON.stringify(data)); ingor_encrypt=1; optional zlib=1; sign=MD5(raw JSON + client constant),10 长尾 / 待核,"[""ReconstructedJS/src_jsc/Cfg/Url.js:127"",""docs/ref/product.md#productgetList"",""Views/Table/ChargeItemTableView.js:68 (getProductList)""]","[""special_channel""]","[""product_list""]",No model hop extracted; inspect ref page and cmn consumers.,not resolved from endpoint alone,not implemented,DISABLED_BY_DESIGN,LEGACY_DISABLED,unit regression test,NOT DEVICE VERIFIED,"Intentionally unavailable; the handler must keep returning failure without creating orders, identity records, or grants.",Keep the corresponding client flow disabled and retain the explicit failure fixture.
product.notify,/index.php?do=product.notify,GET; encodeURIComponent(JSON.stringify(data)); ingor_encrypt=1; optional zlib=1; sign=MD5(raw JSON + client constant),10 长尾 / 待核,"[""ReconstructedJS/src_jsc/Cfg/Url.js:129"",""docs/ref/product.md#productnotify""]",[],[],No model hop extracted; inspect ref page and cmn consumers.,not resolved from endpoint alone,not implemented,DISABLED_BY_DESIGN,LEGACY_DISABLED,unit regression test,NOT DEVICE VERIFIED,"Intentionally unavailable; the handler must keep returning failure without creating orders, identity records, or grants.",Keep the corresponding client flow disabled and retain the explicit failure fixture.
pulse.getList,?do=pulse.getList,GET; encodeURIComponent(JSON.stringify(data)); ingor_encrypt=1; optional zlib=1; sign=MD5(raw JSON + client constant),7 常规成长,"[""ReconstructedJS/src_jsc/Cfg/Url.js:241"",""docs/ref/pulse.md#pulsegetList"",""Views/Meridians/PracticeMeridiansMainView.js:364 (onEnterTransitionDidFinish)""]","[""user_id""]",[],No model hop extracted; inspect ref page and cmn consumers.,not resolved from endpoint alone,not implemented,NOT_IMPLEMENTED,GAMEPLAY_REQUIRED,missing,NOT DEVICE VERIFIED,Client has a recovered call path; returning not_implemented can block this feature.,"Trace full client consumer, config dependencies, state changes, and failure path; implement behavior + tests."
pulse.practicePulse,?do=pulse.practicePulse,GET; encodeURIComponent(JSON.stringify(data)); ingor_encrypt=1; optional zlib=1; sign=MD5(raw JSON + client constant),7 常规成长,"[""ReconstructedJS/src_jsc/Cfg/Url.js:242"",""docs/ref/pulse.md#pulsepracticePulse"",""Views/Meridians/PracticeMeridiansMainView.js:212 (_requestGoToMeridiansCall)""]","[""pulse_count"",""pulse_num"",""user_id""]","[""pulse_multiple""]",No model hop extracted; inspect ref page and cmn consumers.,not resolved from endpoint alone,not implemented,NOT_IMPLEMENTED,GAMEPLAY_REQUIRED,missing,NOT DEVICE VERIFIED,Client has a recovered call path; returning not_implemented can block this feature.,"Trace full client consumer, config dependencies, state changes, and failure path; implement behavior + tests."
pulse.pulseCollect,?do=pulse.pulseCollect,GET; encodeURIComponent(JSON.stringify(data)); ingor_encrypt=1; optional zlib=1; sign=MD5(raw JSON + client constant),7 常规成长,"[""ReconstructedJS/src_jsc/Cfg/Url.js:243"",""docs/ref/pulse.md#pulsepulseCollect"",""Views/Meridians/PracticeMeridiansMainView.js:267 (_requestCollectMeridians)""]","[""pulse_count"",""user_id""]",[],No model hop extracted; inspect ref page and cmn consumers.,not resolved from endpoint alone,not implemented,NOT_IMPLEMENTED,GAMEPLAY_REQUIRED,missing,NOT DEVICE VERIFIED,Client has a recovered call path; returning not_implemented can block this feature.,"Trace full client consumer, config dependencies, state changes, and failure path; implement behavior + tests."
rank.getRankList,/index.php?do=rank.getRankList,GET; encodeURIComponent(JSON.stringify(data)); ingor_encrypt=1; optional zlib=1; sign=MD5(raw JSON + client constant),9 社交与竞赛,"[""ReconstructedJS/src_jsc/Cfg/Url.js:105"",""docs/ref/rank.md#rankgetRankList"",""Scene/Rank/RankScene.js:132 (updateData)""]",[],"[""rank""]",No model hop extracted; inspect ref page and cmn consumers.,not resolved from endpoint alone,not implemented,NOT_IMPLEMENTED,GAMEPLAY_REQUIRED,missing,NOT DEVICE VERIFIED,Client has a recovered call path; returning not_implemented can block this feature.,"Trace full client consumer, config dependencies, state changes, and failure path; implement behavior + tests."
rank.like,/index.php?do=rank.like,GET; encodeURIComponent(JSON.stringify(data)); ingor_encrypt=1; optional zlib=1; sign=MD5(raw JSON + client constant),9 社交与竞赛,"[""ReconstructedJS/src_jsc/Cfg/Url.js:106"",""docs/ref/rank.md#ranklike"",""Views/Table/Cell/RankTableViewCell.js:189 (updateCell)""]","[""like_user_id"",""rank"",""type""]","[""gold_num""]",No model hop extracted; inspect ref page and cmn consumers.,not resolved from endpoint alone,not implemented,NOT_IMPLEMENTED,GAMEPLAY_REQUIRED,missing,NOT DEVICE VERIFIED,Client has a recovered call path; returning not_implemented can block this feature.,"Trace full client consumer, config dependencies, state changes, and failure path; implement behavior + tests."
relationship.delUserRelationship,/index.php?do=relationship.delUserRelationship,GET; encodeURIComponent(JSON.stringify(data)); ingor_encrypt=1; optional zlib=1; sign=MD5(raw JSON + client constant),9 社交与竞赛,"[""ReconstructedJS/src_jsc/Cfg/Url.js:118"",""docs/ref/relationship.md#relationshipdelUserRelationship"",""Views/Dialog/FriendOperationDialog.js:86 (setBtnCallBack)""]","[""other_id"",""type""]",[],No model hop extracted; inspect ref page and cmn consumers.,not resolved from endpoint alone,not implemented,NOT_IMPLEMENTED,GAMEPLAY_REQUIRED,missing,NOT DEVICE VERIFIED,Client has a recovered call path; returning not_implemented can block this feature.,"Trace full client consumer, config dependencies, state changes, and failure path; implement behavior + tests."
relationship.fight,?do=relationship.fight,GET; encodeURIComponent(JSON.stringify(data)); ingor_encrypt=1; optional zlib=1; sign=MD5(raw JSON + client constant),9 社交与竞赛,"[""ReconstructedJS/src_jsc/Cfg/Url.js:160"",""docs/ref/relationship.md#relationshipfight"",""Views/Table/Cell/SocialTableViewCell.js:143 (onFightBtnClick)""]","[""player_id"",""user_id""]",[],cmn models: xs.Models.FightInfo.create,not resolved from endpoint alone,not implemented,NOT_IMPLEMENTED,GAMEPLAY_REQUIRED,missing,NOT DEVICE VERIFIED,Client has a recovered call path; returning not_implemented can block this feature.,"Trace full client consumer, config dependencies, state changes, and failure path; implement behavior + tests."
relationship.replyRequest,/index.php?do=relationship.replyRequest,GET; encodeURIComponent(JSON.stringify(data)); ingor_encrypt=1; optional zlib=1; sign=MD5(raw JSON + client constant),9 社交与竞赛,"[""ReconstructedJS/src_jsc/Cfg/Url.js:111"",""docs/ref/relationship.md#relationshipreplyRequest"",""Views/Table/Cell/MailTableViewCell.js:166 (updateCcbForFriend)"",""Views/Table/Cell/MailTableViewCell.js:178 (updateCcbForFriend)"",""Scene/Mail/MailView.js:65 (onBtnClick)"",""Scene/Mail/MailView.js:69 (onBtnClick)""]","[""other_id"",""type""]",[],No model hop extracted; inspect ref page and cmn consumers.,not resolved from endpoint alone,not implemented,NOT_IMPLEMENTED,GAMEPLAY_REQUIRED,missing,NOT DEVICE VERIFIED,Client has a recovered call path; returning not_implemented can block this feature.,"Trace full client consumer, config dependencies, state changes, and failure path; implement behavior + tests."
relationship.requestFriend,/index.php?do=relationship.requestFriend,GET; encodeURIComponent(JSON.stringify(data)); ingor_encrypt=1; optional zlib=1; sign=MD5(raw JSON + client constant),9 社交与竞赛,"[""ReconstructedJS/src_jsc/Cfg/Url.js:117"",""docs/ref/relationship.md#relationshiprequestFriend"",""Views/Table/Cell/SocialTableViewCell.js:111 (onBtnClick)""]","[""other_id""]",[],No model hop extracted; inspect ref page and cmn consumers.,not resolved from endpoint alone,not implemented,NOT_IMPLEMENTED,GAMEPLAY_REQUIRED,missing,NOT DEVICE VERIFIED,Client has a recovered call path; returning not_implemented can block this feature.,"Trace full client consumer, config dependencies, state changes, and failure path; implement behavior + tests."
relationship.searchUser,/index.php?do=relationship.searchUser,GET; encodeURIComponent(JSON.stringify(data)); ingor_encrypt=1; optional zlib=1; sign=MD5(raw JSON + client constant),9 社交与竞赛,"[""ReconstructedJS/src_jsc/Cfg/Url.js:119"",""docs/ref/relationship.md#relationshipsearchUser"",""Scene/Social/SocialView.js:245 (onSearchCallBack)""]","[""limit"",""page"",""search_word"",""type""]","[""return_info.search_user""]",No model hop extracted; inspect ref page and cmn consumers.,not resolved from endpoint alone,not implemented,NOT_IMPLEMENTED,GAMEPLAY_REQUIRED,missing,NOT DEVICE VERIFIED,Client has a recovered call path; returning not_implemented can block this feature.,"Trace full client consumer, config dependencies, state changes, and failure path; implement behavior + tests."
relationship.userEnemysInfo,/index.php?do=relationship.userEnemysInfo,GET; encodeURIComponent(JSON.stringify(data)); ingor_encrypt=1; optional zlib=1; sign=MD5(raw JSON + client constant),9 社交与竞赛,"[""ReconstructedJS/src_jsc/Cfg/Url.js:116"",""docs/ref/relationship.md#relationshipuserEnemysInfo"",""Scene/Social/SocialView.js:115 (onEnter)"",""Scene/Social/SocialView.js:329 (updateSocial)""]",[],"[""Clone"",""length"",""return_info.enemys"",""return_info.friends"",""return_info.user_make_friends""]",No model hop extracted; inspect ref page and cmn consumers.,not resolved from endpoint alone,not implemented,NOT_IMPLEMENTED,GAMEPLAY_REQUIRED,missing,NOT DEVICE VERIFIED,Client has a recovered call path; returning not_implemented can block this feature.,"Trace full client consumer, config dependencies, state changes, and failure path; implement behavior + tests."
relationship.userFriendsInfo,/index.php?do=relationship.userFriendsInfo,GET; encodeURIComponent(JSON.stringify(data)); ingor_encrypt=1; optional zlib=1; sign=MD5(raw JSON + client constant),9 社交与竞赛,"[""ReconstructedJS/src_jsc/Cfg/Url.js:115"",""docs/ref/relationship.md#relationshipuserFriendsInfo"",""Scene/Social/SocialView.js:109 (onEnter)"",""Scene/Social/SocialView.js:325 (updateSocial)""]",[],"[""Clone"",""length"",""return_info.enemys"",""return_info.friends"",""return_info.user_make_friends""]",No model hop extracted; inspect ref page and cmn consumers.,not resolved from endpoint alone,not implemented,NOT_IMPLEMENTED,GAMEPLAY_REQUIRED,missing,NOT DEVICE VERIFIED,Client has a recovered call path; returning not_implemented can block this feature.,"Trace full client consumer, config dependencies, state changes, and failure path; implement behavior + tests."
relationship.userMakeFriendsInfo,/index.php?do=relationship.userMakeFriendsInfo,GET; encodeURIComponent(JSON.stringify(data)); ingor_encrypt=1; optional zlib=1; sign=MD5(raw JSON + client constant),9 社交与竞赛,"[""ReconstructedJS/src_jsc/Cfg/Url.js:114"",""docs/ref/relationship.md#relationshipuserMakeFriendsInfo"",""Scene/Social/SocialView.js:101 (onEnter)"",""Scene/Social/SocialView.js:231 (onSearchCallBack)"",""Scene/Social/SocialView.js:320 (updateSocial)""]",[],"[""Clone"",""length"",""return_info.enemys"",""return_info.friends"",""return_info.user_make_friends""]",No model hop extracted; inspect ref page and cmn consumers.,not resolved from endpoint alone,not implemented,NOT_IMPLEMENTED,GAMEPLAY_REQUIRED,missing,NOT DEVICE VERIFIED,Client has a recovered call path; returning not_implemented can block this feature.,"Trace full client consumer, config dependencies, state changes, and failure path; implement behavior + tests."
skill.melt,/index.php?do=skill.melt,GET; encodeURIComponent(JSON.stringify(data)); ingor_encrypt=1; optional zlib=1; sign=MD5(raw JSON + client constant),7 常规成长,"[""ReconstructedJS/src_jsc/Cfg/Url.js:61"",""docs/ref/skill.md#skillmelt"",""Views/Table/Cell/SkillMeltTableCell.js:173 (_sell)"",""Views/Table/Cell/SkillMeltTableCell.js:195 (_sell)""]","[""sids"",""user_id""]","[""add_list""]",No model hop extracted; inspect ref page and cmn consumers.,not resolved from endpoint alone,not implemented,NOT_IMPLEMENTED,GAMEPLAY_REQUIRED,missing,NOT DEVICE VERIFIED,Client has a recovered call path; returning not_implemented can block this feature.,"Trace full client consumer, config dependencies, state changes, and failure path; implement behavior + tests."
skill.multiMelt,/index.php?do=skill.multiMelt,GET; encodeURIComponent(JSON.stringify(data)); ingor_encrypt=1; optional zlib=1; sign=MD5(raw JSON + client constant),7 常规成长,"[""ReconstructedJS/src_jsc/Cfg/Url.js:62"",""docs/ref/skill.md#skillmultiMelt"",""Scene/Skill/SkillScene.js:147 (rightCB)"",""Scene/Main/MainMenuScene.js:497 (btnCallback)""]","[""user_id""]","[""add_list""]",No model hop extracted; inspect ref page and cmn consumers.,not resolved from endpoint alone,not implemented,NOT_IMPLEMENTED,GAMEPLAY_REQUIRED,missing,NOT DEVICE VERIFIED,Client has a recovered call path; returning not_implemented can block this feature.,"Trace full client consumer, config dependencies, state changes, and failure path; implement behavior + tests."
skill.upgradeskillLevel,/index.php?do=skill.upgradeskillLevel,GET; encodeURIComponent(JSON.stringify(data)); ingor_encrypt=1; optional zlib=1; sign=MD5(raw JSON + client constant),7 常规成长,"[""ReconstructedJS/src_jsc/Cfg/Url.js:60"",""docs/ref/skill.md#skillupgradeskillLevel"",""Views/Dialog/SkillUpDialog.js:403 (_yes)""]","[""consume_user_item_ids"",""consume_user_item_num"",""consume_user_skill_ids"",""forcepush"",""user_skill_id""]",[],No model hop extracted; inspect ref page and cmn consumers.,not resolved from endpoint alone,not implemented,NOT_IMPLEMENTED,GAMEPLAY_REQUIRED,missing,NOT DEVICE VERIFIED,Client has a recovered call path; returning not_implemented can block this feature.,"Trace full client consumer, config dependencies, state changes, and failure path; implement behavior + tests."
skillRefine.skillRefine,/?do=skillRefine.skillRefine,GET; encodeURIComponent(JSON.stringify(data)); ingor_encrypt=1; optional zlib=1; sign=MD5(raw JSON + client constant),10 长尾 / 待核,"[""ReconstructedJS/src_jsc/Cfg/Url.js:261"",""docs/ref/skillRefine.md#skillRefineskillRefine"",""Views/SkillRefining/SkillRefiningLayer.js:617 (lianhuaCallback)""]","[""user_id"",""user_skill_id""]","[""result""]",No model hop extracted; inspect ref page and cmn consumers.,not resolved from endpoint alone,not implemented,NOT_IMPLEMENTED,GAMEPLAY_REQUIRED,missing,NOT DEVICE VERIFIED,Client has a recovered call path; returning not_implemented can block this feature.,"Trace full client consumer, config dependencies, state changes, and failure path; implement behavior + tests."
spiritStoneGoods.buy,/?do=spiritStoneGoods.buy,GET; encodeURIComponent(JSON.stringify(data)); ingor_encrypt=1; optional zlib=1; sign=MD5(raw JSON + client constant),10 长尾 / 待核,"[""ReconstructedJS/src_jsc/Cfg/Url.js:234"",""docs/ref/spiritStoneGoods.md#spiritStoneGoodsbuy"",""Views/Dialog/SpiritStoneDialog.js:367 (rightCB)""]","[""pk_id"",""user_id""]","[""result""]",No model hop extracted; inspect ref page and cmn consumers.,not resolved from endpoint alone,not implemented,NOT_IMPLEMENTED,GAMEPLAY_REQUIRED,missing,NOT DEVICE VERIFIED,Client has a recovered call path; returning not_implemented can block this feature.,"Trace full client consumer, config dependencies, state changes, and failure path; implement behavior + tests."
spiritStoneGoods.getList,/?do=spiritStoneGoods.getList,GET; encodeURIComponent(JSON.stringify(data)); ingor_encrypt=1; optional zlib=1; sign=MD5(raw JSON + client constant),10 长尾 / 待核,"[""ReconstructedJS/src_jsc/Cfg/Url.js:233"",""docs/ref/spiritStoneGoods.md#spiritStoneGoodsgetList"",""Views/Dialog/SpiritStoneDialog.js:417 (showWithSurrenderInfo)""]","[""user_id""]","[""result""]",No model hop extracted; inspect ref page and cmn consumers.,not resolved from endpoint alone,not implemented,NOT_IMPLEMENTED,GAMEPLAY_REQUIRED,missing,NOT DEVICE VERIFIED,Client has a recovered call path; returning not_implemented can block this feature.,"Trace full client consumer, config dependencies, state changes, and failure path; implement behavior + tests."
task.getList,?do=task.getList,GET; encodeURIComponent(JSON.stringify(data)); ingor_encrypt=1; optional zlib=1; sign=MD5(raw JSON + client constant),8 日常与经济,"[""ReconstructedJS/src_jsc/Cfg/Url.js:149"",""docs/ref/task.md#taskgetList"",""Views/Dialog/DailyTaskDialog.js:84 (onEnter)""]","[""forcepush""]","[""list"",""list.length""]",cmn models: xs.Models.Task.createWithData,not resolved from endpoint alone,not implemented,NOT_IMPLEMENTED,GAMEPLAY_REQUIRED,missing,NOT DEVICE VERIFIED,Client has a recovered call path; returning not_implemented can block this feature.,"Trace full client consumer, config dependencies, state changes, and failure path; implement behavior + tests."
task.multiRecieve,?do=task.multiRecieve,GET; encodeURIComponent(JSON.stringify(data)); ingor_encrypt=1; optional zlib=1; sign=MD5(raw JSON + client constant),8 日常与经济,"[""ReconstructedJS/src_jsc/Cfg/Url.js:150"",""docs/ref/task.md#taskmultiRecieve"",""Views/Dialog/DailyTaskDialog.js:58 (getAllAwardButtonTouch)""]","[""forcepush"",""user_id""]","[""list"",""result"",""task_list""]",No model hop extracted; inspect ref page and cmn consumers.,not resolved from endpoint alone,not implemented,NOT_IMPLEMENTED,GAMEPLAY_REQUIRED,missing,NOT DEVICE VERIFIED,Client has a recovered call path; returning not_implemented can block this feature.,"Trace full client consumer, config dependencies, state changes, and failure path; implement behavior + tests."
task.recieve,?do=task.recieve,GET; encodeURIComponent(JSON.stringify(data)); ingor_encrypt=1; optional zlib=1; sign=MD5(raw JSON + client constant),8 日常与经济,"[""ReconstructedJS/src_jsc/Cfg/Url.js:151"",""docs/ref/task.md#taskrecieve"",""Views/Table/Cell/TaskCell.js:239 (requestTaskRecieve)""]","[""forcepush"",""task_pk_id"",""user_id""]","[""list"",""result"",""task_list""]",No model hop extracted; inspect ref page and cmn consumers.,not resolved from endpoint alone,not implemented,NOT_IMPLEMENTED,GAMEPLAY_REQUIRED,missing,NOT DEVICE VERIFIED,Client has a recovered call path; returning not_implemented can block this feature.,"Trace full client consumer, config dependencies, state changes, and failure path; implement behavior + tests."
team.addTeamInfo,?do=team.addTeamInfo,GET; encodeURIComponent(JSON.stringify(data)); ingor_encrypt=1; optional zlib=1; sign=MD5(raw JSON + client constant),5 招募与编队,"[""ReconstructedJS/src_jsc/Cfg/Url.js:238"",""docs/ref/team.md#teamaddTeamInfo"",""Views/MultiLineUpView.js:241 (rightCB)""]","[""team_id"",""user_id""]","[""team_info"",""team_info.length""]",No model hop extracted; inspect ref page and cmn consumers.,not resolved from endpoint alone,not implemented,NOT_IMPLEMENTED,GAMEPLAY_REQUIRED,missing,NOT DEVICE VERIFIED,Client has a recovered call path; returning not_implemented can block this feature.,"Trace full client consumer, config dependencies, state changes, and failure path; implement behavior + tests."
team.chgBattleTeam,/index.php?do=team.chgBattleTeam,GET; encodeURIComponent(JSON.stringify(data)); ingor_encrypt=1; optional zlib=1; sign=MD5(raw JSON + client constant),5 招募与编队,"[""ReconstructedJS/src_jsc/Cfg/Url.js:27"",""docs/ref/team.md#teamchgBattleTeam"",""Scene/TeamBuild/TeamBuildScene.js:1176 (Net_ReplaceTeamGeneral)"",""Scene/TeamBuild/TeamBuildScene_V2.js:905 (Net_ReplaceTeamGeneral)""]","[""general_id"",""team_id"",""team_position""]",[],No model hop extracted; inspect ref page and cmn consumers.,"[""sgs_generals""]","player_team, tutorial_progress, request_dedup",IMPLEMENTED_LOCAL_SLICE,GAMEPLAY_REQUIRED,HTTP integration test,NOT DEVICE VERIFIED,"Current handler covers only the local reconstruction slice; verify full response, rules, costs, and restart behavior.","Extend behavior from client evidence; add success, legal refusal, retry, persistence, and device checks."
team.chgTeam,/index.php?do=team.chgTeam,GET; encodeURIComponent(JSON.stringify(data)); ingor_encrypt=1; optional zlib=1; sign=MD5(raw JSON + client constant),5 招募与编队,"[""ReconstructedJS/src_jsc/Cfg/Url.js:26"",""docs/ref/team.md#teamchgTeam"",""Views/QueueTeamView.js:496 (confirmCallback)""]","[""team"",""team_id""]",[],No model hop extracted; inspect ref page and cmn consumers.,not resolved from endpoint alone,not implemented,NOT_IMPLEMENTED,GAMEPLAY_REQUIRED,missing,NOT DEVICE VERIFIED,Client has a recovered call path; returning not_implemented can block this feature.,"Trace full client consumer, config dependencies, state changes, and failure path; implement behavior + tests."
team.getMostTeamInfo,?do=team.getMostTeamInfo,GET; encodeURIComponent(JSON.stringify(data)); ingor_encrypt=1; optional zlib=1; sign=MD5(raw JSON + client constant),5 招募与编队,"[""ReconstructedJS/src_jsc/Cfg/Url.js:237"",""docs/ref/team.md#teamgetMostTeamInfo"",""Views/MultiLineUpView.js:63 (requestTeamsInfor)""]","[""user_id""]","[""team_info"",""team_info.length""]",No model hop extracted; inspect ref page and cmn consumers.,not resolved from endpoint alone,not implemented,NOT_IMPLEMENTED,GAMEPLAY_REQUIRED,missing,NOT DEVICE VERIFIED,Client has a recovered call path; returning not_implemented can block this feature.,"Trace full client consumer, config dependencies, state changes, and failure path; implement behavior + tests."
team.loadTeamInfo,?do=team.loadTeamInfo,GET; encodeURIComponent(JSON.stringify(data)); ingor_encrypt=1; optional zlib=1; sign=MD5(raw JSON + client constant),5 招募与编队,"[""ReconstructedJS/src_jsc/Cfg/Url.js:240"",""docs/ref/team.md#teamloadTeamInfo"",""Views/ShowTeamView.js:220 (useTeamButtonCallback)""]","[""team_id"",""user_id""]","[""return_info.this_team_info.team""]",No model hop extracted; inspect ref page and cmn consumers.,not resolved from endpoint alone,not implemented,NOT_IMPLEMENTED,GAMEPLAY_REQUIRED,missing,NOT DEVICE VERIFIED,Client has a recovered call path; returning not_implemented can block this feature.,"Trace full client consumer, config dependencies, state changes, and failure path; implement behavior + tests."
team.saveTeamInfo,?do=team.saveTeamInfo,GET; encodeURIComponent(JSON.stringify(data)); ingor_encrypt=1; optional zlib=1; sign=MD5(raw JSON + client constant),5 招募与编队,"[""ReconstructedJS/src_jsc/Cfg/Url.js:239"",""docs/ref/team.md#teamsaveTeamInfo"",""Views/ShowTeamView.js:171 (rightCB)""]","[""team_id"",""user_id""]","[""team_info.team""]",No model hop extracted; inspect ref page and cmn consumers.,not resolved from endpoint alone,not implemented,NOT_IMPLEMENTED,GAMEPLAY_REQUIRED,missing,NOT DEVICE VERIFIED,Client has a recovered call path; returning not_implemented can block this feature.,"Trace full client consumer, config dependencies, state changes, and failure path; implement behavior + tests."
tower.towerBeStronger,/index.php?do=tower.towerBeStronger,GET; encodeURIComponent(JSON.stringify(data)); ingor_encrypt=1; optional zlib=1; sign=MD5(raw JSON + client constant),9 社交与竞赛,"[""ReconstructedJS/src_jsc/Cfg/Url.js:91"",""docs/ref/tower.md#towertowerBeStronger"",""Scene/Climb/StartBattleScene.js:951 (exchangeBtnCallback1)"",""Scene/Climb/StartBattleScene.js:970 (exchangeBtnCallback2)"",""Scene/Climb/StartBattleScene.js:989 (exchangeBtnCallback3)""]","[""id""]","[""is_expired""]",No model hop extracted; inspect ref page and cmn consumers.,not resolved from endpoint alone,not implemented,NOT_IMPLEMENTED,GAMEPLAY_REQUIRED,missing,NOT DEVICE VERIFIED,Client has a recovered call path; returning not_implemented can block this feature.,"Trace full client consumer, config dependencies, state changes, and failure path; implement behavior + tests."
tower.towerExchange,/index.php?do=tower.towerExchange,GET; encodeURIComponent(JSON.stringify(data)); ingor_encrypt=1; optional zlib=1; sign=MD5(raw JSON + client constant),9 社交与竞赛,"[""ReconstructedJS/src_jsc/Cfg/Url.js:88"",""docs/ref/tower.md#towertowerExchange""]",[],[],No model hop extracted; inspect ref page and cmn consumers.,not resolved from endpoint alone,not implemented,NOT_IMPLEMENTED,UNKNOWN,missing,NOT DEVICE VERIFIED,No static call site or server behavior; reachability is not established.,Trace inline/dynamic URL and original client path before classifying or implementing.
tower.towerExchangeList,/index.php?do=tower.towerExchangeList,GET; encodeURIComponent(JSON.stringify(data)); ingor_encrypt=1; optional zlib=1; sign=MD5(raw JSON + client constant),9 社交与竞赛,"[""ReconstructedJS/src_jsc/Cfg/Url.js:87"",""docs/ref/tower.md#towertowerExchangeList"",""Views/ClimbLadderArtifactStorey.js:88 (requestExchangeList)""]","[""requestExchangeListSuccessCallback""]","[""return_info.equipment_info""]",No model hop extracted; inspect ref page and cmn consumers.,not resolved from endpoint alone,not implemented,NOT_IMPLEMENTED,GAMEPLAY_REQUIRED,missing,NOT DEVICE VERIFIED,Client has a recovered call path; returning not_implemented can block this feature.,"Trace full client consumer, config dependencies, state changes, and failure path; implement behavior + tests."
tower.towerFight,/index.php?do=tower.towerFight,GET; encodeURIComponent(JSON.stringify(data)); ingor_encrypt=1; optional zlib=1; sign=MD5(raw JSON + client constant),9 社交与竞赛,"[""ReconstructedJS/src_jsc/Cfg/Url.js:90"",""docs/ref/tower.md#towertowerFight"",""Scene/Climb/StartBattleScene.js:344 (requestForFight)""]","[""_setRankType"",""forcepush"",""ignoreRandEvent"",""other_id""]","[""is_expired""]",No model hop extracted; inspect ref page and cmn consumers.,not resolved from endpoint alone,not implemented,NOT_IMPLEMENTED,GAMEPLAY_REQUIRED,missing,NOT DEVICE VERIFIED,Client has a recovered call path; returning not_implemented can block this feature.,"Trace full client consumer, config dependencies, state changes, and failure path; implement behavior + tests."
tower.towerFightBefore,/index.php?do=tower.towerFightBefore,GET; encodeURIComponent(JSON.stringify(data)); ingor_encrypt=1; optional zlib=1; sign=MD5(raw JSON + client constant),9 社交与竞赛,"[""ReconstructedJS/src_jsc/Cfg/Url.js:89"",""docs/ref/tower.md#towertowerFightBefore""]",[],[],No model hop extracted; inspect ref page and cmn consumers.,not resolved from endpoint alone,not implemented,NOT_IMPLEMENTED,UNKNOWN,missing,NOT DEVICE VERIFIED,No static call site or server behavior; reachability is not established.,Trace inline/dynamic URL and original client path before classifying or implementing.
tower.towerFightPass,/index.php?do=tower.towerFightPass,GET; encodeURIComponent(JSON.stringify(data)); ingor_encrypt=1; optional zlib=1; sign=MD5(raw JSON + client constant),9 社交与竞赛,"[""ReconstructedJS/src_jsc/Cfg/Url.js:92"",""docs/ref/tower.md#towertowerFightPass"",""Views/ClimbLadderPFKGView.js:590 (rightCB)""]","[""forcepush"",""user_id""]","[""return_info.add_list""]",No model hop extracted; inspect ref page and cmn consumers.,not resolved from endpoint alone,not implemented,NOT_IMPLEMENTED,GAMEPLAY_REQUIRED,missing,NOT DEVICE VERIFIED,Client has a recovered call path; returning not_implemented can block this feature.,"Trace full client consumer, config dependencies, state changes, and failure path; implement behavior + tests."
tower.towerInfo,/index.php?do=tower.towerInfo,GET; encodeURIComponent(JSON.stringify(data)); ingor_encrypt=1; optional zlib=1; sign=MD5(raw JSON + client constant),9 社交与竞赛,"[""ReconstructedJS/src_jsc/Cfg/Url.js:86"",""docs/ref/tower.md#towertowerInfo"",""Views/ClimbLadderPFKGView.js:181 (requestStartInfo)"",""Views/ClimbLadderPFKGView.js:476 (goToXiuLuoCallback)"",""Scene/Climb/ClimbLadderScene.js:67 (requestService)""]","[""forcePush"",""requestCallback"",""requestStartInfoSuccessCallback"",""user_is_go_xiuluo""]",[],No model hop extracted; inspect ref page and cmn consumers.,not resolved from endpoint alone,not implemented,NOT_IMPLEMENTED,GAMEPLAY_REQUIRED,missing,NOT DEVICE VERIFIED,Client has a recovered call path; returning not_implemented can block this feature.,"Trace full client consumer, config dependencies, state changes, and failure path; implement behavior + tests."
training.multiTraining,/index.php?do=training.multiTraining,GET; encodeURIComponent(JSON.stringify(data)); ingor_encrypt=1; optional zlib=1; sign=MD5(raw JSON + client constant),7 常规成长,"[""ReconstructedJS/src_jsc/Cfg/Url.js:79"",""docs/ref/training.md#trainingmultiTraining"",""Scene/Training/GeneralTraningScene.js:583 (oneStepTyCallBack)"",""Scene/Training/GeneralTraningScene.js:634 (oneStepDoubleTyCallBack)""]","[""activity_push"",""double"",""forcepush"",""general_leader_id"",""team_id"",""user_id""]","[""info"",""is_double"",""result""]",No model hop extracted; inspect ref page and cmn consumers.,not resolved from endpoint alone,not implemented,NOT_IMPLEMENTED,GAMEPLAY_REQUIRED,missing,NOT DEVICE VERIFIED,Client has a recovered call path; returning not_implemented can block this feature.,"Trace full client consumer, config dependencies, state changes, and failure path; implement behavior + tests."
training.training,/index.php?do=training.training,GET; encodeURIComponent(JSON.stringify(data)); ingor_encrypt=1; optional zlib=1; sign=MD5(raw JSON + client constant),7 常规成长,"[""ReconstructedJS/src_jsc/Cfg/Url.js:78"",""docs/ref/training.md#trainingtraining"",""Scene/Training/GeneralTraningScene.js:904 (thankYouCallback)"",""Scene/Training/GeneralTraningScene.js:931 (doubleTankYouCallback)""]","[""activity_push"",""double"",""doubleTankYouCallback"",""forcepush"",""team_id"",""thankYouSuccessCallback"",""user_training_id""]","[""info"",""is_double""]",No model hop extracted; inspect ref page and cmn consumers.,not resolved from endpoint alone,not implemented,NOT_IMPLEMENTED,GAMEPLAY_REQUIRED,missing,NOT DEVICE VERIFIED,Client has a recovered call path; returning not_implemented can block this feature.,"Trace full client consumer, config dependencies, state changes, and failure path; implement behavior + tests."
training.trainingInfo,/index.php?do=training.trainingInfo,GET; encodeURIComponent(JSON.stringify(data)); ingor_encrypt=1; optional zlib=1; sign=MD5(raw JSON + client constant),7 常规成长,"[""ReconstructedJS/src_jsc/Cfg/Url.js:77"",""docs/ref/training.md#trainingtrainingInfo"",""Scene/Training/GeneralTraningScene.js:783 (refreshGeneralTrainingInfo)""]","[""refreshGeneralTrainingInfoSuccess""]","[""training_info""]",No model hop extracted; inspect ref page and cmn consumers.,not resolved from endpoint alone,not implemented,NOT_IMPLEMENTED,GAMEPLAY_REQUIRED,missing,NOT DEVICE VERIFIED,Client has a recovered call path; returning not_implemented can block this feature.,"Trace full client consumer, config dependencies, state changes, and failure path; implement behavior + tests."
union.allotDepot,?do=union.allotDepot,GET; encodeURIComponent(JSON.stringify(data)); ingor_encrypt=1; optional zlib=1; sign=MD5(raw JSON + client constant),9 社交与竞赛,"[""ReconstructedJS/src_jsc/Cfg/Url.js:161"",""docs/ref/union.md#unionallotDepot"",""Views/Dialog/UnionDepotNumChooseDialog.js:150 (onClick)""]","[""forcepush"",""member_id"",""num"",""pk_id"",""user_id""]","[""return_info.log_content""]",No model hop extracted; inspect ref page and cmn consumers.,not resolved from endpoint alone,not implemented,NOT_IMPLEMENTED,GAMEPLAY_REQUIRED,missing,NOT DEVICE VERIFIED,Client has a recovered call path; returning not_implemented can block this feature.,"Trace full client consumer, config dependencies, state changes, and failure path; implement behavior + tests."
union.apply,/index.php?do=union.apply,GET; encodeURIComponent(JSON.stringify(data)); ingor_encrypt=1; optional zlib=1; sign=MD5(raw JSON + client constant),9 社交与竞赛,"[""ReconstructedJS/src_jsc/Cfg/Url.js:76"",""docs/ref/union.md#unionapply"",""Views/Union/UnionSearch.js:209 (requestApply)""]","[""union_id""]",[],No model hop extracted; inspect ref page and cmn consumers.,not resolved from endpoint alone,not implemented,NOT_IMPLEMENTED,GAMEPLAY_REQUIRED,missing,NOT DEVICE VERIFIED,Client has a recovered call path; returning not_implemented can block this feature.,"Trace full client consumer, config dependencies, state changes, and failure path; implement behavior + tests."
union.applyList,/index.php?do=union.applyList,GET; encodeURIComponent(JSON.stringify(data)); ingor_encrypt=1; optional zlib=1; sign=MD5(raw JSON + client constant),9 社交与竞赛,"[""ReconstructedJS/src_jsc/Cfg/Url.js:73"",""docs/ref/union.md#unionapplyList"",""Views/Union/UnionMembershipLayer.js:239 (_readPlayerList)""]","[""union_id"",""user_id""]","[""return_info""]",No model hop extracted; inspect ref page and cmn consumers.,not resolved from endpoint alone,not implemented,NOT_IMPLEMENTED,GAMEPLAY_REQUIRED,missing,NOT DEVICE VERIFIED,Client has a recovered call path; returning not_implemented can block this feature.,"Trace full client consumer, config dependencies, state changes, and failure path; implement behavior + tests."
union.chgNotice,/?do=union.chgNotice,GET; encodeURIComponent(JSON.stringify(data)); ingor_encrypt=1; optional zlib=1; sign=MD5(raw JSON + client constant),9 社交与竞赛,"[""ReconstructedJS/src_jsc/Cfg/Url.js:143"",""docs/ref/union.md#unionchgNotice"",""Views/Dialog/UnionChgNoticeSignDialog.js:129 (onBtnConfirmClick)""]","[""notice"",""union_id"",""user_id""]","[""result"",""return_info.log_content""]",No model hop extracted; inspect ref page and cmn consumers.,not resolved from endpoint alone,not implemented,NOT_IMPLEMENTED,GAMEPLAY_REQUIRED,missing,NOT DEVICE VERIFIED,Client has a recovered call path; returning not_implemented can block this feature.,"Trace full client consumer, config dependencies, state changes, and failure path; implement behavior + tests."
union.chgSign,/?do=union.chgSign,GET; encodeURIComponent(JSON.stringify(data)); ingor_encrypt=1; optional zlib=1; sign=MD5(raw JSON + client constant),9 社交与竞赛,"[""ReconstructedJS/src_jsc/Cfg/Url.js:144"",""docs/ref/union.md#unionchgSign"",""Views/Dialog/UnionChgNoticeSignDialog.js:150 (onBtnConfirmClick)""]","[""union_id"",""union_sign"",""user_id""]","[""result"",""return_info.log_content""]",No model hop extracted; inspect ref page and cmn consumers.,not resolved from endpoint alone,not implemented,NOT_IMPLEMENTED,GAMEPLAY_REQUIRED,missing,NOT DEVICE VERIFIED,Client has a recovered call path; returning not_implemented can block this feature.,"Trace full client consumer, config dependencies, state changes, and failure path; implement behavior + tests."
union.create,/?do=union.create,GET; encodeURIComponent(JSON.stringify(data)); ingor_encrypt=1; optional zlib=1; sign=MD5(raw JSON + client constant),9 社交与竞赛,"[""ReconstructedJS/src_jsc/Cfg/Url.js:146"",""docs/ref/union.md#unioncreate"",""Views/Union/UnionCreate.js:208 (requestCreateUnion)""]","[""union_name"",""union_sign""]","[""result""]",No model hop extracted; inspect ref page and cmn consumers.,not resolved from endpoint alone,not implemented,NOT_IMPLEMENTED,GAMEPLAY_REQUIRED,missing,NOT DEVICE VERIFIED,Client has a recovered call path; returning not_implemented can block this feature.,"Trace full client consumer, config dependencies, state changes, and failure path; implement behavior + tests."
union.donate,/?do=union.donate,GET; encodeURIComponent(JSON.stringify(data)); ingor_encrypt=1; optional zlib=1; sign=MD5(raw JSON + client constant),9 社交与竞赛,"[""ReconstructedJS/src_jsc/Cfg/Url.js:148"",""docs/ref/union.md#uniondonate"",""Views/Union/UnionDonationLayer.js:310 (requestDonate)""]","[""data_id"",""forcepush"",""union_id"",""user_id""]","[""result"",""return_info""]",No model hop extracted; inspect ref page and cmn consumers.,not resolved from endpoint alone,not implemented,NOT_IMPLEMENTED,GAMEPLAY_REQUIRED,missing,NOT DEVICE VERIFIED,Client has a recovered call path; returning not_implemented can block this feature.,"Trace full client consumer, config dependencies, state changes, and failure path; implement behavior + tests."
union.donateInfo,/?do=union.donateInfo,GET; encodeURIComponent(JSON.stringify(data)); ingor_encrypt=1; optional zlib=1; sign=MD5(raw JSON + client constant),9 社交与竞赛,"[""ReconstructedJS/src_jsc/Cfg/Url.js:147"",""docs/ref/union.md#uniondonateInfo"",""Views/Union/UnionDonationLayer.js:201 (requestGetDonateInfo)""]","[""union_id"",""user_id""]","[""donate_records"",""result"",""return_info"",""union_info""]",No model hop extracted; inspect ref page and cmn consumers.,not resolved from endpoint alone,not implemented,NOT_IMPLEMENTED,GAMEPLAY_REQUIRED,missing,NOT DEVICE VERIFIED,Client has a recovered call path; returning not_implemented can block this feature.,"Trace full client consumer, config dependencies, state changes, and failure path; implement behavior + tests."
union.exchangeGoods,/index.php?do=union.exchangeGoods,GET; encodeURIComponent(JSON.stringify(data)); ingor_encrypt=1; optional zlib=1; sign=MD5(raw JSON + client constant),9 社交与竞赛,"[""ReconstructedJS/src_jsc/Cfg/Url.js:72"",""docs/ref/union.md#unionexchangeGoods"",""Views/Union/UnionShopLayer.js:163 (UnionShopBtnClick)""]","[""forcepush"",""pk_id"",""user_id""]","[""return_info.add_list""]",No model hop extracted; inspect ref page and cmn consumers.,not resolved from endpoint alone,not implemented,NOT_IMPLEMENTED,GAMEPLAY_REQUIRED,missing,NOT DEVICE VERIFIED,Client has a recovered call path; returning not_implemented can block this feature.,"Trace full client consumer, config dependencies, state changes, and failure path; implement behavior + tests."
union.getDepotList,/index.php?do=union.getDepotList,GET; encodeURIComponent(JSON.stringify(data)); ingor_encrypt=1; optional zlib=1; sign=MD5(raw JSON + client constant),9 社交与竞赛,"[""ReconstructedJS/src_jsc/Cfg/Url.js:70"",""docs/ref/union.md#uniongetDepotList"",""Views/Union/UnionDepotLayer.js:254 (_readUnionDepotList)""]","[""user_id""]","[""depot_list"",""length""]",No model hop extracted; inspect ref page and cmn consumers.,not resolved from endpoint alone,not implemented,NOT_IMPLEMENTED,GAMEPLAY_REQUIRED,missing,NOT DEVICE VERIFIED,Client has a recovered call path; returning not_implemented can block this feature.,"Trace full client consumer, config dependencies, state changes, and failure path; implement behavior + tests."
union.getGoodsList,/index.php?do=union.getGoodsList,GET; encodeURIComponent(JSON.stringify(data)); ingor_encrypt=1; optional zlib=1; sign=MD5(raw JSON + client constant),9 社交与竞赛,"[""ReconstructedJS/src_jsc/Cfg/Url.js:71"",""docs/ref/union.md#uniongetGoodsList"",""Views/Union/UnionShopLayer.js:290 (_readUnionList)""]","[""user_id""]","[""return_info.goods_list"",""return_info.user_donate""]",No model hop extracted; inspect ref page and cmn consumers.,not resolved from endpoint alone,not implemented,NOT_IMPLEMENTED,GAMEPLAY_REQUIRED,missing,NOT DEVICE VERIFIED,Client has a recovered call path; returning not_implemented can block this feature.,"Trace full client consumer, config dependencies, state changes, and failure path; implement behavior + tests."
union.getUnionActiveList,?do=union.getUnionActiveList,GET; encodeURIComponent(JSON.stringify(data)); ingor_encrypt=1; optional zlib=1; sign=MD5(raw JSON + client constant),9 社交与竞赛,"[""ReconstructedJS/src_jsc/Cfg/Url.js:158"",""docs/ref/union.md#uniongetUnionActiveList"",""Views/Dialog/UnionActiveDialog.js:230 (_readUnionList)""]","[""user_id""]","[""list""]",No model hop extracted; inspect ref page and cmn consumers.,not resolved from endpoint alone,not implemented,NOT_IMPLEMENTED,GAMEPLAY_REQUIRED,missing,NOT DEVICE VERIFIED,Client has a recovered call path; returning not_implemented can block this feature.,"Trace full client consumer, config dependencies, state changes, and failure path; implement behavior + tests."
union.info,/?do=union.info,GET; encodeURIComponent(JSON.stringify(data)); ingor_encrypt=1; optional zlib=1; sign=MD5(raw JSON + client constant),9 社交与竞赛,"[""ReconstructedJS/src_jsc/Cfg/Url.js:142"",""docs/ref/union.md#unioninfo"",""Views/MainMenuBtnView.js:215 (unionBtnClick)"",""Views/Union/UnionDepotLayer.js:235 (init)"",""Views/Union/UnionInfoLayer.js:170 (requestGetUnioninfo)"",""Views/Union/UnionSearch.js:199 (requestGetUnionInfo)"",""Views/Union/UnionSearch.js:229 (requestSearch)"",""Views/Dialog/UsrUpgradeNew.js:215 (buttonFunction)""]","[""union_name"",""user_id""]","[""result"",""return_info"",""return_info.has_joined"",""return_info.union_list"",""return_info.user_role""]",No model hop extracted; inspect ref page and cmn consumers.,not resolved from endpoint alone,not implemented,NOT_IMPLEMENTED,GAMEPLAY_REQUIRED,missing,NOT DEVICE VERIFIED,Client has a recovered call path; returning not_implemented can block this feature.,"Trace full client consumer, config dependencies, state changes, and failure path; implement behavior + tests."
union.manage,/index.php?do=union.manage,GET; encodeURIComponent(JSON.stringify(data)); ingor_encrypt=1; optional zlib=1; sign=MD5(raw JSON + client constant),9 社交与竞赛,"[""ReconstructedJS/src_jsc/Cfg/Url.js:75"",""docs/ref/union.md#unionmanage"",""Views/Union/UnionMemberLayer.js:365 (onBtnMenberCallBack)"",""Views/Union/UnionMembershipLayer.js:76 (onTouchCallBack)""]","[""target_id"",""type"",""union_id"",""user_id""]","[""result"",""return_info.log_content""]",No model hop extracted; inspect ref page and cmn consumers.,not resolved from endpoint alone,not implemented,NOT_IMPLEMENTED,GAMEPLAY_REQUIRED,missing,NOT DEVICE VERIFIED,Client has a recovered call path; returning not_implemented can block this feature.,"Trace full client consumer, config dependencies, state changes, and failure path; implement behavior + tests."
union.quite,/?do=union.quite,GET; encodeURIComponent(JSON.stringify(data)); ingor_encrypt=1; optional zlib=1; sign=MD5(raw JSON + client constant),9 社交与竞赛,"[""ReconstructedJS/src_jsc/Cfg/Url.js:145"",""docs/ref/union.md#unionquite"",""Views/Union/UnionInfoLayer.js:303 (rightCB)""]","[""forcepush"",""union_id"",""user_id""]","[""result""]",No model hop extracted; inspect ref page and cmn consumers.,not resolved from endpoint alone,not implemented,NOT_IMPLEMENTED,GAMEPLAY_REQUIRED,missing,NOT DEVICE VERIFIED,Client has a recovered call path; returning not_implemented can block this feature.,"Trace full client consumer, config dependencies, state changes, and failure path; implement behavior + tests."
union.rankList,/index.php?do=union.rankList,GET; encodeURIComponent(JSON.stringify(data)); ingor_encrypt=1; optional zlib=1; sign=MD5(raw JSON + client constant),9 社交与竞赛,"[""ReconstructedJS/src_jsc/Cfg/Url.js:69"",""docs/ref/union.md#unionrankList"",""Views/Union/UnionRankingLayer.js:292 (_readUnionList)""]","[""user_id""]","[""return_info""]",No model hop extracted; inspect ref page and cmn consumers.,not resolved from endpoint alone,not implemented,NOT_IMPLEMENTED,GAMEPLAY_REQUIRED,missing,NOT DEVICE VERIFIED,Client has a recovered call path; returning not_implemented can block this feature.,"Trace full client consumer, config dependencies, state changes, and failure path; implement behavior + tests."
union.userList,/index.php?do=union.userList,GET; encodeURIComponent(JSON.stringify(data)); ingor_encrypt=1; optional zlib=1; sign=MD5(raw JSON + client constant),9 社交与竞赛,"[""ReconstructedJS/src_jsc/Cfg/Url.js:74"",""docs/ref/union.md#unionuserList"",""Views/Union/UnionMemberLayer.js:455 (_readPlayerList)"",""Views/Dialog/UnionDepotMemberDialog.js:254 (_readMemberList)""]","[""forcepush"",""union_id"",""user_id""]","[""result"",""return_info.user_list""]",No model hop extracted; inspect ref page and cmn consumers.,not resolved from endpoint alone,not implemented,NOT_IMPLEMENTED,GAMEPLAY_REQUIRED,missing,NOT DEVICE VERIFIED,Client has a recovered call path; returning not_implemented can block this feature.,"Trace full client consumer, config dependencies, state changes, and failure path; implement behavior + tests."
unionWar.getBattleFormation,?do=unionWar.getBattleFormation,GET; encodeURIComponent(JSON.stringify(data)); ingor_encrypt=1; optional zlib=1; sign=MD5(raw JSON + client constant),9 社交与竞赛,"[""ReconstructedJS/src_jsc/Cfg/Url.js:154"",""docs/ref/unionWar.md#unionWargetBattleFormation"",""Views/Union/UnionCombatMainLayer.js:300 (onBtnApplyAndEmbattleClicked)""]","[""user_id""]",[],No model hop extracted; inspect ref page and cmn consumers.,not resolved from endpoint alone,not implemented,NOT_IMPLEMENTED,GAMEPLAY_REQUIRED,missing,NOT DEVICE VERIFIED,Client has a recovered call path; returning not_implemented can block this feature.,"Trace full client consumer, config dependencies, state changes, and failure path; implement behavior + tests."
unionWar.getFightingDetails,?do=unionWar.getFightingDetails,GET; encodeURIComponent(JSON.stringify(data)); ingor_encrypt=1; optional zlib=1; sign=MD5(raw JSON + client constant),9 社交与竞赛,"[""ReconstructedJS/src_jsc/Cfg/Url.js:159"",""docs/ref/unionWar.md#unionWargetFightingDetails"",""Views/Dialog/UnionWarBattleResultDialog.js:135 (onReviewBtnClicked)""]","[""battle_id"",""battle_rounds"",""from"",""tag"",""to"",""union_war_id"",""user_id""]",[],cmn models: xs.Models.FightInfo.create,not resolved from endpoint alone,not implemented,NOT_IMPLEMENTED,GAMEPLAY_REQUIRED,missing,NOT DEVICE VERIFIED,Client has a recovered call path; returning not_implemented can block this feature.,"Trace full client consumer, config dependencies, state changes, and failure path; implement behavior + tests."
unionWar.getFightingProcess,?do=unionWar.getFightingProcess,GET; encodeURIComponent(JSON.stringify(data)); ingor_encrypt=1; optional zlib=1; sign=MD5(raw JSON + client constant),9 社交与竞赛,"[""ReconstructedJS/src_jsc/Cfg/Url.js:157"",""docs/ref/unionWar.md#unionWargetFightingProcess"",""Views/Dialog/UnionEncounterMapDialog.js:863 (_setUnionElement)""]","[""battle_rounds"",""tag"",""union_war_id""]",[],cmn models: xs.Models.UnionWarFightingProcess.createWithJson,not resolved from endpoint alone,not implemented,NOT_IMPLEMENTED,GAMEPLAY_REQUIRED,missing,NOT DEVICE VERIFIED,Client has a recovered call path; returning not_implemented can block this feature.,"Trace full client consumer, config dependencies, state changes, and failure path; implement behavior + tests."
unionWar.getFightingResult,?do=unionWar.getFightingResult,GET; encodeURIComponent(JSON.stringify(data)); ingor_encrypt=1; optional zlib=1; sign=MD5(raw JSON + client constant),9 社交与竞赛,"[""ReconstructedJS/src_jsc/Cfg/Url.js:155"",""docs/ref/unionWar.md#unionWargetFightingResult"",""Views/Union/UnionCombatMainLayer.js:260 (onBtnCurrentEncounterClicked)""]","[""type"",""user_id""]","[""result"",""union_war_id""]",No model hop extracted; inspect ref page and cmn consumers.,not resolved from endpoint alone,not implemented,NOT_IMPLEMENTED,GAMEPLAY_REQUIRED,missing,NOT DEVICE VERIFIED,Client has a recovered call path; returning not_implemented can block this feature.,"Trace full client consumer, config dependencies, state changes, and failure path; implement behavior + tests."
unionWar.setBattleFormation,?do=unionWar.setBattleFormation,GET; encodeURIComponent(JSON.stringify(data)); ingor_encrypt=1; optional zlib=1; sign=MD5(raw JSON + client constant),9 社交与竞赛,"[""ReconstructedJS/src_jsc/Cfg/Url.js:156"",""docs/ref/unionWar.md#unionWarsetBattleFormation"",""Scene/UnionWar/UnionWarChangeFormationScene.js:247 (requestSetBattleFormation)""]","[""chg_formation"",""user_id""]",[],No model hop extracted; inspect ref page and cmn consumers.,not resolved from endpoint alone,not implemented,NOT_IMPLEMENTED,GAMEPLAY_REQUIRED,missing,NOT DEVICE VERIFIED,Client has a recovered call path; returning not_implemented can block this feature.,"Trace full client consumer, config dependencies, state changes, and failure path; implement behavior + tests."
unionWar.signUp,?do=unionWar.signUp,GET; encodeURIComponent(JSON.stringify(data)); ingor_encrypt=1; optional zlib=1; sign=MD5(raw JSON + client constant),9 社交与竞赛,"[""ReconstructedJS/src_jsc/Cfg/Url.js:141"",""docs/ref/unionWar.md#unionWarsignUp"",""Views/Union/UnionCombatMainLayer.js:330 (applyClick)""]","[""fight_point"",""forcepush"",""user_id""]","[""result""]",No model hop extracted; inspect ref page and cmn consumers.,not resolved from endpoint alone,not implemented,NOT_IMPLEMENTED,GAMEPLAY_REQUIRED,missing,NOT DEVICE VERIFIED,Client has a recovered call path; returning not_implemented can block this feature.,"Trace full client consumer, config dependencies, state changes, and failure path; implement behavior + tests."
user.chgGeneralskin,?do=user.chgGeneralskin,GET; encodeURIComponent(JSON.stringify(data)); ingor_encrypt=1; optional zlib=1; sign=MD5(raw JSON + client constant),10 长尾 / 待核,"[""ReconstructedJS/src_jsc/Cfg/Url.js:236"",""docs/ref/user.md#userchgGeneralskin"",""Views/Dialog/PlayerInfoDialog.js:221 (_requestChangeGeneralSkin)""]","[""general_skin"",""user_id""]",[],No model hop extracted; inspect ref page and cmn consumers.,not resolved from endpoint alone,not implemented,NOT_IMPLEMENTED,GAMEPLAY_REQUIRED,missing,NOT DEVICE VERIFIED,Client has a recovered call path; returning not_implemented can block this feature.,"Trace full client consumer, config dependencies, state changes, and failure path; implement behavior + tests."
user.chgNickname,/index.php?do=user.chgNickname,GET; encodeURIComponent(JSON.stringify(data)); ingor_encrypt=1; optional zlib=1; sign=MD5(raw JSON + client constant),3 教程前半,"[""ReconstructedJS/src_jsc/Cfg/Url.js:103"",""docs/ref/user.md#userchgNickname"",""Views/ChangeName.js:99 (editBoxReturn)"",""Views/Dialog/SpecificDialog.js:905 (createPlayerChangeNameDialog)""]","[""nickname""]","[""user_info""]",No model hop extracted; inspect ref page and cmn consumers.,not resolved from endpoint alone,"player_profiles, tutorial_progress, request_dedup",IMPLEMENTED_LOCAL_SLICE,GAMEPLAY_REQUIRED,HTTP integration test,NOT DEVICE VERIFIED,"Current handler covers only the local reconstruction slice; verify full response, rules, costs, and restart behavior.","Extend behavior from client evidence; add success, legal refusal, retry, persistence, and device checks."
user.chgSign,/index.php?do=user.chgSign,GET; encodeURIComponent(JSON.stringify(data)); ingor_encrypt=1; optional zlib=1; sign=MD5(raw JSON + client constant),10 长尾 / 待核,"[""ReconstructedJS/src_jsc/Cfg/Url.js:102"",""docs/ref/user.md#userchgSign"",""Views/Dialog/SpecificDialog.js:718 (createEditSignatureDialog)""]","[""sign""]",[],No model hop extracted; inspect ref page and cmn consumers.,not resolved from endpoint alone,not implemented,NOT_IMPLEMENTED,GAMEPLAY_REQUIRED,missing,NOT DEVICE VERIFIED,Client has a recovered call path; returning not_implemented can block this feature.,"Trace full client consumer, config dependencies, state changes, and failure path; implement behavior + tests."
user.chooseTeam,/index.php?do=user.chooseTeam,GET; encodeURIComponent(JSON.stringify(data)); ingor_encrypt=1; optional zlib=1; sign=MD5(raw JSON + client constant),3 教程前半,"[""ReconstructedJS/src_jsc/Cfg/Url.js:126"",""docs/ref/user.md#userchooseTeam"",""Scene/GeneralSelect/GeneralSelectScene.js:219 (confirmCallback)""]","[""general_id"",""selectSuccessCallback""]",[],No model hop extracted; inspect ref page and cmn consumers.,"[""sgs_generals""]","player_generals, player_counters, player_team, tutorial_progress, request_dedup",IMPLEMENTED_LOCAL_SLICE,GAMEPLAY_REQUIRED,HTTP integration test,NOT DEVICE VERIFIED,"Current handler covers only the local reconstruction slice; verify full response, rules, costs, and restart behavior.","Extend behavior from client evidence; add success, legal refusal, retry, persistence, and device checks."
user.getPushData,/?do=user.getPushData,GET; encodeURIComponent(JSON.stringify(data)); ingor_encrypt=1; optional zlib=1; sign=MD5(raw JSON + client constant),1-2 启动、选服与主城,"[""ReconstructedJS/src_jsc/Cfg/Url.js:64"",""docs/ref/user.md#usergetPushData"",""Views/ActivitiesShow6Icon.js:67 (requestAndUpdataEvent)"",""Views/ActivitiesShow6Icon.js:218 (btnClickCallBack)"",""Views/ActivitiesShow6Icon.js:240 (btnClickCallBack)"",""Scene/SubMenu/PartyMenuScene.js:86 (requestAndUpdataMenus)"",""Scene/SubMenu/PartyMenuScene.js:397 (MPMV_MenuTouchedInIndex)"",""Scene/SubMenu/PartyMenuScene.js:430 (MPMV_MenuTouchedInIndex)"",""Scene/SubMenu/PartyMenuScene.js:453 (MPMV_MenuTouchedInIndex)"",""Scene/SubMenu/PartyMenuScene.js:475 (MPMV_MenuTouchedInIndex)"",""Scene/SubMenu/PartyMenuScene.js:497 (MPMV_MenuTouchedInIndex)"",""Scene/SubMenu/PartyMenuScene.js:519 (MPMV_MenuTouchedInIndex)""]",[],[],No model hop extracted; inspect ref page and cmn consumers.,not resolved from endpoint alone,read only,IMPLEMENTED_LOCAL_SLICE,CLIENT_BOOTSTRAP,missing,NOT DEVICE VERIFIED,"Current handler covers only the local reconstruction slice; verify full response, rules, costs, and restart behavior.","Extend behavior from client evidence; add success, legal refusal, retry, persistence, and device checks."
user.leaveMsg,/index.php?do=user.leaveMsg,GET; encodeURIComponent(JSON.stringify(data)); ingor_encrypt=1; optional zlib=1; sign=MD5(raw JSON + client constant),10 长尾 / 待核,"[""ReconstructedJS/src_jsc/Cfg/Url.js:112"",""docs/ref/user.md#userleaveMsg"",""Views/FeedBack.js:51 (onBtnClick)"",""Views/Dialog/SendMessageDialog.js:111 (onSendBtnClick)""]","[""message""]",[],No model hop extracted; inspect ref page and cmn consumers.,not resolved from endpoint alone,not implemented,NOT_IMPLEMENTED,GAMEPLAY_REQUIRED,missing,NOT DEVICE VERIFIED,Client has a recovered call path; returning not_implemented can block this feature.,"Trace full client consumer, config dependencies, state changes, and failure path; implement behavior + tests."
user.login,/?do=user.login,GET; encodeURIComponent(JSON.stringify(data)); ingor_encrypt=1; optional zlib=1; sign=MD5(raw JSON + client constant),1-2 启动、选服与主城,"[""ReconstructedJS/src_jsc/Cfg/Url.js:20"",""docs/ref/user.md#userlogin"",""Scene/Login/LoginScene_AnySdk.js:318 (onStartLogin)"",""Scene/Login/LoginScene_BfSdk.js:239 (onStartLogin)"",""Scene/Login/LoginScene_EasyGuestSdk.js:231 (onClick_start_get_role)"",""Scene/Login/LoginScene_EasySdk.js:181 (onClick_start_get_role)"",""Scene/Login/LoginScene_ThirdGuestSdk.js:241 (onStartLogin)"",""Scene/Login/LoginScene_ThirdSdk.js:264 (onStartLogin)""]","[""account_uid"",""app_indentify"",""cfg_version"",""forcepush"",""server_id"",""server_params"",""token""]","[""EasyAppKeyBase64"",""customerServiceShowConf"",""festivalType"",""isAdult"",""isMobile"",""isShowAmt"",""isShowBanShu"",""isShowCDKey"",""isShowGem"",""isShowMagic"",""isShowUnionWar"",""is_use_keywords"",""map_info"",""maxTeamNum"",""rechargeRate"",""server_open"",""user_auth"",""wine_info""]",No model hop extracted; inspect ref page and cmn consumers.,not resolved from endpoint alone,"player_profiles, tutorial_progress, player_generals, player_items, player_equipment, player_team, player_dungeons",IMPLEMENTED_LOCAL_SLICE,CLIENT_BOOTSTRAP,HTTP integration test,NOT DEVICE VERIFIED,"Current handler covers only the local reconstruction slice; verify full response, rules, costs, and restart behavior.","Extend behavior from client evidence; add success, legal refusal, retry, persistence, and device checks."
user.save,/index.php?do=user.save,GET; encodeURIComponent(JSON.stringify(data)); ingor_encrypt=1; optional zlib=1; sign=MD5(raw JSON + client constant),10 长尾 / 待核,"[""ReconstructedJS/src_jsc/Cfg/Url.js:140"",""docs/ref/user.md#usersave"",""Profile/GameData/Mgr.js:137 (init_Login)"",""Scene/Login/LoginScene_EasyGuestSdk.js:272 (onResp_getPlayerInfoSuccess)""]",[],[],No model hop extracted; inspect ref page and cmn consumers.,not resolved from endpoint alone,not implemented,NOT_IMPLEMENTED,GAMEPLAY_REQUIRED,missing,NOT DEVICE VERIFIED,Client has a recovered call path; returning not_implemented can block this feature.,"Trace full client consumer, config dependencies, state changes, and failure path; implement behavior + tests."
user.testLogin,/?do=user.testLogin,GET; encodeURIComponent(JSON.stringify(data)); ingor_encrypt=1; optional zlib=1; sign=MD5(raw JSON + client constant),10 长尾 / 待核,"[""ReconstructedJS/src_jsc/Cfg/Url.js:21"",""docs/ref/user.md#usertestLogin""]",[],[],No model hop extracted; inspect ref page and cmn consumers.,not resolved from endpoint alone,not implemented,NOT_IMPLEMENTED,UNKNOWN,missing,NOT DEVICE VERIFIED,No static call site or server behavior; reachability is not established.,Trace inline/dynamic URL and original client path before classifying or implementing.
warlord.warlord,/index.php?do=warlord.warlord,GET; encodeURIComponent(JSON.stringify(data)); ingor_encrypt=1; optional zlib=1; sign=MD5(raw JSON + client constant),9 社交与竞赛,"[""ReconstructedJS/src_jsc/Cfg/Url.js:98"",""docs/ref/warlord.md#warlordwarlord"",""Views/Table/Cell/ChaosTableViewCell.js:146 (gotoFight)""]","[""forcepush"",""ignoreRandEvent"",""other_id"",""skill_id"",""type""]",[],cmn models: xs.Models.FightInfo.create,"[""sgs_skill""]",not implemented,NOT_IMPLEMENTED,GAMEPLAY_REQUIRED,missing,NOT DEVICE VERIFIED,Client has a recovered call path; returning not_implemented can block this feature.,"Trace full client consumer, config dependencies, state changes, and failure path; implement behavior + tests."
warlord.warlordBatchExchangeSkill,/index.php?do=warlord.warlordBatchExchangeSkill,GET; encodeURIComponent(JSON.stringify(data)); ingor_encrypt=1; optional zlib=1; sign=MD5(raw JSON + client constant),9 社交与竞赛,"[""ReconstructedJS/src_jsc/Cfg/Url.js:101"",""docs/ref/warlord.md#warlordwarlordBatchExchangeSkill"",""Scene/Chaos/ChaosHomeView.js:60 (OneStepComposeCallBack)""]","[""skill_ids"",""user_id""]","[""return_info"",""return_info.add_list""]",No model hop extracted; inspect ref page and cmn consumers.,not resolved from endpoint alone,not implemented,NOT_IMPLEMENTED,GAMEPLAY_REQUIRED,missing,NOT DEVICE VERIFIED,Client has a recovered call path; returning not_implemented can block this feature.,"Trace full client consumer, config dependencies, state changes, and failure path; implement behavior + tests."
warlord.warlordExchangeSkill,/index.php?do=warlord.warlordExchangeSkill,GET; encodeURIComponent(JSON.stringify(data)); ingor_encrypt=1; optional zlib=1; sign=MD5(raw JSON + client constant),9 社交与竞赛,"[""ReconstructedJS/src_jsc/Cfg/Url.js:100"",""docs/ref/warlord.md#warlordwarlordExchangeSkill"",""Scene/Chaos/ChaosHomeView.js:291 (updateSkillPiece)""]","[""ignoreRandEvent"",""skill_id""]",[],No model hop extracted; inspect ref page and cmn consumers.,"[""sgs_skill""]",not implemented,NOT_IMPLEMENTED,GAMEPLAY_REQUIRED,missing,NOT DEVICE VERIFIED,Client has a recovered call path; returning not_implemented can block this feature.,"Trace full client consumer, config dependencies, state changes, and failure path; implement behavior + tests."
warlord.warlordInfo,/index.php?do=warlord.warlordInfo,GET; encodeURIComponent(JSON.stringify(data)); ingor_encrypt=1; optional zlib=1; sign=MD5(raw JSON + client constant),9 社交与竞赛,"[""ReconstructedJS/src_jsc/Cfg/Url.js:97"",""docs/ref/warlord.md#warlordwarlordInfo"",""Scene/Chaos/ChaosFight.js:92 (init)"",""Scene/Chaos/ChaosFight.js:162 (checkPieceNumIsEnough)""]","[""skill_id""]","[""return_info.warlord_info""]",No model hop extracted; inspect ref page and cmn consumers.,"[""sgs_skill""]",not implemented,NOT_IMPLEMENTED,GAMEPLAY_REQUIRED,missing,NOT DEVICE VERIFIED,Client has a recovered call path; returning not_implemented can block this feature.,"Trace full client consumer, config dependencies, state changes, and failure path; implement behavior + tests."
warlord.warlordPieceInfo,/index.php?do=warlord.warlordPieceInfo,GET; encodeURIComponent(JSON.stringify(data)); ingor_encrypt=1; optional zlib=1; sign=MD5(raw JSON + client constant),9 社交与竞赛,"[""ReconstructedJS/src_jsc/Cfg/Url.js:96"",""docs/ref/warlord.md#warlordwarlordPieceInfo"",""Scene/Chaos/ChaosHomeView.js:76 (OneStepComposeCallBack)"",""Scene/Chaos/ChaosHomeView.js:89 (onEnterTransitionDidFinish)"",""Scene/Chaos/ChaosHomeView.js:301 (updateSkillPiece)""]",[],"[""return_info.piece_info""]",No model hop extracted; inspect ref page and cmn consumers.,not resolved from endpoint alone,not implemented,NOT_IMPLEMENTED,GAMEPLAY_REQUIRED,missing,NOT DEVICE VERIFIED,Client has a recovered call path; returning not_implemented can block this feature.,"Trace full client consumer, config dependencies, state changes, and failure path; implement behavior + tests."
warlord.warlordSkillList,/index.php?do=warlord.warlordSkillList,GET; encodeURIComponent(JSON.stringify(data)); ingor_encrypt=1; optional zlib=1; sign=MD5(raw JSON + client constant),9 社交与竞赛,"[""ReconstructedJS/src_jsc/Cfg/Url.js:99"",""docs/ref/warlord.md#warlordwarlordSkillList""]",[],[],No model hop extracted; inspect ref page and cmn consumers.,not resolved from endpoint alone,not implemented,NOT_IMPLEMENTED,UNKNOWN,missing,NOT DEVICE VERIFIED,No static call site or server behavior; reachability is not established.,Trace inline/dynamic URL and original client path before classifying or implementing.
wine.wine,/index.php?do=wine.wine,GET; encodeURIComponent(JSON.stringify(data)); ingor_encrypt=1; optional zlib=1; sign=MD5(raw JSON + client constant),5 招募与编队,"[""ReconstructedJS/src_jsc/Cfg/Url.js:47"",""docs/ref/wine.md#winewine"",""Scene/Store/ToastView.js:150 (onToast_gold_single)"",""Scene/Store/ToastView.js:184 (onToast_gold_ten)"",""Scene/Store/ToastView.js:229 (onToast_silver)"",""Scene/Store/ToastView.js:266 (onToast_copper)""]","[""forcepush"",""ignoreRandEvent"",""is_multi"",""type"",""user_item_id""]","[""reward_info"",""user_wine_info""]",No model hop extracted; inspect ref page and cmn consumers.,not resolved from endpoint alone,"player_generals, player_counters, tutorial_progress, request_dedup",IMPLEMENTED_LOCAL_SLICE,GAMEPLAY_REQUIRED,HTTP integration test,NOT DEVICE VERIFIED,"Current handler covers only the local reconstruction slice; verify full response, rules, costs, and restart behavior.","Extend behavior from client evidence; add success, legal refusal, retry, persistence, and device checks."
wine.wineGeneralInfo,?do=wine.wineGeneralInfo,GET; encodeURIComponent(JSON.stringify(data)); ingor_encrypt=1; optional zlib=1; sign=MD5(raw JSON + client constant),5 招募与编队,"[""ReconstructedJS/src_jsc/Cfg/Url.js:254"",""docs/ref/wine.md#winewineGeneralInfo"",""Views/Dialog/GeneralPreviewDialog.js:131 (requestService)""]","[""getGradeList""]","[""result""]",No model hop extracted; inspect ref page and cmn consumers.,not resolved from endpoint alone,not implemented,NOT_IMPLEMENTED,GAMEPLAY_REQUIRED,missing,NOT DEVICE VERIFIED,Client has a recovered call path; returning not_implemented can block this feature.,"Trace full client consumer, config dependencies, state changes, and failure path; implement behavior + tests."
wine.wineInfo,/index.php?do=wine.wineInfo,GET; encodeURIComponent(JSON.stringify(data)); ingor_encrypt=1; optional zlib=1; sign=MD5(raw JSON + client constant),5 招募与编队,"[""ReconstructedJS/src_jsc/Cfg/Url.js:46"",""docs/ref/wine.md#winewineInfo""]",[],[],No model hop extracted; inspect ref page and cmn consumers.,not resolved from endpoint alone,not implemented,NOT_IMPLEMENTED,UNKNOWN,missing,NOT DEVICE VERIFIED,No static call site or server behavior; reachability is not established.,Trace inline/dynamic URL and original client path before classifying or implementing.
wish.get,/index.php?do=wish.get,GET; encodeURIComponent(JSON.stringify(data)); ingor_encrypt=1; optional zlib=1; sign=MD5(raw JSON + client constant),8 日常与经济,"[""ReconstructedJS/src_jsc/Cfg/Url.js:68"",""docs/ref/wish.md#wishget"",""Scene/Party/WishingScene.js:433 (startWishing)""]","[""activity_push"",""forcepush"",""general_id"",""user_id""]","[""return_info.add_list"",""return_info.item_index"",""return_info.item_list"",""return_info.wish_free""]",No model hop extracted; inspect ref page and cmn consumers.,"[""sgs_generals""]",not implemented,NOT_IMPLEMENTED,GAMEPLAY_REQUIRED,missing,NOT DEVICE VERIFIED,Client has a recovered call path; returning not_implemented can block this feature.,"Trace full client consumer, config dependencies, state changes, and failure path; implement behavior + tests."
wish.info,/index.php?do=wish.info,GET; encodeURIComponent(JSON.stringify(data)); ingor_encrypt=1; optional zlib=1; sign=MD5(raw JSON + client constant),8 日常与经济,"[""ReconstructedJS/src_jsc/Cfg/Url.js:67"",""docs/ref/wish.md#wishinfo"",""Tools/Scene.js:323 (gotoWishingScene)""]","[""user_id""]","[""return_info"",""return_info.wish_list""]",cmn models: mWishin.loadJson,not resolved from endpoint alone,not implemented,NOT_IMPLEMENTED,GAMEPLAY_REQUIRED,missing,NOT DEVICE VERIFIED,Client has a recovered call path; returning not_implemented can block this feature.,"Trace full client consumer, config dependencies, state changes, and failure path; implement behavior + tests."
worldWar.exchange,?do=worldWar.exchange,GET; encodeURIComponent(JSON.stringify(data)); ingor_encrypt=1; optional zlib=1; sign=MD5(raw JSON + client constant),9 社交与竞赛,"[""ReconstructedJS/src_jsc/Cfg/Url.js:199"",""docs/ref/worldWar.md#worldWarexchange"",""Views/DecisiveBattle/SupportPointsExchangeView.js:313 (onBtnCallBack)""]","[""pk_id"",""user_id""]","[""add_list""]",No model hop extracted; inspect ref page and cmn consumers.,not resolved from endpoint alone,not implemented,NOT_IMPLEMENTED,GAMEPLAY_REQUIRED,missing,NOT DEVICE VERIFIED,Client has a recovered call path; returning not_implemented can block this feature.,"Trace full client consumer, config dependencies, state changes, and failure path; implement behavior + tests."
worldWar.getFightDetail,?do=worldWar.getFightDetail,GET; encodeURIComponent(JSON.stringify(data)); ingor_encrypt=1; optional zlib=1; sign=MD5(raw JSON + client constant),9 社交与竞赛,"[""ReconstructedJS/src_jsc/Cfg/Url.js:205"",""docs/ref/worldWar.md#worldWargetFightDetail"",""Views/DecisiveBattle/OneRoundPlayerListDialog.js:187 (onReviewBtnClicked)""]","[""round"",""session""]","[""detail""]",cmn models: xs.Models.FightInfo.create,not resolved from endpoint alone,not implemented,NOT_IMPLEMENTED,GAMEPLAY_REQUIRED,missing,NOT DEVICE VERIFIED,Client has a recovered call path; returning not_implemented can block this feature.,"Trace full client consumer, config dependencies, state changes, and failure path; implement behavior + tests."
worldWar.getOverview,?do=worldWar.getOverview,GET; encodeURIComponent(JSON.stringify(data)); ingor_encrypt=1; optional zlib=1; sign=MD5(raw JSON + client constant),9 社交与竞赛,"[""ReconstructedJS/src_jsc/Cfg/Url.js:200"",""docs/ref/worldWar.md#worldWargetOverview"",""Tools/Net.js:235 (displayDecisiveOtherTeamInfo)"",""Views/Dialog/DecisiveSupportDialog.js:152 (_btnShowCallBack)""]","[""player_id""]","[""info""]",No model hop extracted; inspect ref page and cmn consumers.,not resolved from endpoint alone,not implemented,NOT_IMPLEMENTED,GAMEPLAY_REQUIRED,missing,NOT DEVICE VERIFIED,Client has a recovered call path; returning not_implemented can block this feature.,"Trace full client consumer, config dependencies, state changes, and failure path; implement behavior + tests."
worldWar.getPlayerList,?do=worldWar.getPlayerList,GET; encodeURIComponent(JSON.stringify(data)); ingor_encrypt=1; optional zlib=1; sign=MD5(raw JSON + client constant),9 社交与竞赛,"[""ReconstructedJS/src_jsc/Cfg/Url.js:201"",""docs/ref/worldWar.md#worldWargetPlayerList"",""Views/DecisiveBattle/DecisiveBattlePreviewView.js:411 (goToSupportDialog)"",""Views/DecisiveBattle/DecisiveBattlePreviewView.js:426 (goToPlayerWillFightDialog)"",""Views/DecisiveBattle/DecisiveBattlePreviewView.js:445 (goToPlayerFightingDialog)"",""Views/DecisiveBattle/DecisiveBattlePreviewView.js:505 (goToPlayerFightedDialog)""]","[""round"",""user_id""]","[""player_list"",""player_list.length"",""result""]",No model hop extracted; inspect ref page and cmn consumers.,not resolved from endpoint alone,not implemented,NOT_IMPLEMENTED,GAMEPLAY_REQUIRED,missing,NOT DEVICE VERIFIED,Client has a recovered call path; returning not_implemented can block this feature.,"Trace full client consumer, config dependencies, state changes, and failure path; implement behavior + tests."
worldWar.goodsList,?do=worldWar.goodsList,GET; encodeURIComponent(JSON.stringify(data)); ingor_encrypt=1; optional zlib=1; sign=MD5(raw JSON + client constant),9 社交与竞赛,"[""ReconstructedJS/src_jsc/Cfg/Url.js:198"",""docs/ref/worldWar.md#worldWargoodsList"",""Views/DecisiveBattle/SupportPointsExchangeView.js:85 (requestGetGoodsList)""]","[""user_id""]","[""goods_list"",""point""]",No model hop extracted; inspect ref page and cmn consumers.,not resolved from endpoint alone,not implemented,NOT_IMPLEMENTED,GAMEPLAY_REQUIRED,missing,NOT DEVICE VERIFIED,Client has a recovered call path; returning not_implemented can block this feature.,"Trace full client consumer, config dependencies, state changes, and failure path; implement behavior + tests."
worldWar.index,?do=worldWar.index,GET; encodeURIComponent(JSON.stringify(data)); ingor_encrypt=1; optional zlib=1; sign=MD5(raw JSON + client constant),9 社交与竞赛,"[""ReconstructedJS/src_jsc/Cfg/Url.js:195"",""docs/ref/worldWar.md#worldWarindex"",""Views/DecisiveBattle/DecisiveBattleMainView.js:266 (requestMianViewData)"",""Tools/Scene.js:97 (gotoSmallDecisiveBattle)"",""Tools/Scene.js:128 (gotoDecisiveBattle)""]","[""user_id""]","[""info"",""time""]",No model hop extracted; inspect ref page and cmn consumers.,not resolved from endpoint alone,not implemented,NOT_IMPLEMENTED,GAMEPLAY_REQUIRED,missing,NOT DEVICE VERIFIED,Client has a recovered call path; returning not_implemented can block this feature.,"Trace full client consumer, config dependencies, state changes, and failure path; implement behavior + tests."
worldWar.outline,?do=worldWar.outline,GET; encodeURIComponent(JSON.stringify(data)); ingor_encrypt=1; optional zlib=1; sign=MD5(raw JSON + client constant),9 社交与竞赛,"[""ReconstructedJS/src_jsc/Cfg/Url.js:204"",""docs/ref/worldWar.md#worldWaroutline"",""Views/DecisiveBattle/DecisiveBattleMainView.js:489 (watchGameCallBack)""]","[""user_id""]","[""result""]",No model hop extracted; inspect ref page and cmn consumers.,not resolved from endpoint alone,not implemented,NOT_IMPLEMENTED,GAMEPLAY_REQUIRED,missing,NOT DEVICE VERIFIED,Client has a recovered call path; returning not_implemented can block this feature.,"Trace full client consumer, config dependencies, state changes, and failure path; implement behavior + tests."
worldWar.signUp,?do=worldWar.signUp,GET; encodeURIComponent(JSON.stringify(data)); ingor_encrypt=1; optional zlib=1; sign=MD5(raw JSON + client constant),9 社交与竞赛,"[""ReconstructedJS/src_jsc/Cfg/Url.js:206"",""docs/ref/worldWar.md#worldWarsignUp"",""Views/DecisiveBattle/DecisiveBattleMainView.js:458 (rightCB)""]","[""user_id""]",[],No model hop extracted; inspect ref page and cmn consumers.,not resolved from endpoint alone,not implemented,NOT_IMPLEMENTED,GAMEPLAY_REQUIRED,missing,NOT DEVICE VERIFIED,Client has a recovered call path; returning not_implemented can block this feature.,"Trace full client consumer, config dependencies, state changes, and failure path; implement behavior + tests."
worldWar.supportList,?do=worldWar.supportList,GET; encodeURIComponent(JSON.stringify(data)); ingor_encrypt=1; optional zlib=1; sign=MD5(raw JSON + client constant),9 社交与竞赛,"[""ReconstructedJS/src_jsc/Cfg/Url.js:197"",""docs/ref/worldWar.md#worldWarsupportList"",""Views/DecisiveBattle/DecisiveBattleMainView.js:480 (supportAwardCallBack)"",""Views/DecisiveBattle/SupportRecordView.js:95 (switchRequestDataForNet)""]","[""type"",""user_id""]","[""point.toString"",""support_list""]",No model hop extracted; inspect ref page and cmn consumers.,not resolved from endpoint alone,not implemented,NOT_IMPLEMENTED,GAMEPLAY_REQUIRED,missing,NOT DEVICE VERIFIED,Client has a recovered call path; returning not_implemented can block this feature.,"Trace full client consumer, config dependencies, state changes, and failure path; implement behavior + tests."
worldWar.supportPlayer,?do=worldWar.supportPlayer,GET; encodeURIComponent(JSON.stringify(data)); ingor_encrypt=1; optional zlib=1; sign=MD5(raw JSON + client constant),9 社交与竞赛,"[""ReconstructedJS/src_jsc/Cfg/Url.js:203"",""docs/ref/worldWar.md#worldWarsupportPlayer"",""Views/Dialog/DecisiveSupportDialog.js:169 (_btnSupportCallBack)""]","[""player_id"",""round"",""session"",""user_id""]","[""result""]",No model hop extracted; inspect ref page and cmn consumers.,not resolved from endpoint alone,not implemented,NOT_IMPLEMENTED,GAMEPLAY_REQUIRED,missing,NOT DEVICE VERIFIED,Client has a recovered call path; returning not_implemented can block this feature.,"Trace full client consumer, config dependencies, state changes, and failure path; implement behavior + tests."
worldWar.supportRank,?do=worldWar.supportRank,GET; encodeURIComponent(JSON.stringify(data)); ingor_encrypt=1; optional zlib=1; sign=MD5(raw JSON + client constant),9 社交与竞赛,"[""ReconstructedJS/src_jsc/Cfg/Url.js:196"",""docs/ref/worldWar.md#worldWarsupportRank"",""Views/DecisiveBattle/DecisiveBattleMainView.js:470 (rankCallback)""]","[""user_id""]","[""support_rank""]",No model hop extracted; inspect ref page and cmn consumers.,not resolved from endpoint alone,not implemented,NOT_IMPLEMENTED,GAMEPLAY_REQUIRED,missing,NOT DEVICE VERIFIED,Client has a recovered call path; returning not_implemented can block this feature.,"Trace full client consumer, config dependencies, state changes, and failure path; implement behavior + tests."
worldWarLocal.exchange,?do=worldWarLocal.exchange,GET; encodeURIComponent(JSON.stringify(data)); ingor_encrypt=1; optional zlib=1; sign=MD5(raw JSON + client constant),10 长尾 / 待核,"[""ReconstructedJS/src_jsc/Cfg/Url.js:211"",""docs/ref/worldWarLocal.md#worldWarLocalexchange"",""Views/DecisiveBattle/SupportPointsExchangeView.js:313 (onBtnCallBack)""]","[""pk_id"",""user_id""]","[""add_list""]",No model hop extracted; inspect ref page and cmn consumers.,not resolved from endpoint alone,not implemented,NOT_IMPLEMENTED,GAMEPLAY_REQUIRED,missing,NOT DEVICE VERIFIED,Client has a recovered call path; returning not_implemented can block this feature.,"Trace full client consumer, config dependencies, state changes, and failure path; implement behavior + tests."
worldWarLocal.getFightDetail,?do=worldWarLocal.getFightDetail,GET; encodeURIComponent(JSON.stringify(data)); ingor_encrypt=1; optional zlib=1; sign=MD5(raw JSON + client constant),10 长尾 / 待核,"[""ReconstructedJS/src_jsc/Cfg/Url.js:217"",""docs/ref/worldWarLocal.md#worldWarLocalgetFightDetail"",""Views/DecisiveBattle/OneRoundPlayerListDialog.js:187 (onReviewBtnClicked)""]","[""round"",""session""]","[""detail""]",cmn models: xs.Models.FightInfo.create,not resolved from endpoint alone,not implemented,NOT_IMPLEMENTED,GAMEPLAY_REQUIRED,missing,NOT DEVICE VERIFIED,Client has a recovered call path; returning not_implemented can block this feature.,"Trace full client consumer, config dependencies, state changes, and failure path; implement behavior + tests."
worldWarLocal.getOverview,?do=worldWarLocal.getOverview,GET; encodeURIComponent(JSON.stringify(data)); ingor_encrypt=1; optional zlib=1; sign=MD5(raw JSON + client constant),10 长尾 / 待核,"[""ReconstructedJS/src_jsc/Cfg/Url.js:212"",""docs/ref/worldWarLocal.md#worldWarLocalgetOverview"",""Tools/Net.js:235 (displayDecisiveOtherTeamInfo)"",""Views/Dialog/DecisiveSupportDialog.js:152 (_btnShowCallBack)""]","[""player_id""]","[""info""]",No model hop extracted; inspect ref page and cmn consumers.,not resolved from endpoint alone,not implemented,NOT_IMPLEMENTED,GAMEPLAY_REQUIRED,missing,NOT DEVICE VERIFIED,Client has a recovered call path; returning not_implemented can block this feature.,"Trace full client consumer, config dependencies, state changes, and failure path; implement behavior + tests."
worldWarLocal.getPlayerList,?do=worldWarLocal.getPlayerList,GET; encodeURIComponent(JSON.stringify(data)); ingor_encrypt=1; optional zlib=1; sign=MD5(raw JSON + client constant),10 长尾 / 待核,"[""ReconstructedJS/src_jsc/Cfg/Url.js:213"",""docs/ref/worldWarLocal.md#worldWarLocalgetPlayerList"",""Views/DecisiveBattle/DecisiveBattlePreviewView.js:411 (goToSupportDialog)"",""Views/DecisiveBattle/DecisiveBattlePreviewView.js:426 (goToPlayerWillFightDialog)"",""Views/DecisiveBattle/DecisiveBattlePreviewView.js:445 (goToPlayerFightingDialog)"",""Views/DecisiveBattle/DecisiveBattlePreviewView.js:505 (goToPlayerFightedDialog)""]","[""round"",""user_id""]","[""player_list"",""player_list.length"",""result""]",No model hop extracted; inspect ref page and cmn consumers.,not resolved from endpoint alone,not implemented,NOT_IMPLEMENTED,GAMEPLAY_REQUIRED,missing,NOT DEVICE VERIFIED,Client has a recovered call path; returning not_implemented can block this feature.,"Trace full client consumer, config dependencies, state changes, and failure path; implement behavior + tests."
worldWarLocal.goodsList,?do=worldWarLocal.goodsList,GET; encodeURIComponent(JSON.stringify(data)); ingor_encrypt=1; optional zlib=1; sign=MD5(raw JSON + client constant),10 长尾 / 待核,"[""ReconstructedJS/src_jsc/Cfg/Url.js:210"",""docs/ref/worldWarLocal.md#worldWarLocalgoodsList"",""Views/DecisiveBattle/SupportPointsExchangeView.js:85 (requestGetGoodsList)""]","[""user_id""]","[""goods_list"",""point""]",No model hop extracted; inspect ref page and cmn consumers.,not resolved from endpoint alone,not implemented,NOT_IMPLEMENTED,GAMEPLAY_REQUIRED,missing,NOT DEVICE VERIFIED,Client has a recovered call path; returning not_implemented can block this feature.,"Trace full client consumer, config dependencies, state changes, and failure path; implement behavior + tests."
worldWarLocal.index,?do=worldWarLocal.index,GET; encodeURIComponent(JSON.stringify(data)); ingor_encrypt=1; optional zlib=1; sign=MD5(raw JSON + client constant),10 长尾 / 待核,"[""ReconstructedJS/src_jsc/Cfg/Url.js:207"",""docs/ref/worldWarLocal.md#worldWarLocalindex"",""Views/DecisiveBattle/DecisiveBattleMainView.js:266 (requestMianViewData)"",""Tools/Scene.js:97 (gotoSmallDecisiveBattle)"",""Tools/Scene.js:128 (gotoDecisiveBattle)""]","[""user_id""]","[""info"",""time""]",No model hop extracted; inspect ref page and cmn consumers.,not resolved from endpoint alone,not implemented,NOT_IMPLEMENTED,GAMEPLAY_REQUIRED,missing,NOT DEVICE VERIFIED,Client has a recovered call path; returning not_implemented can block this feature.,"Trace full client consumer, config dependencies, state changes, and failure path; implement behavior + tests."
worldWarLocal.outline,?do=worldWarLocal.outline,GET; encodeURIComponent(JSON.stringify(data)); ingor_encrypt=1; optional zlib=1; sign=MD5(raw JSON + client constant),10 长尾 / 待核,"[""ReconstructedJS/src_jsc/Cfg/Url.js:216"",""docs/ref/worldWarLocal.md#worldWarLocaloutline"",""Views/DecisiveBattle/DecisiveBattleMainView.js:489 (watchGameCallBack)""]","[""user_id""]","[""result""]",No model hop extracted; inspect ref page and cmn consumers.,not resolved from endpoint alone,not implemented,NOT_IMPLEMENTED,GAMEPLAY_REQUIRED,missing,NOT DEVICE VERIFIED,Client has a recovered call path; returning not_implemented can block this feature.,"Trace full client consumer, config dependencies, state changes, and failure path; implement behavior + tests."
worldWarLocal.signUp,?do=worldWarLocal.signUp,GET; encodeURIComponent(JSON.stringify(data)); ingor_encrypt=1; optional zlib=1; sign=MD5(raw JSON + client constant),10 长尾 / 待核,"[""ReconstructedJS/src_jsc/Cfg/Url.js:218"",""docs/ref/worldWarLocal.md#worldWarLocalsignUp"",""Views/DecisiveBattle/DecisiveBattleMainView.js:458 (rightCB)""]","[""user_id""]",[],No model hop extracted; inspect ref page and cmn consumers.,not resolved from endpoint alone,not implemented,NOT_IMPLEMENTED,GAMEPLAY_REQUIRED,missing,NOT DEVICE VERIFIED,Client has a recovered call path; returning not_implemented can block this feature.,"Trace full client consumer, config dependencies, state changes, and failure path; implement behavior + tests."
worldWarLocal.supportList,?do=worldWarLocal.supportList,GET; encodeURIComponent(JSON.stringify(data)); ingor_encrypt=1; optional zlib=1; sign=MD5(raw JSON + client constant),10 长尾 / 待核,"[""ReconstructedJS/src_jsc/Cfg/Url.js:209"",""docs/ref/worldWarLocal.md#worldWarLocalsupportList"",""Views/DecisiveBattle/DecisiveBattleMainView.js:480 (supportAwardCallBack)"",""Views/DecisiveBattle/SupportRecordView.js:95 (switchRequestDataForNet)""]","[""type"",""user_id""]","[""point.toString"",""support_list""]",No model hop extracted; inspect ref page and cmn consumers.,not resolved from endpoint alone,not implemented,NOT_IMPLEMENTED,GAMEPLAY_REQUIRED,missing,NOT DEVICE VERIFIED,Client has a recovered call path; returning not_implemented can block this feature.,"Trace full client consumer, config dependencies, state changes, and failure path; implement behavior + tests."
worldWarLocal.supportPlayer,?do=worldWarLocal.supportPlayer,GET; encodeURIComponent(JSON.stringify(data)); ingor_encrypt=1; optional zlib=1; sign=MD5(raw JSON + client constant),10 长尾 / 待核,"[""ReconstructedJS/src_jsc/Cfg/Url.js:215"",""docs/ref/worldWarLocal.md#worldWarLocalsupportPlayer"",""Views/Dialog/DecisiveSupportDialog.js:169 (_btnSupportCallBack)""]","[""player_id"",""round"",""session"",""user_id""]","[""result""]",No model hop extracted; inspect ref page and cmn consumers.,not resolved from endpoint alone,not implemented,NOT_IMPLEMENTED,GAMEPLAY_REQUIRED,missing,NOT DEVICE VERIFIED,Client has a recovered call path; returning not_implemented can block this feature.,"Trace full client consumer, config dependencies, state changes, and failure path; implement behavior + tests."
worldWarLocal.supportRank,?do=worldWarLocal.supportRank,GET; encodeURIComponent(JSON.stringify(data)); ingor_encrypt=1; optional zlib=1; sign=MD5(raw JSON + client constant),10 长尾 / 待核,"[""ReconstructedJS/src_jsc/Cfg/Url.js:208"",""docs/ref/worldWarLocal.md#worldWarLocalsupportRank"",""Views/DecisiveBattle/DecisiveBattleMainView.js:470 (rankCallback)""]","[""user_id""]","[""support_rank""]",No model hop extracted; inspect ref page and cmn consumers.,not resolved from endpoint alone,not implemented,NOT_IMPLEMENTED,GAMEPLAY_REQUIRED,missing,NOT DEVICE VERIFIED,Client has a recovered call path; returning not_implemented can block this feature.,"Trace full client consumer, config dependencies, state changes, and failure path; implement behavior + tests."
/auth/register,POST /auth/register,"JSON body {username,password}; local replacement, not a retail do= action",1 开机、账号入口,ServerProject/PROTOCOL.md local account bridge; src/api/account.rs,"[""username"",""password""]","[""result"",""error_code"",""msg""]",none,none,accounts,IMPLEMENTED_LOCAL_SLICE,LOCAL_REPLACEMENT,HTTP integration test,NOT DEVICE VERIFIED,Full request logging prints submitted credentials as configured; the checked-in config defaults to full logging.,Device-check signup failure/success callbacks and lockout experience.
/auth/login,POST /auth/login,"JSON body {username,password}; local replacement, not a retail do= action",1 开机、账号入口,ServerProject/PROTOCOL.md local account bridge; src/api/account.rs,"[""username"",""password""]","[""result"",""sessionKey"",""error_code"",""msg""]",none,none,"accounts, sessions",IMPLEMENTED_LOCAL_SLICE,LOCAL_REPLACEMENT,HTTP integration test,NOT DEVICE VERIFIED,Full request logging prints submitted credentials as configured; the checked-in config defaults to full logging.,Device-check login and expiry UX.
/auth/logout,POST /auth/logout,"JSON body {sessionKey}; local replacement, not a retail do= action",1 开机、账号入口,ServerProject/PROTOCOL.md local account bridge; src/api/account.rs,"[""sessionKey""]","[""result"",""error_code"",""msg""]",none,none,sessions,IMPLEMENTED_LOCAL_SLICE,LOCAL_REPLACEMENT,HTTP integration test,NOT DEVICE VERIFIED,Logout revokes the presented local session; repeated logout is idempotent.,Device-check the client clears its local session after logout.
game transport route,GET /game/{server_id}/index.php,Client game URL path plus encoded do/data query parameters,1-10 all game actions,ServerProject/docs/01-transport.md; src/api/mod.rs,per do= action,per do= action,per do= action,none,per action; identity and zone scoped,IMPLEMENTED_LOCAL_SLICE,CLIENT_BOOTSTRAP,HTTP integration test uses device path,Previous device request observed 404; recheck after route fix,The route fix needs a live device confirmation.,Run `adb reverse` and confirm `user.chooseTeam` returns 200/result=true on device.
config download,full URL supplied as download_url,separate binary/config download; not in do= action table,2 config recovery fallback,docs/04-game-login.md requestSGSConfig references; ReconstructedJS/src_jsc/Tools/Net.js:1564,"[""download_url""]",config archive/content (unresolved),server-generated config replacement,server-generated configuration list in docs/08-config-domains.md,none identified,NOT_IMPLEMENTED,CLIENT_BOOTSTRAP,missing,NOT DEVICE VERIFIED,Login currently does not exercise the e_10011 fallback; exact archive semantics remain unverified.,Trace download path and client archive validation before implementing; no fake archive response.
WebSocket / push transport,not established,separate transport; no route inferred,10 long-tail audit,not yet resolved in static endpoint inventory,unresolved,unresolved,unresolved,unresolved,none identified,NOT_AUDITED,UNKNOWN,missing,NOT DEVICE VERIFIED,Could be an out-of-band path not represented in the 244 do= records.,Search client transport creation and runtime device traffic; record evidence before classifying.
