kind,name,count,source_sites
member,"cc.ACTION_TAG_INVALID",1,"src_jsc/Core/Cocos2d-x/jsb_cocos2d_constants.js:73"
member,"cc.ANIMATION_FRAME_DISPLAYED_NOTIFICATION",1,"src_jsc/Core/Cocos2d-x/jsb_cocos2d_constants.js:291"
member,"cc.ATTRIBUTE_NAME_COLOR",1,"src_jsc/Core/Cocos2d-x/jsb_cocos2d_constants.js:295"
member,"cc.ATTRIBUTE_NAME_POSITION",1,"src_jsc/Core/Cocos2d-x/jsb_cocos2d_constants.js:297"
member,"cc.ATTRIBUTE_NAME_TEX_COORD",1,"src_jsc/Core/Cocos2d-x/jsb_cocos2d_constants.js:299"
member,"cc.Action.clone",1,"src_jsc/Core/Cocos2d-x/jsb_deprecated.js:29"
member,"cc.Action.copy",1,"src_jsc/Core/Cocos2d-x/jsb_deprecated.js:29"
member,"cc.Action.prototype.clone.apply",1,"src_jsc/Core/Cocos2d-x/jsb_deprecated.js:31"
member,"cc.Action.prototype.copy",1,"src_jsc/Core/Cocos2d-x/jsb_deprecated.js:24"
member,"cc.Animate.create",2,"src_jsc/Factorys/Animate.js:34;src_jsc/Factorys/Skill/Item/Timeline.js:228"
member,"cc.Animation.clone",1,"src_jsc/Core/Cocos2d-x/jsb_deprecated.js:39"
member,"cc.Animation.copy",1,"src_jsc/Core/Cocos2d-x/jsb_deprecated.js:39"
member,"cc.Animation.create",1,"src_jsc/Factorys/Animate.js:18"
member,"cc.Animation.prototype.clone.apply",1,"src_jsc/Core/Cocos2d-x/jsb_deprecated.js:41"
member,"cc.Animation.prototype.copy",1,"src_jsc/Core/Cocos2d-x/jsb_deprecated.js:34"
member,"cc.AnimationCache.destroyInstance",2,"src_jsc/Core/Cocos2d-x/jsb_deprecated.js:19;src_jsc/Core/Cocos2d-x/jsb_deprecated.js:21"
member,"cc.AnimationCache.purgeSharedAnimationCache",2,"src_jsc/Core/Cocos2d-x/jsb_deprecated.js:17;src_jsc/Core/Cocos2d-x/jsb_deprecated.js:19"
member,"cc.Armature",1,"src_jsc/Libs/Views/Armature/BaseArmature.js:15"
member,"cc.Armature.create",1,"src_jsc/Factorys/Armature.js:109"
member,"cc.ArmatureDataManager",2,"src_jsc/Libs/Views/Armature/alias.js:5;src_jsc/Libs/Views/Armature/alias.js:5"
member,"cc.ArmatureDataManager.getInstance",3,"src_jsc/Factorys/Armature.js:37;src_jsc/Factorys/Armature.js:49;src_jsc/Factorys/Armature.js:66"
member,"cc.ArmatureDataManager.purge",1,"src_jsc/Tools/Sys.js:73"
member,"cc.ArrayContainsObject",2,"src_jsc/Core/Cocos2d-x/jsb_cocos2d.js:650;src_jsc/Core/Cocos2d-x/jsb_cocos2d_studio.js:605"
member,"cc.ArrayGetIndexOfObject",2,"src_jsc/Core/Cocos2d-x/jsb_cocos2d.js:634;src_jsc/Core/Cocos2d-x/jsb_cocos2d.js:652"
member,"cc.ArrayRemoveArray",1,"src_jsc/Core/Cocos2d-x/CCNotificationCenter.js:64"
member,"cc.ArrayRemoveObject",1,"src_jsc/Core/Cocos2d-x/jsb_cocos2d.js:655"
member,"cc.AudioEngine.end",1,"src_jsc/Audio/Engine.js:152"
member,"cc.AudioEngine.getInstance",9,"src_jsc/Audio/Engine.js:17;src_jsc/Audio/Engine.js:41;src_jsc/Audio/Engine.js:45;src_jsc/Audio/Engine.js:59;src_jsc/Audio/Engine.js:98;src_jsc/Audio/Engine.js:124;src_jsc/Audio/Engine.js:134;src_jsc/Audio/Engine.js:142;src_jsc/Audio/Engine.js:163"
member,"cc.BLACK",1,"src_jsc/Core/Cocos2d-x/jsb_cocos2d.js:157"
member,"cc.BLEND_DST",1,"src_jsc/Core/Cocos2d-x/jsb_cocos2d_constants.js:25"
member,"cc.BLEND_SRC",1,"src_jsc/Core/Cocos2d-x/jsb_cocos2d_constants.js:27"
member,"cc.BLUE",1,"src_jsc/Core/Cocos2d-x/jsb_cocos2d.js:155"
member,"cc.BezierBy.create",1,"src_jsc/Factorys/Skill/Item/Timeline.js:246"
member,"cc.Blink.create",1,"src_jsc/Views/SkillRefining/SkillRefiningLayer.js:250"
member,"cc.BuilderReader",2,"src_jsc/Core/Cocos2d-x/jsb_cocosbuilder.js:7;src_jsc/Core/Cocos2d-x/jsb_cocosbuilder.js:7"
member,"cc.BuilderReader._resourcePath",4,"src_jsc/Core/Cocos2d-x/jsb_cocosbuilder.js:9;src_jsc/Core/Cocos2d-x/jsb_cocosbuilder.js:15;src_jsc/Core/Cocos2d-x/jsb_cocosbuilder.js:23;src_jsc/Libs/CCExt.js:18"
member,"cc.BuilderReader.load",41,"src_jsc/Core/Cocos2d-x/jsb_cocosbuilder.js:18;src_jsc/Core/Cocos2d-x/jsb_cocosbuilder.js:194;src_jsc/Views/ChatContentLayer.js:73;src_jsc/Views/Dialog/AgaSurrenderDialog.js:56;src_jsc/Views/Dialog/AwakeConfirmDialog.js:41;src_jsc/Views/Dialog/BeautyShopDialog.js:255;src_jsc/Views/Dialog/BecomeStrongerDialog.js:279;src_jsc/Views/Dialog/ChargeDialog.js:13;src_jsc/Views/Dialog/ChargePrivilegeDialog.js:67;src_jsc/Views/Dialog/ChatDialog.js:22;src_jsc/Views/Dialog/DailyTaskDialog.js:29;src_jsc/Views/Dialog/DuanWuDialog.js:261;src_jsc/Views/Dialog/FirstChargeDialog.js:14;src_jsc/Views/Dialog/GeneralPreviewDialog.js:21;src_jsc/Views/Dialog/JiFenDuiHuanDialog.js:259;src_jsc/Views/Dialog/LabourlDialog.js:259;src_jsc/Views/Dialog/MemorialDialog.js:259;src_jsc/Views/Dialog/MysteryStoreDialog.js:325;src_jsc/Views/Dialog/PlantTreeDlg.js:237;src_jsc/Views/Dialog/PublicCopyDialog.js:263;src_jsc/Views/Dialog/SpecificDialog.js:221;src_jsc/Views/Dialog/SpiritStoneDialog.js:231;src_jsc/Views/Dialog/UsrUpgradeWillOpen.js:32;src_jsc/Views/Gems/GemsPunchView.js:130;src_jsc/Views/Gems/GemsSophisticationView.js:149;src_jsc/Views/Gems/GemsSophisticationView.js:167;src_jsc/Views/InterService/InterServiceRewardDialog.js:29;src_jsc/Views/InterService/InterServiceRewardPreviewDialog.js:48;src_jsc/Views/InterService/InterServiceWorshipView.js:40;src_jsc/Views/ProgressTimer/BlueProgressTimer.js:19;src_jsc/Views/Table/Cell/ChargeItemCell.js:18;src_jsc/Views/Table/Cell/TaskCell.js:55;src_jsc/Views/Table/Cell/UnionSearchTableViewCell.js:15;src_jsc/Views/Union/UnionCombatMainLayer.js:102;src_jsc/Views/Union/UnionCreate.js:23;src_jsc/Views/Union/UnionDialog.js:180;src_jsc/Views/Union/UnionDonationLayer.js:99;src_jsc/Views/Union/UnionInfoLayer.js:79;src_jsc/Views/Union/UnionSearch.js:21;src_jsc/Views/Union/UnionSearch.js:34;src_jsc/Views/Union/UnionShopLayer.js:238"
member,"cc.BuilderReader.loadAsScene",1,"src_jsc/Core/Cocos2d-x/jsb_cocosbuilder.js:191"
member,"cc.BuilderReader.setResourcePath",1,"src_jsc/Core/Cocos2d-x/jsb_cocosbuilder.js:13"
member,"cc.CHIPMUNK_IMPORT",1,"src_jsc/Core/Cocos2d-x/jsb_cocos2d_constants.js:293"
member,"cc.CONTROL_EVENT_TOTAL_NUMBER",1,"src_jsc/Core/Cocos2d-x/jsb_cocos2d_extension.js:55"
member,"cc.CONTROL_EVENT_TOUCH_CANCEL",1,"src_jsc/Core/Cocos2d-x/jsb_cocos2d_extension.js:71"
member,"cc.CONTROL_EVENT_TOUCH_DOWN",2,"src_jsc/Core/Cocos2d-x/jsb_cocos2d_extension.js:57;src_jsc/Libs/Views/Button/common.js:73"
member,"cc.CONTROL_EVENT_TOUCH_DRAG_ENTER",1,"src_jsc/Core/Cocos2d-x/jsb_cocos2d_extension.js:63"
member,"cc.CONTROL_EVENT_TOUCH_DRAG_EXIT",1,"src_jsc/Core/Cocos2d-x/jsb_cocos2d_extension.js:65"
member,"cc.CONTROL_EVENT_TOUCH_DRAG_INSIDE",2,"src_jsc/Core/Cocos2d-x/jsb_cocos2d_extension.js:59;src_jsc/Libs/Views/Button/common.js:79"
member,"cc.CONTROL_EVENT_TOUCH_DRAG_OUTSIDE",2,"src_jsc/Core/Cocos2d-x/jsb_cocos2d_extension.js:61;src_jsc/Libs/Views/Button/common.js:77"
member,"cc.CONTROL_EVENT_TOUCH_UP_INSIDE",27,"src_jsc/Core/Cocos2d-x/jsb_cocos2d_extension.js:67;src_jsc/Libs/Views/Button/common.js:75;src_jsc/Libs/Views/Button/common.js:171;src_jsc/Libs/Views/Button/common.js:185;src_jsc/Libs/Views/Button/common.js:192;src_jsc/Scene/Login/LoginScene_AnySdk.js:87;src_jsc/Scene/Login/LoginScene_AnySdk.js:95;src_jsc/Scene/Login/LoginScene_AnySdk.js:101;src_jsc/Scene/Login/LoginScene_BfSdk.js:74;src_jsc/Scene/Login/LoginScene_BfSdk.js:82;src_jsc/Scene/Login/LoginScene_BfSdk.js:90;src_jsc/Scene/Login/LoginScene_EasyGuestSdk.js:65;src_jsc/Scene/Login/LoginScene_EasyGuestSdk.js:73;src_jsc/Scene/Login/LoginScene_EasyGuestSdk.js:81;src_jsc/Scene/Login/LoginScene_EasySdk.js:70;src_jsc/Scene/Login/LoginScene_EasySdk.js:78;src_jsc/Scene/Login/LoginScene_EasySdk.js:84;src_jsc/Scene/Login/LoginScene_ThirdGuestSdk.js:79;src_jsc/Scene/Login/LoginScene_ThirdGuestSdk.js:87;src_jsc/Scene/Login/LoginScene_ThirdGuestSdk.js:93;src_jsc/Scene/Login/LoginScene_ThirdSdk.js:85;src_jsc/Scene/Login/LoginScene_ThirdSdk.js:93;src_jsc/Scene/Login/LoginScene_ThirdSdk.js:99;src_jsc/Scene/Social/SocialView.js:52;src_jsc/Views/EquipmentReinforceView.js:74;src_jsc/Views/EquipmentReinforceView.js:84;src_jsc/Views/SortController.js:32"
member,"cc.CONTROL_EVENT_TOUCH_UP_OUTSIDE",2,"src_jsc/Core/Cocos2d-x/jsb_cocos2d_extension.js:69;src_jsc/Libs/Views/Button/common.js:81"
member,"cc.CONTROL_EVENT_VALUECHANGED",1,"src_jsc/Core/Cocos2d-x/jsb_cocos2d_extension.js:73"
member,"cc.CONTROL_STATE_DISABLED",7,"src_jsc/Core/Cocos2d-x/jsb_cocos2d_extension.js:79;src_jsc/Libs/Views/Button/Factory.js:30;src_jsc/Libs/Views/Button/common.js:37;src_jsc/Libs/Views/Button/common.js:104;src_jsc/Libs/Views/Button/common.js:125;src_jsc/Libs/Views/Button/common.js:204;src_jsc/Tools/UI.js:298"
member,"cc.CONTROL_STATE_HIGHLIGHTED",7,"src_jsc/Core/Cocos2d-x/jsb_cocos2d_extension.js:77;src_jsc/Libs/Views/Button/Factory.js:29;src_jsc/Libs/Views/Button/common.js:31;src_jsc/Libs/Views/Button/common.js:98;src_jsc/Libs/Views/Button/common.js:123;src_jsc/Libs/Views/Button/common.js:202;src_jsc/Tools/UI.js:298"
member,"cc.CONTROL_STATE_INITIAL",1,"src_jsc/Core/Cocos2d-x/jsb_cocos2d_extension.js:83"
member,"cc.CONTROL_STATE_NORMAL",10,"src_jsc/Core/Cocos2d-x/jsb_cocos2d_extension.js:75;src_jsc/Libs/Views/Button/Factory.js:28;src_jsc/Libs/Views/Button/common.js:25;src_jsc/Libs/Views/Button/common.js:92;src_jsc/Libs/Views/Button/common.js:121;src_jsc/Libs/Views/Button/common.js:135;src_jsc/Libs/Views/Button/common.js:200;src_jsc/Tools/UI.js:298;src_jsc/Views/SortController.js:22;src_jsc/Views/TablePageView.js:193"
member,"cc.CONTROL_STATE_SELECTED",3,"src_jsc/Core/Cocos2d-x/jsb_cocos2d_extension.js:81;src_jsc/Libs/Views/Button/Factory.js:31;src_jsc/Libs/Views/Button/common.js:127"
member,"cc.CallFunc.create",145,"src_jsc/AnySdk/AnySdkCallback.js:203;src_jsc/AnySdk/AnySdkCallback.js:240;src_jsc/AnySdk/AnySdkCallback.js:267;src_jsc/AnySdk/AnySdkCallback.js:277;src_jsc/Core/Cocos2d-x/jsb_cocosbuilder.js:163;src_jsc/Core/Cocos2d-x/jsb_cocosbuilder.js:169;src_jsc/Factorys/Armature.js:161;src_jsc/Factorys/Armature.js:169;src_jsc/Factorys/Skill/Item/Item.js:430;src_jsc/Factorys/Skill/Item/Item.js:459;src_jsc/Factorys/Skill/Item/Item.js:500;src_jsc/Factorys/Skill/Item/Item.js:511;src_jsc/Factorys/Skill/Item/Timeline.js:184;src_jsc/Factorys/Skill/Part.js:320;src_jsc/Libs/CCExt.js:158;src_jsc/Libs/CCExt.js:164;src_jsc/Libs/Views/Armature/BaseArmature.js:172;src_jsc/Libs/Views/Armature/BaseArmature.js:202;src_jsc/Libs/Views/Armature/BaseArmature.js:254;src_jsc/Libs/Views/Armature/BaseArmature.js:276;src_jsc/Prototype/Node.js:28;src_jsc/Scene/Awake/AwakeBoxView.js:547;src_jsc/Scene/Awake/AwakeBoxView.js:622;src_jsc/Scene/Awake/AwakeBoxView.js:720;src_jsc/Scene/Awake/AwakeBoxView.js:726;src_jsc/Scene/Awake/AwakeBoxView.js:870;src_jsc/Scene/Awake/AwakeBoxView.js:945;src_jsc/Scene/Chaos/ChaosFight.js:122;src_jsc/Scene/Chaos/ChaosScene.js:67;src_jsc/Scene/Climb/StartBattleScene.js:18;src_jsc/Scene/Combat/CombatCardView.js:273;src_jsc/Scene/Combat/CombatCardView.js:275;src_jsc/Scene/Combat/CombatUpgradeScene.js:428;src_jsc/Scene/Develop/AlchemyView.js:111;src_jsc/Scene/Fight/FightScene.js:73;src_jsc/Scene/Fight/FightScene.js:854;src_jsc/Scene/Fight/FightScene.js:876;src_jsc/Scene/Fight/FightScene.js:882;src_jsc/Scene/Fight/FightScene.js:969;src_jsc/Scene/Fight/FightScene.js:985;src_jsc/Scene/Fight/FightScene.js:1015;src_jsc/Scene/Fight/FightScene.js:1173;src_jsc/Scene/Fight/FightScene.js:1231;src_jsc/Scene/Fight/FightScene.js:1287;src_jsc/Scene/Fight/FightScene.js:1317;src_jsc/Scene/Fight/FightScene.js:1909;src_jsc/Scene/Fight/FightScene.js:1925;src_jsc/Scene/Fight/FightScene.js:2122;src_jsc/Scene/Fight/FightScene.js:2131;src_jsc/Scene/Fight/FightScene.js:2148;src_jsc/Scene/Fight/FightScene.js:2157;src_jsc/Scene/Fight/FightScene.js:3145;src_jsc/Scene/Fight/FightScene.js:3232;src_jsc/Scene/Fight/FightScene.js:3270;src_jsc/Scene/Fight/FightScene.js:3381;src_jsc/Scene/FightChapter/DungeonView.js:207;src_jsc/Scene/GeneralSelect/GeneralSelectScene.js:207;src_jsc/Scene/Ladder/LadderCardShow.js:438;src_jsc/Scene/Ladder/LadderView.js:96;src_jsc/Scene/Main/MainMenuScene.js:343;src_jsc/Scene/Main/MainMenuScene.js:453;src_jsc/Scene/Main/MainMenuScene.js:457;src_jsc/Scene/NewPlayer/NewPlayerScene.js:81;src_jsc/Scene/NewPlayer/NewPlayerScene.js:100;src_jsc/Scene/Party/WishingScene.js:469;src_jsc/Scene/Store/ToastView.js:496;src_jsc/Scene/Store/ToastView.js:578;src_jsc/Scene/Store/ToastView.js:594;src_jsc/Scene/Store/ToastView.js:617;src_jsc/Scene/Store/ToastView.js:771;src_jsc/Scene/Store/ToastView.js:804;src_jsc/Scene/UnionWar/UnionWarFightScene.js:199;src_jsc/Scene/UnionWar/UnionWarFightScene.js:233;src_jsc/Utils/Node.js:398;src_jsc/Utils/Node.js:411;src_jsc/Utils/Node.js:442;src_jsc/Views/Card/Fight.js:165;src_jsc/Views/Card/Fight.js:188;src_jsc/Views/Card/Fight.js:207;src_jsc/Views/Card/Fight.js:237;src_jsc/Views/Card/Fight.js:286;src_jsc/Views/Card/Fight.js:325;src_jsc/Views/CardListView.js:412;src_jsc/Views/ClimbLadderPFKGView.js:164;src_jsc/Views/Dialog/Adventure.js:439;src_jsc/Views/Dialog/Adventure.js:448;src_jsc/Views/Dialog/CheckOrderDialog.js:178;src_jsc/Views/Dialog/EquipmentStrengthenDialog.js:406;src_jsc/Views/Dialog/EquipmentStrengthenDialog.js:412;src_jsc/Views/Dialog/SkillUpDialog.js:502;src_jsc/Views/Dialog/SkillUpDialog.js:514;src_jsc/Views/Dialog/SlotMachinesActivities.js:377;src_jsc/Views/Dialog/Story.js:137;src_jsc/Views/Dialog/Story.js:199;src_jsc/Views/Dialog/Story.js:217;src_jsc/Views/Dialog/Story.js:257;src_jsc/Views/GeneralCardShow.js:234;src_jsc/Views/GeneralPlayView.js:256;src_jsc/Views/GeneralPlayView.js:272;src_jsc/Views/GeneralPlayView.js:708;src_jsc/Views/GeneralPlayView.js:723;src_jsc/Views/HornView.js:102;src_jsc/Views/HungerLayer.js:224;src_jsc/Views/LoadingView.js:67;src_jsc/Views/Meridians/MeridiansMainView.js:258;src_jsc/Views/Meridians/PracticeMeridiansMainView.js:184;src_jsc/Views/Mgr.js:769;src_jsc/Views/Mgr.js:824;src_jsc/Views/Mgr.js:839;src_jsc/Views/Mgr.js:961;src_jsc/Views/Mgr.js:1030;src_jsc/Views/Mgr.js:1106;src_jsc/Views/MultiPagesMenuView.js:88;src_jsc/Views/MultiPagesMenuView.js:300;src_jsc/Views/MultiPagesMenuView.js:307;src_jsc/Views/MultiPagesMenuView.js:355;src_jsc/Views/QuickFight.js:210;src_jsc/Views/ReincarnationView.js:70;src_jsc/Views/SkillRefining/SkillRefiningLayer.js:284;src_jsc/Views/SortController.js:197;src_jsc/Views/Union/UnionDonationLayer.js:355;src_jsc/Views/UnionWarFightView.js:250;src_jsc/Views/UnionWarPlayerHeadFightView.js:142;src_jsc/Views/UnionWarPlayerHeadFightView.js:147;src_jsc/Views/UpgradeCard/BaseUpgradeCard.js:164;src_jsc/Views/UpgradeCard/BaseUpgradeCard.js:207;src_jsc/Views/UpgradeCard/BaseUpgradeCard.js:236;src_jsc/Views/UpgradeCard/BaseUpgradeCard.js:258;src_jsc/Views/UpgradeCard/BaseUpgradeCard.js:261;src_jsc/Views/UpgradeCard/BaseUpgradeCard.js:306;src_jsc/Views/UpgradeCard/CardAwakeView.js:68;src_jsc/cpp2jsb.js:86;src_jsc/cpp2jsb.js:103;src_jsc/cpp2jsb.js:125;src_jsc/cpp2jsb.js:151;src_jsc/cpp2jsb.js:188;src_jsc/cpp2jsb.js:199;src_jsc/cpp2jsb.js:213;src_jsc/cpp2jsb.js:274;src_jsc/cpp2jsb.js:317;src_jsc/cpp2jsb.js:336;src_jsc/cpp2jsb.js:359;src_jsc/cpp2jsb.js:382;src_jsc/cpp2jsb.js:402;src_jsc/cpp2jsb.js:417"
member,"cc.Class",3,"src_jsc/Core/Cocos2d-x/jsb_cocos2d.js:797;src_jsc/Core/Cocos2d-x/jsb_cocos2d_studio.js:9;src_jsc/Models/Fight/FightRoundList.js:10"
member,"cc.Class.extend",82,"src_jsc/Audio/Engine.js:5;src_jsc/Core/Cocos2d-x/CCNotificationCenter.js:7;src_jsc/Core/Cocos2d-x/CCNotificationCenter.js:118;src_jsc/Core/Cocos2d-x/jsb_cocos2d.js:800;src_jsc/Core/Cocos2d-x/jsb_cocos2d.js:862;src_jsc/Core/Cocos2d-x/jsb_cocos2d.js:864;src_jsc/Core/Cocos2d-x/jsb_cocos2d.js:866;src_jsc/Core/Cocos2d-x/jsb_cocos2d.js:868;src_jsc/Core/Cocos2d-x/jsb_cocos2d.js:870;src_jsc/Core/Cocos2d-x/jsb_cocos2d.js:872;src_jsc/Core/Cocos2d-x/jsb_cocos2d.js:874;src_jsc/Core/Cocos2d-x/jsb_cocos2d.js:876;src_jsc/Core/Cocos2d-x/jsb_cocos2d.js:878;src_jsc/Core/Cocos2d-x/jsb_cocos2d.js:1057;src_jsc/Core/Cocos2d-x/jsb_cocos2d_extension.js:121;src_jsc/Core/Cocos2d-x/jsb_cocos2d_extension.js:123;src_jsc/Core/Cocos2d-x/jsb_cocos2d_extension.js:125;src_jsc/Core/Cocos2d-x/jsb_cocos2d_extension.js:127;src_jsc/Core/Cocos2d-x/jsb_cocos2d_studio.js:142;src_jsc/Core/Cocos2d-x/jsb_cocos2d_studio.js:219;src_jsc/Core/Cocos2d-x/jsb_cocos2d_studio.js:221;src_jsc/Libs/Views/Button/common.js:5;src_jsc/Models/Add.js:47;src_jsc/Models/AddShowList.js:5;src_jsc/Models/Base.js:5;src_jsc/Models/BreachModel.js:5;src_jsc/Models/Chapter.js:9;src_jsc/Models/Chat.js:5;src_jsc/Models/ChatMessageManager.js:5;src_jsc/Models/CultureMedicine.js:5;src_jsc/Models/DailyAdventure.js:5;src_jsc/Models/DataWrapped.js:5;src_jsc/Models/Dungeon.js:25;src_jsc/Models/EquipmentExchange.js:5;src_jsc/Models/Feast.js:84;src_jsc/Models/Feast.js:162;src_jsc/Models/Feast.js:259;src_jsc/Models/Feast.js:344;src_jsc/Models/Feast.js:447;src_jsc/Models/Feast.js:601;src_jsc/Models/Feast.js:655;src_jsc/Models/Fight/FightInfo.js:5;src_jsc/Models/Fight/FightInfo.js:275;src_jsc/Models/Fight/FightRoundItem.js:5;src_jsc/Models/Fight/FightRoundList.js:5;src_jsc/Models/FightStoryItem.js:5;src_jsc/Models/GeneralTraining.js:11;src_jsc/Models/GeneralTraining.js:131;src_jsc/Models/Good.js:5;src_jsc/Models/HD.js:5;src_jsc/Models/HintModel.js:5;src_jsc/Models/HintModel.js:219;src_jsc/Models/HintModel.js:277;src_jsc/Models/HintModel.js:316;src_jsc/Models/HintModel.js:379;src_jsc/Models/HintModel.js:418;src_jsc/Models/LadderModel.js:5;src_jsc/Models/Mail.js:51;src_jsc/Models/OtherPlayerInfo.js:5;src_jsc/Models/ShowData.js:5;src_jsc/Models/Task.js:5;src_jsc/Models/TmpInfo/Achieve.js:5;src_jsc/Models/TmpInfo/Adventure.js:5;src_jsc/Models/TmpInfo/UsrUpgrade.js:5;src_jsc/Models/ToastModel.js:5;src_jsc/Models/ToastResult.js:5;src_jsc/Models/TreasureBox.js:5;src_jsc/Profile/GameData/Base.js:5;src_jsc/Profile/GameData/Index.js:5;src_jsc/Profile/GameData/Mgr.js:34;src_jsc/Profile/GameData/common.js:5;src_jsc/Scene/Climb/ClimbLadderScene.js:119;src_jsc/Scene/Climb/StartBattleScene.js:1123;src_jsc/Scene/SceneMgr.js:47;src_jsc/Tools/Net.js:5;src_jsc/Utils/Statistic.js:5;src_jsc/Utils/alias.js:27;src_jsc/Views/BaseView.js:5;src_jsc/Views/Button/Factory.js:5;src_jsc/Views/ClimbLadderPFKGView.js:625;src_jsc/Views/QueueTeamView.js:714;src_jsc/Views/Table/UnionLogTableView.js:5"
member,"cc.ClippingNode.create",2,"src_jsc/Views/RoundClippingNode.js:27;src_jsc/Views/SpriteClippingNode.js:25"
member,"cc.ControlButton",4,"src_jsc/Core/Cocos2d-x/jsb_cocosbuilder.js:47;src_jsc/Core/Cocos2d-x/jsb_cocosbuilder.js:117;src_jsc/Libs/CCExt.js:42;src_jsc/Libs/CCExt.js:112"
member,"cc.DEFAULT_PADDING",1,"src_jsc/Core/Cocos2d-x/jsb_cocos2d.js:173"
member,"cc.DEVICEI_PAD",1,"src_jsc/Core/Cocos2d-x/jsb_cocos2d_constants.js:79"
member,"cc.DEVICEI_PAD_RETINA_DISPLAY",1,"src_jsc/Core/Cocos2d-x/jsb_cocos2d_constants.js:81"
member,"cc.DEVICEI_PHONE",1,"src_jsc/Core/Cocos2d-x/jsb_cocos2d_constants.js:83"
member,"cc.DEVICEI_PHONE5",1,"src_jsc/Core/Cocos2d-x/jsb_cocos2d_constants.js:85"
member,"cc.DEVICEI_PHONE5_RETINA_DISPLAY",1,"src_jsc/Core/Cocos2d-x/jsb_cocos2d_constants.js:87"
member,"cc.DEVICEI_PHONE_RETINA_DISPLAY",1,"src_jsc/Core/Cocos2d-x/jsb_cocos2d_constants.js:89"
member,"cc.DEVICE_MAC",1,"src_jsc/Core/Cocos2d-x/jsb_cocos2d_constants.js:75"
member,"cc.DEVICE_MAC_RETINA_DISPLAY",1,"src_jsc/Core/Cocos2d-x/jsb_cocos2d_constants.js:77"
member,"cc.DIRECTOR_IOS_USE_BACKGROUND_THREAD",1,"src_jsc/Core/Cocos2d-x/jsb_cocos2d_constants.js:29"
member,"cc.DIRECTOR_MAC_THREAD",1,"src_jsc/Core/Cocos2d-x/jsb_cocos2d_constants.js:31"
member,"cc.DIRECTOR_PROJECTION2_D",1,"src_jsc/Core/Cocos2d-x/jsb_cocos2d_constants.js:91"
member,"cc.DIRECTOR_PROJECTION3_D",1,"src_jsc/Core/Cocos2d-x/jsb_cocos2d_constants.js:93"
member,"cc.DIRECTOR_PROJECTION_2D",1,"src_jsc/Core/Cocos2d-x/jsb_cocos2d.js:71"
member,"cc.DIRECTOR_PROJECTION_3D",1,"src_jsc/Core/Cocos2d-x/jsb_cocos2d.js:73"
member,"cc.DIRECTOR_PROJECTION_CUSTOM",1,"src_jsc/Core/Cocos2d-x/jsb_cocos2d_constants.js:95"
member,"cc.DIRECTOR_PROJECTION_DEFAULT",1,"src_jsc/Core/Cocos2d-x/jsb_cocos2d_constants.js:97"
member,"cc.DIRECTOR_STATS_INTERVAL",1,"src_jsc/Core/Cocos2d-x/jsb_cocos2d_constants.js:33"
member,"cc.DelayTime.create",52,"src_jsc/AnySdk/AnySdkCallback.js:202;src_jsc/AnySdk/AnySdkCallback.js:239;src_jsc/AnySdk/AnySdkCallback.js:266;src_jsc/AnySdk/AnySdkCallback.js:276;src_jsc/Factorys/Armature.js:203;src_jsc/Factorys/Skill/Part.js:293;src_jsc/Factorys/Skill/Part.js:353;src_jsc/Libs/Views/Armature/BaseArmature.js:214;src_jsc/Libs/Views/Armature/BaseArmature.js:288;src_jsc/Scene/Awake/AwakeBoxView.js:724;src_jsc/Scene/Combat/CombatCardView.js:273;src_jsc/Scene/Combat/CombatCardView.js:275;src_jsc/Scene/Combat/CombatUpgradeScene.js:428;src_jsc/Scene/Develop/AlchemyView.js:109;src_jsc/Scene/Fight/FightScene.js:1229;src_jsc/Scene/Fight/FightScene.js:1394;src_jsc/Scene/Fight/FightScene.js:1452;src_jsc/Scene/Fight/FightScene.js:3387;src_jsc/Scene/Ladder/LadderCardShow.js:438;src_jsc/Scene/Ladder/LadderView.js:95;src_jsc/Scene/Main/MainMenuScene.js:339;src_jsc/Update/UpdateScene.js:133;src_jsc/Utils/Action.js:52;src_jsc/Utils/Node.js:442;src_jsc/Views/Dialog/Adventure.js:437;src_jsc/Views/Dialog/CheckOrderDialog.js:183;src_jsc/Views/Dialog/Story.js:274;src_jsc/Views/GeneralCardShow.js:234;src_jsc/Views/GeneralPlayView.js:258;src_jsc/Views/GeneralPlayView.js:722;src_jsc/Views/GeneralPlayView.js:735;src_jsc/Views/HungerLayer.js:222;src_jsc/Views/Meridians/PracticeMeridiansMainView.js:184;src_jsc/Views/Mgr.js:1019;src_jsc/Views/Mgr.js:1095;src_jsc/Views/QuickFight.js:203;src_jsc/Views/UpgradeCard/BaseUpgradeCard.js:149;src_jsc/Views/UpgradeCard/BaseUpgradeCard.js:168;src_jsc/cpp2jsb.js:85;src_jsc/cpp2jsb.js:102;src_jsc/cpp2jsb.js:124;src_jsc/cpp2jsb.js:150;src_jsc/cpp2jsb.js:187;src_jsc/cpp2jsb.js:198;src_jsc/cpp2jsb.js:212;src_jsc/cpp2jsb.js:273;src_jsc/cpp2jsb.js:316;src_jsc/cpp2jsb.js:335;src_jsc/cpp2jsb.js:358;src_jsc/cpp2jsb.js:381;src_jsc/cpp2jsb.js:401;src_jsc/cpp2jsb.js:416"
member,"cc.Director.getInstance",52,"src_jsc/Core/Cocos2d-x/jsb_cocos2d.js:929;src_jsc/Core/Cocos2d-x/jsb_cocos2d.js:1093;src_jsc/Core/Cocos2d-x/jsb_cocos2d.js:1105;src_jsc/Core/Cocos2d-x/jsb_cocos2d.js:1118;src_jsc/Core/alias.js:43;src_jsc/Scene/Aga/AgaScene.js:18;src_jsc/Scene/Aga/AgaScene.js:360;src_jsc/Scene/Aga/AgaScene.js:745;src_jsc/Scene/Aga/AgaScene.js:1385;src_jsc/Scene/Awake/AwakeBoxScene.js:17;src_jsc/Scene/Awake/AwakeScene.js:22;src_jsc/Scene/Beauty/BeautyScene.js:1446;src_jsc/Scene/Buddy/BuddyScene.js:34;src_jsc/Scene/Combat/CombatCardView.js:17;src_jsc/Scene/Combat/CombatUpgradeScene.js:24;src_jsc/Scene/Combat/CombatUpgradeScene.js:612;src_jsc/Scene/Copy/CopyScene.js:751;src_jsc/Scene/Copy/DuanWuCopyScene.js:751;src_jsc/Scene/Copy/LabourlCopyScene.js:751;src_jsc/Scene/Copy/MemorialCopyScene.js:751;src_jsc/Scene/Copy/PlantCopyScene.js:749;src_jsc/Scene/Copy/PublicCopyScene.js:794;src_jsc/Scene/Develop/AlchemyView.js:15;src_jsc/Scene/Develop/DevelopScene.js:15;src_jsc/Scene/FightChapter/DungeonView.js:59;src_jsc/Scene/FightChapter/DungeonView.js:77;src_jsc/Scene/Ladder/LadderChartScene.js:15;src_jsc/Scene/Ladder/LadderChartView.js:17;src_jsc/Scene/Ladder/LadderScene.js:24;src_jsc/Scene/Ladder/LadderView.js:23;src_jsc/Scene/Party/WishingScene.js:581;src_jsc/Scene/Skill/SkillScene.js:15;src_jsc/Scene/Social/SocialView.js:27;src_jsc/Scene/Store/ToastView.js:336;src_jsc/Utils/alias.js:5;src_jsc/Views/Awake/AwakeLayer.js:108;src_jsc/Views/CardNavigateView.js:30;src_jsc/Views/Dialog/AchieveDialog.js:22;src_jsc/Views/Dialog/AdvertisementDialogGuide.js:20;src_jsc/Views/Dialog/ErrorDialog.js:161;src_jsc/Views/Dialog/ErrorDialog.js:171;src_jsc/Views/Dialog/SlotMachinesActivities.js:83;src_jsc/Views/HDShowViews.js:29;src_jsc/Views/MiniTablePage.js:65;src_jsc/Views/SkillRefining/RefiningSkillShowTableView.js:43;src_jsc/Views/Table/ChaosTableView.js:30;src_jsc/Views/Table/ClimbLadderTableView.js:69;src_jsc/Views/Table/LadderChartTableView.js:30;src_jsc/Views/Table/RankTableView.js:49;src_jsc/Views/TablePageView.js:269;src_jsc/Views/TablePageView.js:514;src_jsc/Views/TablePageView.js:522"
member,"cc.DrawNode.create",4,"src_jsc/Utils/Node.js:164;src_jsc/Utils/Node.js:174;src_jsc/Utils/Node.js:202;src_jsc/Views/RoundClippingNode.js:21"
member,"cc.DrawNode.extend",1,"src_jsc/Core/Cocos2d-x/jsb_cocos2d.js:876"
member,"cc.EDITBOX_INPUT_FLAG_INITIAL_CAPS_ALL_CHARACTERS",1,"src_jsc/Core/Cocos2d-x/jsb_cocos2d_extension.js:53"
member,"cc.EDITBOX_INPUT_FLAG_INITIAL_CAPS_SENTENCE",1,"src_jsc/Core/Cocos2d-x/jsb_cocos2d_extension.js:51"
member,"cc.EDITBOX_INPUT_FLAG_INITIAL_CAPS_WORD",1,"src_jsc/Core/Cocos2d-x/jsb_cocos2d_extension.js:49"
member,"cc.EDITBOX_INPUT_FLAG_PASSWORD",4,"src_jsc/Core/Cocos2d-x/jsb_cocos2d_extension.js:45;src_jsc/Scene/Login/LoginScene_AnySdk.js:596;src_jsc/Scene/Login/LoginScene_BfSdk.js:456;src_jsc/Views/Dialog/BindingDialog.js:94"
member,"cc.EDITBOX_INPUT_FLAG_SENSITIVE",14,"src_jsc/Core/Cocos2d-x/jsb_cocos2d_extension.js:47;src_jsc/Scene/Debug/DebugScene.js:340;src_jsc/Scene/Login/LoginScene_AnySdk.js:562;src_jsc/Scene/Login/LoginScene_BfSdk.js:422;src_jsc/Scene/Login/LoginScene_BfSdk.js:850;src_jsc/Scene/Login/LoginScene_BfSdk.js:886;src_jsc/Views/Dialog/BindingDialog.js:58;src_jsc/Views/Dialog/BindingTelDialog.js:52;src_jsc/Views/Dialog/BindingTelDialog.js:88;src_jsc/Views/Dialog/IdCardBindingDialog.js:62;src_jsc/Views/Dialog/IdCardBindingDialog.js:104;src_jsc/Views/Dialog/UnionChgNoticeSignDialog.js:71;src_jsc/Views/Dialog/VerificationTelDialog.js:52;src_jsc/Views/Dialog/VerificationTelDialog.js:88"
member,"cc.EDITBOX_INPUT_MODE_ANY",1,"src_jsc/Core/Cocos2d-x/jsb_cocos2d_extension.js:31"
member,"cc.EDITBOX_INPUT_MODE_DECIMAL",1,"src_jsc/Core/Cocos2d-x/jsb_cocos2d_extension.js:41"
member,"cc.EDITBOX_INPUT_MODE_EMAILADDR",1,"src_jsc/Core/Cocos2d-x/jsb_cocos2d_extension.js:33"
member,"cc.EDITBOX_INPUT_MODE_NUMERIC",1,"src_jsc/Core/Cocos2d-x/jsb_cocos2d_extension.js:35"
member,"cc.EDITBOX_INPUT_MODE_PHONENUMBER",1,"src_jsc/Core/Cocos2d-x/jsb_cocos2d_extension.js:37"
member,"cc.EDITBOX_INPUT_MODE_SINGLELINE",19,"src_jsc/Core/Cocos2d-x/jsb_cocos2d_extension.js:43;src_jsc/Scene/Debug/DebugScene.js:338;src_jsc/Scene/Login/LoginScene_AnySdk.js:560;src_jsc/Scene/Login/LoginScene_AnySdk.js:594;src_jsc/Scene/Login/LoginScene_BfSdk.js:420;src_jsc/Scene/Login/LoginScene_BfSdk.js:454;src_jsc/Scene/Login/LoginScene_BfSdk.js:848;src_jsc/Scene/Login/LoginScene_BfSdk.js:884;src_jsc/Scene/Social/SocialView.js:74;src_jsc/Views/ChatContentLayer.js:129;src_jsc/Views/Dialog/BindingDialog.js:56;src_jsc/Views/Dialog/BindingDialog.js:92;src_jsc/Views/Dialog/BindingTelDialog.js:50;src_jsc/Views/Dialog/BindingTelDialog.js:86;src_jsc/Views/Dialog/IdCardBindingDialog.js:60;src_jsc/Views/Dialog/IdCardBindingDialog.js:96;src_jsc/Views/Dialog/UnionChgNoticeSignDialog.js:69;src_jsc/Views/Dialog/VerificationTelDialog.js:50;src_jsc/Views/Dialog/VerificationTelDialog.js:86"
member,"cc.EDITBOX_INPUT_MODE_URL",1,"src_jsc/Core/Cocos2d-x/jsb_cocos2d_extension.js:39"
member,"cc.EGLView.getInstance",2,"src_jsc/Core/alias.js:45;src_jsc/Utils/alias.js:7"
member,"cc.ENABLE_BOX2_D_INTEGRATION",1,"src_jsc/Core/Cocos2d-x/jsb_cocos2d_constants.js:35"
member,"cc.ENABLE_DEPRECATED",1,"src_jsc/Core/Cocos2d-x/jsb_cocos2d_constants.js:37"
member,"cc.ENABLE_GL_STATE_CACHE",1,"src_jsc/Core/Cocos2d-x/jsb_cocos2d_constants.js:39"
member,"cc.ENABLE_PROFILERS",1,"src_jsc/Core/Cocos2d-x/jsb_cocos2d_constants.js:41"
member,"cc.ENABLE_STACKABLE_ACTIONS",1,"src_jsc/Core/Cocos2d-x/jsb_cocos2d_constants.js:43"
member,"cc.EaseBackIn.create",5,"src_jsc/Views/SkillRefining/SkillRefiningLayer.js:253;src_jsc/Views/SkillRefining/SkillRefiningLayer.js:255;src_jsc/Views/SkillRefining/SkillRefiningLayer.js:259;src_jsc/Views/SkillRefining/SkillRefiningLayer.js:263;src_jsc/Views/SkillRefining/SkillRefiningLayer.js:265"
member,"cc.EaseBackOut.create",9,"src_jsc/Scene/Main/MainMenuScene.js:451;src_jsc/Views/GeneralSwapView.js:194;src_jsc/Views/GeneralSwapView.js:196;src_jsc/Views/GeneralSwapView.js:244;src_jsc/Views/GeneralSwapView.js:246;src_jsc/Views/Goddess/ThreeIconShowView.js:190;src_jsc/Views/Goddess/ThreeIconShowView.js:192;src_jsc/Views/Goddess/ThreeIconShowView.js:242;src_jsc/Views/Goddess/ThreeIconShowView.js:244"
member,"cc.EaseElasticOut.create",1,"src_jsc/Views/Union/UnionDialog.js:295"
member,"cc.EaseIn.create",3,"src_jsc/Utils/Node.js:670;src_jsc/Utils/Node.js:715;src_jsc/Views/Union/UnionDonationLayer.js:354"
member,"cc.EditBox.create",25,"src_jsc/Scene/Debug/DebugScene.js:322;src_jsc/Scene/Login/LoginScene_AnySdk.js:542;src_jsc/Scene/Login/LoginScene_AnySdk.js:578;src_jsc/Scene/Login/LoginScene_BfSdk.js:402;src_jsc/Scene/Login/LoginScene_BfSdk.js:438;src_jsc/Scene/Login/LoginScene_BfSdk.js:830;src_jsc/Scene/Login/LoginScene_BfSdk.js:866;src_jsc/Scene/Social/SocialView.js:60;src_jsc/Views/ChangeName.js:21;src_jsc/Views/ChatContentLayer.js:113;src_jsc/Views/Dialog/BindingDialog.js:38;src_jsc/Views/Dialog/BindingDialog.js:74;src_jsc/Views/Dialog/BindingTelDialog.js:32;src_jsc/Views/Dialog/BindingTelDialog.js:68;src_jsc/Views/Dialog/ExchangeCDKey.js:45;src_jsc/Views/Dialog/IdCardBindingDialog.js:42;src_jsc/Views/Dialog/IdCardBindingDialog.js:78;src_jsc/Views/Dialog/SpecificDialog.js:729;src_jsc/Views/Dialog/SpecificDialog.js:921;src_jsc/Views/Dialog/UnionChgNoticeSignDialog.js:53;src_jsc/Views/Dialog/VerificationTelDialog.js:32;src_jsc/Views/Dialog/VerificationTelDialog.js:68;src_jsc/Views/Union/UnionCreate.js:54;src_jsc/Views/Union/UnionCreate.js:83;src_jsc/Views/Union/UnionSearch.js:120"
member,"cc.FILE_UTILS_SEARCH_DIRECTORY_MODE",1,"src_jsc/Core/Cocos2d-x/jsb_cocos2d_constants.js:99"
member,"cc.FILE_UTILS_SEARCH_SUFFIX_MODE",1,"src_jsc/Core/Cocos2d-x/jsb_cocos2d_constants.js:101"
member,"cc.FIX_ARTIFACTS_BY_STRECHING_TEXEL",1,"src_jsc/Core/Cocos2d-x/jsb_cocos2d_constants.js:45"
member,"cc.FLIPED_ALL",1,"src_jsc/Core/Cocos2d-x/jsb_cocos2d_constants.js:103"
member,"cc.FLIPPED_MASK",1,"src_jsc/Core/Cocos2d-x/jsb_cocos2d_constants.js:105"
member,"cc.FadeIn.create",18,"src_jsc/Models/TreasureBox.js:92;src_jsc/Scene/Fight/FightScene.js:2146;src_jsc/Scene/UnionWar/UnionWarFightScene.js:197;src_jsc/Scene/UnionWar/UnionWarFightScene.js:232;src_jsc/Views/GeneralPlayView.js:462;src_jsc/Views/GeneralSwapView.js:155;src_jsc/Views/GeneralSwapView.js:205;src_jsc/Views/Goddess/ThreeIconShowView.js:149;src_jsc/Views/Goddess/ThreeIconShowView.js:201;src_jsc/Views/HornView.js:107;src_jsc/Views/SkillRefining/SkillRefiningLayer.js:250;src_jsc/Views/SkillRefining/SkillRefiningLayer.js:253;src_jsc/Views/SkillRefining/SkillRefiningLayer.js:255;src_jsc/Views/SkillRefining/SkillRefiningLayer.js:259;src_jsc/Views/SkillRefining/SkillRefiningLayer.js:263;src_jsc/Views/SkillRefining/SkillRefiningLayer.js:265;src_jsc/Views/TeamIconButton.js:349;src_jsc/Views/TeamIconButton_Buddy.js:85"
member,"cc.FadeOut.create",15,"src_jsc/Models/TreasureBox.js:92;src_jsc/Scene/FightChapter/DungeonView.js:207;src_jsc/Scene/UnionWar/UnionWarFightScene.js:252;src_jsc/Views/Card/Fight.js:317;src_jsc/Views/GeneralPlayView.js:431;src_jsc/Views/GeneralSwapView.js:165;src_jsc/Views/GeneralSwapView.js:215;src_jsc/Views/Goddess/ThreeIconShowView.js:159;src_jsc/Views/Goddess/ThreeIconShowView.js:211;src_jsc/Views/HornView.js:100;src_jsc/Views/Mgr.js:1021;src_jsc/Views/Mgr.js:1097;src_jsc/Views/SkillRefining/SkillRefiningLayer.js:284;src_jsc/Views/TeamIconButton.js:349;src_jsc/Views/TeamIconButton_Buddy.js:85"
member,"cc.FadeTo.create",9,"src_jsc/Scene/Fight/FightScene.js:2130;src_jsc/Scene/Fight/FightScene.js:2156;src_jsc/Scene/FightChapter/DungeonView.js:203;src_jsc/Views/Dialog/Story.js:131;src_jsc/Views/Dialog/Story.js:134;src_jsc/Views/Dialog/Story.js:136;src_jsc/Views/GeneralCardShow.js:195;src_jsc/Views/Mgr.js:774;src_jsc/Views/Mgr.js:796"
member,"cc.FileUtils.getInstance",24,"src_jsc/Core/Utils/headers.js:244;src_jsc/Core/Utils/headers.js:248;src_jsc/Core/Utils/headers.js:252;src_jsc/Models/HD.js:17;src_jsc/Models/HD.js:36;src_jsc/Tools/Net.js:1507;src_jsc/Tools/Net.js:1509;src_jsc/Tools/Net.js:1511;src_jsc/Tools/Net.js:1513;src_jsc/Tools/Net.js:1515;src_jsc/Tools/Net.js:1517;src_jsc/Tools/Net.js:1601;src_jsc/Tools/Net.js:1603;src_jsc/Tools/Net.js:1605;src_jsc/Tools/Net.js:1607;src_jsc/Tools/Net.js:1609;src_jsc/Tools/Sys.js:54;src_jsc/Update/UpdateScene.js:822;src_jsc/Update/UpdateScene.js:939;src_jsc/Utils/FileSys.js:9;src_jsc/Utils/FileSys.js:13;src_jsc/Utils/FileSys.js:17;src_jsc/Views/HDShowViews.js:22;src_jsc/main.js:38"
member,"cc.GLNode.extend",1,"src_jsc/Core/Cocos2d-x/jsb_cocos2d_extension.js:127"
member,"cc.GL_ALL",1,"src_jsc/Core/Cocos2d-x/jsb_cocos2d_constants.js:47"
member,"cc.GREEN",1,"src_jsc/Core/Cocos2d-x/jsb_cocos2d.js:153"
member,"cc.Hide.create",21,"src_jsc/Scene/Fight/FightScene.js:1164;src_jsc/Scene/Fight/FightScene.js:1392;src_jsc/Scene/Fight/FightScene.js:1450;src_jsc/Scene/Fight/FightScene.js:1624;src_jsc/Scene/Fight/FightScene.js:1686;src_jsc/Utils/Node.js:672;src_jsc/Utils/Node.js:720;src_jsc/Views/Card/Fight.js:163;src_jsc/Views/Card/Fight.js:205;src_jsc/Views/GeneralPlayView.js:260;src_jsc/Views/GeneralPlayView.js:737;src_jsc/Views/Mgr.js:778;src_jsc/Views/Mgr.js:796;src_jsc/Views/Mgr.js:822;src_jsc/Views/Mgr.js:838;src_jsc/Views/SkillRefining/SkillRefiningLayer.js:250;src_jsc/Views/SkillRefining/SkillRefiningLayer.js:253;src_jsc/Views/SkillRefining/SkillRefiningLayer.js:255;src_jsc/Views/SkillRefining/SkillRefiningLayer.js:259;src_jsc/Views/SkillRefining/SkillRefiningLayer.js:263;src_jsc/Views/SkillRefining/SkillRefiningLayer.js:265"
member,"cc.IMAGE_FORMAT_JPEG",2,"src_jsc/Core/Cocos2d-x/jsb_cocos2d.js:109;src_jsc/Core/Cocos2d-x/jsb_cocos2d_constants.js:107"
member,"cc.IMAGE_FORMAT_PNG",2,"src_jsc/Core/Cocos2d-x/jsb_cocos2d.js:111;src_jsc/Core/Cocos2d-x/jsb_cocos2d_constants.js:109"
member,"cc.ITEM_SIZE",1,"src_jsc/Core/Cocos2d-x/jsb_cocos2d_constants.js:111"
member,"cc.JumpBy.create",1,"src_jsc/Update/UpdateScene.js:133"
member,"cc.KEYBOARD_RETURNTYPE_DEFAULT",1,"src_jsc/Core/Cocos2d-x/jsb_cocos2d_extension.js:21"
member,"cc.KEYBOARD_RETURNTYPE_DONE",25,"src_jsc/Core/Cocos2d-x/jsb_cocos2d_extension.js:23;src_jsc/Scene/Debug/DebugScene.js:342;src_jsc/Scene/Login/LoginScene_AnySdk.js:564;src_jsc/Scene/Login/LoginScene_AnySdk.js:598;src_jsc/Scene/Login/LoginScene_BfSdk.js:424;src_jsc/Scene/Login/LoginScene_BfSdk.js:458;src_jsc/Scene/Login/LoginScene_BfSdk.js:852;src_jsc/Scene/Login/LoginScene_BfSdk.js:888;src_jsc/Scene/Social/SocialView.js:76;src_jsc/Views/ChangeName.js:31;src_jsc/Views/ChatContentLayer.js:131;src_jsc/Views/Dialog/BindingDialog.js:60;src_jsc/Views/Dialog/BindingDialog.js:96;src_jsc/Views/Dialog/BindingTelDialog.js:54;src_jsc/Views/Dialog/BindingTelDialog.js:90;src_jsc/Views/Dialog/IdCardBindingDialog.js:64;src_jsc/Views/Dialog/IdCardBindingDialog.js:98;src_jsc/Views/Dialog/SpecificDialog.js:741;src_jsc/Views/Dialog/SpecificDialog.js:933;src_jsc/Views/Dialog/UnionChgNoticeSignDialog.js:73;src_jsc/Views/Dialog/VerificationTelDialog.js:54;src_jsc/Views/Dialog/VerificationTelDialog.js:90;src_jsc/Views/Union/UnionCreate.js:66;src_jsc/Views/Union/UnionCreate.js:95;src_jsc/Views/Union/UnionSearch.js:132"
member,"cc.KEYBOARD_RETURNTYPE_GO",1,"src_jsc/Core/Cocos2d-x/jsb_cocos2d_extension.js:29"
member,"cc.KEYBOARD_RETURNTYPE_SEARCH",1,"src_jsc/Core/Cocos2d-x/jsb_cocos2d_extension.js:27"
member,"cc.KEYBOARD_RETURNTYPE_SEND",1,"src_jsc/Core/Cocos2d-x/jsb_cocos2d_extension.js:25"
member,"cc.LABELATLAS_DEBUG_DRAW",1,"src_jsc/Core/Cocos2d-x/jsb_cocos2d_constants.js:49"
member,"cc.LABELBMFONT_DEBUG_DRAW",1,"src_jsc/Core/Cocos2d-x/jsb_cocos2d_constants.js:51"
member,"cc.LABEL_AUTOMATIC_WIDTH",1,"src_jsc/Core/Cocos2d-x/jsb_cocos2d_constants.js:113"
member,"cc.LANGUAGE_ARABIC",1,"src_jsc/Core/Cocos2d-x/jsb_cocos2d.js:69"
member,"cc.LANGUAGE_CHINESE",1,"src_jsc/Core/Cocos2d-x/jsb_cocos2d.js:49"
member,"cc.LANGUAGE_ENGLISH",1,"src_jsc/Core/Cocos2d-x/jsb_cocos2d.js:47"
member,"cc.LANGUAGE_FRENCH",1,"src_jsc/Core/Cocos2d-x/jsb_cocos2d.js:51"
member,"cc.LANGUAGE_GERMAN",1,"src_jsc/Core/Cocos2d-x/jsb_cocos2d.js:55"
member,"cc.LANGUAGE_HUNGARIAN",1,"src_jsc/Core/Cocos2d-x/jsb_cocos2d.js:65"
member,"cc.LANGUAGE_ITALIAN",1,"src_jsc/Core/Cocos2d-x/jsb_cocos2d.js:53"
member,"cc.LANGUAGE_JAPANESE",1,"src_jsc/Core/Cocos2d-x/jsb_cocos2d.js:63"
member,"cc.LANGUAGE_KOREAN",1,"src_jsc/Core/Cocos2d-x/jsb_cocos2d.js:61"
member,"cc.LANGUAGE_PORTUGUESE",1,"src_jsc/Core/Cocos2d-x/jsb_cocos2d.js:67"
member,"cc.LANGUAGE_RUSSIAN",1,"src_jsc/Core/Cocos2d-x/jsb_cocos2d.js:59"
member,"cc.LANGUAGE_SPANISH",1,"src_jsc/Core/Cocos2d-x/jsb_cocos2d.js:57"
member,"cc.LINE_BREAK_MODE_CHARACTER_WRAP",1,"src_jsc/Core/Cocos2d-x/jsb_cocos2d_constants.js:115"
member,"cc.LINE_BREAK_MODE_CLIP",1,"src_jsc/Core/Cocos2d-x/jsb_cocos2d_constants.js:117"
member,"cc.LINE_BREAK_MODE_HEAD_TRUNCATION",1,"src_jsc/Core/Cocos2d-x/jsb_cocos2d_constants.js:119"
member,"cc.LINE_BREAK_MODE_MIDDLE_TRUNCATION",1,"src_jsc/Core/Cocos2d-x/jsb_cocos2d_constants.js:121"
member,"cc.LINE_BREAK_MODE_TAIL_TRUNCATION",1,"src_jsc/Core/Cocos2d-x/jsb_cocos2d_constants.js:123"
member,"cc.LINE_BREAK_MODE_WORD_WRAP",1,"src_jsc/Core/Cocos2d-x/jsb_cocos2d_constants.js:125"
member,"cc.LabelAtlas._create",1,"src_jsc/Core/Cocos2d-x/jsb_cocos2d.js:730"
member,"cc.LabelAtlas._create.apply",1,"src_jsc/Core/Cocos2d-x/jsb_cocos2d.js:733"
member,"cc.LabelAtlas.create",1,"src_jsc/Core/Cocos2d-x/jsb_cocos2d.js:722"
member,"cc.LabelBMFont.create",3,"src_jsc/Factorys/LabelBMFont.js:20;src_jsc/Factorys/LabelBMFont.js:111;src_jsc/Views/Label/LabelBMF.js:9"
member,"cc.LabelTTF.create",10,"src_jsc/Factorys/LabelTTF.js:16;src_jsc/Scene/TeamBuild/TeamBuildScene.js:52;src_jsc/Scene/TeamBuild/TeamMemberNavigation.js:49;src_jsc/Scene/TeamBuild/TeamMemberNavigation.js:350;src_jsc/Update/UpdateScene.js:127;src_jsc/Update/UpdateScene.js:137;src_jsc/Update/UpdateScene.js:181;src_jsc/Views/Dialog/ErrorDialog.js:34;src_jsc/Views/Label/LabelTTF.js:9;src_jsc/Views/SplitLabelTTF.js:84"
member,"cc.Layer",134,"src_jsc/Libs/Views/Layer/BaseLayer.js:11;src_jsc/Scene/Awake/AwakeBoxView.js:20;src_jsc/Scene/Beauty/BeautyScene.js:11;src_jsc/Scene/Chaos/ChaosFight.js:10;src_jsc/Scene/Chaos/ChaosHomeView.js:10;src_jsc/Scene/Climb/ClimbLadderRankListScene.js:10;src_jsc/Scene/Combat/CombatCardView.js:12;src_jsc/Scene/Combat/CombatUpgradeScene.js:15;src_jsc/Scene/Copy/CopyScene.js:11;src_jsc/Scene/Copy/DuanWuCopyScene.js:11;src_jsc/Scene/Copy/LabourlCopyScene.js:11;src_jsc/Scene/Copy/MemorialCopyScene.js:11;src_jsc/Scene/Copy/PlantCopyScene.js:11;src_jsc/Scene/Copy/PublicCopyScene.js:11;src_jsc/Scene/Debug/DebugScene.js:172;src_jsc/Scene/Develop/AlchemyView.js:10;src_jsc/Scene/Develop/DevelopScene.js:10;src_jsc/Scene/Equ/EquipmentScene.js:10;src_jsc/Scene/FightChapter/FightChapters.js:10;src_jsc/Scene/Gems/GemsScene.js:11;src_jsc/Scene/GeneralSelect/GeneralSelectScene.js:10;src_jsc/Scene/Ladder/LadderChartView.js:10;src_jsc/Scene/Ladder/LadderGiftView.js:14;src_jsc/Scene/Ladder/LadderGiftView_Honor.js:14;src_jsc/Scene/Ladder/LadderTenFightResultDialog.js:11;src_jsc/Scene/Ladder/LadderView.js:10;src_jsc/Scene/Login/LoginScene_AnySdk.js:10;src_jsc/Scene/Login/LoginScene_BfSdk.js:10;src_jsc/Scene/Login/LoginScene_EasyGuestSdk.js:10;src_jsc/Scene/Login/LoginScene_EasySdk.js:10;src_jsc/Scene/Login/LoginScene_ThirdGuestSdk.js:10;src_jsc/Scene/Login/LoginScene_ThirdSdk.js:10;src_jsc/Scene/Mail/MailSystemScene.js:10;src_jsc/Scene/Mail/MailView.js:10;src_jsc/Scene/Main/MainMenuScene.js:11;src_jsc/Scene/NewPlayer/NewPlayerScene.js:10;src_jsc/Scene/Rank/RankScene.js:11;src_jsc/Scene/Setting/ContactGMScene.js:50;src_jsc/Scene/Setting/ContactGMScene.js:121;src_jsc/Scene/Setting/SettingScene.js:66;src_jsc/Scene/Skill/SkillScene.js:10;src_jsc/Scene/Social/SocialView.js:16;src_jsc/Scene/Store/ToastView.js:11;src_jsc/Scene/SubMenu/GeneralMenuScene.js:10;src_jsc/Scene/SubMenu/MenuMenuScene.js:10;src_jsc/Scene/TeamBuild/TeamBuildScene.js:244;src_jsc/Scene/TeamBuild/TeamBuildScene_V2.js:11;src_jsc/Scene/TeamBuild/TeamMemberNavigation.js:416;src_jsc/Update/UpdateScene.js:49;src_jsc/Views/Awake/AwakeLayer.js:24;src_jsc/Views/CardListView.js:10;src_jsc/Views/CardListView_v2.js:20;src_jsc/Views/ChatContentLayer.js:10;src_jsc/Views/ClimbLadderArtifactStorey.js:10;src_jsc/Views/ClimbLadderPFKGView.js:20;src_jsc/Views/DecisiveBattle/DecisiveBattleMainView.js:28;src_jsc/Views/DecisiveBattle/DecisiveBattlePreviewView.js:11;src_jsc/Views/DecisiveBattle/SupportPointsExchangeView.js:11;src_jsc/Views/DecisiveBattle/SupportRecordView.js:28;src_jsc/Views/Dialog/AnnouncementDialog.js:196;src_jsc/Views/Dialog/AutoMultiKillSelectDialog.js:10;src_jsc/Views/Dialog/DecisiveSupportDialog.js:11;src_jsc/Views/Dialog/DecisiveSupportDialog.js:280;src_jsc/Views/Dialog/DevelopInstruction.js:11;src_jsc/Views/Dialog/Dialog.js:215;src_jsc/Views/Dialog/ErrorDialog.js:12;src_jsc/Views/Dialog/ExchangeCDKey.js:10;src_jsc/Views/Dialog/FriendOperationDialog.js:10;src_jsc/Views/Dialog/GoldDrawDialog.js:11;src_jsc/Views/Dialog/InstructionDialog.js:11;src_jsc/Views/Dialog/MulitiFightDialog.js:11;src_jsc/Views/Dialog/MultiItemBuyDialog.js:10;src_jsc/Views/Dialog/MultiItemExchangeDialog.js:10;src_jsc/Views/Dialog/PublicNotice.js:12;src_jsc/Views/Dialog/RefineEquipmentDialog.js:10;src_jsc/Views/Dialog/SelectOpenBoxNumDialog.js:10;src_jsc/Views/Dialog/SelectResolveNumDialog.js:10;src_jsc/Views/Dialog/SkillUpDialog.js:666;src_jsc/Views/Dialog/SlotMachinesActivities.js:38;src_jsc/Views/Dialog/UnionActiveDialog.js:199;src_jsc/Views/Dialog/UnionDepotMemberDialog.js:218;src_jsc/Views/Dialog/UnionDepotNumChooseDialog.js:22;src_jsc/Views/Dialog/UnionWarBattleResultDialog.js:179;src_jsc/Views/Gems/AllGemsListDialog.js:10;src_jsc/Views/Gems/GemsBagView.js:197;src_jsc/Views/Gems/GemsComposeView.js:16;src_jsc/Views/Gems/GemsPunchView.js:79;src_jsc/Views/Gems/GemsSophisticationReplaceDialog.js:199;src_jsc/Views/Gems/GemsSophisticationView.js:17;src_jsc/Views/GeneralPlayView.js:14;src_jsc/Views/GeneralSwapView.js:10;src_jsc/Views/Goddess/GoddessAchievementDialog.js:16;src_jsc/Views/Goddess/GoddessAchievementDialog.js:259;src_jsc/Views/Goddess/GoddessMainView.js:30;src_jsc/Views/Goddess/ThreeIconShowView.js:10;src_jsc/Views/HulaoBattle/GarrisonLayoutDialog.js:11;src_jsc/Views/HulaoBattle/HulaoBattleMainView.js:23;src_jsc/Views/HulaoBattle/HulaoBattleSelectDifficulty.js:27;src_jsc/Views/HulaoBattle/LightenLuckDialog.js:11;src_jsc/Views/HungerLayer.js:13;src_jsc/Views/InterService/InterServiceFightView.js:33;src_jsc/Views/InterService/InterServiceRegistrationView.js:20;src_jsc/Views/InterService/InterServiceWorshipView.js:11;src_jsc/Views/InterService/PointsExchangeView.js:11;src_jsc/Views/InterService/PointsRankDialog.js:155;src_jsc/Views/InterService/PopularityRewardView.js:200;src_jsc/Views/InterService/PromptFrameDialog.js:10;src_jsc/Views/MTipsListView.js:10;src_jsc/Views/Meridians/AcupointListView.js:10;src_jsc/Views/Meridians/AcupointListView.js:97;src_jsc/Views/Meridians/DetailsListView.js:10;src_jsc/Views/Meridians/DetailsListView.js:127;src_jsc/Views/Meridians/MeridiansMainView.js:11;src_jsc/Views/Meridians/PracticeMeridiansMainView.js:11;src_jsc/Views/MiracleWeapons/MiracleWeaponInforDialog.js:21;src_jsc/Views/MiracleWeapons/MiracleWeaponLayer.js:61;src_jsc/Views/MiracleWeapons/SelectMiracleWeaponLayer.js:23;src_jsc/Views/MiracleWeapons/ThreeMiracleWeaponsShowLayer.js:12;src_jsc/Views/MultiPagesMenuView.js:10;src_jsc/Views/ReincarnationView.js:10;src_jsc/Views/ServerSelectView.js:214;src_jsc/Views/SkillCompoundView.js:10;src_jsc/Views/SkillRefining/RefiningSkillDialog.js:10;src_jsc/Views/SkillRefining/SkillRefiningLayer.js:28;src_jsc/Views/SortController.js:10;src_jsc/Views/TableViewCellButton.js:10;src_jsc/Views/Union/UnionBaseLayer.js:11;src_jsc/Views/Union/UnionDepotLayer.js:190;src_jsc/Views/Union/UnionMemberLayer.js:318;src_jsc/Views/Union/UnionMembershipLayer.js:198;src_jsc/Views/Union/UnionRankingLayer.js:251;src_jsc/Views/Union/UnionShopLayer.js:214;src_jsc/Views/UpgradeCard/CardAwakeView.js:10;src_jsc/Views/UserLevelUp.js:10"
member,"cc.Layer.create",3,"src_jsc/Scene/Fight/FightScene.js:48;src_jsc/Views/UnionWarFightView.js:65;src_jsc/Views/UnionWarFightView.js:67"
member,"cc.Layer.extend",89,"src_jsc/Core/Cocos2d-x/jsb_cocos2d.js:864;src_jsc/Scene/Awake/AwakeBoxView.js:5;src_jsc/Scene/Beauty/BeautyScene.js:5;src_jsc/Scene/Chaos/ChaosFight.js:5;src_jsc/Scene/Chaos/ChaosHomeView.js:5;src_jsc/Scene/Climb/StartBattleScene.js:5;src_jsc/Scene/Combat/CombatCardView.js:5;src_jsc/Scene/Combat/CombatUpgradeScene.js:9;src_jsc/Scene/Copy/CopyScene.js:5;src_jsc/Scene/Copy/DuanWuCopyScene.js:5;src_jsc/Scene/Copy/LabourlCopyScene.js:5;src_jsc/Scene/Copy/MemorialCopyScene.js:5;src_jsc/Scene/Copy/PlantCopyScene.js:5;src_jsc/Scene/Copy/PublicCopyScene.js:5;src_jsc/Scene/Debug/DebugScene.js:142;src_jsc/Scene/Debug/DebugScene.js:249;src_jsc/Scene/Develop/AlchemyView.js:5;src_jsc/Scene/Develop/DevelopScene.js:5;src_jsc/Scene/Equ/EquipmentScene.js:5;src_jsc/Scene/Fight/FightScene.js:5;src_jsc/Scene/FightChapter/FightChapters.js:5;src_jsc/Scene/GeneralSelect/GeneralSelectScene.js:5;src_jsc/Scene/Ladder/LadderChartView.js:5;src_jsc/Scene/Ladder/LadderGiftView.js:9;src_jsc/Scene/Ladder/LadderGiftView_Honor.js:9;src_jsc/Scene/Ladder/LadderView.js:5;src_jsc/Scene/Login/LoginScene_AnySdk.js:5;src_jsc/Scene/Login/LoginScene_BfSdk.js:5;src_jsc/Scene/Login/LoginScene_EasyGuestSdk.js:5;src_jsc/Scene/Login/LoginScene_EasySdk.js:5;src_jsc/Scene/Login/LoginScene_ThirdGuestSdk.js:5;src_jsc/Scene/Login/LoginScene_ThirdSdk.js:5;src_jsc/Scene/Mail/MailView.js:5;src_jsc/Scene/Main/MainMenuScene.js:5;src_jsc/Scene/Party/WishingScene.js:5;src_jsc/Scene/Setting/ContactGMScene.js:45;src_jsc/Scene/Setting/ContactGMScene.js:116;src_jsc/Scene/Setting/SettingScene.js:61;src_jsc/Scene/Skill/SkillScene.js:5;src_jsc/Scene/Social/SocialView.js:11;src_jsc/Scene/Store/ToastView.js:5;src_jsc/Scene/SubMenu/GeneralMenuScene.js:5;src_jsc/Scene/SubMenu/MenuMenuScene.js:5;src_jsc/Scene/TeamBuild/TeamBuildScene.js:238;src_jsc/Scene/TeamBuild/TeamBuildScene_V2.js:5;src_jsc/Scene/TeamBuild/TeamMemberNavigation.js:411;src_jsc/Update/UpdateScene.js:7;src_jsc/Views/Awake/AwakeLayer.js:5;src_jsc/Views/CardListView.js:5;src_jsc/Views/CardListView_v2.js:15;src_jsc/Views/ChatContentLayer.js:5;src_jsc/Views/ClimbLadderArtifactStorey.js:5;src_jsc/Views/ClimbLadderPFKGView.js:5;src_jsc/Views/DecisiveBattle/DecisiveBattleMainView.js:5;src_jsc/Views/DecisiveBattle/SupportPointsExchangeView.js:5;src_jsc/Views/DecisiveBattle/SupportRecordView.js:5;src_jsc/Views/Dialog/SkillUpDialog.js:661;src_jsc/Views/Gems/GemsComposeView.js:11;src_jsc/Views/Gems/GemsHoleextendView.js:5;src_jsc/Views/Gems/GemsPunchView.js:74;src_jsc/Views/Gems/GemsSophisticationView.js:11;src_jsc/Views/GeneralPlayView.js:9;src_jsc/Views/GeneralSwapView.js:5;src_jsc/Views/Goddess/GoddessMainView.js:5;src_jsc/Views/Goddess/ThreeIconShowView.js:5;src_jsc/Views/HulaoBattle/HulaoBattleMainView.js:5;src_jsc/Views/HungerLayer.js:5;src_jsc/Views/InterService/InterServiceFightView.js:5;src_jsc/Views/InterService/InterServiceRegistrationView.js:5;src_jsc/Views/InterService/PointsExchangeView.js:5;src_jsc/Views/InterService/PopularityRewardView.js:194;src_jsc/Views/MTipsListView.js:5;src_jsc/Views/MainMenuBtnView.js:5;src_jsc/Views/Meridians/AcupointListView.js:5;src_jsc/Views/Meridians/AcupointListView.js:92;src_jsc/Views/Meridians/DetailsListView.js:5;src_jsc/Views/Meridians/DetailsListView.js:122;src_jsc/Views/Meridians/MeridiansMainView.js:5;src_jsc/Views/Meridians/PracticeMeridiansMainView.js:5;src_jsc/Views/MiracleWeapons/MiracleWeaponLayer.js:5;src_jsc/Views/MiracleWeapons/SelectMiracleWeaponLayer.js:5;src_jsc/Views/MiracleWeapons/ThreeMiracleWeaponsShowLayer.js:5;src_jsc/Views/MultiPagesMenuView.js:5;src_jsc/Views/ServerSelectView.js:207;src_jsc/Views/SkillCompoundView.js:5;src_jsc/Views/SkillRefining/SkillRefiningLayer.js:5;src_jsc/Views/SortController.js:5;src_jsc/Views/TableViewCellButton.js:5;src_jsc/Views/Union/UnionBaseLayer.js:5"
member,"cc.LayerColor",1,"src_jsc/Scene/FightChapter/DungeonView.js:10"
member,"cc.LayerColor.create",14,"src_jsc/Factorys/Skill/Item/Item.js:852;src_jsc/Scene/Fight/FightScene.js:312;src_jsc/Scene/Fight/FightScene.js:439;src_jsc/Scene/Fight/FightScene.js:451;src_jsc/Scene/UnionWar/UnionWarBattleScene.js:45;src_jsc/Scene/UnionWar/UnionWarChangeFormationScene.js:44;src_jsc/Scene/UnionWar/UnionWarFightScene.js:56;src_jsc/Scene/UnionWar/UnionWarFightScene.js:227;src_jsc/Tools/UI.js:84;src_jsc/Views/Dialog/Dialog.js:231;src_jsc/Views/Dialog/Story.js:38;src_jsc/Views/HDShowViews.js:17;src_jsc/Views/HungerLayer.js:143;src_jsc/Views/Mgr.js:445"
member,"cc.LayerColor.extend",3,"src_jsc/Core/Cocos2d-x/jsb_cocos2d.js:868;src_jsc/Libs/Views/Layer/BaseLayer.js:5;src_jsc/Scene/FightChapter/DungeonView.js:5"
member,"cc.LayerGradient.extend",1,"src_jsc/Core/Cocos2d-x/jsb_cocos2d.js:866"
member,"cc.LayerMultiplex.create",1,"src_jsc/Core/Cocos2d-x/jsb_cocos2d.js:737"
member,"cc.LayerMultiplex.createWithArray",1,"src_jsc/Core/Cocos2d-x/jsb_cocos2d.js:737"
member,"cc.Loader",3,"src_jsc/Core/Cocos2d-x/jsb_cocos2d.js:878;src_jsc/Core/Cocos2d-x/jsb_cocos2d.js:894;src_jsc/Core/Cocos2d-x/jsb_cocos2d.js:902"
member,"cc.Loader.preload",1,"src_jsc/Core/Cocos2d-x/jsb_cocos2d.js:891"
member,"cc.LoaderScene",1,"src_jsc/Core/Cocos2d-x/jsb_cocos2d.js:902"
member,"cc.MAC_USE_DISPLAY_LINK_THREAD",1,"src_jsc/Core/Cocos2d-x/jsb_cocos2d_constants.js:53"
member,"cc.MAC_USE_MAIN_THREAD",1,"src_jsc/Core/Cocos2d-x/jsb_cocos2d_constants.js:55"
member,"cc.MAC_USE_OWN_THREAD",1,"src_jsc/Core/Cocos2d-x/jsb_cocos2d_constants.js:57"
member,"cc.MAC_VERSION_10_6",1,"src_jsc/Core/Cocos2d-x/jsb_cocos2d_constants.js:127"
member,"cc.MAC_VERSION_10_7",1,"src_jsc/Core/Cocos2d-x/jsb_cocos2d_constants.js:129"
member,"cc.MAC_VERSION_10_8",1,"src_jsc/Core/Cocos2d-x/jsb_cocos2d_constants.js:131"
member,"cc.MENU_HANDLER_PRIORITY",2,"src_jsc/Core/Cocos2d-x/jsb_cocos2d.js:171;src_jsc/Core/Cocos2d-x/jsb_cocos2d_constants.js:133"
member,"cc.MENU_STATE_TRACKING_TOUCH",2,"src_jsc/Core/Cocos2d-x/jsb_cocos2d.js:169;src_jsc/Core/Cocos2d-x/jsb_cocos2d_constants.js:135"
member,"cc.MENU_STATE_WAITING",2,"src_jsc/Core/Cocos2d-x/jsb_cocos2d.js:167;src_jsc/Core/Cocos2d-x/jsb_cocos2d_constants.js:137"
member,"cc.Menu.create",2,"src_jsc/Scene/TeamBuild/TeamBuildScene.js:386;src_jsc/Scene/TeamBuild/TeamBuildScene_V2.js:277"
member,"cc.MenuItemFont.extend",1,"src_jsc/Core/Cocos2d-x/jsb_cocos2d.js:872"
member,"cc.MenuItemImage.create",2,"src_jsc/Scene/TeamBuild/TeamBuildScene.js:380;src_jsc/Scene/TeamBuild/TeamBuildScene_V2.js:268"
member,"cc.MenuItemToggle._create.apply",2,"src_jsc/Core/Cocos2d-x/jsb_cocos2d.js:706;src_jsc/Core/Cocos2d-x/jsb_cocos2d.js:718"
member,"cc.MenuItemToggle.create",1,"src_jsc/Core/Cocos2d-x/jsb_cocos2d.js:688"
member,"cc.MoveBy.create",36,"src_jsc/Factorys/Skill/Item/Timeline.js:234;src_jsc/Scene/Fight/FightScene.js:1072;src_jsc/Scene/Fight/FightScene.js:1073;src_jsc/Scene/Fight/FightScene.js:1074;src_jsc/Scene/Fight/FightScene.js:1075;src_jsc/Scene/Fight/FightScene.js:1087;src_jsc/Scene/Fight/FightScene.js:1088;src_jsc/Scene/Fight/FightScene.js:1089;src_jsc/Scene/Fight/FightScene.js:1090;src_jsc/Scene/Fight/FightScene.js:1396;src_jsc/Scene/Fight/FightScene.js:1400;src_jsc/Scene/Fight/FightScene.js:1402;src_jsc/Scene/Fight/FightScene.js:1404;src_jsc/Scene/Fight/FightScene.js:1454;src_jsc/Scene/Fight/FightScene.js:1458;src_jsc/Scene/Fight/FightScene.js:1460;src_jsc/Scene/Fight/FightScene.js:1462;src_jsc/Scene/Fight/FightScene.js:2482;src_jsc/Scene/Fight/FightScene.js:2482;src_jsc/Utils/Node.js:713;src_jsc/Views/Card/Fight.js:148;src_jsc/Views/Card/Fight.js:150;src_jsc/Views/Mgr.js:779;src_jsc/Views/Mgr.js:781;src_jsc/Views/Mgr.js:782;src_jsc/Views/Mgr.js:783;src_jsc/Views/Mgr.js:784;src_jsc/Views/Mgr.js:785;src_jsc/Views/Mgr.js:820;src_jsc/Views/Mgr.js:821;src_jsc/Views/Mgr.js:836;src_jsc/Views/Mgr.js:837;src_jsc/Views/Mgr.js:1015;src_jsc/Views/Mgr.js:1091;src_jsc/Views/QuickFight.js:199;src_jsc/Views/UnionWarFightView.js:249"
member,"cc.MoveTo.create",47,"src_jsc/Scene/Combat/CombatCardView.js:333;src_jsc/Scene/Fight/FightScene.js:1836;src_jsc/Scene/Fight/FightScene.js:2437;src_jsc/Scene/Ladder/LadderCardShow.js:420;src_jsc/Scene/Main/MainMenuScene.js:341;src_jsc/Scene/Main/MainMenuScene.js:449;src_jsc/Utils/Node.js:668;src_jsc/Views/CardListView.js:393;src_jsc/Views/Dialog/SkillUpDialog.js:502;src_jsc/Views/GeneralCardShow.js:189;src_jsc/Views/GeneralPlayView.js:433;src_jsc/Views/GeneralPlayView.js:439;src_jsc/Views/GeneralPlayView.js:464;src_jsc/Views/GeneralPlayView.js:470;src_jsc/Views/GeneralPlayView.js:528;src_jsc/Views/GeneralSwapView.js:157;src_jsc/Views/GeneralSwapView.js:167;src_jsc/Views/GeneralSwapView.js:194;src_jsc/Views/GeneralSwapView.js:196;src_jsc/Views/GeneralSwapView.js:207;src_jsc/Views/GeneralSwapView.js:217;src_jsc/Views/GeneralSwapView.js:244;src_jsc/Views/GeneralSwapView.js:246;src_jsc/Views/Goddess/ThreeIconShowView.js:151;src_jsc/Views/Goddess/ThreeIconShowView.js:161;src_jsc/Views/Goddess/ThreeIconShowView.js:190;src_jsc/Views/Goddess/ThreeIconShowView.js:192;src_jsc/Views/Goddess/ThreeIconShowView.js:203;src_jsc/Views/Goddess/ThreeIconShowView.js:213;src_jsc/Views/Goddess/ThreeIconShowView.js:242;src_jsc/Views/Goddess/ThreeIconShowView.js:244;src_jsc/Views/Meridians/MeridiansMainView.js:234;src_jsc/Views/Meridians/MeridiansMainView.js:236;src_jsc/Views/Meridians/MeridiansMainView.js:238;src_jsc/Views/Meridians/MeridiansMainView.js:240;src_jsc/Views/Meridians/MeridiansMainView.js:242;src_jsc/Views/Meridians/MeridiansMainView.js:244;src_jsc/Views/MiracleWeapons/ThreeMiracleWeaponsShowLayer.js:282;src_jsc/Views/MiracleWeapons/ThreeMiracleWeaponsShowLayer.js:286;src_jsc/Views/MiracleWeapons/ThreeMiracleWeaponsShowLayer.js:306;src_jsc/Views/MiracleWeapons/ThreeMiracleWeaponsShowLayer.js:310;src_jsc/Views/MiracleWeapons/ThreeMiracleWeaponsShowLayer.js:359;src_jsc/Views/MiracleWeapons/ThreeMiracleWeaponsShowLayer.js:363;src_jsc/Views/MiracleWeapons/ThreeMiracleWeaponsShowLayer.js:383;src_jsc/Views/MiracleWeapons/ThreeMiracleWeaponsShowLayer.js:387;src_jsc/Views/MultiPagesMenuView.js:305;src_jsc/Views/UpgradeCard/BaseUpgradeCard.js:306"
member,"cc.NODE_RENDER_SUBPIXEL",1,"src_jsc/Core/Cocos2d-x/jsb_cocos2d_constants.js:59"
member,"cc.NODE_TAG_INVALID",1,"src_jsc/Core/Cocos2d-x/jsb_cocos2d_constants.js:139"
member,"cc.Node",62,"src_jsc/Scene/Aga/AgaScene.js:11;src_jsc/Scene/Aga/AgaScene.js:342;src_jsc/Scene/Aga/AgaScene.js:738;src_jsc/Scene/Awake/AwakeBoxView.js:484;src_jsc/Scene/Awake/AwakeBoxView.js:690;src_jsc/Scene/Develop/AlchemyView.js:287;src_jsc/Scene/Develop/AlchemyView.js:535;src_jsc/Scene/GeneralSelect/GeneralSelectScene.js:289;src_jsc/Scene/Ladder/LadderCardShow.js:10;src_jsc/Scene/Party/LadderCompetitionDialog.js:29;src_jsc/Scene/Party/RechargeRankDialog.js:295;src_jsc/Scene/Party/WishingScene.js:11;src_jsc/Scene/Store/ToastView.js:455;src_jsc/Scene/Store/ToastView.js:670;src_jsc/Scene/TeamBuild/TeamMemberNavigation.js:641;src_jsc/Scene/TeamBuild/TeamMemberNavigation.js:887;src_jsc/Views/ActivitiesShow.js:11;src_jsc/Views/ActivitiesShow6Icon.js:19;src_jsc/Views/BeautyIconButton.js:10;src_jsc/Views/Card/Fight.js:85;src_jsc/Views/CardNavigateView.js:11;src_jsc/Views/Dialog/AdventureDropDialog.js:69;src_jsc/Views/Dialog/AdvertisementDialog.js:47;src_jsc/Views/Dialog/AvoidWarDialog.js:10;src_jsc/Views/Dialog/GeneralTrainingResultDialog.js:10;src_jsc/Views/Gems/GemsEquipmentAdd.js:10;src_jsc/Views/GeneralCardShow.js:10;src_jsc/Views/ItemShowList.js:194;src_jsc/Views/MainMenuBtnView.js:11;src_jsc/Views/MainMenuView.js:136;src_jsc/Views/MiniTablePage.js:10;src_jsc/Views/NotificationNode.js:10;src_jsc/Views/NotificationNode.js:55;src_jsc/Views/PlayerInfoBannerView.js:11;src_jsc/Views/PlayerInfoBannerView.js:111;src_jsc/Views/PlayerInfoBannerView.js:248;src_jsc/Views/PlayerInfoBannerView.js:357;src_jsc/Views/ProgressTimer/BlueProgressTimer.js:10;src_jsc/Views/ProgressTimer/NormalProgressTimer.js:10;src_jsc/Views/ReplaceCardList.js:10;src_jsc/Views/ReplaceCardPanel.js:10;src_jsc/Views/RoundClippingNode.js:13;src_jsc/Views/SceneTitleView.js:10;src_jsc/Views/SkillPieceIconShow.js:10;src_jsc/Views/SkillSpecView.js:11;src_jsc/Views/SpeakerView.js:10;src_jsc/Views/SplitLabelTTF.js:10;src_jsc/Views/SpriteClippingNode.js:12;src_jsc/Views/TablePageView.js:10;src_jsc/Views/TeamCntPopView.js:10;src_jsc/Views/TeamGeneralFightAndStrikeView.js:10;src_jsc/Views/TeamIconButton.js:10;src_jsc/Views/TextProgressView.js:13;src_jsc/Views/UnionWarBattleView.js:10;src_jsc/Views/UnionWarPlayerHeadFightView.js:10;src_jsc/Views/UnionWarPlayerHeadView.js:10;src_jsc/Views/UpgradeCard/BaseUpgradeCard.js:10;src_jsc/Views/UpgradeGuideInMainView.js:16;src_jsc/Views/WorshipCardAdd.js:10;src_jsc/Views/WorshipDescView.js:10;src_jsc/Views/WorshipInfoView.js:10;src_jsc/Views/WorshipWinePopNode.js:235"
member,"cc.Node.create",43,"src_jsc/Models/Dungeon.js:106;src_jsc/Models/Dungeon.js:156;src_jsc/Models/Dungeon.js:300;src_jsc/Models/General.js:958;src_jsc/Models/TreasureBox.js:218;src_jsc/Scene/Achievement/AchievementScene.js:79;src_jsc/Scene/Achievement/AchievementScene.js:81;src_jsc/Scene/Achievement/AchievementScene.js:83;src_jsc/Scene/Achievement/AchievementScene.js:85;src_jsc/Scene/Awake/AwakeBoxView.js:357;src_jsc/Scene/Awake/AwakeBoxView.js:646;src_jsc/Scene/Awake/AwakeBoxView.js:969;src_jsc/Scene/Beauty/BeautyCell.js:34;src_jsc/Scene/Buddy/BuddyView.js:205;src_jsc/Scene/Buddy/BuddyView.js:244;src_jsc/Scene/Climb/ClimbLadderRankListScene.js:21;src_jsc/Scene/Climb/ClimbLadderRankListScene.js:23;src_jsc/Scene/Climb/ClimbLadderRankListScene.js:25;src_jsc/Scene/Climb/ClimbLadderRankListScene.js:27;src_jsc/Scene/Climb/StartBattleScene.js:398;src_jsc/Scene/Equ/EquipmentScene.js:91;src_jsc/Scene/Equ/EquipmentScene.js:121;src_jsc/Scene/Fight/FightScene.js:231;src_jsc/Scene/Fight/FightScene.js:284;src_jsc/Scene/Fight/FightScene.js:294;src_jsc/Scene/Fight/FightScene.js:304;src_jsc/Scene/Fight/FightScene.js:504;src_jsc/Scene/Ladder/LadderCardShow.js:118;src_jsc/Scene/Main/MainMenuScene.js:72;src_jsc/Scene/Rank/RankScene.js:29;src_jsc/Scene/Skill/SkillScene.js:67;src_jsc/Scene/SubMenu/PartyMenuScene.js:294;src_jsc/Scene/Worship/WorshipScene.js:87;src_jsc/Views/Card/Fight.js:459;src_jsc/Views/ClimbLadderPFKGView.js:53;src_jsc/Views/Dialog/GeneralPreviewDialog.js:56;src_jsc/Views/Dialog/GeneralPreviewDialog.js:58;src_jsc/Views/Dialog/GeneralPreviewDialog.js:60;src_jsc/Views/Dialog/GeneralPreviewDialog.js:62;src_jsc/Views/Mgr.js:998;src_jsc/Views/Mgr.js:1064;src_jsc/Views/MultiPagesMenuView.js:42;src_jsc/Views/MultiPagesMenuView.js:133"
member,"cc.Node.extend",49,"src_jsc/Core/Cocos2d-x/jsb_cocos2d.js:862;src_jsc/Libs/CCExt.js:7;src_jsc/Scene/Awake/AwakeBoxView.js:479;src_jsc/Scene/Awake/AwakeBoxView.js:685;src_jsc/Scene/Develop/AlchemyView.js:282;src_jsc/Scene/Develop/AlchemyView.js:530;src_jsc/Scene/GeneralSelect/GeneralSelectScene.js:284;src_jsc/Scene/Ladder/LadderCardShow.js:5;src_jsc/Scene/Store/ToastView.js:450;src_jsc/Scene/Store/ToastView.js:665;src_jsc/Scene/TeamBuild/TeamMemberNavigation.js:636;src_jsc/Scene/TeamBuild/TeamMemberNavigation.js:882;src_jsc/Views/ActivitiesShow.js:5;src_jsc/Views/ActivitiesShow6Icon.js:5;src_jsc/Views/BeautyIconButton.js:5;src_jsc/Views/CardNavigateView.js:5;src_jsc/Views/Dialog/AdventureDropDialog.js:64;src_jsc/Views/Dialog/AvoidWarDialog.js:5;src_jsc/Views/Dialog/GeneralTrainingResultDialog.js:5;src_jsc/Views/Gems/GemsEquipmentAdd.js:5;src_jsc/Views/GeneralCardShow.js:5;src_jsc/Views/ItemShowList.js:189;src_jsc/Views/MainMenuView.js:131;src_jsc/Views/NotificationNode.js:5;src_jsc/Views/PlayerInfoBannerView.js:5;src_jsc/Views/ProgressTimer/BlueProgressTimer.js:5;src_jsc/Views/ProgressTimer/NormalProgressTimer.js:5;src_jsc/Views/ReplaceCardList.js:5;src_jsc/Views/ReplaceCardPanel.js:5;src_jsc/Views/RoundClippingNode.js:5;src_jsc/Views/SceneTitleView.js:5;src_jsc/Views/SkillPieceIconShow.js:5;src_jsc/Views/SkillSpecView.js:5;src_jsc/Views/SpeakerView.js:5;src_jsc/Views/SplitLabelTTF.js:5;src_jsc/Views/SpriteClippingNode.js:5;src_jsc/Views/TablePageView.js:5;src_jsc/Views/TeamCntPopView.js:5;src_jsc/Views/TeamGeneralFightAndStrikeView.js:5;src_jsc/Views/TeamIconButton.js:5;src_jsc/Views/UnionWarBattleView.js:5;src_jsc/Views/UnionWarPlayerHeadFightView.js:5;src_jsc/Views/UnionWarPlayerHeadView.js:5;src_jsc/Views/UpgradeCard/BaseUpgradeCard.js:5;src_jsc/Views/UpgradeGuideInMainView.js:5;src_jsc/Views/WorshipCardAdd.js:5;src_jsc/Views/WorshipDescView.js:5;src_jsc/Views/WorshipInfoView.js:5;src_jsc/Views/WorshipWinePopNode.js:230"
member,"cc.Node.getNodeToParentTransform",1,"src_jsc/Core/Cocos2d-x/jsb_deprecated.js:59"
member,"cc.Node.getNodeToWorldTransform",1,"src_jsc/Core/Cocos2d-x/jsb_deprecated.js:49"
member,"cc.Node.getNumberOfRunningActions",1,"src_jsc/Core/Cocos2d-x/jsb_deprecated.js:89"
member,"cc.Node.getNumberOfRunningActionsInTarget",1,"src_jsc/Core/Cocos2d-x/jsb_deprecated.js:99"
member,"cc.Node.getParentToNodeTransform",1,"src_jsc/Core/Cocos2d-x/jsb_deprecated.js:79"
member,"cc.Node.getWorldToNodeTransform",1,"src_jsc/Core/Cocos2d-x/jsb_deprecated.js:69"
member,"cc.Node.method",11,"src_jsc/Prototype/Node.js:5;src_jsc/Prototype/Node.js:14;src_jsc/Prototype/Node.js:23;src_jsc/Prototype/Node.js:31;src_jsc/Prototype/Node.js:36;src_jsc/Prototype/Node.js:41;src_jsc/Prototype/Node.js:43;src_jsc/Prototype/Node.js:48;src_jsc/Prototype/Node.js:64;src_jsc/Prototype/Node.js:91;src_jsc/Prototype/Node.js:123"
member,"cc.Node.nodeToParentTransform",1,"src_jsc/Core/Cocos2d-x/jsb_deprecated.js:59"
member,"cc.Node.nodeToWorldTransform",1,"src_jsc/Core/Cocos2d-x/jsb_deprecated.js:49"
member,"cc.Node.numberOfRunningActions",1,"src_jsc/Core/Cocos2d-x/jsb_deprecated.js:89"
member,"cc.Node.numberOfRunningActionsInTarget",1,"src_jsc/Core/Cocos2d-x/jsb_deprecated.js:99"
member,"cc.Node.parentToNodeTransform",1,"src_jsc/Core/Cocos2d-x/jsb_deprecated.js:79"
member,"cc.Node.prototype.getNodeToParentTransform.apply",1,"src_jsc/Core/Cocos2d-x/jsb_deprecated.js:61"
member,"cc.Node.prototype.getNodeToWorldTransform.apply",1,"src_jsc/Core/Cocos2d-x/jsb_deprecated.js:51"
member,"cc.Node.prototype.getNumberOfRunningActions.apply",1,"src_jsc/Core/Cocos2d-x/jsb_deprecated.js:91"
member,"cc.Node.prototype.getNumberOfRunningActionsInTarget.apply",1,"src_jsc/Core/Cocos2d-x/jsb_deprecated.js:101"
member,"cc.Node.prototype.getParentToNodeTransform.apply",1,"src_jsc/Core/Cocos2d-x/jsb_deprecated.js:81"
member,"cc.Node.prototype.getWorldToNodeTransform.apply",1,"src_jsc/Core/Cocos2d-x/jsb_deprecated.js:71"
member,"cc.Node.prototype.nodeToParentTransform",1,"src_jsc/Core/Cocos2d-x/jsb_deprecated.js:54"
member,"cc.Node.prototype.nodeToWorldTransform",1,"src_jsc/Core/Cocos2d-x/jsb_deprecated.js:44"
member,"cc.Node.prototype.numberOfRunningActions",1,"src_jsc/Core/Cocos2d-x/jsb_deprecated.js:84"
member,"cc.Node.prototype.numberOfRunningActionsInTarget",1,"src_jsc/Core/Cocos2d-x/jsb_deprecated.js:94"
member,"cc.Node.prototype.parentToNodeTransform",1,"src_jsc/Core/Cocos2d-x/jsb_deprecated.js:74"
member,"cc.Node.prototype.worldToNodeTransform",1,"src_jsc/Core/Cocos2d-x/jsb_deprecated.js:64"
member,"cc.Node.worldToNodeTransform",1,"src_jsc/Core/Cocos2d-x/jsb_deprecated.js:69"
member,"cc.NodeRGBA",2,"src_jsc/Views/BaseView.js:13;src_jsc/Views/UpgradeCard/CardAwakeInfoView.js:24"
member,"cc.NodeRGBA.create",3,"src_jsc/Scene/TeamBuild/TeamMemberNavigation.js:514;src_jsc/Views/Card/Fight.js:427;src_jsc/Views/Card/Fight.js:435"
member,"cc.NodeRGBA.extend",3,"src_jsc/Views/BaseView.js:5;src_jsc/Views/BaseView.js:7;src_jsc/Views/UpgradeCard/CardAwakeInfoView.js:5"
member,"cc.NotificationCenter",4,"src_jsc/Core/Cocos2d-x/CCNotificationCenter.js:7;src_jsc/Core/Cocos2d-x/CCNotificationCenter.js:112;src_jsc/Core/Utils/headers.js:238;src_jsc/Utils/Notify.js:11"
member,"cc.NotificationCenter.getInstance",2,"src_jsc/Core/Cocos2d-x/CCNotificationCenter.js:109;src_jsc/Utils/Notify.js:5"
member,"cc.NotificationObserver",2,"src_jsc/Core/Cocos2d-x/CCNotificationCenter.js:19;src_jsc/Core/Cocos2d-x/CCNotificationCenter.js:118"
member,"cc.OS_VERSION_4_0",1,"src_jsc/Core/Cocos2d-x/jsb_cocos2d_constants.js:261"
member,"cc.OS_VERSION_4_0_1",1,"src_jsc/Core/Cocos2d-x/jsb_cocos2d_constants.js:263"
member,"cc.OS_VERSION_4_1",1,"src_jsc/Core/Cocos2d-x/jsb_cocos2d_constants.js:265"
member,"cc.OS_VERSION_4_2",1,"src_jsc/Core/Cocos2d-x/jsb_cocos2d_constants.js:267"
member,"cc.OS_VERSION_4_2_1",1,"src_jsc/Core/Cocos2d-x/jsb_cocos2d_constants.js:269"
member,"cc.OS_VERSION_4_3",1,"src_jsc/Core/Cocos2d-x/jsb_cocos2d_constants.js:271"
member,"cc.OS_VERSION_4_3_1",1,"src_jsc/Core/Cocos2d-x/jsb_cocos2d_constants.js:273"
member,"cc.OS_VERSION_4_3_2",1,"src_jsc/Core/Cocos2d-x/jsb_cocos2d_constants.js:275"
member,"cc.OS_VERSION_4_3_3",1,"src_jsc/Core/Cocos2d-x/jsb_cocos2d_constants.js:277"
member,"cc.OS_VERSION_4_3_4",1,"src_jsc/Core/Cocos2d-x/jsb_cocos2d_constants.js:279"
member,"cc.OS_VERSION_4_3_5",1,"src_jsc/Core/Cocos2d-x/jsb_cocos2d_constants.js:281"
member,"cc.OS_VERSION_5_0",1,"src_jsc/Core/Cocos2d-x/jsb_cocos2d_constants.js:283"
member,"cc.OS_VERSION_5_0_1",1,"src_jsc/Core/Cocos2d-x/jsb_cocos2d_constants.js:285"
member,"cc.OS_VERSION_5_1_0",1,"src_jsc/Core/Cocos2d-x/jsb_cocos2d_constants.js:287"
member,"cc.OS_VERSION_6_0_0",1,"src_jsc/Core/Cocos2d-x/jsb_cocos2d_constants.js:289"
member,"cc.PARTICLE_DURATION_INFINITY",2,"src_jsc/Core/Cocos2d-x/jsb_cocos2d.js:123;src_jsc/Core/Cocos2d-x/jsb_cocos2d_constants.js:141"
member,"cc.PARTICLE_MODE_GRAVITY",2,"src_jsc/Core/Cocos2d-x/jsb_cocos2d.js:125;src_jsc/Core/Cocos2d-x/jsb_cocos2d_constants.js:143"
member,"cc.PARTICLE_MODE_RADIUS",2,"src_jsc/Core/Cocos2d-x/jsb_cocos2d.js:127;src_jsc/Core/Cocos2d-x/jsb_cocos2d_constants.js:145"
member,"cc.PARTICLE_START_RADIUS_EQUAL_TO_END_RADIUS",2,"src_jsc/Core/Cocos2d-x/jsb_cocos2d.js:131;src_jsc/Core/Cocos2d-x/jsb_cocos2d_constants.js:147"
member,"cc.PARTICLE_START_SIZE_EQUAL_TO_END_SIZE",2,"src_jsc/Core/Cocos2d-x/jsb_cocos2d.js:129;src_jsc/Core/Cocos2d-x/jsb_cocos2d_constants.js:149"
member,"cc.PARTICLE_TYPE_FREE",1,"src_jsc/Core/Cocos2d-x/jsb_cocos2d.js:117"
member,"cc.PARTICLE_TYPE_GROUPED",1,"src_jsc/Core/Cocos2d-x/jsb_cocos2d.js:121"
member,"cc.PARTICLE_TYPE_RELATIVE",1,"src_jsc/Core/Cocos2d-x/jsb_cocos2d.js:119"
member,"cc.POINT_ZERO",6,"src_jsc/Core/Cocos2d-x/jsb_cocos2d.js:163;src_jsc/Core/Constant.js:31;src_jsc/Factorys/Particle.js:31;src_jsc/Factorys/Skill/Item/Timeline.js:383;src_jsc/Scene/SubMenu/PartyMenuScene.js:265;src_jsc/Update/UpdateScene.js:133"
member,"cc.POSITION_TYPE_FREE",1,"src_jsc/Core/Cocos2d-x/jsb_cocos2d_constants.js:151"
member,"cc.POSITION_TYPE_GROUPED",1,"src_jsc/Core/Cocos2d-x/jsb_cocos2d_constants.js:153"
member,"cc.POSITION_TYPE_RELATIVE",1,"src_jsc/Core/Cocos2d-x/jsb_cocos2d_constants.js:155"
member,"cc.PRIORITY_NON_SYSTEM_MIN",1,"src_jsc/Core/Cocos2d-x/jsb_cocos2d_constants.js:157"
member,"cc.PRIORITY_SYSTEM",1,"src_jsc/Core/Cocos2d-x/jsb_cocos2d_constants.js:159"
member,"cc.PROGRESS_TIMER_TYPE_BAR",14,"src_jsc/Core/Cocos2d-x/jsb_cocos2d.js:115;src_jsc/Core/Cocos2d-x/jsb_cocos2d_constants.js:161;src_jsc/Scene/TeamBuild/TeamMemberNavigation.js:716;src_jsc/Update/UpdateScene.js:157;src_jsc/Views/Dialog/PlayerInfoDialog.js:113;src_jsc/Views/HpProgressView.js:138;src_jsc/Views/HpProgressView.js:167;src_jsc/Views/HulaoBattle/GarrisonLayoutDialog.js:465;src_jsc/Views/PlayerInfoBannerView.js:158;src_jsc/Views/PlayerInfoBannerView.js:299;src_jsc/Views/ProgressTimer/BlueProgressTimer.js:37;src_jsc/Views/ProgressTimer/NormalProgressTimer.js:37;src_jsc/Views/TeamCntPopView.js:77;src_jsc/Views/UpgradeCard/BaseUpgradeCard.js:45"
member,"cc.PROGRESS_TIMER_TYPE_RADIAL",2,"src_jsc/Core/Cocos2d-x/jsb_cocos2d.js:113;src_jsc/Core/Cocos2d-x/jsb_cocos2d_constants.js:163"
member,"cc.PVRMIPMAP_MAX",1,"src_jsc/Core/Cocos2d-x/jsb_cocos2d_constants.js:61"
member,"cc.ParticleFire",1,"src_jsc/Cfg/Particle.js:9"
member,"cc.ParticleFireworks",2,"src_jsc/Cfg/Particle.js:6;src_jsc/Cfg/Particle.js:7"
member,"cc.ParticleFlower",1,"src_jsc/Cfg/Particle.js:10"
member,"cc.ParticleGalaxy",1,"src_jsc/Cfg/Particle.js:8"
member,"cc.ParticleMeteor",1,"src_jsc/Cfg/Particle.js:11"
member,"cc.ParticleSpiral",1,"src_jsc/Cfg/Particle.js:12"
member,"cc.ParticleSystem.create",1,"src_jsc/Factorys/Particle.js:25"
member,"cc.PhysicsDebugNode._create",1,"src_jsc/Core/Cocos2d-x/jsb_cocos2d_extension.js:94"
member,"cc.PhysicsDebugNode.create",1,"src_jsc/Core/Cocos2d-x/jsb_cocos2d_extension.js:85"
member,"cc.PhysicsDebugNode.prototype.setSpace",1,"src_jsc/Core/Cocos2d-x/jsb_cocos2d_extension.js:97"
member,"cc.PhysicsSprite.prototype.setBody",1,"src_jsc/Core/Cocos2d-x/jsb_cocos2d_extension.js:109"
member,"cc.PointZero",1,"src_jsc/Core/Cocos2d-x/jsb_cocos2d.js:388"
member,"cc.ProgressFromTo.create",6,"src_jsc/Views/UpgradeCard/BaseUpgradeCard.js:145;src_jsc/Views/UpgradeCard/BaseUpgradeCard.js:160;src_jsc/Views/UpgradeCard/BaseUpgradeCard.js:178;src_jsc/Views/UpgradeCard/BaseUpgradeCard.js:203;src_jsc/Views/UpgradeCard/BaseUpgradeCard.js:227;src_jsc/Views/UpgradeCard/BaseUpgradeCard.js:232"
member,"cc.ProgressTimer.create",12,"src_jsc/Scene/TeamBuild/TeamMemberNavigation.js:712;src_jsc/Update/UpdateScene.js:155;src_jsc/Views/Dialog/PlayerInfoDialog.js:109;src_jsc/Views/HpProgressView.js:136;src_jsc/Views/HpProgressView.js:161;src_jsc/Views/HulaoBattle/GarrisonLayoutDialog.js:461;src_jsc/Views/PlayerInfoBannerView.js:154;src_jsc/Views/PlayerInfoBannerView.js:295;src_jsc/Views/ProgressTimer/BlueProgressTimer.js:33;src_jsc/Views/ProgressTimer/NormalProgressTimer.js:33;src_jsc/Views/TeamCntPopView.js:73;src_jsc/Views/UpgradeCard/BaseUpgradeCard.js:41"
member,"cc.ProgressTo.create",3,"src_jsc/Views/HpProgressView.js:220;src_jsc/Views/HpProgressView.js:236;src_jsc/Views/HpProgressView.js:245"
member,"cc.RED",1,"src_jsc/Core/Cocos2d-x/jsb_cocos2d.js:151"
member,"cc.REPEAT_FOREVER",17,"src_jsc/Core/Cocos2d-x/jsb_cocos2d.js:165;src_jsc/Core/Cocos2d-x/jsb_cocos2d.js:1105;src_jsc/Core/Cocos2d-x/jsb_cocos2d_constants.js:165;src_jsc/Models/ChatMessageManager.js:35;src_jsc/Models/ChatMessageManager.js:208;src_jsc/Models/Player.js:223;src_jsc/Models/Player.js:227;src_jsc/Models/ToastModel.js:76;src_jsc/Scene/Party/RechargeRankDialog.js:405;src_jsc/Scene/SceneMgr.js:554;src_jsc/Views/ChatContentLayer.js:265;src_jsc/Views/Dialog/ChatDialog.js:72;src_jsc/Views/Dialog/CheckOrderDialog.js:53;src_jsc/Views/Dialog/DungeonDetail.js:206;src_jsc/Views/Dialog/DungeonDetailB.js:183;src_jsc/Views/GeneralPlayView.js:248;src_jsc/Views/StoreItemView.js:62"
member,"cc.RESOLUTION_MAC",1,"src_jsc/Core/Cocos2d-x/jsb_cocos2d_constants.js:167"
member,"cc.RESOLUTION_MAC_RETINA_DISPLAY",1,"src_jsc/Core/Cocos2d-x/jsb_cocos2d_constants.js:169"
member,"cc.RESOLUTION_POLICY",1,"src_jsc/Core/Cocos2d-x/jsb_cocos2d_constants.js:335"
member,"cc.RESOLUTION_POLICY.NOBORDER",1,"src_jsc/main.js:52"
member,"cc.RESOLUTION_POLICY.SHOW_ALL",1,"src_jsc/main.js:93"
member,"cc.RESOLUTION_UNKNOWN",1,"src_jsc/Core/Cocos2d-x/jsb_cocos2d_constants.js:171"
member,"cc.RectZero",1,"src_jsc/Core/Cocos2d-x/jsb_cocos2d.js:536"
member,"cc.RenderTexture.create",3,"src_jsc/Utils/Node.js:69;src_jsc/Utils/Node.js:123;src_jsc/Utils/Node.js:126"
member,"cc.Repeat.create",1,"src_jsc/Factorys/Skill/Item/Timeline.js:583"
member,"cc.RepeatForever.create",5,"src_jsc/Models/TreasureBox.js:92;src_jsc/Update/UpdateScene.js:133;src_jsc/Views/Dialog/SpecificDialog.js:991;src_jsc/Views/TeamIconButton.js:349;src_jsc/Views/TeamIconButton_Buddy.js:85"
member,"cc.RotateBy.create",3,"src_jsc/Factorys/Skill/Item/Timeline.js:252;src_jsc/Views/Dialog/SpecificDialog.js:991;src_jsc/Views/Dialog/SpecificDialog.js:991"
member,"cc.SCROLLVIEW_DIRECTION_BOTH",1,"src_jsc/Core/Cocos2d-x/jsb_cocos2d_extension.js:15"
member,"cc.SCROLLVIEW_DIRECTION_HORIZONTAL",18,"src_jsc/Core/Cocos2d-x/jsb_cocos2d_extension.js:11;src_jsc/Scene/TeamBuild/TeamBuildScene.js:335;src_jsc/Scene/TeamBuild/TeamBuildScene_V2.js:251;src_jsc/Scene/Training/GeneralTraningScene.js:478;src_jsc/Scene/Vip/VipScene.js:52;src_jsc/Views/CardNavigateView.js:66;src_jsc/Views/DecisiveBattle/DecisiveBattlePreviewView.js:52;src_jsc/Views/Dialog/UnionEncounterMapDialog.js:64;src_jsc/Views/InterService/PopularityRewardView.js:237;src_jsc/Views/QueueTeamView.js:158;src_jsc/Views/ShowTeamView.js:139;src_jsc/Views/Table/AgaHeadTableView.js:19;src_jsc/Views/Table/ChaosTableView.js:15;src_jsc/Views/Table/ClimbLadderTableView.js:13;src_jsc/Views/Table/LadderChartTableView.js:13;src_jsc/Views/Table/MenuTableView.js:127;src_jsc/Views/Table/RankTableView.js:13;src_jsc/Views/Table/SkillPieceTableView.js:17"
member,"cc.SCROLLVIEW_DIRECTION_NONE",1,"src_jsc/Core/Cocos2d-x/jsb_cocos2d_extension.js:9"
member,"cc.SCROLLVIEW_DIRECTION_VERTICAL",77,"src_jsc/Core/Cocos2d-x/jsb_cocos2d_extension.js:13;src_jsc/Scene/Bag/BagScene.js:58;src_jsc/Scene/Beauty/BeautyScene.js:155;src_jsc/Scene/Copy/CopyScene.js:109;src_jsc/Scene/Copy/DuanWuCopyScene.js:109;src_jsc/Scene/Copy/LabourlCopyScene.js:109;src_jsc/Scene/Copy/MemorialCopyScene.js:109;src_jsc/Scene/Copy/PlantCopyScene.js:107;src_jsc/Scene/Copy/PublicCopyScene.js:109;src_jsc/Scene/Debug/DebugScene.js:183;src_jsc/Scene/Ladder/LadderGiftView.js:42;src_jsc/Scene/Ladder/LadderGiftView_Honor.js:40;src_jsc/Scene/Ladder/LadderTenFightResultDialog.js:38;src_jsc/Scene/Party/RechargeRankDialog.js:369;src_jsc/Scene/Setting/ContactGMScene.js:133;src_jsc/Scene/Setting/SettingScene.js:81;src_jsc/Views/ChatContentLayer.js:89;src_jsc/Views/ClimbLadderArtifactStorey.js:51;src_jsc/Views/DecisiveBattle/OneRoundPlayerListDialog.js:276;src_jsc/Views/DecisiveBattle/OutPlayersDialog.js:55;src_jsc/Views/DecisiveBattle/SupportPointsExchangeView.js:49;src_jsc/Views/DecisiveBattle/SupportRankingDialog.js:48;src_jsc/Views/DecisiveBattle/SupportRecordView.js:68;src_jsc/Views/Dialog/AdventureDropDialog.js:95;src_jsc/Views/Dialog/AnnouncementDialog.js:250;src_jsc/Views/Dialog/AnnouncementDialog.js:290;src_jsc/Views/Dialog/AwakeChangeYuanFenDialog.js:78;src_jsc/Views/Dialog/AwakeInfoDialog.js:61;src_jsc/Views/Dialog/BeautyShopDialog.js:293;src_jsc/Views/Dialog/BecomeStrongerDialog.js:170;src_jsc/Views/Dialog/DecisiveSupportDialog.js:323;src_jsc/Views/Dialog/DuanWuDialog.js:299;src_jsc/Views/Dialog/ErrorDialog.js:60;src_jsc/Views/Dialog/GeneralTrainingResultDialog.js:308;src_jsc/Views/Dialog/InstructionDialog.js:69;src_jsc/Views/Dialog/JiFenDuiHuanDialog.js:295;src_jsc/Views/Dialog/LabourlDialog.js:295;src_jsc/Views/Dialog/MemorialDialog.js:295;src_jsc/Views/Dialog/MysteryStoreDialog.js:351;src_jsc/Views/Dialog/PlantTreeDlg.js:267;src_jsc/Views/Dialog/PublicCopyDialog.js:301;src_jsc/Views/Dialog/SpiritStoneDialog.js:267;src_jsc/Views/Dialog/UnionActiveDialog.js:212;src_jsc/Views/Dialog/UnionDepotMemberDialog.js:228;src_jsc/Views/Dialog/UnionWarBattleResultDialog.js:191;src_jsc/Views/Gems/AllGemsListDialog.js:68;src_jsc/Views/Gems/GemsBagView.js:214;src_jsc/Views/Gems/GemsSophisticationReplaceDialog.js:252;src_jsc/Views/HulaoBattle/LightenLuckDialog.js:76;src_jsc/Views/InterService/PointsExchangeView.js:45;src_jsc/Views/InterService/PointsRankDialog.js:191;src_jsc/Views/ItemShowList.js:222;src_jsc/Views/ListTableView.js:153;src_jsc/Views/MTipsListView.js:33;src_jsc/Views/MainMenuView.js:173;src_jsc/Views/MiracleWeapons/MiracleWeaponInforDialog.js:117;src_jsc/Views/MiracleWeapons/SelectMiracleWeaponLayer.js:118;src_jsc/Views/ReplaceCardList.js:67;src_jsc/Views/ScrollView.js:21;src_jsc/Views/ServerSelectView.js:37;src_jsc/Views/ServerSelectView.js:47;src_jsc/Views/StoreItemView.js:38;src_jsc/Views/Table/AvoidWarTableView.js:13;src_jsc/Views/Table/BaseTableView.js:32;src_jsc/Views/Table/ChargeItemTableView.js:13;src_jsc/Views/Table/InterServiceRewardPreviewTableView.js:98;src_jsc/Views/Table/InterServiceRewardTableView.js:172;src_jsc/Views/Table/MailTableView.js:13;src_jsc/Views/Table/SocialTableView.js:13;src_jsc/Views/Table/TaskTableView.js:19;src_jsc/Views/Table/UnionLogTableView.js:122;src_jsc/Views/Union/UnionDepotLayer.js:221;src_jsc/Views/Union/UnionMemberLayer.js:345;src_jsc/Views/Union/UnionMembershipLayer.js:223;src_jsc/Views/Union/UnionRankingLayer.js:274;src_jsc/Views/Union/UnionShopLayer.js:252;src_jsc/Views/WorshipWinePopNode.js:263"
member,"cc.SHADER_POSITION_COLOR",1,"src_jsc/Core/Cocos2d-x/jsb_cocos2d_constants.js:301"
member,"cc.SHADER_POSITION_LENGTH_TEXURE_COLOR",1,"src_jsc/Core/Cocos2d-x/jsb_cocos2d_constants.js:303"
member,"cc.SHADER_POSITION_TEXTURE",1,"src_jsc/Core/Cocos2d-x/jsb_cocos2d_constants.js:305"
member,"cc.SHADER_POSITION_TEXTURE_A8_COLOR",1,"src_jsc/Core/Cocos2d-x/jsb_cocos2d_constants.js:307"
member,"cc.SHADER_POSITION_TEXTURE_COLOR",1,"src_jsc/Core/Cocos2d-x/jsb_cocos2d_constants.js:309"
member,"cc.SHADER_POSITION_TEXTURE_COLOR_ALPHA_TEST",1,"src_jsc/Core/Cocos2d-x/jsb_cocos2d_constants.js:311"
member,"cc.SHADER_POSITION_TEXTURE_U_COLOR",1,"src_jsc/Core/Cocos2d-x/jsb_cocos2d_constants.js:313"
member,"cc.SHADER_POSITION_U_COLOR",1,"src_jsc/Core/Cocos2d-x/jsb_cocos2d_constants.js:315"
member,"cc.SPRITEBATCHNODE_RENDER_SUBPIXEL",1,"src_jsc/Core/Cocos2d-x/jsb_cocos2d_constants.js:63"
member,"cc.SPRITE_DEBUG_DRAW",1,"src_jsc/Core/Cocos2d-x/jsb_cocos2d_constants.js:65"
member,"cc.SPRITE_INDEX_NOT_INITIALIZED",1,"src_jsc/Core/Cocos2d-x/jsb_cocos2d_constants.js:9"
member,"cc.Scale9Sprite.createWithSpriteFrameName",44,"src_jsc/Libs/Views/Button/common.js:23;src_jsc/Libs/Views/Button/common.js:29;src_jsc/Libs/Views/Button/common.js:35;src_jsc/Libs/Views/Button/common.js:89;src_jsc/Scene/Beauty/BeautyCell.js:41;src_jsc/Scene/Beauty/BeautyScene.js:233;src_jsc/Scene/Beauty/BeautyScene.js:269;src_jsc/Scene/Copy/CopyScene.js:245;src_jsc/Scene/Copy/DuanWuCopyScene.js:245;src_jsc/Scene/Copy/LabourlCopyScene.js:245;src_jsc/Scene/Copy/MemorialCopyScene.js:245;src_jsc/Scene/Copy/PlantCopyScene.js:243;src_jsc/Scene/Copy/PublicCopyScene.js:255;src_jsc/Scene/Debug/DebugScene.js:318;src_jsc/Tools/UI.js:238;src_jsc/Views/ChangeName.js:19;src_jsc/Views/ChatContentLayer.js:111;src_jsc/Views/Dialog/AnnouncementDialog.js:242;src_jsc/Views/Dialog/ErrorDialog.js:22;src_jsc/Views/Dialog/GeneralTrainingResultDialog.js:150;src_jsc/Views/Dialog/MessagePopView.js:46;src_jsc/Views/Dialog/MessagePopView.js:52;src_jsc/Views/Dialog/SelectSgsChannelDialog.js:32;src_jsc/Views/Dialog/SpecificDialog.js:725;src_jsc/Views/Dialog/SpecificDialog.js:915;src_jsc/Views/Dialog/UnionChgNoticeSignDialog.js:51;src_jsc/Views/Dialog/UnionWarActivePromoteDialog.js:29;src_jsc/Views/Gems/AllGemsListDialog.js:37;src_jsc/Views/Gems/AllGemsListDialog.js:43;src_jsc/Views/Gems/GemsSophisticationReplaceDialog.js:218;src_jsc/Views/Gems/GemsSophisticationReplaceDialog.js:224;src_jsc/Views/MiniTablePage.js:19;src_jsc/Views/MiracleWeapons/ThreeMiracleWeaponsShowLayer.js:101;src_jsc/Views/SkillRefining/RefiningSkillDialog.js:20;src_jsc/Views/SkillRefining/RefiningSkillDialog.js:26;src_jsc/Views/Union/UnionCreate.js:50;src_jsc/Views/Union/UnionCreate.js:79;src_jsc/Views/Union/UnionDepotLayer.js:203;src_jsc/Views/Union/UnionMemberLayer.js:335;src_jsc/Views/Union/UnionMemberManageDialog.js:55;src_jsc/Views/Union/UnionMembershipLayer.js:211;src_jsc/Views/Union/UnionRankingLayer.js:264;src_jsc/Views/Union/UnionSearch.js:99;src_jsc/Views/Union/UnionSearch.js:116"
member,"cc.ScaleTo.create",38,"src_jsc/Scene/Awake/AwakeBoxView.js:508;src_jsc/Scene/Awake/AwakeBoxView.js:543;src_jsc/Scene/Awake/AwakeBoxView.js:744;src_jsc/Scene/Awake/AwakeBoxView.js:791;src_jsc/Scene/Awake/AwakeBoxView.js:814;src_jsc/Scene/Awake/AwakeBoxView.js:859;src_jsc/Scene/Combat/CombatCardView.js:335;src_jsc/Scene/Develop/AlchemyView.js:124;src_jsc/Scene/GeneralSelect/GeneralSelectScene.js:205;src_jsc/Scene/Ladder/LadderCardShow.js:422;src_jsc/Views/CardListView.js:395;src_jsc/Views/GeneralCardShow.js:191;src_jsc/Views/GeneralPlayView.js:257;src_jsc/Views/GeneralPlayView.js:259;src_jsc/Views/GeneralPlayView.js:270;src_jsc/Views/GeneralPlayView.js:435;src_jsc/Views/GeneralPlayView.js:466;src_jsc/Views/GeneralPlayView.js:734;src_jsc/Views/GeneralPlayView.js:736;src_jsc/Views/GeneralSwapView.js:159;src_jsc/Views/GeneralSwapView.js:169;src_jsc/Views/GeneralSwapView.js:209;src_jsc/Views/GeneralSwapView.js:219;src_jsc/Views/Goddess/ThreeIconShowView.js:153;src_jsc/Views/Goddess/ThreeIconShowView.js:163;src_jsc/Views/Goddess/ThreeIconShowView.js:205;src_jsc/Views/Goddess/ThreeIconShowView.js:215;src_jsc/Views/Mgr.js:960;src_jsc/Views/Mgr.js:1017;src_jsc/Views/Mgr.js:1093;src_jsc/Views/MultiPagesMenuView.js:86;src_jsc/Views/MultiPagesMenuView.js:349;src_jsc/Views/MultiPagesMenuView.js:351;src_jsc/Views/QuickFight.js:201;src_jsc/Views/SkillRefining/SkillRefiningLayer.js:284;src_jsc/Views/Union/UnionDialog.js:291;src_jsc/Views/Union/UnionDialog.js:293;src_jsc/Views/Union/UnionDonationLayer.js:354"
member,"cc.Scene",67,"src_jsc/Scene/Aga/AgaScene.js:1378;src_jsc/Scene/Awake/AwakeBoxScene.js:10;src_jsc/Scene/Awake/AwakeScene.js:11;src_jsc/Scene/Bag/BagScene.js:973;src_jsc/Scene/Beauty/BeautyScene.js:1437;src_jsc/Scene/Buddy/BuddyScene.js:106;src_jsc/Scene/Chaos/ChaosFightScene.js:10;src_jsc/Scene/Chaos/ChaosScene.js:10;src_jsc/Scene/Combat/CombatScene.js:10;src_jsc/Scene/Combat/CombatUpgradeScene.js:607;src_jsc/Scene/Copy/CopyScene.js:742;src_jsc/Scene/Copy/DuanWuCopyScene.js:742;src_jsc/Scene/Copy/LabourlCopyScene.js:742;src_jsc/Scene/Copy/MemorialCopyScene.js:742;src_jsc/Scene/Copy/PlantCopyScene.js:740;src_jsc/Scene/Copy/PublicCopyScene.js:785;src_jsc/Scene/Debug/DebugScene.js:386;src_jsc/Scene/DecisiveBattle/DecisiveBattleMainScene.js:11;src_jsc/Scene/DecisiveBattle/DecisiveBattlePreviewScene.js:11;src_jsc/Scene/DecisiveBattle/SupportAwardScene.js:11;src_jsc/Scene/Develop/DevelopScene.js:64;src_jsc/Scene/Equ/EquipmentScene.js:436;src_jsc/Scene/Fight/FightScene.js:3418;src_jsc/Scene/FightChapter/FightChapters.js:470;src_jsc/Scene/GeneralSelect/GeneralSelectScene.js:385;src_jsc/Scene/Goddess/GoddessMainScene.js:11;src_jsc/Scene/HulaoBattle/HulaoBattleMainScene.js:11;src_jsc/Scene/InterService/InterServiceFightScene.js:11;src_jsc/Scene/InterService/InterServiceRegistrationScene.js:11;src_jsc/Scene/InterService/InterServiceWorshipScene.js:11;src_jsc/Scene/InterService/PopularityRewardScene.js:11;src_jsc/Scene/Ladder/LadderChartScene.js:10;src_jsc/Scene/Ladder/LadderScene.js:11;src_jsc/Scene/LoadingScene.js:14;src_jsc/Scene/Login/LoginScene_AnySdk.js:853;src_jsc/Scene/Login/LoginScene_BfSdk.js:1046;src_jsc/Scene/Login/LoginScene_EasyGuestSdk.js:492;src_jsc/Scene/Login/LoginScene_EasySdk.js:383;src_jsc/Scene/Login/LoginScene_ThirdGuestSdk.js:569;src_jsc/Scene/Login/LoginScene_ThirdSdk.js:489;src_jsc/Scene/Main/MainMenuScene.js:882;src_jsc/Scene/Meridians/MeridiansMainScene.js:11;src_jsc/Scene/Meridians/PracticeMeridiansMainScene.js:11;src_jsc/Scene/MiracleWeapons/MiracleWeaponScene.js:11;src_jsc/Scene/MiracleWeapons/SelectMiracleWeaponsScene.js:11;src_jsc/Scene/NewPlayer/NewPlayerScene.js:131;src_jsc/Scene/Party/WishingScene.js:572;src_jsc/Scene/Setting/ContactGMScene.js:14;src_jsc/Scene/Setting/SettingScene.js:10;src_jsc/Scene/Skill/SkillScene.js:238;src_jsc/Scene/Skill/SkillScene.js:270;src_jsc/Scene/SkillRefining/SkillRefiningScene.js:11;src_jsc/Scene/Social/SocialScene.js:10;src_jsc/Scene/Store/StoreScene.js:10;src_jsc/Scene/SubMenu/ChallengeMenuScene.js:418;src_jsc/Scene/SubMenu/GeneralMenuScene.js:543;src_jsc/Scene/SubMenu/MenuMenuScene.js:244;src_jsc/Scene/SubMenu/PartyMenuScene.js:576;src_jsc/Scene/TeamBuild/TeamBuildScene.js:1624;src_jsc/Scene/TeamBuild/TeamBuildScene_V2.js:1199;src_jsc/Scene/Training/GeneralTraningScene.js:969;src_jsc/Scene/UnionWar/UnionWarBattleScene.js:246;src_jsc/Scene/UnionWar/UnionWarChangeFormationScene.js:316;src_jsc/Scene/UnionWar/UnionWarFightScene.js:319;src_jsc/Scene/Vip/VipScene.js:153;src_jsc/Scene/Worship/WorshipScene.js:356;src_jsc/Update/UpdateScene.js:1009"
member,"cc.Scene.create",2,"src_jsc/Core/Cocos2d-x/jsb_cocosbuilder.js:196;src_jsc/Views/Dialog/ErrorDialog.js:159"
member,"cc.Scene.extend",73,"src_jsc/Core/Cocos2d-x/jsb_cocos2d.js:874;src_jsc/Scene/Achievement/AchievementScene.js:5;src_jsc/Scene/Aga/AgaScene.js:1373;src_jsc/Scene/Awake/AwakeBoxScene.js:5;src_jsc/Scene/Awake/AwakeScene.js:5;src_jsc/Scene/Bag/BagScene.js:968;src_jsc/Scene/Beauty/BeautyScene.js:1431;src_jsc/Scene/Buddy/BuddyScene.js:101;src_jsc/Scene/Chaos/ChaosFightScene.js:5;src_jsc/Scene/Chaos/ChaosScene.js:5;src_jsc/Scene/Climb/ClimbLadderRankListScene.js:5;src_jsc/Scene/Climb/ClimbLadderScene.js:18;src_jsc/Scene/Combat/CombatScene.js:5;src_jsc/Scene/Combat/CombatUpgradeScene.js:602;src_jsc/Scene/Copy/CopyScene.js:736;src_jsc/Scene/Copy/DuanWuCopyScene.js:736;src_jsc/Scene/Copy/LabourlCopyScene.js:736;src_jsc/Scene/Copy/MemorialCopyScene.js:736;src_jsc/Scene/Copy/PlantCopyScene.js:734;src_jsc/Scene/Copy/PublicCopyScene.js:779;src_jsc/Scene/Debug/DebugScene.js:381;src_jsc/Scene/DecisiveBattle/DecisiveBattleMainScene.js:5;src_jsc/Scene/DecisiveBattle/DecisiveBattlePreviewScene.js:5;src_jsc/Scene/DecisiveBattle/SupportAwardScene.js:5;src_jsc/Scene/Develop/DevelopScene.js:59;src_jsc/Scene/Equ/EquipmentScene.js:431;src_jsc/Scene/Fight/FightScene.js:3412;src_jsc/Scene/FightChapter/FightChapters.js:465;src_jsc/Scene/Gems/GemsScene.js:5;src_jsc/Scene/GeneralSelect/GeneralSelectScene.js:380;src_jsc/Scene/Goddess/GoddessMainScene.js:5;src_jsc/Scene/HulaoBattle/HulaoBattleMainScene.js:5;src_jsc/Scene/InterService/InterServiceFightScene.js:5;src_jsc/Scene/InterService/InterServiceRegistrationScene.js:5;src_jsc/Scene/InterService/InterServiceWorshipScene.js:5;src_jsc/Scene/InterService/PopularityRewardScene.js:5;src_jsc/Scene/Ladder/LadderChartScene.js:5;src_jsc/Scene/Ladder/LadderScene.js:5;src_jsc/Scene/LoadingScene.js:5;src_jsc/Scene/Login/LoginScene_AnySdk.js:848;src_jsc/Scene/Login/LoginScene_BfSdk.js:1041;src_jsc/Scene/Login/LoginScene_EasyGuestSdk.js:487;src_jsc/Scene/Login/LoginScene_EasySdk.js:378;src_jsc/Scene/Login/LoginScene_ThirdGuestSdk.js:564;src_jsc/Scene/Login/LoginScene_ThirdSdk.js:484;src_jsc/Scene/Mail/MailSystemScene.js:5;src_jsc/Scene/Main/MainMenuScene.js:876;src_jsc/Scene/Meridians/MeridiansMainScene.js:5;src_jsc/Scene/Meridians/PracticeMeridiansMainScene.js:5;src_jsc/Scene/MiracleWeapons/MiracleWeaponScene.js:5;src_jsc/Scene/MiracleWeapons/SelectMiracleWeaponsScene.js:5;src_jsc/Scene/NewPlayer/NewPlayerScene.js:126;src_jsc/Scene/Party/WishingScene.js:567;src_jsc/Scene/Rank/RankScene.js:5;src_jsc/Scene/Setting/ContactGMScene.js:9;src_jsc/Scene/Setting/SettingScene.js:5;src_jsc/Scene/Skill/SkillScene.js:233;src_jsc/Scene/Skill/SkillScene.js:265;src_jsc/Scene/SkillRefining/SkillRefiningScene.js:5;src_jsc/Scene/Social/SocialScene.js:5;src_jsc/Scene/Store/StoreScene.js:5;src_jsc/Scene/SubMenu/ChallengeMenuScene.js:413;src_jsc/Scene/SubMenu/GeneralMenuScene.js:538;src_jsc/Scene/SubMenu/MenuMenuScene.js:239;src_jsc/Scene/SubMenu/PartyMenuScene.js:571;src_jsc/Scene/TeamBuild/TeamBuildScene.js:1619;src_jsc/Scene/TeamBuild/TeamBuildScene_V2.js:1194;src_jsc/Scene/Training/GeneralTraningScene.js:964;src_jsc/Scene/UnionWar/UnionWarBattleScene.js:241;src_jsc/Scene/UnionWar/UnionWarChangeFormationScene.js:311;src_jsc/Scene/UnionWar/UnionWarFightScene.js:314;src_jsc/Scene/Vip/VipScene.js:148;src_jsc/Scene/Worship/WorshipScene.js:351"
member,"cc.ScrollView.create",5,"src_jsc/Views/DecisiveBattle/DecisiveBattlePreviewView.js:44;src_jsc/Views/Dialog/ErrorDialog.js:54;src_jsc/Views/Dialog/InstructionDialog.js:59;src_jsc/Views/Dialog/UnionEncounterMapDialog.js:56;src_jsc/Views/ScrollView.js:19"
member,"cc.ScrollView.extend",1,"src_jsc/Core/Cocos2d-x/jsb_cocos2d_extension.js:121"
member,"cc.Sequence",5,"src_jsc/Factorys/Skill/Skill.js:347;src_jsc/Utils/Action.js:58;src_jsc/Utils/Action.js:82;src_jsc/Views/Card/Fight.js:333;src_jsc/Views/MultiPagesMenuView.js:353"
member,"cc.Sequence.create",35,"src_jsc/Models/TreasureBox.js:92;src_jsc/Scene/Awake/AwakeBoxView.js:726;src_jsc/Scene/Combat/CombatCardView.js:273;src_jsc/Scene/Combat/CombatCardView.js:275;src_jsc/Scene/Combat/CombatUpgradeScene.js:428;src_jsc/Scene/Develop/AlchemyView.js:113;src_jsc/Scene/FightChapter/DungeonView.js:203;src_jsc/Scene/FightChapter/DungeonView.js:207;src_jsc/Scene/GeneralSelect/GeneralSelectScene.js:207;src_jsc/Scene/Ladder/LadderCardShow.js:438;src_jsc/Update/UpdateScene.js:133;src_jsc/Views/Dialog/CheckOrderDialog.js:183;src_jsc/Views/Dialog/SkillUpDialog.js:502;src_jsc/Views/Dialog/SpecificDialog.js:991;src_jsc/Views/GeneralCardShow.js:234;src_jsc/Views/GeneralSwapView.js:198;src_jsc/Views/GeneralSwapView.js:248;src_jsc/Views/Goddess/ThreeIconShowView.js:194;src_jsc/Views/Goddess/ThreeIconShowView.js:246;src_jsc/Views/HungerLayer.js:224;src_jsc/Views/Meridians/MeridiansMainView.js:258;src_jsc/Views/Meridians/PracticeMeridiansMainView.js:184;src_jsc/Views/MultiPagesMenuView.js:88;src_jsc/Views/MultiPagesMenuView.js:312;src_jsc/Views/SkillRefining/SkillRefiningLayer.js:250;src_jsc/Views/SkillRefining/SkillRefiningLayer.js:253;src_jsc/Views/SkillRefining/SkillRefiningLayer.js:255;src_jsc/Views/SkillRefining/SkillRefiningLayer.js:259;src_jsc/Views/SkillRefining/SkillRefiningLayer.js:263;src_jsc/Views/SkillRefining/SkillRefiningLayer.js:265;src_jsc/Views/SkillRefining/SkillRefiningLayer.js:284;src_jsc/Views/TeamIconButton.js:349;src_jsc/Views/TeamIconButton_Buddy.js:85;src_jsc/Views/UpgradeCard/BaseUpgradeCard.js:182;src_jsc/Views/UpgradeCard/BaseUpgradeCard.js:306"
member,"cc.Sequence.create.apply",2,"src_jsc/Views/Card/Fight.js:333;src_jsc/Views/MultiPagesMenuView.js:353"
member,"cc.Show.create",18,"src_jsc/Scene/Fight/FightScene.js:1007;src_jsc/Scene/Fight/FightScene.js:1011;src_jsc/Scene/Fight/FightScene.js:1398;src_jsc/Scene/Fight/FightScene.js:1456;src_jsc/Scene/Fight/FightScene.js:2120;src_jsc/Scene/Fight/FightScene.js:2145;src_jsc/Utils/Node.js:672;src_jsc/Views/Card/Fight.js:186;src_jsc/Views/Dialog/Story.js:135;src_jsc/Views/Dialog/Story.js:240;src_jsc/Views/Mgr.js:773;src_jsc/Views/Mgr.js:780;src_jsc/Views/SkillRefining/SkillRefiningLayer.js:250;src_jsc/Views/SkillRefining/SkillRefiningLayer.js:253;src_jsc/Views/SkillRefining/SkillRefiningLayer.js:255;src_jsc/Views/SkillRefining/SkillRefiningLayer.js:259;src_jsc/Views/SkillRefining/SkillRefiningLayer.js:263;src_jsc/Views/SkillRefining/SkillRefiningLayer.js:265"
member,"cc.SizeZero",1,"src_jsc/Core/Cocos2d-x/jsb_cocos2d.js:421"
member,"cc.SkewTo.create",1,"src_jsc/Views/GeneralCardShow.js:193"
member,"cc.Spawn",3,"src_jsc/Factorys/Skill/Skill.js:347;src_jsc/Utils/Action.js:62;src_jsc/Views/Card/Fight.js:319"
member,"cc.Spawn.create",14,"src_jsc/Scene/Ladder/LadderCardShow.js:430;src_jsc/Views/GeneralCardShow.js:207;src_jsc/Views/GeneralPlayView.js:437;src_jsc/Views/GeneralPlayView.js:468;src_jsc/Views/GeneralSwapView.js:163;src_jsc/Views/GeneralSwapView.js:173;src_jsc/Views/GeneralSwapView.js:213;src_jsc/Views/GeneralSwapView.js:223;src_jsc/Views/Goddess/ThreeIconShowView.js:157;src_jsc/Views/Goddess/ThreeIconShowView.js:167;src_jsc/Views/Goddess/ThreeIconShowView.js:209;src_jsc/Views/Goddess/ThreeIconShowView.js:219;src_jsc/Views/SkillRefining/SkillRefiningLayer.js:284;src_jsc/Views/UpgradeCard/BaseUpgradeCard.js:256"
member,"cc.Spawn.create.apply",1,"src_jsc/Views/Card/Fight.js:319"
member,"cc.Sprite",1,"src_jsc/Views/Card/Equ.js:23"
member,"cc.Sprite.create",6,"src_jsc/Core/Factorys/headers.js:21;src_jsc/Core/Factorys/headers.js:24;src_jsc/Factorys/Animate.js:36;src_jsc/Factorys/Sprite.js:47;src_jsc/Factorys/Sprite.js:50;src_jsc/Views/SkillSpecView.js:18"
member,"cc.Sprite.createWithSpriteFrameName",14,"src_jsc/Core/Factorys/headers.js:44;src_jsc/Factorys/Sprite.js:254;src_jsc/Models/Combat.js:80;src_jsc/Models/Combat.js:84;src_jsc/Models/Combat.js:88;src_jsc/Models/Combat.js:92;src_jsc/Models/GeneralTraining.js:96;src_jsc/Tools/UI.js:246;src_jsc/Tools/UI.js:258;src_jsc/Tools/UI.js:333;src_jsc/Tools/UI.js:349;src_jsc/Views/TableViewCellButton.js:305;src_jsc/Views/TableViewCellButton.js:312;src_jsc/Views/TableViewCellButton.js:319"
member,"cc.Sprite.createWithTexture",2,"src_jsc/Utils/Node.js:105;src_jsc/Utils/Node.js:149"
member,"cc.Sprite.extend",1,"src_jsc/Core/Cocos2d-x/jsb_cocos2d.js:870"
member,"cc.SpriteBatchNode.create",1,"src_jsc/Factorys/Sprite.js:39"
member,"cc.SpriteFrameCache.getInstance",11,"src_jsc/Core/Factorys/headers.js:9;src_jsc/Core/Factorys/headers.js:13;src_jsc/Factorys/Armature.js:81;src_jsc/Factorys/Sprite.js:108;src_jsc/Factorys/Sprite.js:197;src_jsc/Factorys/Sprite.js:210;src_jsc/MemoryWarning.js:8;src_jsc/Scene/TeamBuild/TeamBuildScene.js:382;src_jsc/Scene/TeamBuild/TeamBuildScene_V2.js:270;src_jsc/Tools/Sys.js:116;src_jsc/Tools/Sys.js:129"
member,"cc.TABLEVIEW_FILL_BOTTOMUP",1,"src_jsc/Core/Cocos2d-x/jsb_cocos2d_extension.js:19"
member,"cc.TABLEVIEW_FILL_TOPDOWN",88,"src_jsc/Core/Cocos2d-x/jsb_cocos2d_extension.js:17;src_jsc/Scene/Bag/BagScene.js:60;src_jsc/Scene/Beauty/BeautyScene.js:157;src_jsc/Scene/Copy/CopyScene.js:111;src_jsc/Scene/Copy/DuanWuCopyScene.js:111;src_jsc/Scene/Copy/LabourlCopyScene.js:111;src_jsc/Scene/Copy/MemorialCopyScene.js:111;src_jsc/Scene/Copy/PlantCopyScene.js:109;src_jsc/Scene/Copy/PublicCopyScene.js:111;src_jsc/Scene/Debug/DebugScene.js:189;src_jsc/Scene/Ladder/LadderGiftView.js:44;src_jsc/Scene/Ladder/LadderGiftView_Honor.js:42;src_jsc/Scene/Ladder/LadderTenFightResultDialog.js:44;src_jsc/Scene/Party/RechargeRankDialog.js:375;src_jsc/Scene/Setting/ContactGMScene.js:135;src_jsc/Scene/Setting/SettingScene.js:83;src_jsc/Scene/TeamBuild/TeamBuildScene.js:337;src_jsc/Scene/TeamBuild/TeamBuildScene_V2.js:253;src_jsc/Scene/Training/GeneralTraningScene.js:480;src_jsc/Scene/Vip/VipScene.js:54;src_jsc/Views/ChatContentLayer.js:91;src_jsc/Views/ClimbLadderArtifactStorey.js:53;src_jsc/Views/DecisiveBattle/OneRoundPlayerListDialog.js:280;src_jsc/Views/DecisiveBattle/OutPlayersDialog.js:61;src_jsc/Views/DecisiveBattle/SupportPointsExchangeView.js:51;src_jsc/Views/DecisiveBattle/SupportRankingDialog.js:54;src_jsc/Views/DecisiveBattle/SupportRecordView.js:70;src_jsc/Views/Dialog/AdventureDropDialog.js:97;src_jsc/Views/Dialog/AnnouncementDialog.js:256;src_jsc/Views/Dialog/AnnouncementDialog.js:296;src_jsc/Views/Dialog/AwakeChangeYuanFenDialog.js:84;src_jsc/Views/Dialog/AwakeInfoDialog.js:67;src_jsc/Views/Dialog/BeautyShopDialog.js:299;src_jsc/Views/Dialog/BecomeStrongerDialog.js:176;src_jsc/Views/Dialog/DecisiveSupportDialog.js:327;src_jsc/Views/Dialog/DuanWuDialog.js:305;src_jsc/Views/Dialog/GeneralTrainingResultDialog.js:312;src_jsc/Views/Dialog/JiFenDuiHuanDialog.js:301;src_jsc/Views/Dialog/LabourlDialog.js:301;src_jsc/Views/Dialog/MemorialDialog.js:301;src_jsc/Views/Dialog/MysteryStoreDialog.js:357;src_jsc/Views/Dialog/PlantTreeDlg.js:273;src_jsc/Views/Dialog/PublicCopyDialog.js:307;src_jsc/Views/Dialog/SpiritStoneDialog.js:273;src_jsc/Views/Dialog/UnionActiveDialog.js:218;src_jsc/Views/Dialog/UnionDepotMemberDialog.js:234;src_jsc/Views/Dialog/UnionWarBattleResultDialog.js:197;src_jsc/Views/Gems/AllGemsListDialog.js:74;src_jsc/Views/Gems/GemsBagView.js:218;src_jsc/Views/Gems/GemsSophisticationReplaceDialog.js:258;src_jsc/Views/HulaoBattle/LightenLuckDialog.js:80;src_jsc/Views/InterService/PointsExchangeView.js:47;src_jsc/Views/InterService/PointsRankDialog.js:197;src_jsc/Views/InterService/PopularityRewardView.js:243;src_jsc/Views/ItemShowList.js:224;src_jsc/Views/ListTableView.js:149;src_jsc/Views/MTipsListView.js:35;src_jsc/Views/MainMenuView.js:175;src_jsc/Views/MiracleWeapons/MiracleWeaponInforDialog.js:123;src_jsc/Views/MiracleWeapons/SelectMiracleWeaponLayer.js:124;src_jsc/Views/QueueTeamView.js:160;src_jsc/Views/ReplaceCardList.js:69;src_jsc/Views/ServerSelectView.js:39;src_jsc/Views/ServerSelectView.js:49;src_jsc/Views/ShowTeamView.js:141;src_jsc/Views/StoreItemView.js:40;src_jsc/Views/Table/AgaHeadTableView.js:21;src_jsc/Views/Table/AvoidWarTableView.js:15;src_jsc/Views/Table/BaseTableView.js:34;src_jsc/Views/Table/ChaosTableView.js:17;src_jsc/Views/Table/ChargeItemTableView.js:15;src_jsc/Views/Table/ClimbLadderTableView.js:15;src_jsc/Views/Table/InterServiceRewardPreviewTableView.js:100;src_jsc/Views/Table/InterServiceRewardTableView.js:174;src_jsc/Views/Table/LadderChartTableView.js:15;src_jsc/Views/Table/MailTableView.js:15;src_jsc/Views/Table/MenuTableView.js:129;src_jsc/Views/Table/RankTableView.js:15;src_jsc/Views/Table/SkillPieceTableView.js:19;src_jsc/Views/Table/SocialTableView.js:15;src_jsc/Views/Table/TaskTableView.js:21;src_jsc/Views/Table/UnionLogTableView.js:124;src_jsc/Views/Union/UnionDepotLayer.js:227;src_jsc/Views/Union/UnionMemberLayer.js:351;src_jsc/Views/Union/UnionMembershipLayer.js:229;src_jsc/Views/Union/UnionRankingLayer.js:280;src_jsc/Views/Union/UnionShopLayer.js:258;src_jsc/Views/WorshipWinePopNode.js:265"
member,"cc.TARGET_PLATFORM",1,"src_jsc/Core/Cocos2d-x/jsb_cocos2d.js:33"
member,"cc.TEXTURE2_D_PIXEL_FORMAT_A8",1,"src_jsc/Core/Cocos2d-x/jsb_cocos2d_constants.js:185"
member,"cc.TEXTURE2_D_PIXEL_FORMAT_A_I88",1,"src_jsc/Core/Cocos2d-x/jsb_cocos2d_constants.js:187"
member,"cc.TEXTURE2_D_PIXEL_FORMAT_DEFAULT",1,"src_jsc/Core/Cocos2d-x/jsb_cocos2d_constants.js:189"
member,"cc.TEXTURE2_D_PIXEL_FORMAT_I8",1,"src_jsc/Core/Cocos2d-x/jsb_cocos2d_constants.js:191"
member,"cc.TEXTURE2_D_PIXEL_FORMAT_PVRTC2",1,"src_jsc/Core/Cocos2d-x/jsb_cocos2d_constants.js:193"
member,"cc.TEXTURE2_D_PIXEL_FORMAT_PVRTC4",1,"src_jsc/Core/Cocos2d-x/jsb_cocos2d_constants.js:195"
member,"cc.TEXTURE2_D_PIXEL_FORMAT_RGB5_A1",1,"src_jsc/Core/Cocos2d-x/jsb_cocos2d_constants.js:199"
member,"cc.TEXTURE2_D_PIXEL_FORMAT_RGB_A4444",1,"src_jsc/Core/Cocos2d-x/jsb_cocos2d_constants.js:203"
member,"cc.TEXTURE2_D_PIXEL_FORMAT_RGB_A8888",1,"src_jsc/Core/Cocos2d-x/jsb_cocos2d_constants.js:205"
member,"cc.TEXTURE2_D_PIXEL_FORMAT_RG_B565",1,"src_jsc/Core/Cocos2d-x/jsb_cocos2d_constants.js:197"
member,"cc.TEXTURE2_D_PIXEL_FORMAT_RG_B888",1,"src_jsc/Core/Cocos2d-x/jsb_cocos2d_constants.js:201"
member,"cc.TEXTURE_ATLAS_USE_TRIANGLE_STRIP",1,"src_jsc/Core/Cocos2d-x/jsb_cocos2d_constants.js:67"
member,"cc.TEXTURE_ATLAS_USE_VAO",1,"src_jsc/Core/Cocos2d-x/jsb_cocos2d_constants.js:69"
member,"cc.TEXTURE_PIXELFORMAT_A8",1,"src_jsc/Core/Cocos2d-x/jsb_cocos2d.js:81"
member,"cc.TEXTURE_PIXELFORMAT_AI88",1,"src_jsc/Core/Cocos2d-x/jsb_cocos2d.js:85"
member,"cc.TEXTURE_PIXELFORMAT_DEFAULT",1,"src_jsc/Core/Cocos2d-x/jsb_cocos2d.js:95"
member,"cc.TEXTURE_PIXELFORMAT_I8",1,"src_jsc/Core/Cocos2d-x/jsb_cocos2d.js:83"
member,"cc.TEXTURE_PIXELFORMAT_PVRTC4",2,"src_jsc/Core/Cocos2d-x/jsb_cocos2d.js:91;src_jsc/Core/Cocos2d-x/jsb_cocos2d.js:93"
member,"cc.TEXTURE_PIXELFORMAT_RGB565",1,"src_jsc/Core/Cocos2d-x/jsb_cocos2d.js:79"
member,"cc.TEXTURE_PIXELFORMAT_RGB5A1",1,"src_jsc/Core/Cocos2d-x/jsb_cocos2d.js:89"
member,"cc.TEXTURE_PIXELFORMAT_RGB888",1,"src_jsc/Core/Cocos2d-x/jsb_cocos2d.js:77"
member,"cc.TEXTURE_PIXELFORMAT_RGBA4444",1,"src_jsc/Core/Cocos2d-x/jsb_cocos2d.js:87"
member,"cc.TEXTURE_PIXELFORMAT_RGBA8888",2,"src_jsc/Core/Cocos2d-x/jsb_cocos2d.js:75;src_jsc/Core/Cocos2d-x/jsb_cocos2d.js:95"
member,"cc.TEXT_ALIGNMENT_CENTER",16,"src_jsc/Cfg/Label.js:30;src_jsc/Cfg/Label.js:48;src_jsc/Cfg/Label.js:54;src_jsc/Cfg/Label.js:60;src_jsc/Cfg/Label.js:66;src_jsc/Cfg/Label.js:72;src_jsc/Cfg/Label.js:78;src_jsc/Cfg/Label.js:83;src_jsc/Cfg/Label.js:84;src_jsc/Core/Cocos2d-x/jsb_cocos2d.js:99;src_jsc/Core/Cocos2d-x/jsb_cocos2d_constants.js:179;src_jsc/Core/alias.js:7;src_jsc/Factorys/BaseLabel.js:112;src_jsc/Libs/Constant.js:7;src_jsc/Views/Dialog/MessagePopView.js:62;src_jsc/Views/Dialog/MessagePopView.js:72"
member,"cc.TEXT_ALIGNMENT_LEFT",14,"src_jsc/Cfg/Label.js:36;src_jsc/Core/Cocos2d-x/jsb_cocos2d.js:97;src_jsc/Core/Cocos2d-x/jsb_cocos2d_constants.js:181;src_jsc/Core/alias.js:5;src_jsc/Libs/Constant.js:5;src_jsc/Models/Chat.js:102;src_jsc/Views/Dialog/AnnouncementDialog.js:140;src_jsc/Views/Dialog/AnnouncementDialog.js:362;src_jsc/Views/Dialog/InstructionDialog.js:39;src_jsc/Views/Dialog/SendMessageDialog.js:62;src_jsc/Views/Dialog/SendMessageDialog.js:74;src_jsc/Views/FeedBack.js:34;src_jsc/Views/Table/UnionLogTableView.js:37;src_jsc/Views/Union/UnionInfoLayer.js:101"
member,"cc.TEXT_ALIGNMENT_RIGHT",5,"src_jsc/Cfg/Label.js:42;src_jsc/Core/Cocos2d-x/jsb_cocos2d.js:101;src_jsc/Core/Cocos2d-x/jsb_cocos2d_constants.js:183;src_jsc/Core/alias.js:9;src_jsc/Libs/Constant.js:9"
member,"cc.TMXTiledMap.getPropertiesForGID",1,"src_jsc/Core/Cocos2d-x/jsb_deprecated.js:109"
member,"cc.TMXTiledMap.propertiesForGID",1,"src_jsc/Core/Cocos2d-x/jsb_deprecated.js:109"
member,"cc.TMXTiledMap.prototype.getPropertiesForGID.apply",1,"src_jsc/Core/Cocos2d-x/jsb_deprecated.js:111"
member,"cc.TMXTiledMap.prototype.propertiesForGID",1,"src_jsc/Core/Cocos2d-x/jsb_deprecated.js:104"
member,"cc.TMX_ORIENTATION_HEX",1,"src_jsc/Core/Cocos2d-x/jsb_cocos2d_constants.js:11"
member,"cc.TMX_ORIENTATION_ISO",1,"src_jsc/Core/Cocos2d-x/jsb_cocos2d_constants.js:13"
member,"cc.TMX_ORIENTATION_ORTHO",1,"src_jsc/Core/Cocos2d-x/jsb_cocos2d_constants.js:15"
member,"cc.TMX_TILE_DIAGONAL_FLAG",2,"src_jsc/Core/Cocos2d-x/jsb_cocos2d.js:141;src_jsc/Core/Cocos2d-x/jsb_cocos2d_constants.js:173"
member,"cc.TMX_TILE_HORIZONTAL_FLAG",2,"src_jsc/Core/Cocos2d-x/jsb_cocos2d.js:137;src_jsc/Core/Cocos2d-x/jsb_cocos2d_constants.js:175"
member,"cc.TMX_TILE_VERTICAL_FLAG",2,"src_jsc/Core/Cocos2d-x/jsb_cocos2d.js:139;src_jsc/Core/Cocos2d-x/jsb_cocos2d_constants.js:177"
member,"cc.TOUCHES_ALL_AT_ONCE",1,"src_jsc/Core/Cocos2d-x/jsb_cocos2d_constants.js:207"
member,"cc.TOUCHES_ONE_BY_ONE",1,"src_jsc/Core/Cocos2d-x/jsb_cocos2d_constants.js:209"
member,"cc.TOUCH_ALL_AT_ONCE",2,"src_jsc/Core/Cocos2d-x/jsb_cocos2d.js:133;src_jsc/Scene/FightChapter/FightChapters.js:17"
member,"cc.TOUCH_ONE_BY_ONE",23,"src_jsc/Core/Cocos2d-x/jsb_cocos2d.js:135;src_jsc/Scene/Chaos/ChaosHomeView.js:33;src_jsc/Scene/Combat/CombatCardView.js:41;src_jsc/Scene/Ladder/LadderTenFightResultDialog.js:20;src_jsc/Scene/Ladder/LadderView.js:19;src_jsc/Scene/Party/WishingScene.js:20;src_jsc/Scene/Store/ToastView.js:18;src_jsc/Scene/TeamBuild/TeamMemberNavigation.js:424;src_jsc/Update/UpdateScene.js:253;src_jsc/Views/CardListView.js:153;src_jsc/Views/CardListView_v2.js:95;src_jsc/Views/Dialog/MulitiFightDialog.js:19;src_jsc/Views/GeneralPlayView.js:70;src_jsc/Views/GeneralSwapView.js:18;src_jsc/Views/Goddess/ThreeIconShowView.js:18;src_jsc/Views/HungerLayer.js:25;src_jsc/Views/Meridians/MeridiansMainView.js:95;src_jsc/Views/MiracleWeapons/ThreeMiracleWeaponsShowLayer.js:21;src_jsc/Views/MultiPagesMenuView.js:48;src_jsc/Views/ServerSelectView.js:224;src_jsc/Views/SortController.js:16;src_jsc/Views/TableViewCellButton.js:38;src_jsc/Views/Union/UnionDonationLayer.js:144"
member,"cc.TRANSITION_ORIENTATION_DOWN_OVER",2,"src_jsc/Core/Cocos2d-x/jsb_cocos2d.js:149;src_jsc/Core/Cocos2d-x/jsb_cocos2d_constants.js:211"
member,"cc.TRANSITION_ORIENTATION_LEFT_OVER",2,"src_jsc/Core/Cocos2d-x/jsb_cocos2d.js:143;src_jsc/Core/Cocos2d-x/jsb_cocos2d_constants.js:213"
member,"cc.TRANSITION_ORIENTATION_RIGHT_OVER",2,"src_jsc/Core/Cocos2d-x/jsb_cocos2d.js:145;src_jsc/Core/Cocos2d-x/jsb_cocos2d_constants.js:215"
member,"cc.TRANSITION_ORIENTATION_UP_OVER",2,"src_jsc/Core/Cocos2d-x/jsb_cocos2d.js:147;src_jsc/Core/Cocos2d-x/jsb_cocos2d_constants.js:217"
member,"cc.TableView",43,"src_jsc/Scene/Party/RechargeRankDialog.js:117;src_jsc/Scene/Training/GeneralTraningScene.js:118;src_jsc/Scene/Training/GeneralTraningScene.js:361;src_jsc/Views/ClimbLadderArtifactStorey.js:287;src_jsc/Views/DecisiveBattle/OneRoundPlayerListDialog.js:76;src_jsc/Views/DecisiveBattle/OutPlayersDialog.js:185;src_jsc/Views/DecisiveBattle/SupportPointsExchangeView.js:242;src_jsc/Views/DecisiveBattle/SupportRankingDialog.js:184;src_jsc/Views/Dialog/BeautyShopDialog.js:124;src_jsc/Views/Dialog/BecomeStrongerDialog.js:765;src_jsc/Views/Dialog/DecisiveSupportDialog.js:522;src_jsc/Views/Dialog/DuanWuDialog.js:124;src_jsc/Views/Dialog/JiFenDuiHuanDialog.js:122;src_jsc/Views/Dialog/LabourlDialog.js:122;src_jsc/Views/Dialog/MemorialDialog.js:122;src_jsc/Views/Dialog/MysteryStoreDialog.js:155;src_jsc/Views/Dialog/PlantTreeDlg.js:110;src_jsc/Views/Dialog/PublicCopyDialog.js:126;src_jsc/Views/Dialog/SpiritStoneDialog.js:107;src_jsc/Views/Dialog/UnionActiveDialog.js:84;src_jsc/Views/Dialog/UnionDepotMemberDialog.js:109;src_jsc/Views/Dialog/UnionWarBattleResultDialog.js:83;src_jsc/Views/Gems/AllGemsListDialog.js:206;src_jsc/Views/Gems/GemsBagView.js:95;src_jsc/Views/Gems/GemsSophisticationReplaceDialog.js:86;src_jsc/Views/HulaoBattle/LightenLuckDialog.js:301;src_jsc/Views/InterService/PointsRankDialog.js:82;src_jsc/Views/InterService/PopularityRewardView.js:75;src_jsc/Views/ItemCell.js:89;src_jsc/Views/Table/BaseTableView.js:14;src_jsc/Views/Table/Cell/BaseCcbCell.js:43;src_jsc/Views/Table/Cell/BaseCell.js:43;src_jsc/Views/Table/Cell/EquipmentTableViewCell.js:58;src_jsc/Views/Table/Cell/EquipmentTableViewStrengthenCell.js:84;src_jsc/Views/Table/Cell/SkillMeltTableCell.js:58;src_jsc/Views/TableViewCellButton.js:101;src_jsc/Views/Union/UnionDepotLayer.js:93;src_jsc/Views/Union/UnionMemberLayer.js:136;src_jsc/Views/Union/UnionMembershipLayer.js:144;src_jsc/Views/Union/UnionRankingLayer.js:116;src_jsc/Views/Union/UnionShopLayer.js:100;src_jsc/Views/VipCell.js:75;src_jsc/Views/WorshipWinePopNode.js:61"
member,"cc.TableView.create",71,"src_jsc/Scene/Bag/BagScene.js:54;src_jsc/Scene/Beauty/BeautyScene.js:151;src_jsc/Scene/Copy/CopyScene.js:105;src_jsc/Scene/Copy/DuanWuCopyScene.js:105;src_jsc/Scene/Copy/LabourlCopyScene.js:105;src_jsc/Scene/Copy/MemorialCopyScene.js:105;src_jsc/Scene/Copy/PlantCopyScene.js:103;src_jsc/Scene/Copy/PublicCopyScene.js:105;src_jsc/Scene/Debug/DebugScene.js:181;src_jsc/Scene/Ladder/LadderGiftView.js:38;src_jsc/Scene/Ladder/LadderGiftView_Honor.js:36;src_jsc/Scene/Ladder/LadderTenFightResultDialog.js:36;src_jsc/Scene/Party/RechargeRankDialog.js:367;src_jsc/Scene/Setting/ContactGMScene.js:129;src_jsc/Scene/Setting/SettingScene.js:77;src_jsc/Scene/TeamBuild/TeamBuildScene.js:333;src_jsc/Scene/TeamBuild/TeamBuildScene_V2.js:249;src_jsc/Scene/Training/GeneralTraningScene.js:476;src_jsc/Scene/Vip/VipScene.js:50;src_jsc/Views/ChatContentLayer.js:87;src_jsc/Views/ClimbLadderArtifactStorey.js:49;src_jsc/Views/DecisiveBattle/OneRoundPlayerListDialog.js:274;src_jsc/Views/DecisiveBattle/OutPlayersDialog.js:53;src_jsc/Views/DecisiveBattle/SupportPointsExchangeView.js:45;src_jsc/Views/DecisiveBattle/SupportRankingDialog.js:46;src_jsc/Views/DecisiveBattle/SupportRecordView.js:64;src_jsc/Views/Dialog/AdventureDropDialog.js:91;src_jsc/Views/Dialog/AnnouncementDialog.js:248;src_jsc/Views/Dialog/AnnouncementDialog.js:288;src_jsc/Views/Dialog/AwakeChangeYuanFenDialog.js:76;src_jsc/Views/Dialog/AwakeInfoDialog.js:59;src_jsc/Views/Dialog/BeautyShopDialog.js:291;src_jsc/Views/Dialog/BecomeStrongerDialog.js:168;src_jsc/Views/Dialog/DecisiveSupportDialog.js:321;src_jsc/Views/Dialog/DuanWuDialog.js:297;src_jsc/Views/Dialog/GeneralTrainingResultDialog.js:306;src_jsc/Views/Dialog/JiFenDuiHuanDialog.js:293;src_jsc/Views/Dialog/LabourlDialog.js:293;src_jsc/Views/Dialog/MemorialDialog.js:293;src_jsc/Views/Dialog/MysteryStoreDialog.js:349;src_jsc/Views/Dialog/PlantTreeDlg.js:265;src_jsc/Views/Dialog/PublicCopyDialog.js:299;src_jsc/Views/Dialog/SpiritStoneDialog.js:265;src_jsc/Views/Dialog/UnionActiveDialog.js:210;src_jsc/Views/Dialog/UnionDepotMemberDialog.js:226;src_jsc/Views/Dialog/UnionWarBattleResultDialog.js:189;src_jsc/Views/Gems/AllGemsListDialog.js:66;src_jsc/Views/Gems/GemsBagView.js:212;src_jsc/Views/Gems/GemsSophisticationReplaceDialog.js:250;src_jsc/Views/HulaoBattle/LightenLuckDialog.js:74;src_jsc/Views/InterService/PointsExchangeView.js:41;src_jsc/Views/InterService/PointsRankDialog.js:189;src_jsc/Views/InterService/PopularityRewardView.js:235;src_jsc/Views/ItemShowList.js:218;src_jsc/Views/ListTableView.js:147;src_jsc/Views/MTipsListView.js:31;src_jsc/Views/MainMenuView.js:171;src_jsc/Views/MiracleWeapons/MiracleWeaponInforDialog.js:115;src_jsc/Views/MiracleWeapons/SelectMiracleWeaponLayer.js:116;src_jsc/Views/QueueTeamView.js:156;src_jsc/Views/ReplaceCardList.js:63;src_jsc/Views/ServerSelectView.js:33;src_jsc/Views/ServerSelectView.js:43;src_jsc/Views/ShowTeamView.js:137;src_jsc/Views/StoreItemView.js:34;src_jsc/Views/Union/UnionDepotLayer.js:219;src_jsc/Views/Union/UnionMemberLayer.js:343;src_jsc/Views/Union/UnionMembershipLayer.js:221;src_jsc/Views/Union/UnionRankingLayer.js:272;src_jsc/Views/Union/UnionShopLayer.js:250;src_jsc/Views/WorshipWinePopNode.js:259"
member,"cc.TableView.extend",2,"src_jsc/Core/Cocos2d-x/jsb_cocos2d_extension.js:123;src_jsc/Views/Table/BaseTableView.js:5"
member,"cc.TableViewCell",68,"src_jsc/Scene/Beauty/BeautyCell.js:10;src_jsc/Scene/Copy/BossCell.js:10;src_jsc/Scene/Ladder/LadderTenFightResultDialog.js:186;src_jsc/Scene/Party/RechargeRankDialog.js:32;src_jsc/Scene/Setting/ContactGMScene.js:192;src_jsc/Scene/Setting/SettingScene.js:576;src_jsc/Scene/TeamBuild/TeamBuildScene.js:14;src_jsc/Scene/TeamBuild/TeamMemberNavigation.js:11;src_jsc/Scene/TeamBuild/TeamMemberNavigation.js:213;src_jsc/Scene/Training/GeneralTraningScene.js:14;src_jsc/Scene/Training/GeneralTraningScene.js:326;src_jsc/Views/CardNavigateView.js:93;src_jsc/Views/ClimbLadderArtifactStorey.js:200;src_jsc/Views/DecisiveBattle/OneRoundPlayerListDialog.js:23;src_jsc/Views/Dialog/AdventureDropDialog.js:170;src_jsc/Views/Dialog/AwakeChangeYuanFenDialog.js:234;src_jsc/Views/Dialog/AwakeInfoDialog.js:292;src_jsc/Views/Dialog/BeautyShopDialog.js:32;src_jsc/Views/Dialog/BecomeStrongerDialog.js:256;src_jsc/Views/Dialog/DecisiveSupportDialog.js:458;src_jsc/Views/Dialog/DuanWuDialog.js:32;src_jsc/Views/Dialog/GeneralTrainingResultDialog.js:138;src_jsc/Views/Dialog/JiFenDuiHuanDialog.js:32;src_jsc/Views/Dialog/LabourlDialog.js:32;src_jsc/Views/Dialog/MemorialDialog.js:32;src_jsc/Views/Dialog/MysteryStoreDialog.js:30;src_jsc/Views/Dialog/PlantTreeDlg.js:32;src_jsc/Views/Dialog/PublicCopyDialog.js:32;src_jsc/Views/Dialog/SpiritStoneDialog.js:32;src_jsc/Views/Dialog/UnionActiveDialog.js:21;src_jsc/Views/Dialog/UnionDepotMemberDialog.js:36;src_jsc/Views/Dialog/UnionWarBattleResultDialog.js:28;src_jsc/Views/Gems/AllGemsListDialog.js:159;src_jsc/Views/Gems/GemsBagView.js:21;src_jsc/Views/Gems/GemsSophisticationReplaceDialog.js:21;src_jsc/Views/HulaoBattle/LightenLuckDialog.js:183;src_jsc/Views/InterService/PointsRankDialog.js:23;src_jsc/Views/InterService/PopularityRewardView.js:22;src_jsc/Views/ItemCell.js:14;src_jsc/Views/ItemShowList.js:25;src_jsc/Views/MainMenuView.js:14;src_jsc/Views/MiracleWeapons/MiracleWeaponInforDialog.js:281;src_jsc/Views/MiracleWeapons/SelectMiracleWeaponLayer.js:416;src_jsc/Views/ShowTeamView.js:602;src_jsc/Views/Table/Cell/AgaHeadTableViewCell.js:14;src_jsc/Views/Table/Cell/AvoidWarTableViewCell.js:14;src_jsc/Views/Table/Cell/BaseCcbCell.js:14;src_jsc/Views/Table/Cell/BaseCell.js:14;src_jsc/Views/Table/Cell/ChaosTableViewCell.js:14;src_jsc/Views/Table/Cell/ChargeItemCell.js:14;src_jsc/Views/Table/Cell/ChatContentCell.js:14;src_jsc/Views/Table/Cell/ClimbLadderTableViewCell.js:45;src_jsc/Views/Table/Cell/LadderChartTableViewCell.js:14;src_jsc/Views/Table/Cell/MailTableViewCell.js:14;src_jsc/Views/Table/Cell/RankTableViewCell.js:34;src_jsc/Views/Table/Cell/SkillPieceTableViewCell.js:14;src_jsc/Views/Table/Cell/SocialTableViewCell.js:14;src_jsc/Views/Table/Cell/TeamQueueTeamCell.js:14;src_jsc/Views/Table/MenuTableView.js:14;src_jsc/Views/Table/UnionLogTableView.js:74;src_jsc/Views/Table/UnionWarFlowChartTableView.js:14;src_jsc/Views/Union/UnionDepotLayer.js:20;src_jsc/Views/Union/UnionMemberLayer.js:32;src_jsc/Views/Union/UnionMembershipLayer.js:22;src_jsc/Views/Union/UnionRankingLayer.js:22;src_jsc/Views/Union/UnionShopLayer.js:23;src_jsc/Views/VipCell.js:15;src_jsc/Views/WorshipWinePopNode.js:14"
member,"cc.TableViewCell.extend",78,"src_jsc/Core/Cocos2d-x/jsb_cocos2d_extension.js:125;src_jsc/Scene/Beauty/BeautyCell.js:5;src_jsc/Scene/Copy/BossCell.js:5;src_jsc/Scene/Ladder/LadderGiftView.js:273;src_jsc/Scene/Ladder/LadderGiftView_Honor.js:329;src_jsc/Scene/Ladder/LadderTenFightResultDialog.js:165;src_jsc/Scene/Party/RechargeRankDialog.js:5;src_jsc/Scene/Setting/ContactGMScene.js:183;src_jsc/Scene/Setting/SettingScene.js:566;src_jsc/Scene/TeamBuild/TeamBuildScene.js:5;src_jsc/Scene/TeamBuild/TeamMemberNavigation.js:5;src_jsc/Scene/TeamBuild/TeamMemberNavigation.js:206;src_jsc/Scene/Training/GeneralTraningScene.js:5;src_jsc/Scene/Training/GeneralTraningScene.js:317;src_jsc/Views/ClimbLadderArtifactStorey.js:191;src_jsc/Views/DecisiveBattle/OneRoundPlayerListDialog.js:5;src_jsc/Views/DecisiveBattle/OutPlayersDialog.js:132;src_jsc/Views/DecisiveBattle/SupportPointsExchangeView.js:192;src_jsc/Views/DecisiveBattle/SupportRankingDialog.js:125;src_jsc/Views/DecisiveBattle/SupportRecordView.js:169;src_jsc/Views/Dialog/AdventureDropDialog.js:158;src_jsc/Views/Dialog/AnnouncementDialog.js:112;src_jsc/Views/Dialog/AwakeChangeYuanFenDialog.js:219;src_jsc/Views/Dialog/AwakeInfoDialog.js:287;src_jsc/Views/Dialog/BeautyShopDialog.js:11;src_jsc/Views/Dialog/BecomeStrongerDialog.js:251;src_jsc/Views/Dialog/DecisiveSupportDialog.js:442;src_jsc/Views/Dialog/DuanWuDialog.js:11;src_jsc/Views/Dialog/GeneralTrainingResultDialog.js:129;src_jsc/Views/Dialog/JiFenDuiHuanDialog.js:11;src_jsc/Views/Dialog/LabourlDialog.js:11;src_jsc/Views/Dialog/MemorialDialog.js:11;src_jsc/Views/Dialog/MysteryStoreDialog.js:9;src_jsc/Views/Dialog/PlantTreeDlg.js:11;src_jsc/Views/Dialog/PublicCopyDialog.js:11;src_jsc/Views/Dialog/SpiritStoneDialog.js:11;src_jsc/Views/Dialog/UnionActiveDialog.js:5;src_jsc/Views/Dialog/UnionDepotMemberDialog.js:5;src_jsc/Views/Dialog/UnionWarBattleResultDialog.js:5;src_jsc/Views/Gems/AllGemsListDialog.js:143;src_jsc/Views/Gems/GemsBagView.js:5;src_jsc/Views/Gems/GemsSophisticationReplaceDialog.js:5;src_jsc/Views/HandbookCell.js:5;src_jsc/Views/HulaoBattle/LightenLuckDialog.js:169;src_jsc/Views/InterService/PointsExchangeView.js:202;src_jsc/Views/InterService/PointsRankDialog.js:5;src_jsc/Views/InterService/PopularityRewardView.js:5;src_jsc/Views/ItemCell.js:5;src_jsc/Views/ItemShowList.js:13;src_jsc/Views/MainMenuView.js:5;src_jsc/Views/MiracleWeapons/MiracleWeaponInforDialog.js:276;src_jsc/Views/MiracleWeapons/SelectMiracleWeaponLayer.js:411;src_jsc/Views/ServerSelectView.js:160;src_jsc/Views/ShowTeamView.js:597;src_jsc/Views/SkillRefining/RefiningSkillShowTableView.js:63;src_jsc/Views/SkillRefining/RefiningSkillTableViewCell.js:5;src_jsc/Views/Table/Cell/AgaHeadTableViewCell.js:5;src_jsc/Views/Table/Cell/BaseCcbCell.js:5;src_jsc/Views/Table/Cell/BaseCell.js:5;src_jsc/Views/Table/Cell/BaseTableViewExtraCell.js:5;src_jsc/Views/Table/Cell/ChatContentCell.js:5;src_jsc/Views/Table/Cell/ClimbLadderTableViewCell.js:5;src_jsc/Views/Table/Cell/LadderChartTableViewCell.js:5;src_jsc/Views/Table/Cell/MulitiFightCell.js:5;src_jsc/Views/Table/Cell/MultiColumnTableViewCell.js:5;src_jsc/Views/Table/Cell/RankTableViewCell.js:5;src_jsc/Views/Table/Cell/SkillTableViewCell.js:5;src_jsc/Views/Table/Cell/TeamQueueTeamCell.js:5;src_jsc/Views/Table/MenuTableView.js:5;src_jsc/Views/Table/UnionLogTableView.js:65;src_jsc/Views/Table/UnionWarFlowChartTableView.js:5;src_jsc/Views/Union/UnionDepotLayer.js:5;src_jsc/Views/Union/UnionMemberLayer.js:5;src_jsc/Views/Union/UnionMembershipLayer.js:5;src_jsc/Views/Union/UnionRankingLayer.js:5;src_jsc/Views/Union/UnionShopLayer.js:5;src_jsc/Views/VipCell.js:5;src_jsc/Views/WorshipWinePopNode.js:5"
member,"cc.TargetedAction.create",38,"src_jsc/Factorys/Skill/Item/Timeline.js:354;src_jsc/Scene/Fight/FightScene.js:1007;src_jsc/Scene/Fight/FightScene.js:1011;src_jsc/Scene/Fight/FightScene.js:1071;src_jsc/Scene/Fight/FightScene.js:1086;src_jsc/Scene/Fight/FightScene.js:1164;src_jsc/Scene/Fight/FightScene.js:1229;src_jsc/Scene/Fight/FightScene.js:1231;src_jsc/Scene/Fight/FightScene.js:1406;src_jsc/Scene/Fight/FightScene.js:1464;src_jsc/Scene/Fight/FightScene.js:1624;src_jsc/Scene/Fight/FightScene.js:1686;src_jsc/Scene/Fight/FightScene.js:1836;src_jsc/Scene/Fight/FightScene.js:2120;src_jsc/Scene/Fight/FightScene.js:2130;src_jsc/Scene/Fight/FightScene.js:2145;src_jsc/Scene/Fight/FightScene.js:2146;src_jsc/Scene/Fight/FightScene.js:2156;src_jsc/Utils/Action.js:76;src_jsc/Utils/Node.js:668;src_jsc/Utils/Node.js:672;src_jsc/Utils/Node.js:713;src_jsc/Utils/Node.js:720;src_jsc/Views/Card/Fight.js:163;src_jsc/Views/Card/Fight.js:186;src_jsc/Views/Card/Fight.js:205;src_jsc/Views/Card/Fight.js:320;src_jsc/Views/Card/Fight.js:321;src_jsc/Views/Card/Fight.js:322;src_jsc/Views/CardListView.js:397;src_jsc/Views/CardListView.js:399;src_jsc/Views/Dialog/Story.js:240;src_jsc/Views/HpProgressView.js:222;src_jsc/Views/HpProgressView.js:238;src_jsc/Views/HpProgressView.js:247;src_jsc/Views/Mgr.js:864;src_jsc/Views/Mgr.js:1036;src_jsc/Views/Mgr.js:1112"
member,"cc.TextFieldTTF.textFieldWithPlaceHolder",3,"src_jsc/Views/Dialog/SendMessageDialog.js:62;src_jsc/Views/Dialog/SendMessageDialog.js:74;src_jsc/Views/FeedBack.js:34"
member,"cc.TextureCache.getInstance",8,"src_jsc/Libs/alias.js:5;src_jsc/MemoryWarning.js:10;src_jsc/Tools/Sys.js:64;src_jsc/Tools/Sys.js:85;src_jsc/Tools/Sys.js:97;src_jsc/Tools/Sys.js:118;src_jsc/Tools/Sys.js:131;src_jsc/Tools/Sys.js:145"
member,"cc.UNIFORM_ALPHA_TEST_VALUE_S",1,"src_jsc/Core/Cocos2d-x/jsb_cocos2d_constants.js:317"
member,"cc.UNIFORM_COS_TIME",1,"src_jsc/Core/Cocos2d-x/jsb_cocos2d_constants.js:219"
member,"cc.UNIFORM_COS_TIME_S",1,"src_jsc/Core/Cocos2d-x/jsb_cocos2d_constants.js:319"
member,"cc.UNIFORM_MAX",1,"src_jsc/Core/Cocos2d-x/jsb_cocos2d_constants.js:235"
member,"cc.UNIFORM_MVP_MATRIX",1,"src_jsc/Core/Cocos2d-x/jsb_cocos2d_constants.js:223"
member,"cc.UNIFORM_MVP_MATRIX_S",1,"src_jsc/Core/Cocos2d-x/jsb_cocos2d_constants.js:323"
member,"cc.UNIFORM_MV_MATRIX",1,"src_jsc/Core/Cocos2d-x/jsb_cocos2d_constants.js:221"
member,"cc.UNIFORM_MV_MATRIX_S",1,"src_jsc/Core/Cocos2d-x/jsb_cocos2d_constants.js:321"
member,"cc.UNIFORM_P_MATRIX",1,"src_jsc/Core/Cocos2d-x/jsb_cocos2d_constants.js:225"
member,"cc.UNIFORM_P_MATRIX_S",1,"src_jsc/Core/Cocos2d-x/jsb_cocos2d_constants.js:325"
member,"cc.UNIFORM_RANDOM01",1,"src_jsc/Core/Cocos2d-x/jsb_cocos2d_constants.js:227"
member,"cc.UNIFORM_RANDOM01_S",1,"src_jsc/Core/Cocos2d-x/jsb_cocos2d_constants.js:327"
member,"cc.UNIFORM_SAMPLER",1,"src_jsc/Core/Cocos2d-x/jsb_cocos2d_constants.js:229"
member,"cc.UNIFORM_SAMPLER_S",1,"src_jsc/Core/Cocos2d-x/jsb_cocos2d_constants.js:329"
member,"cc.UNIFORM_SIN_TIME",1,"src_jsc/Core/Cocos2d-x/jsb_cocos2d_constants.js:231"
member,"cc.UNIFORM_SIN_TIME_S",1,"src_jsc/Core/Cocos2d-x/jsb_cocos2d_constants.js:331"
member,"cc.UNIFORM_TIME",1,"src_jsc/Core/Cocos2d-x/jsb_cocos2d_constants.js:233"
member,"cc.UNIFORM_TIME_S",1,"src_jsc/Core/Cocos2d-x/jsb_cocos2d_constants.js:333"
member,"cc.USE_L_A88_LABELS",1,"src_jsc/Core/Cocos2d-x/jsb_cocos2d_constants.js:71"
member,"cc.VERTEX_ATTRIB_COLOR",1,"src_jsc/Core/Cocos2d-x/jsb_cocos2d_constants.js:247"
member,"cc.VERTEX_ATTRIB_FLAG_COLOR",1,"src_jsc/Core/Cocos2d-x/jsb_cocos2d_constants.js:237"
member,"cc.VERTEX_ATTRIB_FLAG_NONE",1,"src_jsc/Core/Cocos2d-x/jsb_cocos2d_constants.js:239"
member,"cc.VERTEX_ATTRIB_FLAG_POSITION",1,"src_jsc/Core/Cocos2d-x/jsb_cocos2d_constants.js:243"
member,"cc.VERTEX_ATTRIB_FLAG_POS_COLOR_TEX",1,"src_jsc/Core/Cocos2d-x/jsb_cocos2d_constants.js:241"
member,"cc.VERTEX_ATTRIB_FLAG_TEX_COORDS",1,"src_jsc/Core/Cocos2d-x/jsb_cocos2d_constants.js:245"
member,"cc.VERTEX_ATTRIB_MAX",1,"src_jsc/Core/Cocos2d-x/jsb_cocos2d_constants.js:249"
member,"cc.VERTEX_ATTRIB_POSITION",1,"src_jsc/Core/Cocos2d-x/jsb_cocos2d_constants.js:251"
member,"cc.VERTEX_ATTRIB_TEX_COORDS",1,"src_jsc/Core/Cocos2d-x/jsb_cocos2d_constants.js:253"
member,"cc.VERTICAL_TEXT_ALIGNMENT_BOTTOM",5,"src_jsc/Cfg/Label.js:49;src_jsc/Core/Cocos2d-x/jsb_cocos2d.js:107;src_jsc/Core/Cocos2d-x/jsb_cocos2d_constants.js:255;src_jsc/Core/alias.js:15;src_jsc/Libs/Constant.js:15"
member,"cc.VERTICAL_TEXT_ALIGNMENT_CENTER",16,"src_jsc/Cfg/Label.js:31;src_jsc/Cfg/Label.js:37;src_jsc/Cfg/Label.js:43;src_jsc/Cfg/Label.js:55;src_jsc/Cfg/Label.js:61;src_jsc/Cfg/Label.js:67;src_jsc/Cfg/Label.js:73;src_jsc/Cfg/Label.js:79;src_jsc/Cfg/Label.js:88;src_jsc/Core/Cocos2d-x/jsb_cocos2d.js:105;src_jsc/Core/Cocos2d-x/jsb_cocos2d_constants.js:257;src_jsc/Core/alias.js:13;src_jsc/Factorys/BaseLabel.js:116;src_jsc/Libs/Constant.js:13;src_jsc/Views/Dialog/MessagePopView.js:64;src_jsc/Views/Dialog/MessagePopView.js:74"
member,"cc.VERTICAL_TEXT_ALIGNMENT_TOP",4,"src_jsc/Core/Cocos2d-x/jsb_cocos2d.js:103;src_jsc/Core/Cocos2d-x/jsb_cocos2d_constants.js:259;src_jsc/Core/alias.js:11;src_jsc/Libs/Constant.js:11"
member,"cc.Views.SettingLayer",1,"src_jsc/Scene/Setting/SettingScene.js:561"
member,"cc.VisibleRect",2,"src_jsc/Core/Cocos2d-x/jsb_cocos2d.js:541;src_jsc/Core/Cocos2d-x/jsb_cocos2d.js:913"
member,"cc.WHITE",1,"src_jsc/Core/Cocos2d-x/jsb_cocos2d.js:159"
member,"cc.YELLOW",1,"src_jsc/Core/Cocos2d-x/jsb_cocos2d.js:161"
member,"cc.Z_COMPRESSION_BZIP2",1,"src_jsc/Core/Cocos2d-x/jsb_cocos2d_constants.js:17"
member,"cc.Z_COMPRESSION_GZIP",1,"src_jsc/Core/Cocos2d-x/jsb_cocos2d_constants.js:19"
member,"cc.Z_COMPRESSION_NONE",1,"src_jsc/Core/Cocos2d-x/jsb_cocos2d_constants.js:21"
member,"cc.Z_COMPRESSION_ZLIB",1,"src_jsc/Core/Cocos2d-x/jsb_cocos2d_constants.js:23"
member,"cc._Reader.create",2,"src_jsc/Core/Cocos2d-x/jsb_cocosbuilder.js:21;src_jsc/Libs/CCExt.js:14"
member,"cc._c3b",1,"src_jsc/Core/Cocos2d-x/jsb_cocos2d.js:238"
member,"cc._c4",1,"src_jsc/Core/Cocos2d-x/jsb_cocos2d.js:319"
member,"cc._c4b",2,"src_jsc/Core/Cocos2d-x/jsb_cocos2d.js:304;src_jsc/Core/Cocos2d-x/jsb_cocos2d.js:319"
member,"cc._cocosplayerLog",1,"src_jsc/Core/Cocos2d-x/jsb_cocos2d.js:187"
member,"cc._g",1,"src_jsc/Core/Cocos2d-x/jsb_cocos2d.js:393"
member,"cc._p",2,"src_jsc/Core/Cocos2d-x/jsb_chipmunk.js:11;src_jsc/Core/Cocos2d-x/jsb_cocos2d.js:365"
member,"cc._rect",1,"src_jsc/Core/Cocos2d-x/jsb_cocos2d.js:431"
member,"cc._reuse_color3b",2,"src_jsc/Core/Cocos2d-x/jsb_cocos2d.js:183;src_jsc/Core/Cocos2d-x/jsb_cocos2d.js:246"
member,"cc._reuse_color3b.b",1,"src_jsc/Core/Cocos2d-x/jsb_cocos2d.js:244"
member,"cc._reuse_color3b.g",1,"src_jsc/Core/Cocos2d-x/jsb_cocos2d.js:242"
member,"cc._reuse_color3b.r",1,"src_jsc/Core/Cocos2d-x/jsb_cocos2d.js:240"
member,"cc._reuse_color4b",2,"src_jsc/Core/Cocos2d-x/jsb_cocos2d.js:185;src_jsc/Core/Cocos2d-x/jsb_cocos2d.js:314"
member,"cc._reuse_color4b.a",1,"src_jsc/Core/Cocos2d-x/jsb_cocos2d.js:312"
member,"cc._reuse_color4b.b",1,"src_jsc/Core/Cocos2d-x/jsb_cocos2d.js:310"
member,"cc._reuse_color4b.g",1,"src_jsc/Core/Cocos2d-x/jsb_cocos2d.js:308"
member,"cc._reuse_color4b.r",1,"src_jsc/Core/Cocos2d-x/jsb_cocos2d.js:306"
member,"cc._reuse_grid",1,"src_jsc/Core/Cocos2d-x/jsb_cocos2d.js:399"
member,"cc._reuse_grid.x",1,"src_jsc/Core/Cocos2d-x/jsb_cocos2d.js:395"
member,"cc._reuse_grid.y",1,"src_jsc/Core/Cocos2d-x/jsb_cocos2d.js:397"
member,"cc._reuse_p",2,"src_jsc/Core/Cocos2d-x/jsb_cocos2d.js:175;src_jsc/Core/Cocos2d-x/jsb_cocos2d.js:372"
member,"cc._reuse_p.length",1,"src_jsc/Core/Cocos2d-x/jsb_cocos2d.js:367"
member,"cc._reuse_p_index",6,"src_jsc/Core/Cocos2d-x/jsb_cocos2d.js:177;src_jsc/Core/Cocos2d-x/jsb_cocos2d.js:367;src_jsc/Core/Cocos2d-x/jsb_cocos2d.js:369;src_jsc/Core/Cocos2d-x/jsb_cocos2d.js:372;src_jsc/Core/Cocos2d-x/jsb_cocos2d.js:374;src_jsc/Core/Cocos2d-x/jsb_cocos2d.js:374"
member,"cc._reuse_rect",2,"src_jsc/Core/Cocos2d-x/jsb_cocos2d.js:181;src_jsc/Core/Cocos2d-x/jsb_cocos2d.js:441"
member,"cc._reuse_rect.height",1,"src_jsc/Core/Cocos2d-x/jsb_cocos2d.js:439"
member,"cc._reuse_rect.width",1,"src_jsc/Core/Cocos2d-x/jsb_cocos2d.js:437"
member,"cc._reuse_rect.x",1,"src_jsc/Core/Cocos2d-x/jsb_cocos2d.js:433"
member,"cc._reuse_rect.y",1,"src_jsc/Core/Cocos2d-x/jsb_cocos2d.js:435"
member,"cc._reuse_size",2,"src_jsc/Core/Cocos2d-x/jsb_cocos2d.js:179;src_jsc/Core/Cocos2d-x/jsb_cocos2d.js:413"
member,"cc._reuse_size.height",1,"src_jsc/Core/Cocos2d-x/jsb_cocos2d.js:411"
member,"cc._reuse_size.width",1,"src_jsc/Core/Cocos2d-x/jsb_cocos2d.js:409"
member,"cc._size",5,"src_jsc/Core/Cocos2d-x/jsb_cocos2d.js:407;src_jsc/Scene/Party/PartyDialog.js:57;src_jsc/Scene/Party/PartyDialog.js:1674;src_jsc/Scene/Party/PartyDialogExt.js:58;src_jsc/Views/Icon/IconPackage.js:19"
member,"cc.associateWithNative",361,"src_jsc/Core/Cocos2d-x/jsb_cocos2d.js:739;src_jsc/Libs/Views/Armature/BaseArmature.js:15;src_jsc/Libs/Views/Layer/BaseLayer.js:11;src_jsc/Models/Fight/FightRoundList.js:10;src_jsc/Scene/Aga/AgaScene.js:11;src_jsc/Scene/Aga/AgaScene.js:342;src_jsc/Scene/Aga/AgaScene.js:738;src_jsc/Scene/Aga/AgaScene.js:1257;src_jsc/Scene/Aga/AgaScene.js:1378;src_jsc/Scene/Awake/AwakeBoxScene.js:10;src_jsc/Scene/Awake/AwakeBoxView.js:20;src_jsc/Scene/Awake/AwakeBoxView.js:484;src_jsc/Scene/Awake/AwakeBoxView.js:690;src_jsc/Scene/Awake/AwakeScene.js:11;src_jsc/Scene/Bag/BagScene.js:973;src_jsc/Scene/Beauty/BeautyCell.js:10;src_jsc/Scene/Beauty/BeautyScene.js:11;src_jsc/Scene/Beauty/BeautyScene.js:1437;src_jsc/Scene/Buddy/BuddyScene.js:106;src_jsc/Scene/Chaos/ChaosFight.js:10;src_jsc/Scene/Chaos/ChaosFightScene.js:10;src_jsc/Scene/Chaos/ChaosHomeView.js:10;src_jsc/Scene/Chaos/ChaosScene.js:10;src_jsc/Scene/Climb/ClimbLadderRankListScene.js:10;src_jsc/Scene/Combat/CombatCardView.js:12;src_jsc/Scene/Combat/CombatScene.js:10;src_jsc/Scene/Combat/CombatUpgradeScene.js:15;src_jsc/Scene/Combat/CombatUpgradeScene.js:607;src_jsc/Scene/Copy/BossCell.js:10;src_jsc/Scene/Copy/CopyScene.js:11;src_jsc/Scene/Copy/CopyScene.js:742;src_jsc/Scene/Copy/DuanWuCopyScene.js:11;src_jsc/Scene/Copy/DuanWuCopyScene.js:742;src_jsc/Scene/Copy/LabourlCopyScene.js:11;src_jsc/Scene/Copy/LabourlCopyScene.js:742;src_jsc/Scene/Copy/MemorialCopyScene.js:11;src_jsc/Scene/Copy/MemorialCopyScene.js:742;src_jsc/Scene/Copy/PlantCopyScene.js:11;src_jsc/Scene/Copy/PlantCopyScene.js:740;src_jsc/Scene/Copy/PublicCopyScene.js:11;src_jsc/Scene/Copy/PublicCopyScene.js:785;src_jsc/Scene/Debug/DebugScene.js:172;src_jsc/Scene/Debug/DebugScene.js:256;src_jsc/Scene/Debug/DebugScene.js:386;src_jsc/Scene/DecisiveBattle/DecisiveBattleMainScene.js:11;src_jsc/Scene/DecisiveBattle/DecisiveBattlePreviewScene.js:11;src_jsc/Scene/DecisiveBattle/SupportAwardScene.js:11;src_jsc/Scene/Develop/AlchemyView.js:10;src_jsc/Scene/Develop/AlchemyView.js:287;src_jsc/Scene/Develop/AlchemyView.js:535;src_jsc/Scene/Develop/DevelopScene.js:10;src_jsc/Scene/Develop/DevelopScene.js:64;src_jsc/Scene/Equ/EquipmentScene.js:10;src_jsc/Scene/Equ/EquipmentScene.js:436;src_jsc/Scene/Fight/FightScene.js:3418;src_jsc/Scene/FightChapter/DungeonView.js:10;src_jsc/Scene/FightChapter/FightChapters.js:10;src_jsc/Scene/FightChapter/FightChapters.js:470;src_jsc/Scene/Gems/GemsScene.js:11;src_jsc/Scene/GeneralSelect/GeneralSelectScene.js:10;src_jsc/Scene/GeneralSelect/GeneralSelectScene.js:289;src_jsc/Scene/GeneralSelect/GeneralSelectScene.js:385;src_jsc/Scene/Goddess/GoddessMainScene.js:11;src_jsc/Scene/HulaoBattle/HulaoBattleMainScene.js:11;src_jsc/Scene/InterService/InterServiceFightScene.js:11;src_jsc/Scene/InterService/InterServiceRegistrationScene.js:11;src_jsc/Scene/InterService/InterServiceWorshipScene.js:11;src_jsc/Scene/InterService/PopularityRewardScene.js:11;src_jsc/Scene/Ladder/LadderCardShow.js:10;src_jsc/Scene/Ladder/LadderChartScene.js:10;src_jsc/Scene/Ladder/LadderChartView.js:10;src_jsc/Scene/Ladder/LadderGiftView.js:14;src_jsc/Scene/Ladder/LadderGiftView_Honor.js:14;src_jsc/Scene/Ladder/LadderScene.js:11;src_jsc/Scene/Ladder/LadderTenFightResultDialog.js:11;src_jsc/Scene/Ladder/LadderTenFightResultDialog.js:186;src_jsc/Scene/Ladder/LadderView.js:10;src_jsc/Scene/LoadingScene.js:14;src_jsc/Scene/Login/LoginScene_AnySdk.js:10;src_jsc/Scene/Login/LoginScene_AnySdk.js:853;src_jsc/Scene/Login/LoginScene_BfSdk.js:10;src_jsc/Scene/Login/LoginScene_BfSdk.js:1046;src_jsc/Scene/Login/LoginScene_EasyGuestSdk.js:10;src_jsc/Scene/Login/LoginScene_EasyGuestSdk.js:492;src_jsc/Scene/Login/LoginScene_EasySdk.js:10;src_jsc/Scene/Login/LoginScene_EasySdk.js:383;src_jsc/Scene/Login/LoginScene_ThirdGuestSdk.js:10;src_jsc/Scene/Login/LoginScene_ThirdGuestSdk.js:569;src_jsc/Scene/Login/LoginScene_ThirdSdk.js:10;src_jsc/Scene/Login/LoginScene_ThirdSdk.js:489;src_jsc/Scene/Mail/MailSystemScene.js:10;src_jsc/Scene/Mail/MailView.js:10;src_jsc/Scene/Main/MainMenuScene.js:11;src_jsc/Scene/Main/MainMenuScene.js:882;src_jsc/Scene/Meridians/MeridiansMainScene.js:11;src_jsc/Scene/Meridians/PracticeMeridiansMainScene.js:11;src_jsc/Scene/MiracleWeapons/MiracleWeaponScene.js:11;src_jsc/Scene/MiracleWeapons/SelectMiracleWeaponsScene.js:11;src_jsc/Scene/NewPlayer/NewPlayerScene.js:10;src_jsc/Scene/NewPlayer/NewPlayerScene.js:131;src_jsc/Scene/Party/LadderCompetitionDialog.js:29;src_jsc/Scene/Party/PartyDialog.js:27;src_jsc/Scene/Party/PartyDialog.js:1646;src_jsc/Scene/Party/PartyDialogExt.js:27;src_jsc/Scene/Party/RechargeRankDialog.js:32;src_jsc/Scene/Party/RechargeRankDialog.js:295;src_jsc/Scene/Party/WishingScene.js:11;src_jsc/Scene/Party/WishingScene.js:572;src_jsc/Scene/Rank/RankScene.js:11;src_jsc/Scene/Setting/ContactGMScene.js:14;src_jsc/Scene/Setting/ContactGMScene.js:50;src_jsc/Scene/Setting/ContactGMScene.js:121;src_jsc/Scene/Setting/ContactGMScene.js:192;src_jsc/Scene/Setting/SettingScene.js:10;src_jsc/Scene/Setting/SettingScene.js:66;src_jsc/Scene/Setting/SettingScene.js:576;src_jsc/Scene/Skill/SkillScene.js:10;src_jsc/Scene/Skill/SkillScene.js:238;src_jsc/Scene/Skill/SkillScene.js:270;src_jsc/Scene/SkillRefining/SkillRefiningScene.js:11;src_jsc/Scene/Social/SocialScene.js:10;src_jsc/Scene/Social/SocialView.js:16;src_jsc/Scene/Store/StoreScene.js:10;src_jsc/Scene/Store/ToastView.js:11;src_jsc/Scene/Store/ToastView.js:455;src_jsc/Scene/Store/ToastView.js:670;src_jsc/Scene/SubMenu/ChallengeMenuScene.js:418;src_jsc/Scene/SubMenu/GeneralMenuScene.js:10;src_jsc/Scene/SubMenu/GeneralMenuScene.js:543;src_jsc/Scene/SubMenu/MenuMenuScene.js:10;src_jsc/Scene/SubMenu/MenuMenuScene.js:244;src_jsc/Scene/SubMenu/PartyMenuScene.js:576;src_jsc/Scene/TeamBuild/TeamBuildScene.js:14;src_jsc/Scene/TeamBuild/TeamBuildScene.js:244;src_jsc/Scene/TeamBuild/TeamBuildScene.js:1624;src_jsc/Scene/TeamBuild/TeamBuildScene_V2.js:11;src_jsc/Scene/TeamBuild/TeamBuildScene_V2.js:1199;src_jsc/Scene/TeamBuild/TeamMemberNavigation.js:11;src_jsc/Scene/TeamBuild/TeamMemberNavigation.js:213;src_jsc/Scene/TeamBuild/TeamMemberNavigation.js:416;src_jsc/Scene/TeamBuild/TeamMemberNavigation.js:641;src_jsc/Scene/TeamBuild/TeamMemberNavigation.js:887;src_jsc/Scene/Training/GeneralTraningScene.js:14;src_jsc/Scene/Training/GeneralTraningScene.js:326;src_jsc/Scene/Training/GeneralTraningScene.js:969;src_jsc/Scene/UnionWar/UnionWarBattleScene.js:246;src_jsc/Scene/UnionWar/UnionWarChangeFormationScene.js:316;src_jsc/Scene/UnionWar/UnionWarFightScene.js:319;src_jsc/Scene/Vip/VipScene.js:153;src_jsc/Scene/Worship/WorshipScene.js:356;src_jsc/Update/UpdateScene.js:49;src_jsc/Views/ActivitiesShow.js:11;src_jsc/Views/ActivitiesShow6Icon.js:19;src_jsc/Views/Awake/AwakeLayer.js:24;src_jsc/Views/BaseView.js:13;src_jsc/Views/BeautyIconButton.js:10;src_jsc/Views/Card/Equ.js:23;src_jsc/Views/Card/Fight.js:85;src_jsc/Views/Card/General.js:28;src_jsc/Views/Card/OtherPlayer.js:17;src_jsc/Views/CardListView.js:10;src_jsc/Views/CardListView_v2.js:20;src_jsc/Views/CardNavigateView.js:11;src_jsc/Views/ChatContentLayer.js:10;src_jsc/Views/ClimbLadderArtifactStorey.js:10;src_jsc/Views/ClimbLadderArtifactStorey.js:200;src_jsc/Views/ClimbLadderPFKGView.js:20;src_jsc/Views/DecisiveBattle/DecisiveBattleMainView.js:28;src_jsc/Views/DecisiveBattle/DecisiveBattlePreviewView.js:11;src_jsc/Views/DecisiveBattle/OneRoundPlayerListDialog.js:23;src_jsc/Views/DecisiveBattle/SupportPointsExchangeView.js:11;src_jsc/Views/DecisiveBattle/SupportRecordView.js:28;src_jsc/Views/Dialog/AchieveDialog.js:11;src_jsc/Views/Dialog/AdventureDropDialog.js:69;src_jsc/Views/Dialog/AdventureDropDialog.js:170;src_jsc/Views/Dialog/AdvertisementDialog.js:47;src_jsc/Views/Dialog/AdvertisementDialogGuide.js:11;src_jsc/Views/Dialog/AnnouncementDialog.js:196;src_jsc/Views/Dialog/AutoMultiKillSelectDialog.js:10;src_jsc/Views/Dialog/AutoPracticeDialog.js:11;src_jsc/Views/Dialog/AutoPracticeResultDialog.js:11;src_jsc/Views/Dialog/AvoidWarDialog.js:10;src_jsc/Views/Dialog/AwakeChangeYuanFenDialog.js:234;src_jsc/Views/Dialog/AwakeInfoDialog.js:292;src_jsc/Views/Dialog/BeautyShopDialog.js:32;src_jsc/Views/Dialog/BecomeStrongerDialog.js:256;src_jsc/Views/Dialog/DecisiveSupportDialog.js:11;src_jsc/Views/Dialog/DecisiveSupportDialog.js:280;src_jsc/Views/Dialog/DecisiveSupportDialog.js:458;src_jsc/Views/Dialog/DevelopInstruction.js:11;src_jsc/Views/Dialog/Dialog.js:215;src_jsc/Views/Dialog/DuanWuDialog.js:32;src_jsc/Views/Dialog/ErrorDialog.js:12;src_jsc/Views/Dialog/ExchangeCDKey.js:10;src_jsc/Views/Dialog/FriendOperationDialog.js:10;src_jsc/Views/Dialog/GeneralTrainingResultDialog.js:10;src_jsc/Views/Dialog/GeneralTrainingResultDialog.js:138;src_jsc/Views/Dialog/GoldDrawDialog.js:11;src_jsc/Views/Dialog/InstructionDialog.js:11;src_jsc/Views/Dialog/JiFenDuiHuanDialog.js:32;src_jsc/Views/Dialog/LabourlDialog.js:32;src_jsc/Views/Dialog/MemorialDialog.js:32;src_jsc/Views/Dialog/MulitiFightDialog.js:11;src_jsc/Views/Dialog/MultiItemBuyDialog.js:10;src_jsc/Views/Dialog/MultiItemExchangeDialog.js:10;src_jsc/Views/Dialog/MysteryStoreDialog.js:30;src_jsc/Views/Dialog/PlantTreeDlg.js:32;src_jsc/Views/Dialog/PublicCopyDialog.js:32;src_jsc/Views/Dialog/PublicNotice.js:12;src_jsc/Views/Dialog/RandEvent.js:11;src_jsc/Views/Dialog/RefineEquipmentDialog.js:10;src_jsc/Views/Dialog/SelectOpenBoxNumDialog.js:10;src_jsc/Views/Dialog/SelectResolveNumDialog.js:10;src_jsc/Views/Dialog/SelectSgsChannelDialog.js:19;src_jsc/Views/Dialog/SkillUpDialog.js:666;src_jsc/Views/Dialog/SlotMachinesActivities.js:38;src_jsc/Views/Dialog/SpiritStoneDialog.js:32;src_jsc/Views/Dialog/Story.js:25;src_jsc/Views/Dialog/UnionActiveDialog.js:21;src_jsc/Views/Dialog/UnionActiveDialog.js:199;src_jsc/Views/Dialog/UnionDepotMemberDialog.js:36;src_jsc/Views/Dialog/UnionDepotMemberDialog.js:218;src_jsc/Views/Dialog/UnionDepotNumChooseDialog.js:22;src_jsc/Views/Dialog/UnionWarActivePromoteDialog.js:17;src_jsc/Views/Dialog/UnionWarBattleResultDialog.js:28;src_jsc/Views/Dialog/UnionWarBattleResultDialog.js:179;src_jsc/Views/Gems/AllGemsListDialog.js:10;src_jsc/Views/Gems/AllGemsListDialog.js:159;src_jsc/Views/Gems/GemsBagView.js:21;src_jsc/Views/Gems/GemsBagView.js:197;src_jsc/Views/Gems/GemsComposeView.js:16;src_jsc/Views/Gems/GemsEquipmentAdd.js:10;src_jsc/Views/Gems/GemsPunchView.js:79;src_jsc/Views/Gems/GemsSophisticationReplaceDialog.js:21;src_jsc/Views/Gems/GemsSophisticationReplaceDialog.js:199;src_jsc/Views/Gems/GemsSophisticationView.js:17;src_jsc/Views/GeneralCardShow.js:10;src_jsc/Views/GeneralPlayView.js:14;src_jsc/Views/GeneralSwapView.js:10;src_jsc/Views/Goddess/GoddessAchievementDialog.js:16;src_jsc/Views/Goddess/GoddessAchievementDialog.js:259;src_jsc/Views/Goddess/GoddessMainView.js:30;src_jsc/Views/Goddess/ThreeIconShowView.js:10;src_jsc/Views/HpProgressView.js:71;src_jsc/Views/HulaoBattle/GarrisonLayoutDialog.js:11;src_jsc/Views/HulaoBattle/HulaoBattleMainView.js:23;src_jsc/Views/HulaoBattle/HulaoBattleSelectDifficulty.js:27;src_jsc/Views/HulaoBattle/LightenLuckDialog.js:11;src_jsc/Views/HulaoBattle/LightenLuckDialog.js:183;src_jsc/Views/HungerLayer.js:13;src_jsc/Views/Icon/BaseIcon.js:28;src_jsc/Views/Icon/IconPackage.js:11;src_jsc/Views/Icon/IconStyleA.js:11;src_jsc/Views/InterService/InterServiceFightView.js:33;src_jsc/Views/InterService/InterServiceRegistrationView.js:20;src_jsc/Views/InterService/InterServiceRewardDialog.js:11;src_jsc/Views/InterService/InterServiceRewardPreviewDialog.js:15;src_jsc/Views/InterService/InterServiceWorshipView.js:11;src_jsc/Views/InterService/PointsExchangeView.js:11;src_jsc/Views/InterService/PointsRankDialog.js:23;src_jsc/Views/InterService/PointsRankDialog.js:155;src_jsc/Views/InterService/PopularityRewardView.js:22;src_jsc/Views/InterService/PopularityRewardView.js:200;src_jsc/Views/InterService/PromptFrameDialog.js:10;src_jsc/Views/ItemCell.js:14;src_jsc/Views/ItemShowList.js:25;src_jsc/Views/ItemShowList.js:194;src_jsc/Views/LoadingView.js:11;src_jsc/Views/MTipsListView.js:10;src_jsc/Views/MainMenuBtnView.js:11;src_jsc/Views/MainMenuView.js:14;src_jsc/Views/MainMenuView.js:136;src_jsc/Views/Meridians/AcupointListView.js:10;src_jsc/Views/Meridians/AcupointListView.js:97;src_jsc/Views/Meridians/DetailsListView.js:10;src_jsc/Views/Meridians/DetailsListView.js:127;src_jsc/Views/Meridians/MeridiansMainView.js:11;src_jsc/Views/Meridians/PracticeMeridiansMainView.js:11;src_jsc/Views/MiniTablePage.js:10;src_jsc/Views/MiracleWeapons/MiracleWeaponInforDialog.js:21;src_jsc/Views/MiracleWeapons/MiracleWeaponInforDialog.js:281;src_jsc/Views/MiracleWeapons/MiracleWeaponLayer.js:61;src_jsc/Views/MiracleWeapons/SelectMiracleWeaponLayer.js:23;src_jsc/Views/MiracleWeapons/SelectMiracleWeaponLayer.js:416;src_jsc/Views/MiracleWeapons/ThreeMiracleWeaponsShowLayer.js:12;src_jsc/Views/MultiPagesMenuView.js:10;src_jsc/Views/NotificationNode.js:10;src_jsc/Views/PlayerInfoBannerView.js:11;src_jsc/Views/PlayerInfoBannerView.js:111;src_jsc/Views/PlayerInfoBannerView.js:248;src_jsc/Views/PlayerInfoBannerView.js:357;src_jsc/Views/ProgressTimer/BlueProgressTimer.js:10;src_jsc/Views/ProgressTimer/NormalProgressTimer.js:10;src_jsc/Views/QuickFight.js:11;src_jsc/Views/ReincarnationView.js:10;src_jsc/Views/ReplaceCardList.js:10;src_jsc/Views/ReplaceCardPanel.js:10;src_jsc/Views/RoundClippingNode.js:13;src_jsc/Views/SceneTitleView.js:10;src_jsc/Views/ServerSelectView.js:214;src_jsc/Views/ShowTeamView.js:602;src_jsc/Views/SkillCompoundView.js:10;src_jsc/Views/SkillPieceIconShow.js:10;src_jsc/Views/SkillRefining/RefiningSkillDialog.js:10;src_jsc/Views/SkillRefining/SkillRefiningLayer.js:28;src_jsc/Views/SkillSpecView.js:11;src_jsc/Views/SortController.js:10;src_jsc/Views/SpeakerView.js:10;src_jsc/Views/SplitLabelTTF.js:10;src_jsc/Views/SpriteClippingNode.js:12;src_jsc/Views/Table/BaseTableView.js:14;src_jsc/Views/Table/Cell/AgaHeadTableViewCell.js:14;src_jsc/Views/Table/Cell/AvoidWarTableViewCell.js:14;src_jsc/Views/Table/Cell/BaseCcbCell.js:14;src_jsc/Views/Table/Cell/BaseCell.js:14;src_jsc/Views/Table/Cell/ChaosTableViewCell.js:14;src_jsc/Views/Table/Cell/ChargeItemCell.js:14;src_jsc/Views/Table/Cell/ChatContentCell.js:14;src_jsc/Views/Table/Cell/ClimbLadderTableViewCell.js:45;src_jsc/Views/Table/Cell/LadderChartTableViewCell.js:14;src_jsc/Views/Table/Cell/MailTableViewCell.js:14;src_jsc/Views/Table/Cell/RankTableViewCell.js:34;src_jsc/Views/Table/Cell/SkillPieceTableViewCell.js:14;src_jsc/Views/Table/Cell/SocialTableViewCell.js:14;src_jsc/Views/Table/Cell/TeamQueueTeamCell.js:14;src_jsc/Views/Table/MenuTableView.js:14;src_jsc/Views/Table/UnionLogTableView.js:74;src_jsc/Views/Table/UnionWarFlowChartTableView.js:14;src_jsc/Views/TablePageView.js:10;src_jsc/Views/TableViewCellButton.js:10;src_jsc/Views/TeamCntPopView.js:10;src_jsc/Views/TeamGeneralFightAndStrikeView.js:10;src_jsc/Views/TeamIconButton.js:10;src_jsc/Views/TextProgressView.js:13;src_jsc/Views/Union/UnionBaseLayer.js:11;src_jsc/Views/Union/UnionDepotLayer.js:20;src_jsc/Views/Union/UnionDepotLayer.js:190;src_jsc/Views/Union/UnionMemberLayer.js:32;src_jsc/Views/Union/UnionMemberLayer.js:318;src_jsc/Views/Union/UnionMemberManageDialog.js:38;src_jsc/Views/Union/UnionMembershipLayer.js:22;src_jsc/Views/Union/UnionMembershipLayer.js:198;src_jsc/Views/Union/UnionRankingLayer.js:22;src_jsc/Views/Union/UnionRankingLayer.js:251;src_jsc/Views/Union/UnionShopLayer.js:23;src_jsc/Views/Union/UnionShopLayer.js:214;src_jsc/Views/UnionWarBattleView.js:10;src_jsc/Views/UnionWarFightView.js:10;src_jsc/Views/UnionWarPlayerHeadFightView.js:10;src_jsc/Views/UnionWarPlayerHeadView.js:10;src_jsc/Views/UpgradeCard/BaseUpgradeCard.js:10;src_jsc/Views/UpgradeCard/CardAwakeInfoView.js:24;src_jsc/Views/UpgradeCard/CardAwakeView.js:10;src_jsc/Views/UpgradeGuideInMainView.js:16;src_jsc/Views/UserLevelUp.js:10;src_jsc/Views/VipCell.js:15;src_jsc/Views/WorshipCardAdd.js:10;src_jsc/Views/WorshipDescView.js:10;src_jsc/Views/WorshipInfoView.js:10;src_jsc/Views/WorshipWinePopNode.js:14;src_jsc/Views/WorshipWinePopNode.js:235"
member,"cc.base",2,"src_jsc/Core/Cocos2d-x/jsb_cocos2d.js:757;src_jsc/Core/Cocos2d-x/jsb_cocos2d.js:793"
member,"cc.black",1,"src_jsc/Core/Cocos2d-x/jsb_cocos2d.js:284"
member,"cc.blue",1,"src_jsc/Core/Cocos2d-x/jsb_cocos2d.js:264"
member,"cc.c3BEqual",1,"src_jsc/Core/Cocos2d-x/jsb_cocos2d.js:249"
member,"cc.c3b",239,"data_cn_jsc/art/sgs_config_ttf.js:7;data_cn_jsc/art/sgs_config_ttf.js:10;data_cn_jsc/art/sgs_config_ttf.js:13;data_cn_jsc/art/sgs_config_ttf.js:15;data_cn_jsc/art/sgs_config_ttf.js:18;data_cn_jsc/art/sgs_config_ttf.js:22;data_cn_jsc/art/sgs_config_ttf.js:25;data_cn_jsc/art/sgs_config_ttf.js:28;data_cn_jsc/art/sgs_config_ttf.js:29;data_cn_jsc/art/sgs_config_ttf.js:31;data_cn_jsc/art/sgs_config_ttf.js:37;data_cn_jsc/art/sgs_config_ttf.js:39;data_cn_jsc/art/sgs_config_ttf.js:46;data_cn_jsc/art/sgs_config_ttf.js:49;data_cn_jsc/art/sgs_config_ttf.js:53;data_cn_jsc/art/sgs_config_ttf.js:56;data_cn_jsc/art/sgs_config_ttf.js:60;data_cn_jsc/art/sgs_config_ttf.js:63;data_cn_jsc/art/sgs_config_ttf.js:66;data_cn_jsc/art/sgs_config_ttf.js:67;data_cn_jsc/art/sgs_config_ttf.js:68;data_cn_jsc/art/sgs_config_ttf.js:69;data_cn_jsc/art/sgs_config_ttf.js:71;data_cn_jsc/art/sgs_config_ttf.js:74;data_cn_jsc/art/sgs_config_ttf.js:77;data_cn_jsc/art/sgs_config_ttf.js:78;data_cn_jsc/art/sgs_config_ttf.js:79;data_cn_jsc/art/sgs_config_ttf.js:81;data_cn_jsc/art/sgs_config_ttf.js:84;data_cn_jsc/art/sgs_config_ttf.js:87;data_cn_jsc/art/sgs_config_ttf.js:89;data_cn_jsc/art/sgs_config_ttf.js:92;data_cn_jsc/art/sgs_config_ttf.js:96;data_cn_jsc/art/sgs_config_ttf.js:99;data_cn_jsc/art/sgs_config_ttf.js:102;data_cn_jsc/art/sgs_config_ttf.js:104;data_cn_jsc/art/sgs_config_ttf.js:107;data_cn_jsc/art/sgs_config_ttf.js:111;data_cn_jsc/art/sgs_config_ttf.js:114;data_cn_jsc/art/sgs_config_ttf.js:118;data_cn_jsc/art/sgs_config_ttf.js:121;data_cn_jsc/art/sgs_config_ttf.js:125;data_cn_jsc/art/sgs_config_ttf.js:128;data_cn_jsc/art/sgs_config_ttf.js:132;data_cn_jsc/art/sgs_config_ttf.js:135;data_cn_jsc/art/sgs_config_ttf.js:139;data_cn_jsc/art/sgs_config_ttf.js:146;data_cn_jsc/art/sgs_config_ttf.js:149;data_cn_jsc/art/sgs_config_ttf.js:152;data_cn_jsc/art/sgs_config_ttf.js:153;data_cn_jsc/art/sgs_config_ttf.js:154;data_cn_jsc/art/sgs_config_ttf.js:156;data_cn_jsc/art/sgs_config_ttf.js:159;data_cn_jsc/art/sgs_config_ttf.js:163;data_cn_jsc/art/sgs_config_ttf.js:166;data_cn_jsc/art/sgs_config_ttf.js:170;data_cn_jsc/art/sgs_config_ttf.js:173;data_cn_jsc/art/sgs_config_ttf.js:176;data_cn_jsc/art/sgs_config_ttf.js:178;data_cn_jsc/art/sgs_config_ttf.js:181;data_cn_jsc/art/sgs_config_ttf.js:185;data_cn_jsc/art/sgs_config_ttf.js:188;data_cn_jsc/art/sgs_config_ttf.js:192;data_cn_jsc/art/sgs_config_ttf.js:195;data_cn_jsc/art/sgs_config_ttf.js:199;data_cn_jsc/art/sgs_config_ttf.js:202;data_cn_jsc/art/sgs_config_ttf.js:206;data_cn_jsc/art/sgs_config_ttf.js:209;data_cn_jsc/art/sgs_config_ttf.js:213;data_cn_jsc/art/sgs_config_ttf.js:216;data_cn_jsc/art/sgs_config_ttf.js:220;data_cn_jsc/art/sgs_config_ttf.js:223;data_cn_jsc/art/sgs_config_ttf.js:227;data_cn_jsc/art/sgs_config_ttf.js:230;data_cn_jsc/art/sgs_config_ttf.js:234;data_cn_jsc/art/sgs_config_ttf.js:237;data_cn_jsc/art/sgs_config_ttf.js:241;data_cn_jsc/art/sgs_config_ttf.js:244;data_cn_jsc/art/sgs_config_ttf.js:248;data_cn_jsc/art/sgs_config_ttf.js:251;data_cn_jsc/art/sgs_config_ttf.js:255;data_cn_jsc/art/sgs_config_ttf.js:258;data_cn_jsc/art/sgs_config_ttf.js:261;data_cn_jsc/art/sgs_config_ttf.js:263;data_cn_jsc/art/sgs_config_ttf.js:266;data_cn_jsc/art/sgs_config_ttf.js:270;data_cn_jsc/art/sgs_config_ttf.js:273;data_cn_jsc/art/sgs_config_ttf.js:276;data_cn_jsc/art/sgs_config_ttf.js:278;data_cn_jsc/art/sgs_config_ttf.js:281;data_cn_jsc/art/sgs_config_ttf.js:285;data_cn_jsc/art/sgs_config_ttf.js:288;data_cn_jsc/art/sgs_config_ttf.js:291;data_cn_jsc/art/sgs_config_ttf.js:292;data_cn_jsc/art/sgs_config_ttf.js:293;data_cn_jsc/art/sgs_config_ttf.js:295;data_cn_jsc/art/sgs_config_ttf.js:298;data_cn_jsc/art/sgs_config_ttf.js:301;data_cn_jsc/art/sgs_config_ttf.js:302;data_cn_jsc/art/sgs_config_ttf.js:303;data_cn_jsc/art/sgs_config_ttf.js:305;data_cn_jsc/art/sgs_config_ttf.js:308;data_cn_jsc/art/sgs_config_ttf.js:312;data_cn_jsc/art/sgs_config_ttf.js:315;data_cn_jsc/art/sgs_config_ttf.js:319;data_cn_jsc/art/sgs_config_ttf.js:322;data_cn_jsc/art/sgs_config_ttf.js:325;data_cn_jsc/art/sgs_config_ttf.js:326;data_cn_jsc/art/sgs_config_ttf.js:327;data_cn_jsc/art/sgs_config_ttf.js:329;data_cn_jsc/art/sgs_config_ttf.js:332;data_cn_jsc/art/sgs_config_ttf.js:336;data_cn_jsc/art/sgs_config_ttf.js:339;data_cn_jsc/art/sgs_config_ttf.js:343;data_cn_jsc/art/sgs_config_ttf.js:350;data_cn_jsc/art/sgs_config_ttf.js:353;data_cn_jsc/art/sgs_config_ttf.js:357;data_cn_jsc/art/sgs_config_ttf.js:360;data_cn_jsc/art/sgs_config_ttf.js:364;data_cn_jsc/art/sgs_config_ttf.js:367;data_cn_jsc/art/sgs_config_ttf.js:370;data_cn_jsc/art/sgs_config_ttf.js:372;data_cn_jsc/art/sgs_config_ttf.js:375;data_cn_jsc/art/sgs_config_ttf.js:379;data_cn_jsc/art/sgs_config_ttf.js:382;data_cn_jsc/art/sgs_config_ttf.js:386;data_cn_jsc/art/sgs_config_ttf.js:389;data_cn_jsc/art/sgs_config_ttf.js:393;data_cn_jsc/art/sgs_config_ttf.js:396;data_cn_jsc/art/sgs_config_ttf.js:400;data_cn_jsc/art/sgs_config_ttf.js:403;data_cn_jsc/art/sgs_config_ttf.js:407;data_cn_jsc/art/sgs_config_ttf.js:410;data_cn_jsc/art/sgs_config_ttf.js:414;data_cn_jsc/art/sgs_config_ttf.js:421;data_cn_jsc/art/sgs_config_ttf.js:428;data_cn_jsc/art/sgs_config_ttf.js:431;data_cn_jsc/art/sgs_config_ttf.js:435;data_cn_jsc/art/sgs_config_ttf.js:442;data_cn_jsc/art/sgs_config_ttf.js:445;data_cn_jsc/art/sgs_config_ttf.js:449;data_cn_jsc/art/sgs_config_ttf.js:452;data_cn_jsc/art/sgs_config_ttf.js:456;data_cn_jsc/art/sgs_config_ttf.js:459;data_cn_jsc/art/sgs_config_ttf.js:463;data_cn_jsc/art/sgs_config_ttf.js:466;data_cn_jsc/art/sgs_config_ttf.js:470;data_cn_jsc/art/sgs_config_ttf.js:473;data_cn_jsc/art/sgs_config_ttf.js:477;data_cn_jsc/art/sgs_config_ttf.js:480;src_jsc/Cfg/Font.js:7;src_jsc/Cfg/Font.js:12;src_jsc/Cfg/Font.js:16;src_jsc/Cfg/Font.js:19;src_jsc/Cfg/Font.js:23;src_jsc/Cfg/Font.js:26;src_jsc/Cfg/Font.js:30;src_jsc/Cfg/Font.js:33;src_jsc/Cfg/Font.js:37;src_jsc/Cfg/Font.js:40;src_jsc/Cfg/Font.js:44;src_jsc/Cfg/Font.js:47;src_jsc/Cfg/Font.js:50;src_jsc/Cfg/Font.js:51;src_jsc/Core/Cocos2d-x/jsb_cocos2d.js:189;src_jsc/Core/Cocos2d-x/jsb_cocos2d.js:202;src_jsc/Core/Cocos2d-x/jsb_cocos2d.js:256;src_jsc/Core/Cocos2d-x/jsb_cocos2d.js:261;src_jsc/Core/Cocos2d-x/jsb_cocos2d.js:266;src_jsc/Core/Cocos2d-x/jsb_cocos2d.js:271;src_jsc/Core/Cocos2d-x/jsb_cocos2d.js:276;src_jsc/Core/Cocos2d-x/jsb_cocos2d.js:281;src_jsc/Core/Cocos2d-x/jsb_cocos2d.js:286;src_jsc/Core/Cocos2d-x/jsb_cocos2d.js:291;src_jsc/Core/Cocos2d-x/jsb_cocos2d.js:296;src_jsc/Scene/Debug/DebugScene.js:328;src_jsc/Scene/Debug/DebugScene.js:330;src_jsc/Scene/Fight/FightScene.js:934;src_jsc/Scene/Fight/FightScene.js:937;src_jsc/Scene/Fight/FightScene.js:958;src_jsc/Scene/Login/LoginScene_AnySdk.js:550;src_jsc/Scene/Login/LoginScene_AnySdk.js:552;src_jsc/Scene/Login/LoginScene_AnySdk.js:586;src_jsc/Scene/Login/LoginScene_AnySdk.js:588;src_jsc/Scene/Login/LoginScene_BfSdk.js:410;src_jsc/Scene/Login/LoginScene_BfSdk.js:412;src_jsc/Scene/Login/LoginScene_BfSdk.js:446;src_jsc/Scene/Login/LoginScene_BfSdk.js:448;src_jsc/Scene/Login/LoginScene_BfSdk.js:838;src_jsc/Scene/Login/LoginScene_BfSdk.js:840;src_jsc/Scene/Login/LoginScene_BfSdk.js:874;src_jsc/Scene/Login/LoginScene_BfSdk.js:876;src_jsc/Scene/Social/SocialView.js:70;src_jsc/Scene/Social/SocialView.js:72;src_jsc/Skill/TemplateItem.js:72;src_jsc/Update/UpdateScene.js:129;src_jsc/Update/UpdateScene.js:131;src_jsc/Update/UpdateScene.js:139;src_jsc/Update/UpdateScene.js:141;src_jsc/Update/UpdateScene.js:183;src_jsc/Views/ChangeName.js:25;src_jsc/Views/ChangeName.js:29;src_jsc/Views/ChatContentLayer.js:119;src_jsc/Views/ChatContentLayer.js:127;src_jsc/Views/Dialog/BindingDialog.js:46;src_jsc/Views/Dialog/BindingDialog.js:48;src_jsc/Views/Dialog/BindingDialog.js:82;src_jsc/Views/Dialog/BindingDialog.js:84;src_jsc/Views/Dialog/BindingTelDialog.js:40;src_jsc/Views/Dialog/BindingTelDialog.js:42;src_jsc/Views/Dialog/BindingTelDialog.js:76;src_jsc/Views/Dialog/BindingTelDialog.js:78;src_jsc/Views/Dialog/EquipmentStrengthenDialog.js:331;src_jsc/Views/Dialog/EquipmentStrengthenDialog.js:339;src_jsc/Views/Dialog/EquipmentStrengthenDialog.js:347;src_jsc/Views/Dialog/ErrorDialog.js:40;src_jsc/Views/Dialog/IdCardBindingDialog.js:50;src_jsc/Views/Dialog/IdCardBindingDialog.js:52;src_jsc/Views/Dialog/IdCardBindingDialog.js:86;src_jsc/Views/Dialog/IdCardBindingDialog.js:88;src_jsc/Views/Dialog/SendMessageDialog.js:64;src_jsc/Views/Dialog/SendMessageDialog.js:76;src_jsc/Views/Dialog/SpecificDialog.js:731;src_jsc/Views/Dialog/SpecificDialog.js:733;src_jsc/Views/Dialog/SpecificDialog.js:923;src_jsc/Views/Dialog/SpecificDialog.js:925;src_jsc/Views/Dialog/UnionChgNoticeSignDialog.js:61;src_jsc/Views/Dialog/UnionChgNoticeSignDialog.js:63;src_jsc/Views/Dialog/VerificationTelDialog.js:40;src_jsc/Views/Dialog/VerificationTelDialog.js:42;src_jsc/Views/Dialog/VerificationTelDialog.js:76;src_jsc/Views/Dialog/VerificationTelDialog.js:78;src_jsc/Views/Mgr.js:1222;src_jsc/Views/Union/UnionCreate.js:56;src_jsc/Views/Union/UnionCreate.js:58;src_jsc/Views/Union/UnionCreate.js:85;src_jsc/Views/Union/UnionCreate.js:87;src_jsc/Views/Union/UnionSearch.js:122;src_jsc/Views/Union/UnionSearch.js:124"
member,"cc.c4",1,"src_jsc/Core/Cocos2d-x/jsb_cocos2d.js:317"
member,"cc.c4BFromccc4F",1,"src_jsc/Core/Cocos2d-x/jsb_cocos2d.js:336"
member,"cc.c4FEqual",1,"src_jsc/Core/Cocos2d-x/jsb_cocos2d.js:341"
member,"cc.c4FFromccc3B",1,"src_jsc/Core/Cocos2d-x/jsb_cocos2d.js:326"
member,"cc.c4FFromccc4B",1,"src_jsc/Core/Cocos2d-x/jsb_cocos2d.js:331"
member,"cc.c4b",13,"src_jsc/Core/Cocos2d-x/jsb_cocos2d.js:299;src_jsc/Core/Cocos2d-x/jsb_cocos2d.js:317;src_jsc/Factorys/Skill/Item/Item.js:852;src_jsc/Scene/Fight/FightScene.js:312;src_jsc/Scene/Fight/FightScene.js:439;src_jsc/Scene/Fight/FightScene.js:451;src_jsc/Scene/UnionWar/UnionWarBattleScene.js:45;src_jsc/Scene/UnionWar/UnionWarChangeFormationScene.js:44;src_jsc/Scene/UnionWar/UnionWarFightScene.js:56;src_jsc/Scene/UnionWar/UnionWarFightScene.js:227;src_jsc/Views/Dialog/Dialog.js:231;src_jsc/Views/Dialog/Story.js:38;src_jsc/Views/HDShowViews.js:17"
member,"cc.c4f",13,"src_jsc/Core/Cocos2d-x/jsb_cocos2d.js:321;src_jsc/Core/Cocos2d-x/jsb_cocos2d.js:328;src_jsc/Core/Cocos2d-x/jsb_cocos2d.js:333;src_jsc/Core/Cocos2d-x/jsb_cocos2d.js:338;src_jsc/Factorys/Skill/Item/Item.js:553;src_jsc/Scene/Fight/FightScene.js:292;src_jsc/Scene/Fight/FightScene.js:302;src_jsc/Utils/Node.js:160;src_jsc/Utils/Node.js:162;src_jsc/Utils/Node.js:196;src_jsc/Utils/Node.js:198;src_jsc/Views/RoundClippingNode.js:25;src_jsc/Views/RoundClippingNode.js:25"
member,"cc.convertColor3BtoHexString",1,"src_jsc/Core/Cocos2d-x/jsb_cocos2d.js:346"
member,"cc.dump",4,"src_jsc/Core/Cocos2d-x/jsb_cocos2d.js:669;src_jsc/Core/Cocos2d-x/jsb_cocos2d.js:682;src_jsc/Core/Cocos2d-x/jsb_cocos2d.js:684;src_jsc/Core/Debug/headers.js:22"
member,"cc.dumpConfig",1,"src_jsc/Core/Cocos2d-x/jsb_cocos2d.js:679"
member,"cc.gray",1,"src_jsc/Core/Cocos2d-x/jsb_cocos2d.js:294"
member,"cc.green",1,"src_jsc/Core/Cocos2d-x/jsb_cocos2d.js:269"
member,"cc.inherits",1,"src_jsc/Core/Cocos2d-x/jsb_cocos2d.js:742"
member,"cc.integerToColor3B",1,"src_jsc/Core/Cocos2d-x/jsb_cocos2d.js:220"
member,"cc.log",59,"src_jsc/AnySdk/AnySdkCallback.js:8;src_jsc/AnySdk/AnySdkCallback.js:119;src_jsc/Cfg/Url.js:269;src_jsc/Core/Cocos2d-x/jsb_cocos2d.js:187;src_jsc/Core/Cocos2d-x/jsb_cocos2d.js:187;src_jsc/Core/Cocos2d-x/jsb_cocos2d.js:673;src_jsc/Core/Cocos2d-x/jsb_cocos2d_studio.js:457;src_jsc/Core/Cocos2d-x/jsb_cocos2d_studio.js:484;src_jsc/Core/Cocos2d-x/jsb_cocosbuilder.js:45;src_jsc/Core/Cocos2d-x/jsb_cocosbuilder.js:115;src_jsc/Core/Cocos2d-x/jsb_deprecated.js:14;src_jsc/Core/Cocos2d-x/main.debug.js:12;src_jsc/Core/Cocos2d-x/main.debug.js:17;src_jsc/Core/Debug/headers.js:8;src_jsc/Core/Debug/headers.js:12;src_jsc/Core/Debug/headers.js:16;src_jsc/Core/Debug/headers.js:19;src_jsc/Core/Debug/headers.js:25;src_jsc/Debug/Debug.js:91;src_jsc/Debug/Debug.js:96;src_jsc/Debug/Debug.js:101;src_jsc/Debug/Debug.js:112;src_jsc/Debug/Debug.js:123;src_jsc/Debug/Debug.js:137;src_jsc/Debug/Debug.js:148;src_jsc/Debug/Logger.js:72;src_jsc/Debug/Logger.js:86;src_jsc/Debug/Logger.js:108;src_jsc/Libs/CCExt.js:40;src_jsc/Libs/CCExt.js:110;src_jsc/Models/Fight/FightRoundList.js:32;src_jsc/Models/Mail.js:114;src_jsc/Scene/Achievement/AchievementScene.js:345;src_jsc/Scene/Debug/DebugScene.js:219;src_jsc/Scene/SubMenu/PartyMenuScene.js:834;src_jsc/Utils/headers.js:13;src_jsc/Views/ChangeName.js:63;src_jsc/Views/ChangeName.js:70;src_jsc/Views/ChangeName.js:72;src_jsc/Views/ChangeName.js:84;src_jsc/Views/ChangeName.js:91;src_jsc/Views/Dialog/UnionActiveDialog.js:277;src_jsc/Views/Dialog/UnionDepotMemberDialog.js:317;src_jsc/Views/Gems/GemsSophisticationReplaceDialog.js:326;src_jsc/Views/Table/ChargeItemTableView.js:57;src_jsc/Views/Table/ChargeItemTableView.js:180;src_jsc/Views/Union/UnionDepotLayer.js:306;src_jsc/Views/Union/UnionMemberLayer.js:536;src_jsc/Views/Union/UnionMembershipLayer.js:320;src_jsc/Views/Union/UnionRankingLayer.js:355;src_jsc/cfg.js:5;src_jsc/cfg.js:97;src_jsc/headers.js:9;src_jsc/headers.js:56;src_jsc/main.js:9;src_jsc/main.js:188;src_jsc/main.js:255;src_jsc/main.js:260;src_jsc/main.js:287"
member,"cc.magenta",1,"src_jsc/Core/Cocos2d-x/jsb_cocos2d.js:279"
member,"cc.orange",1,"src_jsc/Core/Cocos2d-x/jsb_cocos2d.js:289"
member,"cc.p",1870,"src_jsc/Cfg/Btn.js:477;src_jsc/Cfg/Btn.js:485;src_jsc/Cfg/Guide.js:710;src_jsc/Cfg/Scene.js:13;src_jsc/Cfg/Scene.js:13;src_jsc/Cfg/Scene.js:13;src_jsc/Cfg/Scene.js:14;src_jsc/Cfg/Scene.js:14;src_jsc/Cfg/Scene.js:14;src_jsc/Cfg/Scene.js:15;src_jsc/Cfg/Scene.js:15;src_jsc/Cfg/Scene.js:15;src_jsc/Cfg/Scene.js:38;src_jsc/Cfg/Scene.js:39;src_jsc/Core/Cocos2d-x/jsb_chipmunk.js:9;src_jsc/Core/Cocos2d-x/jsb_cocos2d.js:360;src_jsc/Core/Cocos2d-x/jsb_cocos2d.js:390;src_jsc/Core/Cocos2d-x/jsb_cocos2d.js:542;src_jsc/Core/Cocos2d-x/jsb_cocos2d.js:543;src_jsc/Core/Cocos2d-x/jsb_cocos2d.js:544;src_jsc/Core/Cocos2d-x/jsb_cocos2d.js:545;src_jsc/Core/Cocos2d-x/jsb_cocos2d.js:546;src_jsc/Core/Cocos2d-x/jsb_cocos2d.js:547;src_jsc/Core/Cocos2d-x/jsb_cocos2d.js:548;src_jsc/Core/Cocos2d-x/jsb_cocos2d.js:549;src_jsc/Core/Cocos2d-x/jsb_cocos2d.js:550;src_jsc/Core/Cocos2d-x/jsb_cocos2d.js:914;src_jsc/Core/Cocos2d-x/jsb_cocos2d.js:915;src_jsc/Core/Cocos2d-x/jsb_cocos2d.js:916;src_jsc/Core/Cocos2d-x/jsb_cocos2d.js:917;src_jsc/Core/Cocos2d-x/jsb_cocos2d.js:918;src_jsc/Core/Cocos2d-x/jsb_cocos2d.js:919;src_jsc/Core/Cocos2d-x/jsb_cocos2d.js:920;src_jsc/Core/Cocos2d-x/jsb_cocos2d.js:921;src_jsc/Core/Cocos2d-x/jsb_cocos2d.js:922;src_jsc/Core/Constant.js:13;src_jsc/Core/Constant.js:15;src_jsc/Core/Constant.js:17;src_jsc/Core/Constant.js:19;src_jsc/Core/Constant.js:21;src_jsc/Core/Constant.js:23;src_jsc/Core/Constant.js:25;src_jsc/Core/Constant.js:27;src_jsc/Core/Constant.js:29;src_jsc/Core/Constant.js:33;src_jsc/Core/Constant.js:35;src_jsc/Core/Constant.js:37;src_jsc/Core/Constant.js:39;src_jsc/Core/Constant.js:41;src_jsc/Core/Constant.js:43;src_jsc/Core/Constant.js:45;src_jsc/Core/Constant.js:47;src_jsc/Core/Utils/headers.js:14;src_jsc/Core/Utils/headers.js:24;src_jsc/Core/Utils/headers.js:28;src_jsc/Core/Utils/headers.js:32;src_jsc/Core/Utils/headers.js:36;src_jsc/Core/Utils/headers.js:40;src_jsc/Core/Utils/headers.js:44;src_jsc/Core/Utils/headers.js:48;src_jsc/Core/Utils/headers.js:52;src_jsc/Core/Utils/headers.js:56;src_jsc/Core/Utils/headers.js:70;src_jsc/Core/Utils/headers.js:78;src_jsc/Core/Utils/headers.js:82;src_jsc/Core/Utils/headers.js:86;src_jsc/Core/Utils/headers.js:90;src_jsc/Core/Utils/headers.js:94;src_jsc/Core/Utils/headers.js:98;src_jsc/Core/Utils/headers.js:102;src_jsc/Core/Utils/headers.js:106;src_jsc/Core/Utils/headers.js:110;src_jsc/Core/Utils/headers.js:129;src_jsc/Factorys/LabelBMFont.js:54;src_jsc/Factorys/LabelBMFont.js:68;src_jsc/Factorys/LabelBMFont.js:75;src_jsc/Factorys/LabelBMFont.js:81;src_jsc/Factorys/Skill/Item/Item.js:549;src_jsc/Factorys/Skill/Item/Timeline.js:374;src_jsc/Factorys/Skill/Item/Timeline.js:423;src_jsc/Factorys/Skill/Item/Timeline.js:429;src_jsc/Factorys/Skill/Item/Timeline.js:444;src_jsc/Factorys/Skill/Item/Timeline.js:459;src_jsc/Guide/GuideStepPlugin.js:127;src_jsc/Models/Chat.js:104;src_jsc/Models/Chat.js:106;src_jsc/Models/Chat.js:116;src_jsc/Models/Chat.js:118;src_jsc/Models/Chat.js:136;src_jsc/Models/Chat.js:138;src_jsc/Models/Dungeon.js:110;src_jsc/Models/Dungeon.js:116;src_jsc/Models/Dungeon.js:118;src_jsc/Models/Dungeon.js:135;src_jsc/Models/Dungeon.js:137;src_jsc/Models/Dungeon.js:160;src_jsc/Models/Dungeon.js:162;src_jsc/Models/Dungeon.js:222;src_jsc/Models/Dungeon.js:250;src_jsc/Models/Dungeon.js:264;src_jsc/Models/Dungeon.js:278;src_jsc/Models/Dungeon.js:290;src_jsc/Models/Dungeon.js:317;src_jsc/Models/Dungeon.js:319;src_jsc/Models/Dungeon.js:321;src_jsc/Models/Dungeon.js:325;src_jsc/Models/Dungeon.js:327;src_jsc/Models/Dungeon.js:331;src_jsc/Models/General.js:980;src_jsc/Models/Resource.js:42;src_jsc/Models/Resource.js:51;src_jsc/Models/Resource.js:186;src_jsc/Models/TreasureBox.js:54;src_jsc/Models/TreasureBox.js:56;src_jsc/Models/TreasureBox.js:96;src_jsc/Models/TreasureBox.js:145;src_jsc/Models/TreasureBox.js:168;src_jsc/Models/TreasureBox.js:182;src_jsc/Models/TreasureBox.js:196;src_jsc/Models/TreasureBox.js:208;src_jsc/Models/TreasureBox.js:226;src_jsc/Models/TreasureBox.js:228;src_jsc/Models/TreasureBox.js:236;src_jsc/Scene/Achievement/AchievementScene.js:71;src_jsc/Scene/Achievement/AchievementScene.js:165;src_jsc/Scene/Achievement/AchievementScene.js:301;src_jsc/Scene/Achievement/AchievementScene.js:470;src_jsc/Scene/Aga/AgaScene.js:48;src_jsc/Scene/Aga/AgaScene.js:54;src_jsc/Scene/Aga/AgaScene.js:56;src_jsc/Scene/Aga/AgaScene.js:162;src_jsc/Scene/Aga/AgaScene.js:166;src_jsc/Scene/Aga/AgaScene.js:305;src_jsc/Scene/Aga/AgaScene.js:390;src_jsc/Scene/Aga/AgaScene.js:396;src_jsc/Scene/Aga/AgaScene.js:398;src_jsc/Scene/Aga/AgaScene.js:424;src_jsc/Scene/Aga/AgaScene.js:497;src_jsc/Scene/Aga/AgaScene.js:501;src_jsc/Scene/Aga/AgaScene.js:775;src_jsc/Scene/Aga/AgaScene.js:781;src_jsc/Scene/Aga/AgaScene.js:783;src_jsc/Scene/Aga/AgaScene.js:805;src_jsc/Scene/Aga/AgaScene.js:919;src_jsc/Scene/Aga/AgaScene.js:923;src_jsc/Scene/Aga/AgaScene.js:1272;src_jsc/Scene/Aga/AgaScene.js:1276;src_jsc/Scene/Aga/AgaScene.js:1278;src_jsc/Scene/Aga/AgaScene.js:1286;src_jsc/Scene/Aga/AgaScene.js:1288;src_jsc/Scene/Aga/AgaScene.js:1299;src_jsc/Scene/Aga/AgaScene.js:1301;src_jsc/Scene/Aga/AgaScene.js:1313;src_jsc/Scene/Aga/AgaScene.js:1315;src_jsc/Scene/Aga/AgaScene.js:1331;src_jsc/Scene/Aga/AgaScene.js:1333;src_jsc/Scene/Awake/AwakeBoxScene.js:23;src_jsc/Scene/Awake/AwakeBoxView.js:67;src_jsc/Scene/Awake/AwakeBoxView.js:69;src_jsc/Scene/Awake/AwakeBoxView.js:81;src_jsc/Scene/Awake/AwakeBoxView.js:83;src_jsc/Scene/Awake/AwakeBoxView.js:117;src_jsc/Scene/Awake/AwakeBoxView.js:123;src_jsc/Scene/Awake/AwakeBoxView.js:127;src_jsc/Scene/Awake/AwakeBoxView.js:131;src_jsc/Scene/Awake/AwakeBoxView.js:135;src_jsc/Scene/Awake/AwakeBoxView.js:139;src_jsc/Scene/Awake/AwakeBoxView.js:143;src_jsc/Scene/Awake/AwakeBoxView.js:147;src_jsc/Scene/Awake/AwakeBoxView.js:149;src_jsc/Scene/Awake/AwakeBoxView.js:369;src_jsc/Scene/Awake/AwakeBoxView.js:388;src_jsc/Scene/Awake/AwakeBoxView.js:506;src_jsc/Scene/Awake/AwakeBoxView.js:523;src_jsc/Scene/Awake/AwakeBoxView.js:530;src_jsc/Scene/Awake/AwakeBoxView.js:541;src_jsc/Scene/Awake/AwakeBoxView.js:554;src_jsc/Scene/Awake/AwakeBoxView.js:612;src_jsc/Scene/Awake/AwakeBoxView.js:631;src_jsc/Scene/Awake/AwakeBoxView.js:656;src_jsc/Scene/Awake/AwakeBoxView.js:658;src_jsc/Scene/Awake/AwakeBoxView.js:660;src_jsc/Scene/Awake/AwakeBoxView.js:702;src_jsc/Scene/Awake/AwakeBoxView.js:703;src_jsc/Scene/Awake/AwakeBoxView.js:704;src_jsc/Scene/Awake/AwakeBoxView.js:705;src_jsc/Scene/Awake/AwakeBoxView.js:706;src_jsc/Scene/Awake/AwakeBoxView.js:707;src_jsc/Scene/Awake/AwakeBoxView.js:708;src_jsc/Scene/Awake/AwakeBoxView.js:709;src_jsc/Scene/Awake/AwakeBoxView.js:710;src_jsc/Scene/Awake/AwakeBoxView.js:711;src_jsc/Scene/Awake/AwakeBoxView.js:712;src_jsc/Scene/Awake/AwakeBoxView.js:766;src_jsc/Scene/Awake/AwakeBoxView.js:774;src_jsc/Scene/Awake/AwakeBoxView.js:785;src_jsc/Scene/Awake/AwakeBoxView.js:834;src_jsc/Scene/Awake/AwakeBoxView.js:839;src_jsc/Scene/Awake/AwakeBoxView.js:846;src_jsc/Scene/Awake/AwakeBoxView.js:877;src_jsc/Scene/Awake/AwakeBoxView.js:935;src_jsc/Scene/Awake/AwakeBoxView.js:954;src_jsc/Scene/Awake/AwakeBoxView.js:979;src_jsc/Scene/Awake/AwakeBoxView.js:981;src_jsc/Scene/Awake/AwakeBoxView.js:983;src_jsc/Scene/Awake/AwakeScene.js:32;src_jsc/Scene/Awake/AwakeScene.js:50;src_jsc/Scene/Bag/BagScene.js:44;src_jsc/Scene/Bag/BagScene.js:62;src_jsc/Scene/Bag/BagScene.js:191;src_jsc/Scene/Beauty/BeautyCell.js:36;src_jsc/Scene/Beauty/BeautyCell.js:43;src_jsc/Scene/Beauty/BeautyCell.js:58;src_jsc/Scene/Beauty/BeautyScene.js:89;src_jsc/Scene/Beauty/BeautyScene.js:129;src_jsc/Scene/Beauty/BeautyScene.js:175;src_jsc/Scene/Beauty/BeautyScene.js:177;src_jsc/Scene/Beauty/BeautyScene.js:183;src_jsc/Scene/Beauty/BeautyScene.js:189;src_jsc/Scene/Beauty/BeautyScene.js:195;src_jsc/Scene/Beauty/BeautyScene.js:197;src_jsc/Scene/Beauty/BeautyScene.js:209;src_jsc/Scene/Beauty/BeautyScene.js:215;src_jsc/Scene/Beauty/BeautyScene.js:219;src_jsc/Scene/Beauty/BeautyScene.js:225;src_jsc/Scene/Beauty/BeautyScene.js:235;src_jsc/Scene/Beauty/BeautyScene.js:255;src_jsc/Scene/Beauty/BeautyScene.js:265;src_jsc/Scene/Beauty/BeautyScene.js:271;src_jsc/Scene/Beauty/BeautyScene.js:638;src_jsc/Scene/Beauty/BeautyScene.js:1250;src_jsc/Scene/Beauty/BeautyScene.js:1273;src_jsc/Scene/Beauty/BeautyScene.js:1303;src_jsc/Scene/Beauty/BeautyScene.js:1454;src_jsc/Scene/Buddy/BuddyScene.js:30;src_jsc/Scene/Buddy/BuddyView.js:218;src_jsc/Scene/Buddy/BuddyView.js:220;src_jsc/Scene/Buddy/BuddyView.js:236;src_jsc/Scene/Buddy/BuddyView.js:246;src_jsc/Scene/Chaos/ChaosFight.js:41;src_jsc/Scene/Chaos/ChaosFight.js:189;src_jsc/Scene/Chaos/ChaosFightScene.js:23;src_jsc/Scene/Chaos/ChaosHomeView.js:21;src_jsc/Scene/Chaos/ChaosHomeView.js:149;src_jsc/Scene/Chaos/ChaosHomeView.js:240;src_jsc/Scene/Chaos/ChaosHomeView.js:267;src_jsc/Scene/Chaos/ChaosScene.js:25;src_jsc/Scene/Climb/ClimbLadderRankListScene.js:59;src_jsc/Scene/Climb/ClimbLadderRankListScene.js:67;src_jsc/Scene/Climb/ClimbLadderRankListScene.js:138;src_jsc/Scene/Climb/ClimbLadderRankListScene.js:159;src_jsc/Scene/Climb/ClimbLadderRankListScene.js:180;src_jsc/Scene/Climb/ClimbLadderRankListScene.js:201;src_jsc/Scene/Climb/StartBattleScene.js:83;src_jsc/Scene/Climb/StartBattleScene.js:91;src_jsc/Scene/Climb/StartBattleScene.js:111;src_jsc/Scene/Climb/StartBattleScene.js:119;src_jsc/Scene/Climb/StartBattleScene.js:151;src_jsc/Scene/Climb/StartBattleScene.js:159;src_jsc/Scene/Climb/StartBattleScene.js:469;src_jsc/Scene/Climb/StartBattleScene.js:597;src_jsc/Scene/Climb/StartBattleScene.js:617;src_jsc/Scene/Climb/StartBattleScene.js:645;src_jsc/Scene/Climb/StartBattleScene.js:1079;src_jsc/Scene/Combat/CombatCardView.js:51;src_jsc/Scene/Combat/CombatCardView.js:59;src_jsc/Scene/Combat/CombatCardView.js:67;src_jsc/Scene/Combat/CombatCardView.js:75;src_jsc/Scene/Combat/CombatCardView.js:82;src_jsc/Scene/Combat/CombatCardView.js:84;src_jsc/Scene/Combat/CombatCardView.js:97;src_jsc/Scene/Combat/CombatCardView.js:101;src_jsc/Scene/Combat/CombatCardView.js:109;src_jsc/Scene/Combat/CombatCardView.js:111;src_jsc/Scene/Combat/CombatScene.js:21;src_jsc/Scene/Combat/CombatScene.js:35;src_jsc/Scene/Combat/CombatUpgradeScene.js:30;src_jsc/Scene/Combat/CombatUpgradeScene.js:54;src_jsc/Scene/Combat/CombatUpgradeScene.js:58;src_jsc/Scene/Combat/CombatUpgradeScene.js:70;src_jsc/Scene/Combat/CombatUpgradeScene.js:78;src_jsc/Scene/Combat/CombatUpgradeScene.js:618;src_jsc/Scene/Copy/CopyScene.js:85;src_jsc/Scene/Copy/CopyScene.js:121;src_jsc/Scene/Copy/CopyScene.js:123;src_jsc/Scene/Copy/CopyScene.js:129;src_jsc/Scene/Copy/CopyScene.js:137;src_jsc/Scene/Copy/CopyScene.js:149;src_jsc/Scene/Copy/CopyScene.js:153;src_jsc/Scene/Copy/CopyScene.js:207;src_jsc/Scene/Copy/CopyScene.js:241;src_jsc/Scene/Copy/CopyScene.js:247;src_jsc/Scene/Copy/CopyScene.js:304;src_jsc/Scene/Copy/CopyScene.js:565;src_jsc/Scene/Copy/CopyScene.js:588;src_jsc/Scene/Copy/CopyScene.js:618;src_jsc/Scene/Copy/CopyScene.js:759;src_jsc/Scene/Copy/DuanWuCopyScene.js:85;src_jsc/Scene/Copy/DuanWuCopyScene.js:121;src_jsc/Scene/Copy/DuanWuCopyScene.js:123;src_jsc/Scene/Copy/DuanWuCopyScene.js:129;src_jsc/Scene/Copy/DuanWuCopyScene.js:137;src_jsc/Scene/Copy/DuanWuCopyScene.js:149;src_jsc/Scene/Copy/DuanWuCopyScene.js:153;src_jsc/Scene/Copy/DuanWuCopyScene.js:207;src_jsc/Scene/Copy/DuanWuCopyScene.js:241;src_jsc/Scene/Copy/DuanWuCopyScene.js:247;src_jsc/Scene/Copy/DuanWuCopyScene.js:304;src_jsc/Scene/Copy/DuanWuCopyScene.js:565;src_jsc/Scene/Copy/DuanWuCopyScene.js:588;src_jsc/Scene/Copy/DuanWuCopyScene.js:618;src_jsc/Scene/Copy/DuanWuCopyScene.js:759;src_jsc/Scene/Copy/LabourlCopyScene.js:85;src_jsc/Scene/Copy/LabourlCopyScene.js:121;src_jsc/Scene/Copy/LabourlCopyScene.js:123;src_jsc/Scene/Copy/LabourlCopyScene.js:129;src_jsc/Scene/Copy/LabourlCopyScene.js:137;src_jsc/Scene/Copy/LabourlCopyScene.js:149;src_jsc/Scene/Copy/LabourlCopyScene.js:153;src_jsc/Scene/Copy/LabourlCopyScene.js:207;src_jsc/Scene/Copy/LabourlCopyScene.js:241;src_jsc/Scene/Copy/LabourlCopyScene.js:247;src_jsc/Scene/Copy/LabourlCopyScene.js:304;src_jsc/Scene/Copy/LabourlCopyScene.js:565;src_jsc/Scene/Copy/LabourlCopyScene.js:588;src_jsc/Scene/Copy/LabourlCopyScene.js:618;src_jsc/Scene/Copy/LabourlCopyScene.js:759;src_jsc/Scene/Copy/MemorialCopyScene.js:85;src_jsc/Scene/Copy/MemorialCopyScene.js:121;src_jsc/Scene/Copy/MemorialCopyScene.js:123;src_jsc/Scene/Copy/MemorialCopyScene.js:129;src_jsc/Scene/Copy/MemorialCopyScene.js:137;src_jsc/Scene/Copy/MemorialCopyScene.js:149;src_jsc/Scene/Copy/MemorialCopyScene.js:153;src_jsc/Scene/Copy/MemorialCopyScene.js:207;src_jsc/Scene/Copy/MemorialCopyScene.js:241;src_jsc/Scene/Copy/MemorialCopyScene.js:247;src_jsc/Scene/Copy/MemorialCopyScene.js:304;src_jsc/Scene/Copy/MemorialCopyScene.js:565;src_jsc/Scene/Copy/MemorialCopyScene.js:588;src_jsc/Scene/Copy/MemorialCopyScene.js:618;src_jsc/Scene/Copy/MemorialCopyScene.js:759;src_jsc/Scene/Copy/PlantCopyScene.js:83;src_jsc/Scene/Copy/PlantCopyScene.js:119;src_jsc/Scene/Copy/PlantCopyScene.js:121;src_jsc/Scene/Copy/PlantCopyScene.js:127;src_jsc/Scene/Copy/PlantCopyScene.js:135;src_jsc/Scene/Copy/PlantCopyScene.js:147;src_jsc/Scene/Copy/PlantCopyScene.js:151;src_jsc/Scene/Copy/PlantCopyScene.js:205;src_jsc/Scene/Copy/PlantCopyScene.js:239;src_jsc/Scene/Copy/PlantCopyScene.js:245;src_jsc/Scene/Copy/PlantCopyScene.js:302;src_jsc/Scene/Copy/PlantCopyScene.js:563;src_jsc/Scene/Copy/PlantCopyScene.js:586;src_jsc/Scene/Copy/PlantCopyScene.js:616;src_jsc/Scene/Copy/PlantCopyScene.js:757;src_jsc/Scene/Copy/PublicCopyScene.js:85;src_jsc/Scene/Copy/PublicCopyScene.js:121;src_jsc/Scene/Copy/PublicCopyScene.js:123;src_jsc/Scene/Copy/PublicCopyScene.js:129;src_jsc/Scene/Copy/PublicCopyScene.js:137;src_jsc/Scene/Copy/PublicCopyScene.js:149;src_jsc/Scene/Copy/PublicCopyScene.js:153;src_jsc/Scene/Copy/PublicCopyScene.js:217;src_jsc/Scene/Copy/PublicCopyScene.js:251;src_jsc/Scene/Copy/PublicCopyScene.js:257;src_jsc/Scene/Copy/PublicCopyScene.js:314;src_jsc/Scene/Copy/PublicCopyScene.js:608;src_jsc/Scene/Copy/PublicCopyScene.js:631;src_jsc/Scene/Copy/PublicCopyScene.js:661;src_jsc/Scene/Copy/PublicCopyScene.js:802;src_jsc/Scene/Debug/DebugScene.js:185;src_jsc/Scene/Debug/DebugScene.js:275;src_jsc/Scene/Debug/DebugScene.js:277;src_jsc/Scene/Debug/DebugScene.js:314;src_jsc/Scene/Debug/DebugScene.js:324;src_jsc/Scene/Debug/DebugScene.js:348;src_jsc/Scene/Debug/DebugScene.js:375;src_jsc/Scene/DecisiveBattle/DecisiveBattleMainScene.js:26;src_jsc/Scene/Develop/AlchemyView.js:21;src_jsc/Scene/Develop/AlchemyView.js:27;src_jsc/Scene/Develop/AlchemyView.js:31;src_jsc/Scene/Develop/AlchemyView.js:71;src_jsc/Scene/Develop/AlchemyView.js:75;src_jsc/Scene/Develop/AlchemyView.js:83;src_jsc/Scene/Develop/AlchemyView.js:100;src_jsc/Scene/Develop/AlchemyView.js:137;src_jsc/Scene/Develop/AlchemyView.js:147;src_jsc/Scene/Develop/AlchemyView.js:151;src_jsc/Scene/Develop/AlchemyView.js:296;src_jsc/Scene/Develop/AlchemyView.js:298;src_jsc/Scene/Develop/DevelopScene.js:23;src_jsc/Scene/Equ/EquipmentScene.js:37;src_jsc/Scene/Equ/EquipmentScene.js:49;src_jsc/Scene/Equ/EquipmentScene.js:59;src_jsc/Scene/Equ/EquipmentScene.js:69;src_jsc/Scene/Equ/EquipmentScene.js:79;src_jsc/Scene/Equ/EquipmentScene.js:85;src_jsc/Scene/Equ/EquipmentScene.js:100;src_jsc/Scene/Equ/EquipmentScene.js:114;src_jsc/Scene/Equ/EquipmentScene.js:130;src_jsc/Scene/Equ/EquipmentScene.js:140;src_jsc/Scene/Fight/FightScene.js:354;src_jsc/Scene/Fight/FightScene.js:356;src_jsc/Scene/Fight/FightScene.js:364;src_jsc/Scene/Fight/FightScene.js:371;src_jsc/Scene/Fight/FightScene.js:471;src_jsc/Scene/Fight/FightScene.js:480;src_jsc/Scene/Fight/FightScene.js:486;src_jsc/Scene/Fight/FightScene.js:492;src_jsc/Scene/Fight/FightScene.js:574;src_jsc/Scene/Fight/FightScene.js:733;src_jsc/Scene/Fight/FightScene.js:737;src_jsc/Scene/Fight/FightScene.js:741;src_jsc/Scene/Fight/FightScene.js:760;src_jsc/Scene/Fight/FightScene.js:763;src_jsc/Scene/Fight/FightScene.js:770;src_jsc/Scene/Fight/FightScene.js:1072;src_jsc/Scene/Fight/FightScene.js:1073;src_jsc/Scene/Fight/FightScene.js:1074;src_jsc/Scene/Fight/FightScene.js:1075;src_jsc/Scene/Fight/FightScene.js:1087;src_jsc/Scene/Fight/FightScene.js:1088;src_jsc/Scene/Fight/FightScene.js:1089;src_jsc/Scene/Fight/FightScene.js:1090;src_jsc/Scene/Fight/FightScene.js:1396;src_jsc/Scene/Fight/FightScene.js:1400;src_jsc/Scene/Fight/FightScene.js:1402;src_jsc/Scene/Fight/FightScene.js:1404;src_jsc/Scene/Fight/FightScene.js:1454;src_jsc/Scene/Fight/FightScene.js:1458;src_jsc/Scene/Fight/FightScene.js:1460;src_jsc/Scene/Fight/FightScene.js:1462;src_jsc/Scene/Fight/FightScene.js:1731;src_jsc/Scene/Fight/FightScene.js:1836;src_jsc/Scene/Fight/FightScene.js:2482;src_jsc/Scene/Fight/FightScene.js:2482;src_jsc/Scene/Fight/FightScene.js:2504;src_jsc/Scene/Fight/FightScene.js:2504;src_jsc/Scene/Fight/FightScene.js:2592;src_jsc/Scene/FightChapter/DungeonView.js:65;src_jsc/Scene/FightChapter/DungeonView.js:69;src_jsc/Scene/FightChapter/DungeonView.js:81;src_jsc/Scene/FightChapter/DungeonView.js:121;src_jsc/Scene/FightChapter/FightChapters.js:25;src_jsc/Scene/FightChapter/FightChapters.js:55;src_jsc/Scene/FightChapter/FightChapters.js:64;src_jsc/Scene/FightChapter/FightChapters.js:70;src_jsc/Scene/FightChapter/FightChapters.js:72;src_jsc/Scene/FightChapter/FightChapters.js:84;src_jsc/Scene/FightChapter/FightChapters.js:88;src_jsc/Scene/FightChapter/FightChapters.js:90;src_jsc/Scene/FightChapter/FightChapters.js:395;src_jsc/Scene/FightChapter/FightChapters.js:411;src_jsc/Scene/Gems/GemsScene.js:30;src_jsc/Scene/GeneralSelect/GeneralSelectScene.js:45;src_jsc/Scene/GeneralSelect/GeneralSelectScene.js:77;src_jsc/Scene/GeneralSelect/GeneralSelectScene.js:79;src_jsc/Scene/GeneralSelect/GeneralSelectScene.js:81;src_jsc/Scene/GeneralSelect/GeneralSelectScene.js:83;src_jsc/Scene/GeneralSelect/GeneralSelectScene.js:175;src_jsc/Scene/GeneralSelect/GeneralSelectScene.js:193;src_jsc/Scene/GeneralSelect/GeneralSelectScene.js:311;src_jsc/Scene/Goddess/GoddessMainScene.js:26;src_jsc/Scene/HulaoBattle/HulaoBattleMainScene.js:32;src_jsc/Scene/InterService/InterServiceFightScene.js:30;src_jsc/Scene/InterService/InterServiceWorshipScene.js:34;src_jsc/Scene/Ladder/LadderCardShow.js:23;src_jsc/Scene/Ladder/LadderCardShow.js:24;src_jsc/Scene/Ladder/LadderCardShow.js:25;src_jsc/Scene/Ladder/LadderCardShow.js:26;src_jsc/Scene/Ladder/LadderCardShow.js:27;src_jsc/Scene/Ladder/LadderCardShow.js:28;src_jsc/Scene/Ladder/LadderCardShow.js:29;src_jsc/Scene/Ladder/LadderCardShow.js:30;src_jsc/Scene/Ladder/LadderCardShow.js:31;src_jsc/Scene/Ladder/LadderCardShow.js:32;src_jsc/Scene/Ladder/LadderCardShow.js:33;src_jsc/Scene/Ladder/LadderCardShow.js:152;src_jsc/Scene/Ladder/LadderCardShow.js:156;src_jsc/Scene/Ladder/LadderCardShow.js:180;src_jsc/Scene/Ladder/LadderCardShow.js:214;src_jsc/Scene/Ladder/LadderCardShow.js:218;src_jsc/Scene/Ladder/LadderCardShow.js:229;src_jsc/Scene/Ladder/LadderCardShow.js:237;src_jsc/Scene/Ladder/LadderCardShow.js:256;src_jsc/Scene/Ladder/LadderCardShow.js:260;src_jsc/Scene/Ladder/LadderChartView.js:25;src_jsc/Scene/Ladder/LadderChartView.js:42;src_jsc/Scene/Ladder/LadderGiftView.js:24;src_jsc/Scene/Ladder/LadderGiftView.js:32;src_jsc/Scene/Ladder/LadderGiftView.js:34;src_jsc/Scene/Ladder/LadderGiftView.js:362;src_jsc/Scene/Ladder/LadderGiftView.js:364;src_jsc/Scene/Ladder/LadderGiftView_Honor.js:30;src_jsc/Scene/Ladder/LadderGiftView_Honor.js:48;src_jsc/Scene/Ladder/LadderGiftView_Honor.js:162;src_jsc/Scene/Ladder/LadderGiftView_Honor.js:391;src_jsc/Scene/Ladder/LadderGiftView_Honor.js:435;src_jsc/Scene/Ladder/LadderGiftView_Honor.js:437;src_jsc/Scene/Ladder/LadderScene.js:53;src_jsc/Scene/Ladder/LadderTenFightResultDialog.js:28;src_jsc/Scene/Ladder/LadderTenFightResultDialog.js:30;src_jsc/Scene/Ladder/LadderTenFightResultDialog.js:40;src_jsc/Scene/Ladder/LadderTenFightResultDialog.js:210;src_jsc/Scene/Ladder/LadderTenFightResultDialog.js:212;src_jsc/Scene/Ladder/LadderView.js:29;src_jsc/Scene/Ladder/LadderView.js:37;src_jsc/Scene/Ladder/LadderView.js:41;src_jsc/Scene/Ladder/LadderView.js:72;src_jsc/Scene/Ladder/LadderView.js:147;src_jsc/Scene/Login/LoginScene_AnySdk.js:44;src_jsc/Scene/Login/LoginScene_AnySdk.js:50;src_jsc/Scene/Login/LoginScene_AnySdk.js:52;src_jsc/Scene/Login/LoginScene_AnySdk.js:105;src_jsc/Scene/Login/LoginScene_AnySdk.js:149;src_jsc/Scene/Login/LoginScene_AnySdk.js:150;src_jsc/Scene/Login/LoginScene_AnySdk.js:151;src_jsc/Scene/Login/LoginScene_AnySdk.js:152;src_jsc/Scene/Login/LoginScene_AnySdk.js:153;src_jsc/Scene/Login/LoginScene_AnySdk.js:154;src_jsc/Scene/Login/LoginScene_AnySdk.js:187;src_jsc/Scene/Login/LoginScene_AnySdk.js:522;src_jsc/Scene/Login/LoginScene_AnySdk.js:544;src_jsc/Scene/Login/LoginScene_AnySdk.js:580;src_jsc/Scene/Login/LoginScene_BfSdk.js:42;src_jsc/Scene/Login/LoginScene_BfSdk.js:48;src_jsc/Scene/Login/LoginScene_BfSdk.js:50;src_jsc/Scene/Login/LoginScene_BfSdk.js:141;src_jsc/Scene/Login/LoginScene_BfSdk.js:142;src_jsc/Scene/Login/LoginScene_BfSdk.js:143;src_jsc/Scene/Login/LoginScene_BfSdk.js:144;src_jsc/Scene/Login/LoginScene_BfSdk.js:145;src_jsc/Scene/Login/LoginScene_BfSdk.js:146;src_jsc/Scene/Login/LoginScene_BfSdk.js:179;src_jsc/Scene/Login/LoginScene_BfSdk.js:382;src_jsc/Scene/Login/LoginScene_BfSdk.js:404;src_jsc/Scene/Login/LoginScene_BfSdk.js:440;src_jsc/Scene/Login/LoginScene_BfSdk.js:804;src_jsc/Scene/Login/LoginScene_BfSdk.js:832;src_jsc/Scene/Login/LoginScene_BfSdk.js:868;src_jsc/Scene/Login/LoginScene_EasyGuestSdk.js:35;src_jsc/Scene/Login/LoginScene_EasyGuestSdk.js:41;src_jsc/Scene/Login/LoginScene_EasyGuestSdk.js:43;src_jsc/Scene/Login/LoginScene_EasySdk.js:35;src_jsc/Scene/Login/LoginScene_EasySdk.js:37;src_jsc/Scene/Login/LoginScene_ThirdGuestSdk.js:44;src_jsc/Scene/Login/LoginScene_ThirdGuestSdk.js:46;src_jsc/Scene/Login/LoginScene_ThirdSdk.js:44;src_jsc/Scene/Login/LoginScene_ThirdSdk.js:50;src_jsc/Scene/Login/LoginScene_ThirdSdk.js:52;src_jsc/Scene/Login/LoginScene_ThirdSdk.js:103;src_jsc/Scene/Mail/MailSystemScene.js:25;src_jsc/Scene/Main/MainMenuScene.js:68;src_jsc/Scene/Main/MainMenuScene.js:78;src_jsc/Scene/Main/MainMenuScene.js:92;src_jsc/Scene/Main/MainMenuScene.js:98;src_jsc/Scene/Main/MainMenuScene.js:188;src_jsc/Scene/Main/MainMenuScene.js:190;src_jsc/Scene/Main/MainMenuScene.js:563;src_jsc/Scene/Meridians/MeridiansMainScene.js:26;src_jsc/Scene/Meridians/PracticeMeridiansMainScene.js:28;src_jsc/Scene/MiracleWeapons/MiracleWeaponScene.js:30;src_jsc/Scene/MiracleWeapons/MiracleWeaponScene.js:36;src_jsc/Scene/MiracleWeapons/SelectMiracleWeaponsScene.js:32;src_jsc/Scene/MiracleWeapons/SelectMiracleWeaponsScene.js:38;src_jsc/Scene/Party/Double11Dialog.js:127;src_jsc/Scene/Party/Double11Dialog.js:377;src_jsc/Scene/Party/Double11Dialog.js:379;src_jsc/Scene/Party/LadderCompetitionDialog.js:80;src_jsc/Scene/Party/LadderCompetitionDialog.js:88;src_jsc/Scene/Party/LadderCompetitionDialog.js:155;src_jsc/Scene/Party/MonthLegendDialog.js:43;src_jsc/Scene/Party/MonthLegendDialog.js:49;src_jsc/Scene/Party/PartyDialog.js:101;src_jsc/Scene/Party/PartyDialog.js:109;src_jsc/Scene/Party/PartyDialog.js:502;src_jsc/Scene/Party/PartyDialog.js:564;src_jsc/Scene/Party/PartyDialog.js:695;src_jsc/Scene/Party/PartyDialog.js:838;src_jsc/Scene/Party/PartyDialog.js:981;src_jsc/Scene/Party/PartyDialog.js:1009;src_jsc/Scene/Party/PartyDialog.js:1013;src_jsc/Scene/Party/PartyDialog.js:1019;src_jsc/Scene/Party/PartyDialog.js:1021;src_jsc/Scene/Party/PartyDialog.js:1073;src_jsc/Scene/Party/PartyDialog.js:1087;src_jsc/Scene/Party/PartyDialog.js:1089;src_jsc/Scene/Party/PartyDialog.js:1136;src_jsc/Scene/Party/PartyDialog.js:1142;src_jsc/Scene/Party/PartyDialog.js:1147;src_jsc/Scene/Party/PartyDialog.js:1162;src_jsc/Scene/Party/PartyDialog.js:1188;src_jsc/Scene/Party/PartyDialog.js:1198;src_jsc/Scene/Party/PartyDialog.js:1298;src_jsc/Scene/Party/PartyDialog.js:1420;src_jsc/Scene/Party/PartyDialog.js:1500;src_jsc/Scene/Party/PartyDialog.js:1580;src_jsc/Scene/Party/PartyDialog.js:1785;src_jsc/Scene/Party/PartyDialog.js:1798;src_jsc/Scene/Party/PartyDialogExt.js:102;src_jsc/Scene/Party/PartyDialogExt.js:129;src_jsc/Scene/Party/PartyDialogExt.js:137;src_jsc/Scene/Party/PartyDialogExt.js:374;src_jsc/Scene/Party/PartyDialogExt.js:534;src_jsc/Scene/Party/PartyDialogExt.js:594;src_jsc/Scene/Party/PartyDialogExt.js:598;src_jsc/Scene/Party/PartyDialogExt.js:601;src_jsc/Scene/Party/PartyDialogExt.js:631;src_jsc/Scene/Party/PartyDialogExt.js:635;src_jsc/Scene/Party/PartyDialogExt.js:641;src_jsc/Scene/Party/PartyDialogExt.js:643;src_jsc/Scene/Party/PartyDialogExt.js:695;src_jsc/Scene/Party/PartyDialogExt.js:709;src_jsc/Scene/Party/PartyDialogExt.js:711;src_jsc/Scene/Party/PartyDialogExt.js:753;src_jsc/Scene/Party/PartyDialogExt.js:833;src_jsc/Scene/Party/PartyDialogExt.js:913;src_jsc/Scene/Party/PartyDialogExt.js:993;src_jsc/Scene/Party/PartyDialogExt.js:1116;src_jsc/Scene/Party/PartyDialogExt.js:1257;src_jsc/Scene/Party/PartyDialogExt.js:1398;src_jsc/Scene/Party/PartyDialogExt.js:1521;src_jsc/Scene/Party/PartyDialogExt.js:1527;src_jsc/Scene/Party/PartyDialogExt.js:1532;src_jsc/Scene/Party/PartyDialogExt.js:1547;src_jsc/Scene/Party/PartyDialogExt.js:1573;src_jsc/Scene/Party/PartyDialogExt.js:1583;src_jsc/Scene/Party/PartyDialogExt.js:1682;src_jsc/Scene/Party/PartyDialogExt.js:1790;src_jsc/Scene/Party/PartyDialogExt.js:1932;src_jsc/Scene/Party/PictureActivityDialog.js:16;src_jsc/Scene/Party/PictureActivityDialog.js:17;src_jsc/Scene/Party/PictureActivityDialog.js:23;src_jsc/Scene/Party/PictureActivityDialog.js:24;src_jsc/Scene/Party/PictureActivityDialog.js:47;src_jsc/Scene/Party/PictureActivityDialog.js:64;src_jsc/Scene/Party/RechargeAwardDialog.js:27;src_jsc/Scene/Party/RechargeAwardDialog.js:38;src_jsc/Scene/Party/RechargeAwardDialog.js:52;src_jsc/Scene/Party/RechargeAwardDialog.js:62;src_jsc/Scene/Party/RechargeRankDialog.js:64;src_jsc/Scene/Party/RechargeRankDialog.js:184;src_jsc/Scene/Party/RechargeRankDialog.js:186;src_jsc/Scene/Party/RechargeRankDialog.js:193;src_jsc/Scene/Party/RechargeRankDialog.js:198;src_jsc/Scene/Party/RechargeRankDialog.js:324;src_jsc/Scene/Party/RechargeRankDialog.js:371;src_jsc/Scene/Party/WishingScene.js:90;src_jsc/Scene/Party/WishingScene.js:92;src_jsc/Scene/Party/WishingScene.js:104;src_jsc/Scene/Party/WishingScene.js:125;src_jsc/Scene/Party/WishingScene.js:206;src_jsc/Scene/Party/WishingScene.js:214;src_jsc/Scene/Party/WishingScene.js:228;src_jsc/Scene/Party/WishingScene.js:313;src_jsc/Scene/Party/WishingScene.js:315;src_jsc/Scene/Party/WishingScene.js:366;src_jsc/Scene/Party/WishingScene.js:380;src_jsc/Scene/Party/WishingScene.js:587;src_jsc/Scene/Rank/RankScene.js:52;src_jsc/Scene/Rank/RankScene.js:60;src_jsc/Scene/Rank/RankScene.js:70;src_jsc/Scene/Rank/RankScene.js:84;src_jsc/Scene/Rank/RankScene.js:92;src_jsc/Scene/Rank/RankScene.js:102;src_jsc/Scene/Rank/RankScene.js:213;src_jsc/Scene/Setting/ContactGMScene.js:67;src_jsc/Scene/Setting/SettingScene.js:25;src_jsc/Scene/Skill/SkillScene.js:33;src_jsc/Scene/Skill/SkillScene.js:47;src_jsc/Scene/Skill/SkillScene.js:55;src_jsc/Scene/Skill/SkillScene.js:63;src_jsc/Scene/Skill/SkillScene.js:74;src_jsc/Scene/Skill/SkillScene.js:90;src_jsc/Scene/SkillRefining/SkillRefiningScene.js:30;src_jsc/Scene/SkillRefining/SkillRefiningScene.js:36;src_jsc/Scene/Social/SocialScene.js:25;src_jsc/Scene/Social/SocialView.js:38;src_jsc/Scene/Social/SocialView.js:42;src_jsc/Scene/Social/SocialView.js:62;src_jsc/Scene/Social/SocialView.js:177;src_jsc/Scene/Store/StoreScene.js:37;src_jsc/Scene/Store/StoreScene.js:59;src_jsc/Scene/Store/StoreScene.js:61;src_jsc/Scene/Store/StoreScene.js:72;src_jsc/Scene/Store/StoreScene.js:74;src_jsc/Scene/Store/StoreScene.js:100;src_jsc/Scene/Store/StoreScene.js:102;src_jsc/Scene/Store/ToastView.js:26;src_jsc/Scene/Store/ToastView.js:32;src_jsc/Scene/Store/ToastView.js:34;src_jsc/Scene/Store/ToastView.js:42;src_jsc/Scene/Store/ToastView.js:484;src_jsc/Scene/Store/ToastView.js:490;src_jsc/Scene/Store/ToastView.js:504;src_jsc/Scene/Store/ToastView.js:522;src_jsc/Scene/Store/ToastView.js:564;src_jsc/Scene/Store/ToastView.js:572;src_jsc/Scene/Store/ToastView.js:575;src_jsc/Scene/Store/ToastView.js:585;src_jsc/Scene/Store/ToastView.js:603;src_jsc/Scene/Store/ToastView.js:681;src_jsc/Scene/Store/ToastView.js:731;src_jsc/Scene/Store/ToastView.js:774;src_jsc/Scene/Store/ToastView.js:810;src_jsc/Scene/SubMenu/ChallengeMenuScene.js:35;src_jsc/Scene/SubMenu/ChallengeMenuScene.js:105;src_jsc/Scene/SubMenu/ChallengeMenuScene.js:314;src_jsc/Scene/SubMenu/ChallengeMenuScene.js:322;src_jsc/Scene/SubMenu/ChallengeMenuScene.js:330;src_jsc/Scene/SubMenu/ChallengeMenuScene.js:338;src_jsc/Scene/SubMenu/ChallengeMenuScene.js:346;src_jsc/Scene/SubMenu/ChallengeMenuScene.js:354;src_jsc/Scene/SubMenu/ChallengeMenuScene.js:362;src_jsc/Scene/SubMenu/ChallengeMenuScene.js:370;src_jsc/Scene/SubMenu/ChallengeMenuScene.js:380;src_jsc/Scene/SubMenu/ChallengeMenuScene.js:388;src_jsc/Scene/SubMenu/ChallengeMenuScene.js:396;src_jsc/Scene/SubMenu/ChallengeMenuScene.js:404;src_jsc/Scene/SubMenu/GeneralMenuScene.js:35;src_jsc/Scene/SubMenu/GeneralMenuScene.js:105;src_jsc/Scene/SubMenu/GeneralMenuScene.js:584;src_jsc/Scene/SubMenu/GeneralMenuScene.js:593;src_jsc/Scene/SubMenu/GeneralMenuScene.js:602;src_jsc/Scene/SubMenu/GeneralMenuScene.js:611;src_jsc/Scene/SubMenu/GeneralMenuScene.js:620;src_jsc/Scene/SubMenu/GeneralMenuScene.js:629;src_jsc/Scene/SubMenu/GeneralMenuScene.js:638;src_jsc/Scene/SubMenu/GeneralMenuScene.js:647;src_jsc/Scene/SubMenu/GeneralMenuScene.js:656;src_jsc/Scene/SubMenu/GeneralMenuScene.js:665;src_jsc/Scene/SubMenu/GeneralMenuScene.js:674;src_jsc/Scene/SubMenu/GeneralMenuScene.js:683;src_jsc/Scene/SubMenu/MenuMenuScene.js:35;src_jsc/Scene/SubMenu/MenuMenuScene.js:113;src_jsc/Scene/SubMenu/MenuMenuScene.js:304;src_jsc/Scene/SubMenu/PartyMenuScene.js:37;src_jsc/Scene/SubMenu/PartyMenuScene.js:259;src_jsc/Scene/SubMenu/PartyMenuScene.js:324;src_jsc/Scene/TeamBuild/TeamBuildScene.js:137;src_jsc/Scene/TeamBuild/TeamBuildScene.js:207;src_jsc/Scene/TeamBuild/TeamBuildScene.js:388;src_jsc/Scene/TeamBuild/TeamBuildScene.js:411;src_jsc/Scene/TeamBuild/TeamBuildScene.js:424;src_jsc/Scene/TeamBuild/TeamBuildScene.js:784;src_jsc/Scene/TeamBuild/TeamBuildScene.js:827;src_jsc/Scene/TeamBuild/TeamBuildScene_V2.js:101;src_jsc/Scene/TeamBuild/TeamBuildScene_V2.js:279;src_jsc/Scene/TeamBuild/TeamBuildScene_V2.js:346;src_jsc/Scene/TeamBuild/TeamMemberNavigation.js:128;src_jsc/Scene/TeamBuild/TeamMemberNavigation.js:332;src_jsc/Scene/TeamBuild/TeamMemberNavigation.js:440;src_jsc/Scene/TeamBuild/TeamMemberNavigation.js:488;src_jsc/Scene/TeamBuild/TeamMemberNavigation.js:516;src_jsc/Scene/TeamBuild/TeamMemberNavigation.js:525;src_jsc/Scene/TeamBuild/TeamMemberNavigation.js:527;src_jsc/Scene/TeamBuild/TeamMemberNavigation.js:529;src_jsc/Scene/TeamBuild/TeamMemberNavigation.js:718;src_jsc/Scene/TeamBuild/TeamMemberNavigation.js:720;src_jsc/Scene/TeamBuild/TeamMemberNavigation.js:929;src_jsc/Scene/TeamBuild/TeamMemberNavigation.js:935;src_jsc/Scene/TeamBuild/TeamMemberNavigation.js:941;src_jsc/Scene/TeamBuild/TeamMemberNavigation.js:1028;src_jsc/Scene/TeamBuild/TeamMemberNavigation.js:1093;src_jsc/Scene/TeamBuild/TeamMemberNavigation.js:1122;src_jsc/Scene/TeamBuild/TeamMemberNavigation.js:1126;src_jsc/Scene/Training/GeneralTraningScene.js:107;src_jsc/Scene/Training/GeneralTraningScene.js:468;src_jsc/Scene/Training/GeneralTraningScene.js:484;src_jsc/Scene/Training/GeneralTraningScene.js:498;src_jsc/Scene/Training/GeneralTraningScene.js:510;src_jsc/Scene/Training/GeneralTraningScene.js:514;src_jsc/Scene/UnionWar/UnionWarBattleScene.js:122;src_jsc/Scene/Vip/VipScene.js:58;src_jsc/Scene/Worship/WorshipScene.js:51;src_jsc/Scene/Worship/WorshipScene.js:57;src_jsc/Scene/Worship/WorshipScene.js:63;src_jsc/Scene/Worship/WorshipScene.js:73;src_jsc/Scene/Worship/WorshipScene.js:95;src_jsc/Skill/Impl.js:30;src_jsc/Skill/Impl.js:35;src_jsc/Skill/Part.js:522;src_jsc/Skill/Part.js:523;src_jsc/Skill/Part.js:535;src_jsc/Skill/Part.js:536;src_jsc/Skill/Part.js:537;src_jsc/Skill/Part.js:538;src_jsc/Skill/Part.js:550;src_jsc/Skill/Part.js:551;src_jsc/Skill/Part.js:600;src_jsc/Skill/PartEffect.js:39;src_jsc/Skill/PartEffect.js:49;src_jsc/Skill/PartEffect.js:1312;src_jsc/Skill/PartEffect.js:2494;src_jsc/Skill/PartEffectGhost.js:9;src_jsc/Skill/PartHurt.js:24;src_jsc/Skill/PartHurt.js:25;src_jsc/Skill/PartHurt.js:33;src_jsc/Skill/PartHurt.js:38;src_jsc/Skill/PartHurt.js:43;src_jsc/Skill/PartHurt.js:48;src_jsc/Skill/PartOpen.js:32;src_jsc/Skill/PartOpen.js:34;src_jsc/Skill/PartOpen.js:35;src_jsc/Skill/PartOpen.js:36;src_jsc/Skill/PartOpen.js:98;src_jsc/Skill/PartOpen.js:100;src_jsc/Skill/PartOpen.js:101;src_jsc/Skill/PartOpen.js:102;src_jsc/Skill/PartOpen.js:110;src_jsc/Skill/PartOpen.js:112;src_jsc/Skill/PartOpen.js:113;src_jsc/Skill/PartOpen.js:114;src_jsc/Skill/TemplateItem.js:55;src_jsc/Skill/TemplateItem.js:56;src_jsc/Skill/TemplateItem.js:96;src_jsc/Skill/TemplateItem.js:97;src_jsc/Skill/TemplateItem.js:98;src_jsc/Skill/TemplateItem.js:254;src_jsc/Skill/TemplateItem.js:258;src_jsc/Skill/TemplateItem.js:262;src_jsc/Skill/TemplateItem.js:267;src_jsc/Skill/TemplateItem.js:271;src_jsc/Skill/TemplateItem.js:276;src_jsc/Skill/TemplateItemText.js:65;src_jsc/Skill/TemplateItemText.js:86;src_jsc/Skill/TemplatePart.js:98;src_jsc/Skill/TemplatePart.js:128;src_jsc/Tools/Card.js:557;src_jsc/Tools/Card.js:564;src_jsc/Tools/UI.js:74;src_jsc/Tools/UI.js:86;src_jsc/Tools/UI.js:220;src_jsc/Tools/UI.js:242;src_jsc/Tools/UI.js:254;src_jsc/Tools/UI.js:266;src_jsc/Tools/UI.js:278;src_jsc/Tools/UI.js:288;src_jsc/Update/UpdateScene.js:159;src_jsc/Update/UpdateScene.js:161;src_jsc/Update/UpdateScene.js:169;src_jsc/Utils/Node.js:73;src_jsc/Utils/Node.js:75;src_jsc/Utils/Node.js:81;src_jsc/Utils/Node.js:87;src_jsc/Utils/Node.js:93;src_jsc/Utils/Node.js:97;src_jsc/Utils/Node.js:99;src_jsc/Utils/Node.js:129;src_jsc/Utils/Node.js:135;src_jsc/Utils/Node.js:137;src_jsc/Utils/Node.js:141;src_jsc/Utils/Node.js:143;src_jsc/Utils/Node.js:168;src_jsc/Utils/Node.js:178;src_jsc/Utils/Node.js:184;src_jsc/Utils/Node.js:207;src_jsc/Utils/Node.js:208;src_jsc/Utils/Node.js:209;src_jsc/Utils/Node.js:210;src_jsc/Utils/Node.js:238;src_jsc/Utils/Node.js:249;src_jsc/Utils/Node.js:253;src_jsc/Utils/Node.js:257;src_jsc/Utils/Node.js:261;src_jsc/Utils/Node.js:265;src_jsc/Utils/Node.js:269;src_jsc/Utils/Node.js:273;src_jsc/Utils/Node.js:277;src_jsc/Utils/Node.js:281;src_jsc/Utils/Node.js:295;src_jsc/Utils/Node.js:303;src_jsc/Utils/Node.js:311;src_jsc/Utils/Node.js:319;src_jsc/Utils/Node.js:327;src_jsc/Utils/Node.js:335;src_jsc/Utils/Node.js:343;src_jsc/Utils/Node.js:348;src_jsc/Utils/Node.js:356;src_jsc/Utils/Node.js:364;src_jsc/Utils/Node.js:448;src_jsc/Utils/Node.js:713;src_jsc/Utils/UI.js:214;src_jsc/Views/ActivitiesShow6Icon.js:29;src_jsc/Views/Awake/AwakeLayer.js:134;src_jsc/Views/Awake/AwakeLayer.js:140;src_jsc/Views/BeautyIconButton.js:54;src_jsc/Views/BeautyIconButton.js:60;src_jsc/Views/BeautyIconButton.js:66;src_jsc/Views/BeautyIconButton.js:72;src_jsc/Views/BeautyIconButton.js:148;src_jsc/Views/BeautyIconButton.js:154;src_jsc/Views/BeautyIconButton.js:178;src_jsc/Views/BeautyIconButton.js:220;src_jsc/Views/BeautyIconButton.js:249;src_jsc/Views/Button/ChangeNumBtn.js:42;src_jsc/Views/Card/Equ.js:185;src_jsc/Views/Card/Equ.js:206;src_jsc/Views/Card/Equ.js:233;src_jsc/Views/Card/Equ.js:262;src_jsc/Views/Card/Equ.js:301;src_jsc/Views/Card/Equ.js:332;src_jsc/Views/Card/Equ.js:334;src_jsc/Views/Card/Equ.js:365;src_jsc/Views/Card/Equ.js:367;src_jsc/Views/Card/Equ.js:392;src_jsc/Views/Card/Fight.js:148;src_jsc/Views/Card/Fight.js:150;src_jsc/Views/Card/General.js:42;src_jsc/Views/Card/General.js:225;src_jsc/Views/Card/General.js:250;src_jsc/Views/Card/General.js:269;src_jsc/Views/Card/General.js:284;src_jsc/Views/Card/General.js:292;src_jsc/Views/Card/General.js:311;src_jsc/Views/Card/General.js:328;src_jsc/Views/Card/OtherPlayer.js:92;src_jsc/Views/Card/OtherPlayer.js:111;src_jsc/Views/Card/OtherPlayer.js:214;src_jsc/Views/Card/OtherPlayer.js:218;src_jsc/Views/Card/OtherPlayer.js:291;src_jsc/Views/CardListView.js:91;src_jsc/Views/CardListView.js:91;src_jsc/Views/CardListView.js:393;src_jsc/Views/CardListView_v2.js:62;src_jsc/Views/CardListView_v2.js:122;src_jsc/Views/CardListView_v2.js:138;src_jsc/Views/CardListView_v2.js:207;src_jsc/Views/CardListView_v2.js:219;src_jsc/Views/CardListView_v2.js:316;src_jsc/Views/CardListView_v2.js:350;src_jsc/Views/CardListView_v2.js:372;src_jsc/Views/CardNavigateView.js:50;src_jsc/Views/CardNavigateView.js:56;src_jsc/Views/CardNavigateView.js:70;src_jsc/Views/CardNavigateView.js:80;src_jsc/Views/CardNavigateView.js:96;src_jsc/Views/ChatContentLayer.js:77;src_jsc/Views/ChatContentLayer.js:95;src_jsc/Views/ChatContentLayer.js:100;src_jsc/Views/ChatContentLayer.js:115;src_jsc/Views/ChatContentLayer.js:117;src_jsc/Views/ChatContentLayer.js:152;src_jsc/Views/ChatContentLayer.js:173;src_jsc/Views/ChatContentLayer.js:343;src_jsc/Views/ChatContentLayer.js:353;src_jsc/Views/ChatContentLayer.js:364;src_jsc/Views/ChatTablePageView.js:11;src_jsc/Views/ChatTablePageView.js:29;src_jsc/Views/ChatTablePageView.js:36;src_jsc/Views/ChatTablePageView.js:48;src_jsc/Views/ClimbLadderArtifactStorey.js:57;src_jsc/Views/ClimbLadderArtifactStorey.js:380;src_jsc/Views/ClimbLadderArtifactStorey.js:382;src_jsc/Views/ClimbLadderArtifactStorey.js:384;src_jsc/Views/ClimbLadderArtifactStorey.js:387;src_jsc/Views/ClimbLadderArtifactStorey.js:389;src_jsc/Views/ClimbLadderArtifactStorey.js:391;src_jsc/Views/ClimbLadderPFKGView.js:39;src_jsc/Views/ClimbLadderPFKGView.js:49;src_jsc/Views/ClimbLadderPFKGView.js:110;src_jsc/Views/ClimbLadderPFKGView.js:140;src_jsc/Views/DecisiveBattle/DecisiveBattleMainView.js:79;src_jsc/Views/DecisiveBattle/DecisiveBattleMainView.js:153;src_jsc/Views/DecisiveBattle/DecisiveBattleMainView.js:201;src_jsc/Views/DecisiveBattle/DecisiveBattleMainView.js:385;src_jsc/Views/DecisiveBattle/DecisiveBattleMainView.js:426;src_jsc/Views/DecisiveBattle/DecisiveBattleMainView.js:433;src_jsc/Views/DecisiveBattle/DecisiveBattlePreviewView.js:42;src_jsc/Views/DecisiveBattle/DecisiveBattlePreviewView.js:54;src_jsc/Views/DecisiveBattle/DecisiveBattlePreviewView.js:68;src_jsc/Views/DecisiveBattle/DecisiveBattlePreviewView.js:74;src_jsc/Views/DecisiveBattle/DecisiveBattlePreviewView.js:279;src_jsc/Views/DecisiveBattle/DecisiveBattlePreviewView.js:289;src_jsc/Views/DecisiveBattle/DecisiveBattlePreviewView.js:308;src_jsc/Views/DecisiveBattle/DecisiveBattlePreviewView.js:355;src_jsc/Views/DecisiveBattle/DecisiveBattlePreviewView.js:357;src_jsc/Views/DecisiveBattle/DecisiveBattlePreviewView.js:359;src_jsc/Views/DecisiveBattle/DecisiveBattlePreviewView.js:379;src_jsc/Views/DecisiveBattle/DecisiveBattlePreviewView.js:389;src_jsc/Views/DecisiveBattle/DecisiveBattlePreviewView.js:399;src_jsc/Views/DecisiveBattle/OneRoundPlayerListDialog.js:55;src_jsc/Views/DecisiveBattle/OneRoundPlayerListDialog.js:59;src_jsc/Views/DecisiveBattle/OneRoundPlayerListDialog.js:61;src_jsc/Views/DecisiveBattle/OneRoundPlayerListDialog.js:140;src_jsc/Views/DecisiveBattle/OneRoundPlayerListDialog.js:255;src_jsc/Views/DecisiveBattle/OneRoundPlayerListDialog.js:282;src_jsc/Views/DecisiveBattle/OneRoundPlayerListDialog.js:318;src_jsc/Views/DecisiveBattle/OutPlayersDialog.js:34;src_jsc/Views/DecisiveBattle/OutPlayersDialog.js:57;src_jsc/Views/DecisiveBattle/OutPlayersDialog.js:162;src_jsc/Views/DecisiveBattle/SupportPointsExchangeView.js:37;src_jsc/Views/DecisiveBattle/SupportPointsExchangeView.js:276;src_jsc/Views/DecisiveBattle/SupportRankingDialog.js:33;src_jsc/Views/DecisiveBattle/SupportRankingDialog.js:50;src_jsc/Views/DecisiveBattle/SupportRankingDialog.js:159;src_jsc/Views/DecisiveBattle/SupportRecordView.js:52;src_jsc/Views/Dialog/AchieveDialog.js:48;src_jsc/Views/Dialog/AchieveDialog.js:50;src_jsc/Views/Dialog/AchieveDialog.js:74;src_jsc/Views/Dialog/AchieveDialog.js:76;src_jsc/Views/Dialog/AchieveDialog.js:80;src_jsc/Views/Dialog/AchieveDialog.js:84;src_jsc/Views/Dialog/Adventure.js:59;src_jsc/Views/Dialog/Adventure.js:414;src_jsc/Views/Dialog/Adventure.js:424;src_jsc/Views/Dialog/AdventureDropDialog.js:99;src_jsc/Views/Dialog/AdventureDropDialog.js:246;src_jsc/Views/Dialog/AdvertisementDialog.js:39;src_jsc/Views/Dialog/AdvertisementDialog.js:40;src_jsc/Views/Dialog/AdvertisementDialog.js:120;src_jsc/Views/Dialog/AdvertisementDialog.js:128;src_jsc/Views/Dialog/AdvertisementDialogGuide.js:32;src_jsc/Views/Dialog/AdvertisementDialogGuide.js:34;src_jsc/Views/Dialog/AdvertisementDialogGuide.js:52;src_jsc/Views/Dialog/AgaSurrenderDialog.js:60;src_jsc/Views/Dialog/AgaSurrenderDialog.js:70;src_jsc/Views/Dialog/AgaSurrenderDialog.js:248;src_jsc/Views/Dialog/AgaSurrenderDialog.js:332;src_jsc/Views/Dialog/AgaSurrenderDialog.js:340;src_jsc/Views/Dialog/AnnouncementDialog.js:150;src_jsc/Views/Dialog/AnnouncementDialog.js:154;src_jsc/Views/Dialog/AnnouncementDialog.js:244;src_jsc/Views/Dialog/AnnouncementDialog.js:252;src_jsc/Views/Dialog/AnnouncementDialog.js:292;src_jsc/Views/Dialog/AnnouncementDialog.js:364;src_jsc/Views/Dialog/AnnouncementExt.js:36;src_jsc/Views/Dialog/AutoMultiKillSelectDialog.js:103;src_jsc/Views/Dialog/AutoPracticeDialog.js:24;src_jsc/Views/Dialog/AutoPracticeDialog.js:26;src_jsc/Views/Dialog/AutoPracticeResultDialog.js:30;src_jsc/Views/Dialog/AutoPracticeResultDialog.js:32;src_jsc/Views/Dialog/AwakeChangeYuanFenDialog.js:80;src_jsc/Views/Dialog/AwakeChangeYuanFenDialog.js:277;src_jsc/Views/Dialog/AwakeChangeYuanFenDialog.js:289;src_jsc/Views/Dialog/AwakeConfirmDialog.js:45;src_jsc/Views/Dialog/AwakeConfirmDialog.js:144;src_jsc/Views/Dialog/AwakeConfirmDialog.js:172;src_jsc/Views/Dialog/AwakeInfoDialog.js:63;src_jsc/Views/Dialog/AwakeInfoDialog.js:305;src_jsc/Views/Dialog/AwakeInfoDialog.js:309;src_jsc/Views/Dialog/AwakeInfoDialog.js:311;src_jsc/Views/Dialog/AwakeInfoDialog.js:319;src_jsc/Views/Dialog/AwakeInfoDialog.js:321;src_jsc/Views/Dialog/AwakeInfoDialog.js:385;src_jsc/Views/Dialog/AwakeInfoDialog.js:387;src_jsc/Views/Dialog/AwakeInfoDialog.js:397;src_jsc/Views/Dialog/AwakeInfoDialog.js:399;src_jsc/Views/Dialog/BeautyShopDialog.js:19;src_jsc/Views/Dialog/BeautyShopDialog.js:21;src_jsc/Views/Dialog/BeautyShopDialog.js:22;src_jsc/Views/Dialog/BeautyShopDialog.js:63;src_jsc/Views/Dialog/BeautyShopDialog.js:75;src_jsc/Views/Dialog/BeautyShopDialog.js:79;src_jsc/Views/Dialog/BeautyShopDialog.js:85;src_jsc/Views/Dialog/BeautyShopDialog.js:259;src_jsc/Views/Dialog/BeautyShopDialog.js:279;src_jsc/Views/Dialog/BeautyShopDialog.js:283;src_jsc/Views/Dialog/BeautyShopDialog.js:287;src_jsc/Views/Dialog/BeautyShopDialog.js:295;src_jsc/Views/Dialog/BeautyTipsDialog.js:31;src_jsc/Views/Dialog/BecomeStrongerDialog.js:137;src_jsc/Views/Dialog/BecomeStrongerDialog.js:172;src_jsc/Views/Dialog/BecomeStrongerDialog.js:281;src_jsc/Views/Dialog/BecomeStrongerDialog.js:283;src_jsc/Views/Dialog/BecomeStrongerDialog.js:735;src_jsc/Views/Dialog/BecomeStrongerDialog.js:739;src_jsc/Views/Dialog/BindingDialog.js:22;src_jsc/Views/Dialog/BindingDialog.js:40;src_jsc/Views/Dialog/BindingDialog.js:76;src_jsc/Views/Dialog/BindingTelDialog.js:18;src_jsc/Views/Dialog/BindingTelDialog.js:34;src_jsc/Views/Dialog/BindingTelDialog.js:70;src_jsc/Views/Dialog/BreachResult.js:22;src_jsc/Views/Dialog/BreachResult.js:95;src_jsc/Views/Dialog/BreachResult.js:109;src_jsc/Views/Dialog/ChargeDialog.js:17;src_jsc/Views/Dialog/ChargeDialog.js:42;src_jsc/Views/Dialog/ChargePrivilegeDialog.js:71;src_jsc/Views/Dialog/ChargePrivilegeDialog.js:81;src_jsc/Views/Dialog/ChatDialog.js:26;src_jsc/Views/Dialog/ChatDialog.js:40;src_jsc/Views/Dialog/ClimbLaddersFailDialog.js:35;src_jsc/Views/Dialog/CommonDialog.js:161;src_jsc/Views/Dialog/CommonDialog.js:338;src_jsc/Views/Dialog/CommonDialog.js:346;src_jsc/Views/Dialog/CommonDialog.js:350;src_jsc/Views/Dialog/CommonDialog.js:367;src_jsc/Views/Dialog/CommonDialog.js:425;src_jsc/Views/Dialog/DailyTaskDialog.js:33;src_jsc/Views/Dialog/DailyTaskDialog.js:45;src_jsc/Views/Dialog/DecisiveSupportDialog.js:76;src_jsc/Views/Dialog/DecisiveSupportDialog.js:308;src_jsc/Views/Dialog/DetailDialogComponent.js:751;src_jsc/Views/Dialog/DetailDialogComponent.js:755;src_jsc/Views/Dialog/DetailDialogComponent.js:768;src_jsc/Views/Dialog/DetailDialogComponent.js:1254;src_jsc/Views/Dialog/DetailDialogComponent.js:1319;src_jsc/Views/Dialog/DetailDialogComponent.js:1684;src_jsc/Views/Dialog/DetailDialogComponent.js:1774;src_jsc/Views/Dialog/DetailDialogComponent.js:1996;src_jsc/Views/Dialog/DetailDialogComponent.js:2260;src_jsc/Views/Dialog/DetailDialogComponent.js:2383;src_jsc/Views/Dialog/DetailDialogComponent.js:2502;src_jsc/Views/Dialog/DetailDialogEquip.js:39;src_jsc/Views/Dialog/DetailDialogEquip.js:47;src_jsc/Views/Dialog/DetailDialogEquip.js:58;src_jsc/Views/Dialog/DetailDialogEquip.js:71;src_jsc/Views/Dialog/DetailDialogEquip.js:77;src_jsc/Views/Dialog/DetailDialogEquip.js:90;src_jsc/Views/Dialog/DetailDialogEquip.js:157;src_jsc/Views/Dialog/DetailDialogEquip.js:176;src_jsc/Views/Dialog/DetailDialogEquip.js:176;src_jsc/Views/Dialog/DetailDialogEquip.js:188;src_jsc/Views/Dialog/DetailDialogEquip.js:200;src_jsc/Views/Dialog/DetailDialogGeneral.js:45;src_jsc/Views/Dialog/DetailDialogGeneral.js:53;src_jsc/Views/Dialog/DetailDialogGeneral.js:64;src_jsc/Views/Dialog/DetailDialogGeneral.js:77;src_jsc/Views/Dialog/DetailDialogGeneral.js:83;src_jsc/Views/Dialog/DetailDialogGeneral.js:96;src_jsc/Views/Dialog/DetailDialogGeneral.js:102;src_jsc/Views/Dialog/DetailDialogGeneral.js:117;src_jsc/Views/Dialog/DetailDialogGeneral.js:206;src_jsc/Views/Dialog/DetailDialogGeneral.js:218;src_jsc/Views/Dialog/DetailDialogGeneral.js:230;src_jsc/Views/Dialog/DetailDialogGeneral.js:664;src_jsc/Views/Dialog/DetailDialogSkill.js:37;src_jsc/Views/Dialog/DetailDialogSkill.js:45;src_jsc/Views/Dialog/DetailDialogSkill.js:56;src_jsc/Views/Dialog/DetailDialogSkill.js:69;src_jsc/Views/Dialog/DetailDialogSkill.js:75;src_jsc/Views/Dialog/DetailDialogSkill.js:88;src_jsc/Views/Dialog/DetailDialogSkill.js:108;src_jsc/Views/Dialog/DetailDialogSkill.js:122;src_jsc/Views/Dialog/DetailDialogSkill.js:255;src_jsc/Views/Dialog/DetailDialogSkill.js:267;src_jsc/Views/Dialog/DetailDialogSkill.js:279;src_jsc/Views/Dialog/DevelopInstruction.js:21;src_jsc/Views/Dialog/Dialog.js:91;src_jsc/Views/Dialog/Dialog.js:98;src_jsc/Views/Dialog/Dialog.js:148;src_jsc/Views/Dialog/DuanWuDialog.js:19;src_jsc/Views/Dialog/DuanWuDialog.js:21;src_jsc/Views/Dialog/DuanWuDialog.js:22;src_jsc/Views/Dialog/DuanWuDialog.js:63;src_jsc/Views/Dialog/DuanWuDialog.js:75;src_jsc/Views/Dialog/DuanWuDialog.js:79;src_jsc/Views/Dialog/DuanWuDialog.js:85;src_jsc/Views/Dialog/DuanWuDialog.js:265;src_jsc/Views/Dialog/DuanWuDialog.js:285;src_jsc/Views/Dialog/DuanWuDialog.js:289;src_jsc/Views/Dialog/DuanWuDialog.js:293;src_jsc/Views/Dialog/DuanWuDialog.js:301;src_jsc/Views/Dialog/EquipmentStrengthenDialog.js:335;src_jsc/Views/Dialog/EquipmentStrengthenDialog.js:343;src_jsc/Views/Dialog/EquipmentStrengthenDialog.js:351;src_jsc/Views/Dialog/ErrorDialog.js:36;src_jsc/Views/Dialog/ErrorDialog.js:62;src_jsc/Views/Dialog/ErrorDialog.js:99;src_jsc/Views/Dialog/ErrorDialog.js:177;src_jsc/Views/Dialog/ExchangeCDKey.js:21;src_jsc/Views/Dialog/FGLoginDialog.js:23;src_jsc/Views/Dialog/FacebookLoginDialog.js:28;src_jsc/Views/Dialog/FightResult.js:145;src_jsc/Views/Dialog/FightResult.js:167;src_jsc/Views/Dialog/FightResult.js:169;src_jsc/Views/Dialog/FightResult.js:173;src_jsc/Views/Dialog/FightResult.js:175;src_jsc/Views/Dialog/FightResult.js:325;src_jsc/Views/Dialog/FightResult.js:514;src_jsc/Views/Dialog/FightResult.js:522;src_jsc/Views/Dialog/FightResult.js:530;src_jsc/Views/Dialog/FightResult.js:539;src_jsc/Views/Dialog/FirstChargeDialog.js:18;src_jsc/Views/Dialog/FriendOperationDialog.js:26;src_jsc/Views/Dialog/GeneralPreviewDialog.js:25;src_jsc/Views/Dialog/GeneralPreviewDialog.js:52;src_jsc/Views/Dialog/GeneralPreviewDialog.js:54;src_jsc/Views/Dialog/GeneralPreviewDialog.js:214;src_jsc/Views/Dialog/GeneralPreviewDialog.js:274;src_jsc/Views/Dialog/GeneralTrainingResultDialog.js:100;src_jsc/Views/Dialog/GeneralTrainingResultDialog.js:160;src_jsc/Views/Dialog/GeneralTrainingResultDialog.js:162;src_jsc/Views/Dialog/GeneralTrainingResultDialog.js:258;src_jsc/Views/Dialog/GeneralTrainingResultDialog.js:416;src_jsc/Views/Dialog/GeneralTrainingResultDialog.js:448;src_jsc/Views/Dialog/GoldDrawDialog.js:24;src_jsc/Views/Dialog/GoldDrawDialog.js:26;src_jsc/Views/Dialog/IdCardBindingDialog.js:30;src_jsc/Views/Dialog/IdCardBindingDialog.js:44;src_jsc/Views/Dialog/IdCardBindingDialog.js:80;src_jsc/Views/Dialog/IdCardBindingDialog.js:110;src_jsc/Views/Dialog/IdCardBindingDialog.js:112;src_jsc/Views/Dialog/IdCardBindingDialog.js:132;src_jsc/Views/Dialog/InstructionDialog.js:23;src_jsc/Views/Dialog/InstructionDialog.js:41;src_jsc/Views/Dialog/InstructionDialog.js:43;src_jsc/Views/Dialog/InstructionDialog.js:67;src_jsc/Views/Dialog/InstructionDialog.js:71;src_jsc/Views/Dialog/JiFenDuiHuanDialog.js:19;src_jsc/Views/Dialog/JiFenDuiHuanDialog.js:21;src_jsc/Views/Dialog/JiFenDuiHuanDialog.js:22;src_jsc/Views/Dialog/JiFenDuiHuanDialog.js:63;src_jsc/Views/Dialog/JiFenDuiHuanDialog.js:75;src_jsc/Views/Dialog/JiFenDuiHuanDialog.js:79;src_jsc/Views/Dialog/JiFenDuiHuanDialog.js:85;src_jsc/Views/Dialog/JiFenDuiHuanDialog.js:263;src_jsc/Views/Dialog/JiFenDuiHuanDialog.js:281;src_jsc/Views/Dialog/JiFenDuiHuanDialog.js:285;src_jsc/Views/Dialog/JiFenDuiHuanDialog.js:289;src_jsc/Views/Dialog/JiFenDuiHuanDialog.js:297;src_jsc/Views/Dialog/LabourlDialog.js:19;src_jsc/Views/Dialog/LabourlDialog.js:21;src_jsc/Views/Dialog/LabourlDialog.js:22;src_jsc/Views/Dialog/LabourlDialog.js:63;src_jsc/Views/Dialog/LabourlDialog.js:75;src_jsc/Views/Dialog/LabourlDialog.js:79;src_jsc/Views/Dialog/LabourlDialog.js:85;src_jsc/Views/Dialog/LabourlDialog.js:263;src_jsc/Views/Dialog/LabourlDialog.js:281;src_jsc/Views/Dialog/LabourlDialog.js:285;src_jsc/Views/Dialog/LabourlDialog.js:289;src_jsc/Views/Dialog/LabourlDialog.js:297;src_jsc/Views/Dialog/MemorialDialog.js:19;src_jsc/Views/Dialog/MemorialDialog.js:21;src_jsc/Views/Dialog/MemorialDialog.js:22;src_jsc/Views/Dialog/MemorialDialog.js:63;src_jsc/Views/Dialog/MemorialDialog.js:75;src_jsc/Views/Dialog/MemorialDialog.js:79;src_jsc/Views/Dialog/MemorialDialog.js:85;src_jsc/Views/Dialog/MemorialDialog.js:263;src_jsc/Views/Dialog/MemorialDialog.js:281;src_jsc/Views/Dialog/MemorialDialog.js:285;src_jsc/Views/Dialog/MemorialDialog.js:289;src_jsc/Views/Dialog/MemorialDialog.js:297;src_jsc/Views/Dialog/MessagePopView.js:60;src_jsc/Views/Dialog/MessagePopView.js:70;src_jsc/Views/Dialog/MessagePopView.js:139;src_jsc/Views/Dialog/MessagePopView.js:141;src_jsc/Views/Dialog/MessagePopView.js:145;src_jsc/Views/Dialog/MessagePopView.js:158;src_jsc/Views/Dialog/MessagePopView.js:161;src_jsc/Views/Dialog/MessagePopView.js:165;src_jsc/Views/Dialog/MessagePopView.js:169;src_jsc/Views/Dialog/MessagePopView.js:184;src_jsc/Views/Dialog/MulitiFightDialog.js:31;src_jsc/Views/Dialog/MulitiFightDialog.js:35;src_jsc/Views/Dialog/MulitiFightDialog.js:37;src_jsc/Views/Dialog/MultiItemBuyDialog.js:30;src_jsc/Views/Dialog/MultiItemExchangeDialog.js:45;src_jsc/Views/Dialog/MysteryStoreDialog.js:17;src_jsc/Views/Dialog/MysteryStoreDialog.js:19;src_jsc/Views/Dialog/MysteryStoreDialog.js:20;src_jsc/Views/Dialog/MysteryStoreDialog.js:63;src_jsc/Views/Dialog/MysteryStoreDialog.js:75;src_jsc/Views/Dialog/MysteryStoreDialog.js:79;src_jsc/Views/Dialog/MysteryStoreDialog.js:85;src_jsc/Views/Dialog/MysteryStoreDialog.js:93;src_jsc/Views/Dialog/MysteryStoreDialog.js:101;src_jsc/Views/Dialog/MysteryStoreDialog.js:329;src_jsc/Views/Dialog/MysteryStoreDialog.js:337;src_jsc/Views/Dialog/MysteryStoreDialog.js:341;src_jsc/Views/Dialog/MysteryStoreDialog.js:345;src_jsc/Views/Dialog/MysteryStoreDialog.js:353;src_jsc/Views/Dialog/PlantTreeDlg.js:19;src_jsc/Views/Dialog/PlantTreeDlg.js:21;src_jsc/Views/Dialog/PlantTreeDlg.js:22;src_jsc/Views/Dialog/PlantTreeDlg.js:61;src_jsc/Views/Dialog/PlantTreeDlg.js:73;src_jsc/Views/Dialog/PlantTreeDlg.js:241;src_jsc/Views/Dialog/PlantTreeDlg.js:249;src_jsc/Views/Dialog/PlantTreeDlg.js:255;src_jsc/Views/Dialog/PlantTreeDlg.js:259;src_jsc/Views/Dialog/PlantTreeDlg.js:269;src_jsc/Views/Dialog/PlayerInfoDialog.js:115;src_jsc/Views/Dialog/PlayerInfoDialog.js:117;src_jsc/Views/Dialog/PlayerInfoDialog.js:133;src_jsc/Views/Dialog/PlayerInfoDialog.js:299;src_jsc/Views/Dialog/PublicCopyDialog.js:19;src_jsc/Views/Dialog/PublicCopyDialog.js:21;src_jsc/Views/Dialog/PublicCopyDialog.js:22;src_jsc/Views/Dialog/PublicCopyDialog.js:63;src_jsc/Views/Dialog/PublicCopyDialog.js:75;src_jsc/Views/Dialog/PublicCopyDialog.js:79;src_jsc/Views/Dialog/PublicCopyDialog.js:89;src_jsc/Views/Dialog/PublicCopyDialog.js:267;src_jsc/Views/Dialog/PublicCopyDialog.js:287;src_jsc/Views/Dialog/PublicCopyDialog.js:291;src_jsc/Views/Dialog/PublicCopyDialog.js:295;src_jsc/Views/Dialog/PublicCopyDialog.js:303;src_jsc/Views/Dialog/PublicNotice.js:22;src_jsc/Views/Dialog/PublicNotice.js:38;src_jsc/Views/Dialog/PublicNotice.js:40;src_jsc/Views/Dialog/RefineEquipmentDialog.js:41;src_jsc/Views/Dialog/RefineEquipmentDialog.js:72;src_jsc/Views/Dialog/ReplaceCardDialog.js:1040;src_jsc/Views/Dialog/ReplaceCardDialog.js:1179;src_jsc/Views/Dialog/ReplaceCardDialog.js:1272;src_jsc/Views/Dialog/SelectOpenBoxNumDialog.js:48;src_jsc/Views/Dialog/SelectResolveNumDialog.js:48;src_jsc/Views/Dialog/SelectSgsChannelDialog.js:34;src_jsc/Views/Dialog/SelectSgsChannelDialog.js:50;src_jsc/Views/Dialog/SelectSgsChannelDialog.js:74;src_jsc/Views/Dialog/SelectSgsChannelDialog.js:106;src_jsc/Views/Dialog/SendMessageDialog.js:47;src_jsc/Views/Dialog/SkillUpDialog.js:55;src_jsc/Views/Dialog/SkillUpDialog.js:77;src_jsc/Views/Dialog/SkillUpDialog.js:87;src_jsc/Views/Dialog/SkillUpDialog.js:97;src_jsc/Views/Dialog/SkillUpDialog.js:107;src_jsc/Views/Dialog/SkillUpDialog.js:261;src_jsc/Views/Dialog/SkillUpDialog.js:265;src_jsc/Views/Dialog/SkillUpDialog.js:500;src_jsc/Views/Dialog/SkillUpDialog.js:529;src_jsc/Views/Dialog/SkillUpDialog.js:677;src_jsc/Views/Dialog/SlotMachinesActivities.js:113;src_jsc/Views/Dialog/SlotMachinesActivities.js:419;src_jsc/Views/Dialog/SpecificDialog.js:223;src_jsc/Views/Dialog/SpecificDialog.js:581;src_jsc/Views/Dialog/SpecificDialog.js:721;src_jsc/Views/Dialog/SpecificDialog.js:913;src_jsc/Views/Dialog/SpiritStoneDialog.js:19;src_jsc/Views/Dialog/SpiritStoneDialog.js:21;src_jsc/Views/Dialog/SpiritStoneDialog.js:22;src_jsc/Views/Dialog/SpiritStoneDialog.js:60;src_jsc/Views/Dialog/SpiritStoneDialog.js:70;src_jsc/Views/Dialog/SpiritStoneDialog.js:235;src_jsc/Views/Dialog/SpiritStoneDialog.js:253;src_jsc/Views/Dialog/SpiritStoneDialog.js:257;src_jsc/Views/Dialog/SpiritStoneDialog.js:261;src_jsc/Views/Dialog/SpiritStoneDialog.js:269;src_jsc/Views/Dialog/Story.js:100;src_jsc/Views/Dialog/Story.js:102;src_jsc/Views/Dialog/UnionActiveDialog.js:214;src_jsc/Views/Dialog/UnionActiveDialog.js:341;src_jsc/Views/Dialog/UnionActiveDialog.js:356;src_jsc/Views/Dialog/UnionChgNoticeSignDialog.js:43;src_jsc/Views/Dialog/UnionChgNoticeSignDialog.js:55;src_jsc/Views/Dialog/UnionChgNoticeSignDialog.js:59;src_jsc/Views/Dialog/UnionDepotMemberDialog.js:230;src_jsc/Views/Dialog/UnionDepotMemberDialog.js:383;src_jsc/Views/Dialog/UnionDepotMemberDialog.js:399;src_jsc/Views/Dialog/UnionDepotNumChooseDialog.js:58;src_jsc/Views/Dialog/UnionEncounterMapDialog.js:54;src_jsc/Views/Dialog/UnionEncounterMapDialog.js:66;src_jsc/Views/Dialog/UnionEncounterMapDialog.js:70;src_jsc/Views/Dialog/UnionEncounterMapDialog.js:89;src_jsc/Views/Dialog/UnionEncounterMapDialog.js:254;src_jsc/Views/Dialog/UnionEncounterMapDialog.js:703;src_jsc/Views/Dialog/UnionEncounterMapDialog.js:724;src_jsc/Views/Dialog/UnionEncounterMapDialog.js:780;src_jsc/Views/Dialog/UnionEncounterMapDialog.js:782;src_jsc/Views/Dialog/UnionEncounterMapDialog.js:784;src_jsc/Views/Dialog/UnionEncounterMapDialog.js:788;src_jsc/Views/Dialog/UnionWarActivePromoteDialog.js:31;src_jsc/Views/Dialog/UnionWarActivePromoteDialog.js:54;src_jsc/Views/Dialog/UnionWarActivePromoteDialog.js:69;src_jsc/Views/Dialog/UnionWarBattleResultDialog.js:193;src_jsc/Views/Dialog/UnionWarBattleResultDialog.js:278;src_jsc/Views/Dialog/UnionWarBattleResultDialog.js:295;src_jsc/Views/Dialog/UnionWarFlowChartDialog.js:159;src_jsc/Views/Dialog/UnionWarFlowChartDialog.js:169;src_jsc/Views/Dialog/UnionWarFlowChartDialog.js:217;src_jsc/Views/Dialog/UsrUpgradeWillOpen.js:34;src_jsc/Views/Dialog/VerificationTelDialog.js:18;src_jsc/Views/Dialog/VerificationTelDialog.js:34;src_jsc/Views/Dialog/VerificationTelDialog.js:70;src_jsc/Views/EquipmentReinforceView.js:70;src_jsc/Views/EquipmentReinforceView.js:80;src_jsc/Views/FeedBack.js:18;src_jsc/Views/Gems/AllGemsListDialog.js:70;src_jsc/Views/Gems/GemsBagView.js:159;src_jsc/Views/Gems/GemsBagView.js:302;src_jsc/Views/Gems/GemsComposeView.js:104;src_jsc/Views/Gems/GemsHoleextendView.js:43;src_jsc/Views/Gems/GemsHoleextendView.js:53;src_jsc/Views/Gems/GemsPunchView.js:14;src_jsc/Views/Gems/GemsPunchView.js:35;src_jsc/Views/Gems/GemsPunchView.js:50;src_jsc/Views/Gems/GemsPunchView.js:59;src_jsc/Views/Gems/GemsPunchView.js:101;src_jsc/Views/Gems/GemsPunchView.js:134;src_jsc/Views/Gems/GemsPunchView.js:173;src_jsc/Views/Gems/GemsPunchView.js:486;src_jsc/Views/Gems/GemsSophisticationReplaceDialog.js:254;src_jsc/Views/Gems/GemsSophisticationView.js:35;src_jsc/Views/Gems/GemsSophisticationView.js:49;src_jsc/Views/Gems/GemsSophisticationView.js:57;src_jsc/Views/Gems/GemsSophisticationView.js:72;src_jsc/Views/Gems/GemsSophisticationView.js:87;src_jsc/Views/Gems/GemsSophisticationView.js:96;src_jsc/Views/Gems/GemsSophisticationView.js:103;src_jsc/Views/Gems/GemsSophisticationView.js:153;src_jsc/Views/Gems/GemsSophisticationView.js:179;src_jsc/Views/Gems/GemsSophisticationView.js:189;src_jsc/Views/Gems/GemsSophisticationView.js:205;src_jsc/Views/Gems/GemsSophisticationView.js:388;src_jsc/Views/Gems/GemsSophisticationView.js:652;src_jsc/Views/Gems/GemsSophisticationView.js:737;src_jsc/Views/Gems/GemsSophisticationView.js:902;src_jsc/Views/GeneralCardShow.js:22;src_jsc/Views/GeneralCardShow.js:31;src_jsc/Views/GeneralCardShow.js:37;src_jsc/Views/GeneralCardShow.js:41;src_jsc/Views/GeneralPlayView.js:38;src_jsc/Views/GeneralPlayView.js:40;src_jsc/Views/GeneralPlayView.js:77;src_jsc/Views/GeneralPlayView.js:81;src_jsc/Views/GeneralPlayView.js:150;src_jsc/Views/GeneralPlayView.js:153;src_jsc/Views/GeneralPlayView.js:433;src_jsc/Views/GeneralPlayView.js:439;src_jsc/Views/GeneralPlayView.js:445;src_jsc/Views/GeneralPlayView.js:464;src_jsc/Views/GeneralPlayView.js:470;src_jsc/Views/GeneralPlayView.js:476;src_jsc/Views/GeneralPlayView.js:489;src_jsc/Views/GeneralPlayView.js:504;src_jsc/Views/GeneralPlayView.js:513;src_jsc/Views/GeneralPlayView.js:528;src_jsc/Views/GeneralSwapView.js:34;src_jsc/Views/GeneralSwapView.js:84;src_jsc/Views/GeneralSwapView.js:93;src_jsc/Views/GeneralSwapView.js:95;src_jsc/Views/GeneralSwapView.js:97;src_jsc/Views/GeneralSwapView.js:157;src_jsc/Views/GeneralSwapView.js:167;src_jsc/Views/GeneralSwapView.js:179;src_jsc/Views/GeneralSwapView.js:194;src_jsc/Views/GeneralSwapView.js:196;src_jsc/Views/GeneralSwapView.js:207;src_jsc/Views/GeneralSwapView.js:217;src_jsc/Views/GeneralSwapView.js:229;src_jsc/Views/GeneralSwapView.js:244;src_jsc/Views/GeneralSwapView.js:246;src_jsc/Views/GeneralSwapView.js:290;src_jsc/Views/Goddess/GoddessAchievementDialog.js:55;src_jsc/Views/Goddess/GoddessAchievementDialog.js:312;src_jsc/Views/Goddess/GoddessAchievementDialog.js:325;src_jsc/Views/Goddess/GoddessAchievementDialog.js:329;src_jsc/Views/Goddess/GoddessAchievementDialog.js:333;src_jsc/Views/Goddess/GoddessMainView.js:143;src_jsc/Views/Goddess/GoddessMainView.js:242;src_jsc/Views/Goddess/GoddessMainView.js:302;src_jsc/Views/Goddess/GoddessMainView.js:393;src_jsc/Views/Goddess/GoddessMainView.js:397;src_jsc/Views/Goddess/GoddessMainView.js:401;src_jsc/Views/Goddess/ThreeIconShowView.js:34;src_jsc/Views/Goddess/ThreeIconShowView.js:84;src_jsc/Views/Goddess/ThreeIconShowView.js:93;src_jsc/Views/Goddess/ThreeIconShowView.js:95;src_jsc/Views/Goddess/ThreeIconShowView.js:97;src_jsc/Views/Goddess/ThreeIconShowView.js:151;src_jsc/Views/Goddess/ThreeIconShowView.js:161;src_jsc/Views/Goddess/ThreeIconShowView.js:173;src_jsc/Views/Goddess/ThreeIconShowView.js:190;src_jsc/Views/Goddess/ThreeIconShowView.js:192;src_jsc/Views/Goddess/ThreeIconShowView.js:203;src_jsc/Views/Goddess/ThreeIconShowView.js:213;src_jsc/Views/Goddess/ThreeIconShowView.js:225;src_jsc/Views/Goddess/ThreeIconShowView.js:242;src_jsc/Views/Goddess/ThreeIconShowView.js:244;src_jsc/Views/Goddess/ThreeIconShowView.js:288;src_jsc/Views/HDShowViews.js:37;src_jsc/Views/HornView.js:23;src_jsc/Views/HornView.js:35;src_jsc/Views/HornView.js:37;src_jsc/Views/HpProgressView.js:84;src_jsc/Views/HpProgressView.js:140;src_jsc/Views/HpProgressView.js:142;src_jsc/Views/HpProgressView.js:144;src_jsc/Views/HpProgressView.js:146;src_jsc/Views/HpProgressView.js:169;src_jsc/Views/HpProgressView.js:171;src_jsc/Views/HpProgressView.js:173;src_jsc/Views/HpProgressView.js:175;src_jsc/Views/HpProgressView.js:364;src_jsc/Views/HulaoBattle/GarrisonLayoutDialog.js:88;src_jsc/Views/HulaoBattle/GarrisonLayoutDialog.js:467;src_jsc/Views/HulaoBattle/GarrisonLayoutDialog.js:469;src_jsc/Views/HulaoBattle/HulaoBattleMainView.js:52;src_jsc/Views/HulaoBattle/HulaoBattleMainView.js:56;src_jsc/Views/HulaoBattle/HulaoBattleMainView.js:270;src_jsc/Views/HulaoBattle/HulaoBattleSelectDifficulty.js:52;src_jsc/Views/HulaoBattle/LightenLuckDialog.js:58;src_jsc/Views/HulaoBattle/LightenLuckDialog.js:82;src_jsc/Views/HulaoBattle/LightenLuckDialog.js:209;src_jsc/Views/HungerLayer.js:266;src_jsc/Views/Icon/BaseIcon.js:207;src_jsc/Views/Icon/BaseIcon.js:222;src_jsc/Views/Icon/BaseIcon.js:267;src_jsc/Views/Icon/IconStyleA.js:188;src_jsc/Views/Icon/IconStyleA.js:206;src_jsc/Views/Icon/IconStyleA.js:221;src_jsc/Views/Icon/IconStyleA.js:243;src_jsc/Views/Icon/IconStyleA.js:245;src_jsc/Views/Icon/IconStyleA.js:279;src_jsc/Views/Icon/IconStyleA.js:281;src_jsc/Views/Icon/IconStyleA.js:310;src_jsc/Views/Icon/IconStyleA.js:336;src_jsc/Views/Icon/IconStyleA.js:362;src_jsc/Views/Icon/IconStyleA.js:379;src_jsc/Views/Icon/IconStyleA.js:402;src_jsc/Views/Icon/IconStyleA.js:424;src_jsc/Views/Icon/IconStyleA.js:442;src_jsc/Views/Icon/IconStyleA.js:471;src_jsc/Views/Icon/IconStyleA.js:497;src_jsc/Views/Icon/IconStyleA.js:530;src_jsc/Views/Icon/IconStyleA.js:550;src_jsc/Views/Icon/IconStyleA.js:567;src_jsc/Views/Icon/IconStyleA.js:594;src_jsc/Views/Icon/IconStyleA.js:601;src_jsc/Views/Icon/IconStyleA.js:620;src_jsc/Views/Icon/IconStyleA.js:630;src_jsc/Views/Icon/IconStyleA.js:657;src_jsc/Views/Icon/IconStyleA.js:674;src_jsc/Views/Icon/IconStyleA.js:725;src_jsc/Views/Icon/IconStyleA.js:727;src_jsc/Views/Icon/IconStyleB.js:23;src_jsc/Views/Icon/IconStyleB.js:44;src_jsc/Views/Icon/IconStyleC.js:26;src_jsc/Views/Icon/IconWrapped.js:82;src_jsc/Views/InterService/InterServiceFightView.js:104;src_jsc/Views/InterService/InterServiceFightView.js:110;src_jsc/Views/InterService/InterServiceRegistrationView.js:57;src_jsc/Views/InterService/InterServiceRegistrationView.js:67;src_jsc/Views/InterService/InterServiceRegistrationView.js:141;src_jsc/Views/InterService/InterServiceRegistrationView.js:221;src_jsc/Views/InterService/InterServiceRegistrationView.js:241;src_jsc/Views/InterService/InterServiceRewardDialog.js:33;src_jsc/Views/InterService/InterServiceRewardPreviewDialog.js:52;src_jsc/Views/InterService/InterServiceWorshipView.js:44;src_jsc/Views/InterService/PointsExchangeView.js:33;src_jsc/Views/InterService/PointsExchangeView.js:116;src_jsc/Views/InterService/PointsExchangeView.js:270;src_jsc/Views/InterService/PointsRankDialog.js:51;src_jsc/Views/InterService/PointsRankDialog.js:178;src_jsc/Views/InterService/PointsRankDialog.js:193;src_jsc/Views/InterService/PopularityRewardView.js:46;src_jsc/Views/InterService/PopularityRewardView.js:239;src_jsc/Views/InterService/PopularityRewardView.js:251;src_jsc/Views/ItemCell.js:260;src_jsc/Views/ItemCell.js:287;src_jsc/Views/ItemCell.js:318;src_jsc/Views/ItemCell.js:562;src_jsc/Views/ItemCell.js:577;src_jsc/Views/ItemCell.js:588;src_jsc/Views/ItemCell.js:600;src_jsc/Views/ItemCell.js:606;src_jsc/Views/ItemCell.js:612;src_jsc/Views/ItemShowList.js:163;src_jsc/Views/ItemShowList.js:226;src_jsc/Views/Label/LabelExt.js:91;src_jsc/Views/Label/LabelExt.js:322;src_jsc/Views/ListTableView.js:77;src_jsc/Views/MainMenuBtnView.js:40;src_jsc/Views/MainMenuView.js:43;src_jsc/Views/MainMenuView.js:87;src_jsc/Views/MainMenuView.js:106;src_jsc/Views/MainMenuView.js:159;src_jsc/Views/Meridians/AcupointListView.js:41;src_jsc/Views/Meridians/AcupointListView.js:52;src_jsc/Views/Meridians/AcupointListView.js:132;src_jsc/Views/Meridians/DetailsListView.js:32;src_jsc/Views/Meridians/DetailsListView.js:69;src_jsc/Views/Meridians/DetailsListView.js:78;src_jsc/Views/Meridians/DetailsListView.js:164;src_jsc/Views/Meridians/MeridiansDetailDialog.js:33;src_jsc/Views/Meridians/MeridiansDetailDialog.js:52;src_jsc/Views/Meridians/MeridiansDetailDialog.js:54;src_jsc/Views/Meridians/MeridiansDetailDialog.js:83;src_jsc/Views/Meridians/MeridiansDetailDialog.js:103;src_jsc/Views/Meridians/MeridiansDetailDialog.js:116;src_jsc/Views/Meridians/MeridiansMainView.js:111;src_jsc/Views/Meridians/MeridiansMainView.js:218;src_jsc/Views/Meridians/MeridiansMainView.js:230;src_jsc/Views/Meridians/MeridiansMainView.js:339;src_jsc/Views/Meridians/PracticeMeridiansMainView.js:101;src_jsc/Views/Meridians/PracticeMeridiansMainView.js:103;src_jsc/Views/Meridians/PracticeMeridiansMainView.js:358;src_jsc/Views/Mgr.js:779;src_jsc/Views/Mgr.js:781;src_jsc/Views/Mgr.js:782;src_jsc/Views/Mgr.js:783;src_jsc/Views/Mgr.js:784;src_jsc/Views/Mgr.js:785;src_jsc/Views/Mgr.js:820;src_jsc/Views/Mgr.js:821;src_jsc/Views/Mgr.js:836;src_jsc/Views/Mgr.js:837;src_jsc/Views/Mgr.js:1004;src_jsc/Views/Mgr.js:1015;src_jsc/Views/Mgr.js:1078;src_jsc/Views/Mgr.js:1080;src_jsc/Views/Mgr.js:1091;src_jsc/Views/MiniTablePage.js:23;src_jsc/Views/MiniTablePage.js:27;src_jsc/Views/MiniTablePage.js:35;src_jsc/Views/MiniTablePage.js:44;src_jsc/Views/MiniTablePage.js:68;src_jsc/Views/MiniTablePage.js:75;src_jsc/Views/MiracleWeapons/MiracleWeaponInforDialog.js:64;src_jsc/Views/MiracleWeapons/MiracleWeaponInforDialog.js:66;src_jsc/Views/MiracleWeapons/MiracleWeaponInforDialog.js:119;src_jsc/Views/MiracleWeapons/MiracleWeaponInforDialog.js:297;src_jsc/Views/MiracleWeapons/MiracleWeaponInforDialog.js:303;src_jsc/Views/MiracleWeapons/MiracleWeaponInforDialog.js:309;src_jsc/Views/MiracleWeapons/MiracleWeaponInforDialog.js:415;src_jsc/Views/MiracleWeapons/MiracleWeaponLayer.js:170;src_jsc/Views/MiracleWeapons/MiracleWeaponLayer.js:178;src_jsc/Views/MiracleWeapons/MiracleWeaponLayer.js:323;src_jsc/Views/MiracleWeapons/SelectMiracleWeaponLayer.js:93;src_jsc/Views/MiracleWeapons/SelectMiracleWeaponLayer.js:109;src_jsc/Views/MiracleWeapons/SelectMiracleWeaponLayer.js:120;src_jsc/Views/MiracleWeapons/SelectMiracleWeaponLayer.js:239;src_jsc/Views/MiracleWeapons/SelectMiracleWeaponLayer.js:258;src_jsc/Views/MiracleWeapons/SelectMiracleWeaponLayer.js:283;src_jsc/Views/MiracleWeapons/SelectMiracleWeaponLayer.js:432;src_jsc/Views/MiracleWeapons/SelectMiracleWeaponLayer.js:438;src_jsc/Views/MiracleWeapons/SelectMiracleWeaponLayer.js:444;src_jsc/Views/MiracleWeapons/ThreeMiracleWeaponsShowLayer.js:45;src_jsc/Views/MiracleWeapons/ThreeMiracleWeaponsShowLayer.js:47;src_jsc/Views/MiracleWeapons/ThreeMiracleWeaponsShowLayer.js:49;src_jsc/Views/MiracleWeapons/ThreeMiracleWeaponsShowLayer.js:112;src_jsc/Views/MiracleWeapons/ThreeMiracleWeaponsShowLayer.js:125;src_jsc/Views/MiracleWeapons/ThreeMiracleWeaponsShowLayer.js:137;src_jsc/Views/MiracleWeapons/ThreeMiracleWeaponsShowLayer.js:153;src_jsc/Views/MultiLineUpView.js:49;src_jsc/Views/MultiLineUpView.js:153;src_jsc/Views/MultiPagesMenuView.js:20;src_jsc/Views/MultiPagesMenuView.js:80;src_jsc/Views/MultiPagesMenuView.js:84;src_jsc/Views/MultiPagesMenuView.js:90;src_jsc/Views/MultiPagesMenuView.js:92;src_jsc/Views/MultiPagesMenuView.js:137;src_jsc/Views/MultiPagesMenuView.js:281;src_jsc/Views/MultiPagesMenuView.js:305;src_jsc/Views/MultiPagesMenuView.js:340;src_jsc/Views/PlayerInfoBannerView.js:160;src_jsc/Views/PlayerInfoBannerView.js:162;src_jsc/Views/PlayerInfoBannerView.js:273;src_jsc/Views/PlayerInfoBannerView.js:301;src_jsc/Views/PlayerInfoBannerView.js:303;src_jsc/Views/PlayerInfoBannerView.js:378;src_jsc/Views/ProgressTimer/BlueProgressTimer.js:25;src_jsc/Views/ProgressTimer/BlueProgressTimer.js:39;src_jsc/Views/ProgressTimer/BlueProgressTimer.js:41;src_jsc/Views/ProgressTimer/NormalProgressTimer.js:25;src_jsc/Views/ProgressTimer/NormalProgressTimer.js:39;src_jsc/Views/ProgressTimer/NormalProgressTimer.js:41;src_jsc/Views/QueueTeamView.js:91;src_jsc/Views/QueueTeamView.js:164;src_jsc/Views/QueueTeamView.js:182;src_jsc/Views/QueueTeamView.js:242;src_jsc/Views/QueueTeamView.js:545;src_jsc/Views/QuickFight.js:102;src_jsc/Views/QuickFight.js:104;src_jsc/Views/QuickFight.js:158;src_jsc/Views/QuickFight.js:199;src_jsc/Views/ReincarnationView.js:23;src_jsc/Views/ReincarnationView.js:35;src_jsc/Views/ReincarnationView.js:41;src_jsc/Views/ReincarnationView.js:55;src_jsc/Views/ReplaceCardList.js:71;src_jsc/Views/ReplaceCardList.js:83;src_jsc/Views/RoundClippingNode.js:19;src_jsc/Views/RoundClippingNode.js:25;src_jsc/Views/RoundClippingNode.js:25;src_jsc/Views/RoundClippingNode.js:25;src_jsc/Views/RoundClippingNode.js:25;src_jsc/Views/RoundClippingNode.js:29;src_jsc/Views/SceneTitleView.js:24;src_jsc/Views/ScrollView.js:173;src_jsc/Views/ServerSelectView.js:27;src_jsc/Views/ServerSelectView.js:41;src_jsc/Views/ServerSelectView.js:51;src_jsc/Views/ServerSelectView.js:253;src_jsc/Views/ServerSelectView.js:255;src_jsc/Views/ShowTeamView.js:145;src_jsc/Views/ShowTeamView.js:513;src_jsc/Views/SkillCompoundView.js:21;src_jsc/Views/SkillCompoundView.js:33;src_jsc/Views/SkillCompoundView.js:39;src_jsc/Views/SkillCompoundView.js:48;src_jsc/Views/SkillPieceIconShow.js:66;src_jsc/Views/SkillPieceIconShow.js:68;src_jsc/Views/SkillPieceIconShow.js:88;src_jsc/Views/SkillRefining/SkillRefiningLayer.js:97;src_jsc/Views/SkillRefining/SkillRefiningLayer.js:105;src_jsc/Views/SkillRefining/SkillRefiningLayer.js:121;src_jsc/Views/SkillRefining/SkillRefiningLayer.js:171;src_jsc/Views/SkillRefining/SkillRefiningLayer.js:604;src_jsc/Views/SkillSpecView.js:20;src_jsc/Views/SkillSpecView.js:24;src_jsc/Views/SkillSpecView.js:36;src_jsc/Views/SkillSpecView.js:38;src_jsc/Views/SortController.js:28;src_jsc/Views/SortController.js:30;src_jsc/Views/SortController.js:47;src_jsc/Views/SortController.js:49;src_jsc/Views/SplitLabelTTF.js:90;src_jsc/Views/SplitLabelTTF.js:92;src_jsc/Views/SpriteClippingNode.js:21;src_jsc/Views/SpriteClippingNode.js:23;src_jsc/Views/SurrenderReachView.js:21;src_jsc/Views/SurrenderReachView.js:64;src_jsc/Views/Table/BaseTableView.js:233;src_jsc/Views/Table/BaseTableView.js:239;src_jsc/Views/Table/BaseTableView.js:242;src_jsc/Views/Table/Cell/AgaHeadTableViewCell.js:34;src_jsc/Views/Table/Cell/AgaHeadTableViewCell.js:38;src_jsc/Views/Table/Cell/ChaosTableViewCell.js:26;src_jsc/Views/Table/Cell/ChaosTableViewCell.js:28;src_jsc/Views/Table/Cell/ChargeItemCell.js:22;src_jsc/Views/Table/Cell/ChargeItemCell.js:24;src_jsc/Views/Table/Cell/ClimbLadderTableViewCell.js:71;src_jsc/Views/Table/Cell/ClimbLadderTableViewCell.js:73;src_jsc/Views/Table/Cell/ClimbLadderTableViewCell.js:276;src_jsc/Views/Table/Cell/ClimbLadderTableViewCell.js:278;src_jsc/Views/Table/Cell/EquipmentFragmentJoinTableViewCell.js:31;src_jsc/Views/Table/Cell/EquipmentFragmentTableViewCell.js:43;src_jsc/Views/Table/Cell/EquipmentTableViewCell.js:35;src_jsc/Views/Table/Cell/EquipmentTableViewCell.js:306;src_jsc/Views/Table/Cell/EquipmentTableViewStrengthenCell.js:35;src_jsc/Views/Table/Cell/LadderChartTableViewCell.js:26;src_jsc/Views/Table/Cell/LadderChartTableViewCell.js:28;src_jsc/Views/Table/Cell/MulitiFightCell.js:15;src_jsc/Views/Table/Cell/MulitiFightCell.js:67;src_jsc/Views/Table/Cell/MulitiFightCell.js:97;src_jsc/Views/Table/Cell/RankTableViewCell.js:64;src_jsc/Views/Table/Cell/RankTableViewCell.js:66;src_jsc/Views/Table/Cell/RankTableViewCell.js:192;src_jsc/Views/Table/Cell/RankTableViewCell.js:197;src_jsc/Views/Table/Cell/RankTableViewCell.js:205;src_jsc/Views/Table/Cell/ReplaceCardCell.js:739;src_jsc/Views/Table/Cell/ReplaceCardCell.js:1259;src_jsc/Views/Table/Cell/SkillMeltTableCell.js:35;src_jsc/Views/Table/Cell/SkillMeltTableCell.js:232;src_jsc/Views/Table/Cell/SkillMeltTableCell.js:246;src_jsc/Views/Table/Cell/SkillMeltTableCell.js:260;src_jsc/Views/Table/Cell/SkillPieceTableViewCell.js:22;src_jsc/Views/Table/Cell/SkillTableViewCell.js:26;src_jsc/Views/Table/Cell/TaskCell.js:23;src_jsc/Views/Table/Cell/TaskCell.js:57;src_jsc/Views/Table/Cell/TaskCell.js:59;src_jsc/Views/Table/Cell/TaskCell.js:139;src_jsc/Views/Table/Cell/TaskCell.js:141;src_jsc/Views/Table/Cell/TaskCell.js:148;src_jsc/Views/Table/Cell/TaskCell.js:153;src_jsc/Views/Table/Cell/TeamQueueTeamCell.js:36;src_jsc/Views/Table/Cell/UnionSearchTableViewCell.js:17;src_jsc/Views/Table/InterServiceRewardPreviewTableView.js:31;src_jsc/Views/Table/InterServiceRewardTableView.js:49;src_jsc/Views/Table/InterServiceRewardTableView.js:92;src_jsc/Views/Table/InterServiceRewardTableView.js:96;src_jsc/Views/Table/MenuTableView.js:50;src_jsc/Views/Table/MenuTableView.js:60;src_jsc/Views/Table/MenuTableView.js:70;src_jsc/Views/Table/MenuTableView.js:80;src_jsc/Views/Table/MenuTableView.js:275;src_jsc/Views/Table/SkillPieceTableView.js:57;src_jsc/Views/Table/SkillPieceTableView.js:66;src_jsc/Views/Table/SkillPieceTableView.js:80;src_jsc/Views/Table/UnionLogTableView.js:39;src_jsc/Views/Table/UnionLogTableView.js:41;src_jsc/Views/TablePageView.js:197;src_jsc/Views/TablePageView.js:272;src_jsc/Views/TablePageView.js:279;src_jsc/Views/TablePageView.js:286;src_jsc/Views/TablePageView.js:526;src_jsc/Views/TableViewCellButton.js:272;src_jsc/Views/TableViewCellButton.js:284;src_jsc/Views/TableViewCellButton.js:296;src_jsc/Views/TeamCntPopView.js:79;src_jsc/Views/TeamCntPopView.js:81;src_jsc/Views/TeamCntPopView.js:95;src_jsc/Views/TeamIconButton.js:51;src_jsc/Views/TeamIconButton.js:57;src_jsc/Views/TeamIconButton.js:63;src_jsc/Views/TeamIconButton.js:69;src_jsc/Views/TeamIconButton.js:166;src_jsc/Views/TeamIconButton.js:231;src_jsc/Views/TeamIconButton.js:274;src_jsc/Views/TeamIconButton.js:330;src_jsc/Views/TeamIconButton.js:334;src_jsc/Views/TeamIconButton.js:342;src_jsc/Views/TeamIconButton_Buddy.js:14;src_jsc/Views/TeamIconButton_Buddy.js:35;src_jsc/Views/TeamIconButton_Buddy.js:66;src_jsc/Views/TeamIconButton_Buddy.js:70;src_jsc/Views/TeamIconButton_Buddy.js:78;src_jsc/Views/Union/UnionCombatMainLayer.js:13;src_jsc/Views/Union/UnionCombatMainLayer.js:15;src_jsc/Views/Union/UnionCombatMainLayer.js:108;src_jsc/Views/Union/UnionCombatMainLayer.js:139;src_jsc/Views/Union/UnionCombatMainLayer.js:163;src_jsc/Views/Union/UnionCombatMainLayer.js:460;src_jsc/Views/Union/UnionCombatMainLayer.js:481;src_jsc/Views/Union/UnionDepotLayer.js:205;src_jsc/Views/Union/UnionDepotLayer.js:215;src_jsc/Views/Union/UnionDepotLayer.js:223;src_jsc/Views/Union/UnionDialog.js:184;src_jsc/Views/Union/UnionDialog.js:221;src_jsc/Views/Union/UnionDialog.js:235;src_jsc/Views/Union/UnionDialog.js:239;src_jsc/Views/Union/UnionDialog.js:248;src_jsc/Views/Union/UnionDonationLayer.js:103;src_jsc/Views/Union/UnionDonationLayer.js:127;src_jsc/Views/Union/UnionDonationLayer.js:348;src_jsc/Views/Union/UnionInfoLayer.js:83;src_jsc/Views/Union/UnionInfoLayer.js:103;src_jsc/Views/Union/UnionInfoLayer.js:105;src_jsc/Views/Union/UnionInfoLayer.js:113;src_jsc/Views/Union/UnionMemberLayer.js:100;src_jsc/Views/Union/UnionMemberLayer.js:208;src_jsc/Views/Union/UnionMemberLayer.js:337;src_jsc/Views/Union/UnionMemberLayer.js:347;src_jsc/Views/Union/UnionMemberManageDialog.js:57;src_jsc/Views/Union/UnionMemberManageDialog.js:61;src_jsc/Views/Union/UnionMemberManageDialog.js:132;src_jsc/Views/Union/UnionMembershipLayer.js:213;src_jsc/Views/Union/UnionMembershipLayer.js:225;src_jsc/Views/Union/UnionRankingLayer.js:7;src_jsc/Views/Union/UnionRankingLayer.js:9;src_jsc/Views/Union/UnionRankingLayer.js:10;src_jsc/Views/Union/UnionRankingLayer.js:11;src_jsc/Views/Union/UnionRankingLayer.js:65;src_jsc/Views/Union/UnionRankingLayer.js:75;src_jsc/Views/Union/UnionRankingLayer.js:85;src_jsc/Views/Union/UnionRankingLayer.js:266;src_jsc/Views/Union/UnionRankingLayer.js:276;src_jsc/Views/Union/UnionSearch.js:36;src_jsc/Views/Union/UnionSearch.js:101;src_jsc/Views/Union/UnionSearch.js:105;src_jsc/Views/Union/UnionSearch.js:193;src_jsc/Views/Union/UnionShopLayer.js:57;src_jsc/Views/Union/UnionShopLayer.js:242;src_jsc/Views/Union/UnionShopLayer.js:254;src_jsc/Views/UnionWarBattleView.js:130;src_jsc/Views/UnionWarBattleView.js:132;src_jsc/Views/UnionWarFightView.js:178;src_jsc/Views/UnionWarFightView.js:180;src_jsc/Views/UnionWarFightView.js:249;src_jsc/Views/UnionWarPlayerHeadFightView.js:93;src_jsc/Views/UpgradeCard/BaseUpgradeCard.js:27;src_jsc/Views/UpgradeCard/BaseUpgradeCard.js:47;src_jsc/Views/UpgradeCard/BaseUpgradeCard.js:49;src_jsc/Views/UpgradeCard/BaseUpgradeCard.js:243;src_jsc/Views/UpgradeCard/BaseUpgradeCard.js:251;src_jsc/Views/UpgradeCard/BaseUpgradeCard.js:304;src_jsc/Views/UpgradeCard/BaseUpgradeCard.js:313;src_jsc/Views/UpgradeCard/CardAwakeInfoView.js:41;src_jsc/Views/UpgradeCard/CardAwakeView.js:29;src_jsc/Views/UpgradeCard/CardAwakeView.js:39;src_jsc/Views/UpgradeCard/CardAwakeView.js:50;src_jsc/Views/UpgradeCard/CombatUpgradeCard.js:14;src_jsc/Views/UpgradeGuideInMainView.js:39;src_jsc/Views/VipCell.js:120;src_jsc/Views/VipCell.js:122;src_jsc/Views/VipCell.js:134;src_jsc/Views/VipCell.js:148;src_jsc/Views/WorshipInfoView.js:324;src_jsc/Views/WorshipInfoView.js:330;src_jsc/Views/WorshipWinePopNode.js:127;src_jsc/Views/WorshipWinePopNode.js:133;src_jsc/Views/WorshipWinePopNode.js:167;src_jsc/Views/WorshipWinePopNode.js:267"
member,"cc.pAdd",2,"src_jsc/Factorys/Skill/Item/Timeline.js:450;src_jsc/Skill/Impl.js:41"
member,"cc.pSub",1,"src_jsc/Factorys/Skill/Item/Timeline.js:535"
member,"cc.pointEqualToPoint",1,"src_jsc/Core/Cocos2d-x/jsb_cocos2d.js:383"
member,"cc.rect",17,"src_jsc/Cfg/Sprite.js:6;src_jsc/Core/Cocos2d-x/jsb_cocos2d.js:426;src_jsc/Core/Cocos2d-x/jsb_cocos2d.js:511;src_jsc/Core/Cocos2d-x/jsb_cocos2d.js:527;src_jsc/Core/Cocos2d-x/jsb_cocos2d.js:538;src_jsc/Guide/GuideStepPlugin.js:39;src_jsc/Guide/GuideStepPlugin.js:170;src_jsc/Guide/GuideStepPlugin.js:206;src_jsc/Guide/GuideStepPlugin.js:277;src_jsc/Models/Resource.js:168;src_jsc/Scene/Awake/AwakeBoxScene.js:59;src_jsc/Scene/Awake/AwakeBoxScene.js:81;src_jsc/Scene/Store/StoreScene.js:170;src_jsc/Scene/Store/StoreScene.js:194;src_jsc/Views/HungerLayer.js:209;src_jsc/Views/ServerSelectView.js:383;src_jsc/Views/SortController.js:177"
member,"cc.rectContainsPoint",14,"src_jsc/Core/Cocos2d-x/jsb_cocos2d.js:488;src_jsc/Scene/Chaos/ChaosHomeView.js:317;src_jsc/Scene/Combat/CombatCardView.js:229;src_jsc/Scene/Combat/CombatCardView.js:233;src_jsc/Scene/Party/WishingScene.js:513;src_jsc/Views/Dialog/SendMessageDialog.js:135;src_jsc/Views/FeedBack.js:65;src_jsc/Views/HornView.js:59;src_jsc/Views/ServerSelectView.js:388;src_jsc/Views/ServerSelectView.js:392;src_jsc/Views/SortController.js:178;src_jsc/Views/Union/UnionDonationLayer.js:182;src_jsc/Views/Union/UnionDonationLayer.js:186;src_jsc/Views/Union/UnionDonationLayer.js:190"
member,"cc.rectContainsRect",1,"src_jsc/Core/Cocos2d-x/jsb_cocos2d.js:449"
member,"cc.rectEqualToRect",1,"src_jsc/Core/Cocos2d-x/jsb_cocos2d.js:444"
member,"cc.rectGetMaxX",1,"src_jsc/Core/Cocos2d-x/jsb_cocos2d.js:458"
member,"cc.rectGetMaxY",1,"src_jsc/Core/Cocos2d-x/jsb_cocos2d.js:473"
member,"cc.rectGetMidX",1,"src_jsc/Core/Cocos2d-x/jsb_cocos2d.js:463"
member,"cc.rectGetMidY",1,"src_jsc/Core/Cocos2d-x/jsb_cocos2d.js:478"
member,"cc.rectGetMinX",1,"src_jsc/Core/Cocos2d-x/jsb_cocos2d.js:468"
member,"cc.rectGetMinY",1,"src_jsc/Core/Cocos2d-x/jsb_cocos2d.js:483"
member,"cc.rectIntersection",1,"src_jsc/Core/Cocos2d-x/jsb_cocos2d.js:524"
member,"cc.rectIntersectsRect",1,"src_jsc/Core/Cocos2d-x/jsb_cocos2d.js:500"
member,"cc.rectUnion",1,"src_jsc/Core/Cocos2d-x/jsb_cocos2d.js:508"
member,"cc.red",1,"src_jsc/Core/Cocos2d-x/jsb_cocos2d.js:274"
member,"cc.registerTargetedDelegate",1,"src_jsc/Core/Cocos2d-x/jsb_deprecated.js:119"
member,"cc.registerTargetedDelegate.apply",1,"src_jsc/Core/Cocos2d-x/jsb_deprecated.js:121"
member,"cc.registerTargettedDelegate",2,"src_jsc/Core/Cocos2d-x/jsb_deprecated.js:114;src_jsc/Core/Cocos2d-x/jsb_deprecated.js:119"
member,"cc.s_sharedNotificationCenter",4,"src_jsc/Core/Cocos2d-x/CCNotificationCenter.js:5;src_jsc/Core/Cocos2d-x/CCNotificationCenter.js:110;src_jsc/Core/Cocos2d-x/CCNotificationCenter.js:112;src_jsc/Core/Cocos2d-x/CCNotificationCenter.js:115"
member,"cc.size",754,"src_jsc/Cfg/Btn.js:176;src_jsc/Cfg/Btn.js:183;src_jsc/Cfg/Btn.js:190;src_jsc/Cfg/Btn.js:197;src_jsc/Cfg/Btn.js:204;src_jsc/Cfg/Btn.js:211;src_jsc/Cfg/Btn.js:218;src_jsc/Cfg/Btn.js:225;src_jsc/Cfg/Btn.js:231;src_jsc/Cfg/Btn.js:238;src_jsc/Cfg/Btn.js:245;src_jsc/Cfg/Btn.js:251;src_jsc/Cfg/Btn.js:257;src_jsc/Cfg/Btn.js:264;src_jsc/Cfg/Btn.js:271;src_jsc/Cfg/Btn.js:278;src_jsc/Cfg/Btn.js:285;src_jsc/Cfg/Btn.js:292;src_jsc/Cfg/Btn.js:299;src_jsc/Cfg/Btn.js:306;src_jsc/Cfg/Btn.js:313;src_jsc/Cfg/Btn.js:320;src_jsc/Cfg/Btn.js:326;src_jsc/Cfg/Btn.js:333;src_jsc/Cfg/Btn.js:339;src_jsc/Cfg/Btn.js:345;src_jsc/Cfg/Btn.js:351;src_jsc/Cfg/Btn.js:357;src_jsc/Cfg/Btn.js:363;src_jsc/Cfg/Btn.js:369;src_jsc/Cfg/Btn.js:375;src_jsc/Cfg/Btn.js:381;src_jsc/Cfg/Btn.js:387;src_jsc/Cfg/Btn.js:393;src_jsc/Cfg/Btn.js:400;src_jsc/Cfg/Btn.js:407;src_jsc/Cfg/Btn.js:414;src_jsc/Cfg/Btn.js:421;src_jsc/Cfg/Btn.js:428;src_jsc/Cfg/Btn.js:435;src_jsc/Cfg/Btn.js:454;src_jsc/Cfg/Btn.js:461;src_jsc/Cfg/Btn.js:468;src_jsc/Cfg/Btn.js:475;src_jsc/Cfg/Btn.js:484;src_jsc/Cfg/Btn.js:491;src_jsc/Cfg/Btn.js:497;src_jsc/Cfg/Btn.js:503;src_jsc/Cfg/Btn.js:510;src_jsc/Cfg/Btn.js:523;src_jsc/Cfg/Btn.js:529;src_jsc/Cfg/Btn.js:539;src_jsc/Cfg/Btn.js:545;src_jsc/Cfg/Btn.js:551;src_jsc/Cfg/Btn.js:557;src_jsc/Cfg/Btn.js:564;src_jsc/Cfg/Btn.js:571;src_jsc/Cfg/Btn.js:578;src_jsc/Cfg/Btn.js:585;src_jsc/Cfg/Btn.js:592;src_jsc/Cfg/Btn.js:599;src_jsc/Cfg/Btn.js:606;src_jsc/Cfg/Btn.js:613;src_jsc/Cfg/Btn.js:619;src_jsc/Cfg/Btn.js:625;src_jsc/Cfg/Btn.js:631;src_jsc/Cfg/Btn.js:637;src_jsc/Cfg/Btn.js:643;src_jsc/Cfg/Btn.js:679;src_jsc/Cfg/Btn.js:685;src_jsc/Cfg/Btn.js:692;src_jsc/Cfg/Btn.js:698;src_jsc/Cfg/Btn.js:704;src_jsc/Cfg/Btn.js:710;src_jsc/Cfg/Btn.js:716;src_jsc/Cfg/Btn.js:722;src_jsc/Cfg/Btn.js:728;src_jsc/Cfg/Btn.js:734;src_jsc/Cfg/Btn.js:740;src_jsc/Cfg/Btn.js:746;src_jsc/Cfg/Btn.js:752;src_jsc/Cfg/Btn.js:758;src_jsc/Cfg/Btn.js:765;src_jsc/Cfg/Btn.js:772;src_jsc/Core/Cocos2d-x/jsb_cocos2d.js:402;src_jsc/Core/Cocos2d-x/jsb_cocos2d.js:423;src_jsc/Libs/Views/Button/Factory.js:7;src_jsc/Models/Chat.js:100;src_jsc/Models/Dungeon.js:220;src_jsc/Models/ToastModel.js:104;src_jsc/Models/TreasureBox.js:58;src_jsc/Scene/Achievement/AchievementScene.js:75;src_jsc/Scene/Achievement/AchievementScene.js:126;src_jsc/Scene/Achievement/AchievementScene.js:189;src_jsc/Scene/Achievement/AchievementScene.js:226;src_jsc/Scene/Achievement/AchievementScene.js:261;src_jsc/Scene/Achievement/AchievementScene.js:297;src_jsc/Scene/Aga/AgaScene.js:52;src_jsc/Scene/Aga/AgaScene.js:394;src_jsc/Scene/Aga/AgaScene.js:779;src_jsc/Scene/Aga/AgaScene.js:1270;src_jsc/Scene/Aga/AgaScene.js:1389;src_jsc/Scene/Awake/AwakeBoxScene.js:29;src_jsc/Scene/Awake/AwakeBoxView.js:65;src_jsc/Scene/Awake/AwakeBoxView.js:79;src_jsc/Scene/Awake/AwakeScene.js:38;src_jsc/Scene/Bag/BagScene.js:22;src_jsc/Scene/Bag/BagScene.js:48;src_jsc/Scene/Bag/BagScene.js:52;src_jsc/Scene/Bag/BagScene.js:206;src_jsc/Scene/Beauty/BeautyCell.js:24;src_jsc/Scene/Beauty/BeautyCell.js:45;src_jsc/Scene/Beauty/BeautyScene.js:85;src_jsc/Scene/Beauty/BeautyScene.js:137;src_jsc/Scene/Beauty/BeautyScene.js:237;src_jsc/Scene/Beauty/BeautyScene.js:273;src_jsc/Scene/Beauty/BeautyScene.js:1367;src_jsc/Scene/Beauty/BeautyScene.js:1460;src_jsc/Scene/Buddy/BuddyScene.js:36;src_jsc/Scene/Buddy/BuddyView.js:50;src_jsc/Scene/Buddy/BuddyView.js:250;src_jsc/Scene/Chaos/ChaosFightScene.js:27;src_jsc/Scene/Chaos/ChaosScene.js:33;src_jsc/Scene/Climb/ClimbLadderRankListScene.js:29;src_jsc/Scene/Climb/StartBattleScene.js:353;src_jsc/Scene/Combat/CombatCardView.js:95;src_jsc/Scene/Combat/CombatCardView.js:107;src_jsc/Scene/Combat/CombatScene.js:27;src_jsc/Scene/Combat/CombatUpgradeScene.js:64;src_jsc/Scene/Combat/CombatUpgradeScene.js:68;src_jsc/Scene/Combat/CombatUpgradeScene.js:622;src_jsc/Scene/Copy/BossCell.js:22;src_jsc/Scene/Copy/CopyScene.js:81;src_jsc/Scene/Copy/CopyScene.js:91;src_jsc/Scene/Copy/CopyScene.js:249;src_jsc/Scene/Copy/CopyScene.js:678;src_jsc/Scene/Copy/CopyScene.js:765;src_jsc/Scene/Copy/DuanWuCopyScene.js:81;src_jsc/Scene/Copy/DuanWuCopyScene.js:91;src_jsc/Scene/Copy/DuanWuCopyScene.js:249;src_jsc/Scene/Copy/DuanWuCopyScene.js:678;src_jsc/Scene/Copy/DuanWuCopyScene.js:765;src_jsc/Scene/Copy/LabourlCopyScene.js:81;src_jsc/Scene/Copy/LabourlCopyScene.js:91;src_jsc/Scene/Copy/LabourlCopyScene.js:249;src_jsc/Scene/Copy/LabourlCopyScene.js:678;src_jsc/Scene/Copy/LabourlCopyScene.js:765;src_jsc/Scene/Copy/MemorialCopyScene.js:81;src_jsc/Scene/Copy/MemorialCopyScene.js:91;src_jsc/Scene/Copy/MemorialCopyScene.js:249;src_jsc/Scene/Copy/MemorialCopyScene.js:678;src_jsc/Scene/Copy/MemorialCopyScene.js:765;src_jsc/Scene/Copy/PlantCopyScene.js:79;src_jsc/Scene/Copy/PlantCopyScene.js:89;src_jsc/Scene/Copy/PlantCopyScene.js:247;src_jsc/Scene/Copy/PlantCopyScene.js:676;src_jsc/Scene/Copy/PlantCopyScene.js:763;src_jsc/Scene/Copy/PublicCopyScene.js:81;src_jsc/Scene/Copy/PublicCopyScene.js:91;src_jsc/Scene/Copy/PublicCopyScene.js:259;src_jsc/Scene/Copy/PublicCopyScene.js:721;src_jsc/Scene/Copy/PublicCopyScene.js:808;src_jsc/Scene/Debug/DebugScene.js:181;src_jsc/Scene/Debug/DebugScene.js:214;src_jsc/Scene/Debug/DebugScene.js:285;src_jsc/Scene/Debug/DebugScene.js:316;src_jsc/Scene/DecisiveBattle/DecisiveBattleMainScene.js:39;src_jsc/Scene/DecisiveBattle/SupportAwardScene.js:24;src_jsc/Scene/Develop/AlchemyView.js:25;src_jsc/Scene/Develop/AlchemyView.js:69;src_jsc/Scene/Develop/AlchemyView.js:145;src_jsc/Scene/Develop/AlchemyView.js:294;src_jsc/Scene/Develop/DevelopScene.js:27;src_jsc/Scene/Equ/EquipmentScene.js:149;src_jsc/Scene/Fight/FightScene.js:443;src_jsc/Scene/Fight/FightScene.js:455;src_jsc/Scene/Fight/FightScene.js:508;src_jsc/Scene/FightChapter/DungeonView.js:63;src_jsc/Scene/FightChapter/DungeonView.js:79;src_jsc/Scene/FightChapter/FightChapters.js:173;src_jsc/Scene/FightChapter/FightChapters.js:179;src_jsc/Scene/FightChapter/FightChapters.js:186;src_jsc/Scene/FightChapter/FightChapters.js:192;src_jsc/Scene/Gems/GemsScene.js:34;src_jsc/Scene/Goddess/GoddessMainScene.js:30;src_jsc/Scene/HulaoBattle/HulaoBattleMainScene.js:36;src_jsc/Scene/InterService/InterServiceFightScene.js:34;src_jsc/Scene/InterService/InterServiceRegistrationScene.js:28;src_jsc/Scene/InterService/InterServiceWorshipScene.js:38;src_jsc/Scene/InterService/PopularityRewardScene.js:30;src_jsc/Scene/Ladder/LadderCardShow.js:150;src_jsc/Scene/Ladder/LadderCardShow.js:212;src_jsc/Scene/Ladder/LadderChartScene.js:17;src_jsc/Scene/Ladder/LadderChartView.js:15;src_jsc/Scene/Ladder/LadderGiftView.js:18;src_jsc/Scene/Ladder/LadderGiftView.js:22;src_jsc/Scene/Ladder/LadderGiftView_Honor.js:18;src_jsc/Scene/Ladder/LadderGiftView_Honor.js:28;src_jsc/Scene/Ladder/LadderScene.js:28;src_jsc/Scene/Ladder/LadderTenFightResultDialog.js:26;src_jsc/Scene/Ladder/LadderTenFightResultDialog.js:36;src_jsc/Scene/Ladder/LadderTenFightResultDialog.js:107;src_jsc/Scene/Ladder/LadderView.js:35;src_jsc/Scene/Login/LoginScene_AnySdk.js:48;src_jsc/Scene/Login/LoginScene_AnySdk.js:520;src_jsc/Scene/Login/LoginScene_AnySdk.js:542;src_jsc/Scene/Login/LoginScene_AnySdk.js:578;src_jsc/Scene/Login/LoginScene_BfSdk.js:46;src_jsc/Scene/Login/LoginScene_BfSdk.js:380;src_jsc/Scene/Login/LoginScene_BfSdk.js:402;src_jsc/Scene/Login/LoginScene_BfSdk.js:438;src_jsc/Scene/Login/LoginScene_BfSdk.js:802;src_jsc/Scene/Login/LoginScene_BfSdk.js:830;src_jsc/Scene/Login/LoginScene_BfSdk.js:866;src_jsc/Scene/Login/LoginScene_EasyGuestSdk.js:39;src_jsc/Scene/Login/LoginScene_EasySdk.js:33;src_jsc/Scene/Login/LoginScene_ThirdGuestSdk.js:42;src_jsc/Scene/Login/LoginScene_ThirdSdk.js:48;src_jsc/Scene/Mail/MailSystemScene.js:29;src_jsc/Scene/Main/MainMenuScene.js:252;src_jsc/Scene/Meridians/MeridiansMainScene.js:30;src_jsc/Scene/Meridians/PracticeMeridiansMainScene.js:32;src_jsc/Scene/Party/PartyDialog.js:1075;src_jsc/Scene/Party/PartyDialogExt.js:697;src_jsc/Scene/Party/RechargeRankDialog.js:367;src_jsc/Scene/Party/RechargeRankDialog.js:421;src_jsc/Scene/Party/WishingScene.js:44;src_jsc/Scene/Party/WishingScene.js:86;src_jsc/Scene/Party/WishingScene.js:88;src_jsc/Scene/Party/WishingScene.js:591;src_jsc/Scene/Rank/RankScene.js:20;src_jsc/Scene/Setting/ContactGMScene.js:71;src_jsc/Scene/Setting/ContactGMScene.js:145;src_jsc/Scene/Setting/SettingScene.js:29;src_jsc/Scene/Setting/SettingScene.js:312;src_jsc/Scene/Skill/SkillScene.js:99;src_jsc/Scene/Social/SocialScene.js:29;src_jsc/Scene/Social/SocialView.js:36;src_jsc/Scene/Social/SocialView.js:60;src_jsc/Scene/Store/StoreScene.js:43;src_jsc/Scene/Store/ToastView.js:581;src_jsc/Scene/Store/ToastView.js:599;src_jsc/Scene/Store/ToastView.js:789;src_jsc/Scene/SubMenu/ChallengeMenuScene.js:84;src_jsc/Scene/SubMenu/GeneralMenuScene.js:84;src_jsc/Scene/SubMenu/MenuMenuScene.js:92;src_jsc/Scene/SubMenu/PartyMenuScene.js:296;src_jsc/Scene/TeamBuild/TeamBuildScene.js:325;src_jsc/Scene/TeamBuild/TeamBuildScene.js:329;src_jsc/Scene/TeamBuild/TeamBuildScene.js:331;src_jsc/Scene/TeamBuild/TeamBuildScene.js:375;src_jsc/Scene/TeamBuild/TeamBuildScene.js:397;src_jsc/Scene/TeamBuild/TeamBuildScene_V2.js:243;src_jsc/Scene/TeamBuild/TeamBuildScene_V2.js:247;src_jsc/Scene/TeamBuild/TeamBuildScene_V2.js:263;src_jsc/Scene/TeamBuild/TeamBuildScene_V2.js:334;src_jsc/Scene/TeamBuild/TeamMemberNavigation.js:682;src_jsc/Scene/TeamBuild/TeamMemberNavigation.js:921;src_jsc/Scene/Training/GeneralTraningScene.js:71;src_jsc/Scene/Training/GeneralTraningScene.js:342;src_jsc/Scene/Training/GeneralTraningScene.js:474;src_jsc/Scene/Training/GeneralTraningScene.js:476;src_jsc/Scene/Training/GeneralTraningScene.js:848;src_jsc/Scene/UnionWar/UnionWarBattleScene.js:51;src_jsc/Scene/UnionWar/UnionWarBattleScene.js:71;src_jsc/Scene/UnionWar/UnionWarChangeFormationScene.js:50;src_jsc/Scene/UnionWar/UnionWarFightScene.js:62;src_jsc/Scene/UnionWar/UnionWarFightScene.js:74;src_jsc/Scene/Vip/VipScene.js:50;src_jsc/Scene/Vip/VipScene.js:99;src_jsc/Scene/Worship/WorshipScene.js:85;src_jsc/Tools/UI.js:240;src_jsc/Tools/UI.js:410;src_jsc/Tools/UI.js:413;src_jsc/Tools/UI.js:423;src_jsc/Tools/UI.js:430;src_jsc/Utils/Node.js:53;src_jsc/Utils/Node.js:166;src_jsc/Utils/Node.js:176;src_jsc/Views/Awake/AwakeLayer.js:138;src_jsc/Views/BeautyIconButton.js:46;src_jsc/Views/Card/Equ.js:64;src_jsc/Views/Card/Fight.js:870;src_jsc/Views/Card/General.js:10;src_jsc/Views/Card/General.js:61;src_jsc/Views/Card/General.js:139;src_jsc/Views/Card/OtherPlayer.js:10;src_jsc/Views/Card/OtherPlayer.js:21;src_jsc/Views/Card/OtherPlayer.js:212;src_jsc/Views/CardNavigateView.js:32;src_jsc/Views/CardNavigateView.js:142;src_jsc/Views/ChangeName.js:21;src_jsc/Views/ChatContentLayer.js:32;src_jsc/Views/ChatContentLayer.js:41;src_jsc/Views/ChatContentLayer.js:75;src_jsc/Views/ChatContentLayer.js:85;src_jsc/Views/ChatContentLayer.js:383;src_jsc/Views/ClimbLadderArtifactStorey.js:47;src_jsc/Views/ClimbLadderArtifactStorey.js:134;src_jsc/Views/ClimbLadderPFKGView.js:55;src_jsc/Views/DecisiveBattle/DecisiveBattleMainView.js:77;src_jsc/Views/DecisiveBattle/DecisiveBattlePreviewView.js:40;src_jsc/Views/DecisiveBattle/DecisiveBattlePreviewView.js:48;src_jsc/Views/DecisiveBattle/DecisiveBattlePreviewView.js:50;src_jsc/Views/DecisiveBattle/DecisiveBattlePreviewView.js:62;src_jsc/Views/DecisiveBattle/OneRoundPlayerListDialog.js:237;src_jsc/Views/DecisiveBattle/OneRoundPlayerListDialog.js:253;src_jsc/Views/DecisiveBattle/OneRoundPlayerListDialog.js:274;src_jsc/Views/DecisiveBattle/OneRoundPlayerListDialog.js:340;src_jsc/Views/DecisiveBattle/OutPlayersDialog.js:32;src_jsc/Views/DecisiveBattle/OutPlayersDialog.js:53;src_jsc/Views/DecisiveBattle/OutPlayersDialog.js:93;src_jsc/Views/DecisiveBattle/SupportPointsExchangeView.js:35;src_jsc/Views/DecisiveBattle/SupportPointsExchangeView.js:133;src_jsc/Views/DecisiveBattle/SupportRankingDialog.js:31;src_jsc/Views/DecisiveBattle/SupportRankingDialog.js:46;src_jsc/Views/DecisiveBattle/SupportRankingDialog.js:86;src_jsc/Views/DecisiveBattle/SupportRecordView.js:50;src_jsc/Views/DecisiveBattle/SupportRecordView.js:151;src_jsc/Views/Dialog/AdventureDropDialog.js:89;src_jsc/Views/Dialog/AdventureDropDialog.js:91;src_jsc/Views/Dialog/AdventureDropDialog.js:119;src_jsc/Views/Dialog/AdventureDropDialog.js:194;src_jsc/Views/Dialog/AgaSurrenderDialog.js:58;src_jsc/Views/Dialog/AgaSurrenderDialog.js:246;src_jsc/Views/Dialog/AnnouncementDialog.js:104;src_jsc/Views/Dialog/AnnouncementDialog.js:109;src_jsc/Views/Dialog/AnnouncementDialog.js:138;src_jsc/Views/Dialog/AnnouncementDialog.js:156;src_jsc/Views/Dialog/AnnouncementDialog.js:246;src_jsc/Views/Dialog/AnnouncementDialog.js:248;src_jsc/Views/Dialog/AnnouncementDialog.js:288;src_jsc/Views/Dialog/AnnouncementDialog.js:360;src_jsc/Views/Dialog/AnnouncementDialog.js:368;src_jsc/Views/Dialog/AnnouncementDialog.js:375;src_jsc/Views/Dialog/AnnouncementExt.js:32;src_jsc/Views/Dialog/AutoMultiKillSelectDialog.js:101;src_jsc/Views/Dialog/AwakeChangeYuanFenDialog.js:76;src_jsc/Views/Dialog/AwakeChangeYuanFenDialog.js:142;src_jsc/Views/Dialog/AwakeChangeYuanFenDialog.js:265;src_jsc/Views/Dialog/AwakeChangeYuanFenDialog.js:267;src_jsc/Views/Dialog/AwakeChangeYuanFenDialog.js:273;src_jsc/Views/Dialog/AwakeChangeYuanFenDialog.js:285;src_jsc/Views/Dialog/AwakeConfirmDialog.js:43;src_jsc/Views/Dialog/AwakeInfoDialog.js:59;src_jsc/Views/Dialog/AwakeInfoDialog.js:237;src_jsc/Views/Dialog/AwakeInfoDialog.js:303;src_jsc/Views/Dialog/BeautyShopDialog.js:257;src_jsc/Views/Dialog/BeautyShopDialog.js:289;src_jsc/Views/Dialog/BeautyShopDialog.js:420;src_jsc/Views/Dialog/BeautyTipsDialog.js:29;src_jsc/Views/Dialog/BecomeStrongerDialog.js:135;src_jsc/Views/Dialog/BecomeStrongerDialog.js:168;src_jsc/Views/Dialog/BecomeStrongerDialog.js:208;src_jsc/Views/Dialog/BindingDialog.js:20;src_jsc/Views/Dialog/BindingDialog.js:38;src_jsc/Views/Dialog/BindingDialog.js:74;src_jsc/Views/Dialog/BindingTelDialog.js:16;src_jsc/Views/Dialog/BindingTelDialog.js:32;src_jsc/Views/Dialog/BindingTelDialog.js:68;src_jsc/Views/Dialog/BreachResult.js:20;src_jsc/Views/Dialog/ChargeDialog.js:15;src_jsc/Views/Dialog/ChargePrivilegeDialog.js:69;src_jsc/Views/Dialog/ChatDialog.js:24;src_jsc/Views/Dialog/ChatDialog.js:32;src_jsc/Views/Dialog/ClimbLaddersFailDialog.js:33;src_jsc/Views/Dialog/CommonDialog.js:149;src_jsc/Views/Dialog/CommonDialog.js:159;src_jsc/Views/Dialog/CommonDialog.js:314;src_jsc/Views/Dialog/CommonDialog.js:326;src_jsc/Views/Dialog/CommonDialog.js:330;src_jsc/Views/Dialog/CommonDialog.js:356;src_jsc/Views/Dialog/DailyTaskDialog.js:31;src_jsc/Views/Dialog/DecisiveSupportDialog.js:74;src_jsc/Views/Dialog/DecisiveSupportDialog.js:306;src_jsc/Views/Dialog/DecisiveSupportDialog.js:319;src_jsc/Views/Dialog/DecisiveSupportDialog.js:398;src_jsc/Views/Dialog/DetailDialogComponent.js:696;src_jsc/Views/Dialog/DetailDialogComponent.js:720;src_jsc/Views/Dialog/DetailDialogComponent.js:780;src_jsc/Views/Dialog/DetailDialogComponent.js:1313;src_jsc/Views/Dialog/DetailDialogComponent.js:1326;src_jsc/Views/Dialog/DetailDialogComponent.js:1535;src_jsc/Views/Dialog/DetailDialogComponent.js:1617;src_jsc/Views/Dialog/DetailDialogComponent.js:1992;src_jsc/Views/Dialog/DetailDialogComponent.js:2184;src_jsc/Views/Dialog/DetailDialogComponent.js:2256;src_jsc/Views/Dialog/DetailDialogComponent.js:2316;src_jsc/Views/Dialog/DetailDialogComponent.js:2379;src_jsc/Views/Dialog/DetailDialogComponent.js:2507;src_jsc/Views/Dialog/DetailDialogComponent.js:2548;src_jsc/Views/Dialog/DetailDialogEquip.js:54;src_jsc/Views/Dialog/DetailDialogEquip.js:73;src_jsc/Views/Dialog/DetailDialogEquip.js:92;src_jsc/Views/Dialog/DetailDialogEquip.js:153;src_jsc/Views/Dialog/DetailDialogEquip.js:172;src_jsc/Views/Dialog/DetailDialogEquip.js:172;src_jsc/Views/Dialog/DetailDialogEquip.js:184;src_jsc/Views/Dialog/DetailDialogEquip.js:196;src_jsc/Views/Dialog/DetailDialogGeneral.js:60;src_jsc/Views/Dialog/DetailDialogGeneral.js:79;src_jsc/Views/Dialog/DetailDialogGeneral.js:98;src_jsc/Views/Dialog/DetailDialogGeneral.js:119;src_jsc/Views/Dialog/DetailDialogGeneral.js:202;src_jsc/Views/Dialog/DetailDialogGeneral.js:214;src_jsc/Views/Dialog/DetailDialogGeneral.js:226;src_jsc/Views/Dialog/DetailDialogGeneral.js:662;src_jsc/Views/Dialog/DetailDialogSkill.js:52;src_jsc/Views/Dialog/DetailDialogSkill.js:71;src_jsc/Views/Dialog/DetailDialogSkill.js:90;src_jsc/Views/Dialog/DetailDialogSkill.js:251;src_jsc/Views/Dialog/DetailDialogSkill.js:263;src_jsc/Views/Dialog/DetailDialogSkill.js:275;src_jsc/Views/Dialog/DevelopInstruction.js:19;src_jsc/Views/Dialog/Dialog.js:96;src_jsc/Views/Dialog/Dialog.js:237;src_jsc/Views/Dialog/DuanWuDialog.js:263;src_jsc/Views/Dialog/DuanWuDialog.js:295;src_jsc/Views/Dialog/DuanWuDialog.js:426;src_jsc/Views/Dialog/DungeonDetail.js:44;src_jsc/Views/Dialog/DungeonDetailB.js:42;src_jsc/Views/Dialog/ErrorDialog.js:26;src_jsc/Views/Dialog/ErrorDialog.js:38;src_jsc/Views/Dialog/ErrorDialog.js:56;src_jsc/Views/Dialog/ErrorDialog.js:58;src_jsc/Views/Dialog/ExchangeCDKey.js:19;src_jsc/Views/Dialog/ExchangeCDKey.js:45;src_jsc/Views/Dialog/FGLoginDialog.js:21;src_jsc/Views/Dialog/FacebookLoginDialog.js:26;src_jsc/Views/Dialog/FightResult.js:143;src_jsc/Views/Dialog/FirstChargeDialog.js:16;src_jsc/Views/Dialog/FriendOperationDialog.js:24;src_jsc/Views/Dialog/GeneralPreviewDialog.js:23;src_jsc/Views/Dialog/GeneralPreviewDialog.js:44;src_jsc/Views/Dialog/GeneralPreviewDialog.js:48;src_jsc/Views/Dialog/GeneralPreviewDialog.js:212;src_jsc/Views/Dialog/GeneralPreviewDialog.js:218;src_jsc/Views/Dialog/GeneralTrainingResultDialog.js:148;src_jsc/Views/Dialog/GeneralTrainingResultDialog.js:152;src_jsc/Views/Dialog/GeneralTrainingResultDialog.js:256;src_jsc/Views/Dialog/GeneralTrainingResultDialog.js:306;src_jsc/Views/Dialog/GeneralTrainingResultDialog.js:322;src_jsc/Views/Dialog/GoldDrawDialog.js:22;src_jsc/Views/Dialog/IdCardBindingDialog.js:28;src_jsc/Views/Dialog/IdCardBindingDialog.js:42;src_jsc/Views/Dialog/IdCardBindingDialog.js:78;src_jsc/Views/Dialog/InstructionDialog.js:21;src_jsc/Views/Dialog/InstructionDialog.js:37;src_jsc/Views/Dialog/InstructionDialog.js:61;src_jsc/Views/Dialog/InstructionDialog.js:65;src_jsc/Views/Dialog/JiFenDuiHuanDialog.js:261;src_jsc/Views/Dialog/JiFenDuiHuanDialog.js:291;src_jsc/Views/Dialog/JiFenDuiHuanDialog.js:422;src_jsc/Views/Dialog/LabourlDialog.js:261;src_jsc/Views/Dialog/LabourlDialog.js:291;src_jsc/Views/Dialog/LabourlDialog.js:422;src_jsc/Views/Dialog/MemorialDialog.js:261;src_jsc/Views/Dialog/MemorialDialog.js:291;src_jsc/Views/Dialog/MemorialDialog.js:422;src_jsc/Views/Dialog/MessagePopView.js:42;src_jsc/Views/Dialog/MessagePopView.js:54;src_jsc/Views/Dialog/MessagePopView.js:152;src_jsc/Views/Dialog/MessagePopView.js:243;src_jsc/Views/Dialog/MulitiFightDialog.js:33;src_jsc/Views/Dialog/MultiItemBuyDialog.js:28;src_jsc/Views/Dialog/MultiItemExchangeDialog.js:43;src_jsc/Views/Dialog/MysteryStoreDialog.js:327;src_jsc/Views/Dialog/MysteryStoreDialog.js:347;src_jsc/Views/Dialog/MysteryStoreDialog.js:556;src_jsc/Views/Dialog/PlantTreeDlg.js:239;src_jsc/Views/Dialog/PlantTreeDlg.js:263;src_jsc/Views/Dialog/PlantTreeDlg.js:420;src_jsc/Views/Dialog/PublicCopyDialog.js:265;src_jsc/Views/Dialog/PublicCopyDialog.js:297;src_jsc/Views/Dialog/PublicCopyDialog.js:428;src_jsc/Views/Dialog/PublicNotice.js:20;src_jsc/Views/Dialog/PublicNotice.js:36;src_jsc/Views/Dialog/RefineEquipmentDialog.js:39;src_jsc/Views/Dialog/SelectOpenBoxNumDialog.js:46;src_jsc/Views/Dialog/SelectResolveNumDialog.js:46;src_jsc/Views/Dialog/SelectSgsChannelDialog.js:36;src_jsc/Views/Dialog/SendMessageDialog.js:45;src_jsc/Views/Dialog/SendMessageDialog.js:62;src_jsc/Views/Dialog/SendMessageDialog.js:74;src_jsc/Views/Dialog/SkillUpDialog.js:53;src_jsc/Views/Dialog/SkillUpDialog.js:257;src_jsc/Views/Dialog/SkillUpDialog.js:267;src_jsc/Views/Dialog/SkillUpDialog.js:270;src_jsc/Views/Dialog/SkillUpDialog.js:276;src_jsc/Views/Dialog/SkillUpDialog.js:683;src_jsc/Views/Dialog/SpecificDialog.js:729;src_jsc/Views/Dialog/SpiritStoneDialog.js:233;src_jsc/Views/Dialog/SpiritStoneDialog.js:263;src_jsc/Views/Dialog/SpiritStoneDialog.js:394;src_jsc/Views/Dialog/Story.js:78;src_jsc/Views/Dialog/Story.js:90;src_jsc/Views/Dialog/UnionActiveDialog.js:210;src_jsc/Views/Dialog/UnionActiveDialog.js:272;src_jsc/Views/Dialog/UnionActiveDialog.js:333;src_jsc/Views/Dialog/UnionActiveDialog.js:339;src_jsc/Views/Dialog/UnionChgNoticeSignDialog.js:41;src_jsc/Views/Dialog/UnionChgNoticeSignDialog.js:53;src_jsc/Views/Dialog/UnionDepotMemberDialog.js:226;src_jsc/Views/Dialog/UnionDepotMemberDialog.js:312;src_jsc/Views/Dialog/UnionDepotMemberDialog.js:377;src_jsc/Views/Dialog/UnionDepotMemberDialog.js:381;src_jsc/Views/Dialog/UnionDepotNumChooseDialog.js:56;src_jsc/Views/Dialog/UnionEncounterMapDialog.js:52;src_jsc/Views/Dialog/UnionEncounterMapDialog.js:60;src_jsc/Views/Dialog/UnionEncounterMapDialog.js:62;src_jsc/Views/Dialog/UnionEncounterMapDialog.js:697;src_jsc/Views/Dialog/UnionWarActivePromoteDialog.js:33;src_jsc/Views/Dialog/UnionWarBattleResultDialog.js:189;src_jsc/Views/Dialog/UnionWarBattleResultDialog.js:207;src_jsc/Views/Dialog/UnionWarBattleResultDialog.js:270;src_jsc/Views/Dialog/UnionWarBattleResultDialog.js:276;src_jsc/Views/Dialog/UnionWarFlowChartDialog.js:157;src_jsc/Views/Dialog/UsrUpgradeNew.js:306;src_jsc/Views/Dialog/UsrUpgradeNew.js:338;src_jsc/Views/Dialog/UsrUpgradeNew.js:370;src_jsc/Views/Dialog/UsrUpgradeNew.js:402;src_jsc/Views/Dialog/VerificationTelDialog.js:16;src_jsc/Views/Dialog/VerificationTelDialog.js:32;src_jsc/Views/Dialog/VerificationTelDialog.js:68;src_jsc/Views/FeedBack.js:16;src_jsc/Views/FeedBack.js:34;src_jsc/Views/Gems/AllGemsListDialog.js:35;src_jsc/Views/Gems/AllGemsListDialog.js:47;src_jsc/Views/Gems/AllGemsListDialog.js:66;src_jsc/Views/Gems/AllGemsListDialog.js:108;src_jsc/Views/Gems/GemsBagView.js:210;src_jsc/Views/Gems/GemsBagView.js:331;src_jsc/Views/Gems/GemsComposeView.js:112;src_jsc/Views/Gems/GemsComposeView.js:120;src_jsc/Views/Gems/GemsEquipmentAdd.js:46;src_jsc/Views/Gems/GemsSophisticationReplaceDialog.js:216;src_jsc/Views/Gems/GemsSophisticationReplaceDialog.js:228;src_jsc/Views/Gems/GemsSophisticationReplaceDialog.js:250;src_jsc/Views/Gems/GemsSophisticationReplaceDialog.js:321;src_jsc/Views/Gems/GemsSophisticationView.js:731;src_jsc/Views/GeneralPlayView.js:66;src_jsc/Views/Goddess/GoddessAchievementDialog.js:53;src_jsc/Views/Goddess/GoddessAchievementDialog.js:81;src_jsc/Views/Goddess/GoddessAchievementDialog.js:373;src_jsc/Views/Goddess/GoddessMainView.js:90;src_jsc/Views/Goddess/GoddessMainView.js:125;src_jsc/Views/Goddess/GoddessMainView.js:139;src_jsc/Views/HornView.js:31;src_jsc/Views/HulaoBattle/GarrisonLayoutDialog.js:86;src_jsc/Views/HulaoBattle/HulaoBattleSelectDifficulty.js:50;src_jsc/Views/HulaoBattle/LightenLuckDialog.js:56;src_jsc/Views/HulaoBattle/LightenLuckDialog.js:74;src_jsc/Views/HulaoBattle/LightenLuckDialog.js:124;src_jsc/Views/Icon/IconStyleA.js:15;src_jsc/Views/Icon/IconWrappedWithLabel.js:60;src_jsc/Views/InterService/InterServiceFightView.js:120;src_jsc/Views/InterService/InterServiceFightView.js:472;src_jsc/Views/InterService/InterServiceRegistrationView.js:219;src_jsc/Views/InterService/InterServiceRewardDialog.js:31;src_jsc/Views/InterService/InterServiceRewardPreviewDialog.js:50;src_jsc/Views/InterService/InterServiceRewardPreviewDialog.js:75;src_jsc/Views/InterService/InterServiceWorshipView.js:42;src_jsc/Views/InterService/PointsExchangeView.js:31;src_jsc/Views/InterService/PointsExchangeView.js:143;src_jsc/Views/InterService/PointsRankDialog.js:176;src_jsc/Views/InterService/PointsRankDialog.js:189;src_jsc/Views/InterService/PointsRankDialog.js:221;src_jsc/Views/InterService/PopularityRewardView.js:235;src_jsc/Views/InterService/PopularityRewardView.js:259;src_jsc/Views/ItemShowList.js:49;src_jsc/Views/ItemShowList.js:216;src_jsc/Views/ItemShowList.js:218;src_jsc/Views/ItemShowList.js:272;src_jsc/Views/Label/LabelExt.js:75;src_jsc/Views/Label/LabelExt.js:84;src_jsc/Views/Label/LabelExt.js:306;src_jsc/Views/Label/LabelExt.js:315;src_jsc/Views/MTipsListView.js:29;src_jsc/Views/MTipsListView.js:60;src_jsc/Views/MainMenuBtnView.js:44;src_jsc/Views/MainMenuView.js:27;src_jsc/Views/MainMenuView.js:153;src_jsc/Views/MainMenuView.js:171;src_jsc/Views/MainMenuView.js:241;src_jsc/Views/Meridians/AcupointListView.js:30;src_jsc/Views/Meridians/AcupointListView.js:126;src_jsc/Views/Meridians/AcupointListView.js:130;src_jsc/Views/Meridians/DetailsListView.js:30;src_jsc/Views/Meridians/DetailsListView.js:90;src_jsc/Views/Meridians/DetailsListView.js:158;src_jsc/Views/Meridians/DetailsListView.js:162;src_jsc/Views/Meridians/MeridiansDetailDialog.js:31;src_jsc/Views/Meridians/MeridiansDetailDialog.js:48;src_jsc/Views/Meridians/MeridiansMainView.js:109;src_jsc/Views/MiniTablePage.js:21;src_jsc/Views/MiniTablePage.js:25;src_jsc/Views/MiracleWeapons/MiracleWeaponInforDialog.js:62;src_jsc/Views/MiracleWeapons/MiracleWeaponInforDialog.js:115;src_jsc/Views/MiracleWeapons/MiracleWeaponInforDialog.js:207;src_jsc/Views/MiracleWeapons/MiracleWeaponLayer.js:176;src_jsc/Views/MiracleWeapons/SelectMiracleWeaponLayer.js:91;src_jsc/Views/MiracleWeapons/SelectMiracleWeaponLayer.js:116;src_jsc/Views/MiracleWeapons/SelectMiracleWeaponLayer.js:139;src_jsc/Views/MiracleWeapons/ThreeMiracleWeaponsShowLayer.js:41;src_jsc/Views/MiracleWeapons/ThreeMiracleWeaponsShowLayer.js:103;src_jsc/Views/MultiLineUpView.js:47;src_jsc/Views/PlayerInfoBannerView.js:226;src_jsc/Views/ProgressTimer/BlueProgressTimer.js:23;src_jsc/Views/ProgressTimer/NormalProgressTimer.js:23;src_jsc/Views/QueueTeamView.js:89;src_jsc/Views/QueueTeamView.js:109;src_jsc/Views/QueueTeamView.js:154;src_jsc/Views/QueueTeamView.js:232;src_jsc/Views/QueueTeamView.js:584;src_jsc/Views/QuickFight.js:45;src_jsc/Views/QuickFight.js:55;src_jsc/Views/QuickFight.js:62;src_jsc/Views/QuickFight.js:70;src_jsc/Views/QuickFight.js:82;src_jsc/Views/ReincarnationView.js:39;src_jsc/Views/ReplaceCardList.js:51;src_jsc/Views/ReplaceCardList.js:63;src_jsc/Views/ReplaceCardList.js:313;src_jsc/Views/ReplaceCardPanel.js:44;src_jsc/Views/SceneTitleView.js:28;src_jsc/Views/ScrollView.js:48;src_jsc/Views/ScrollView.js:66;src_jsc/Views/ServerSelectView.js:25;src_jsc/Views/ServerSelectView.js:33;src_jsc/Views/ServerSelectView.js:43;src_jsc/Views/ServerSelectView.js:133;src_jsc/Views/ServerSelectView.js:249;src_jsc/Views/ServerSelectView.js:251;src_jsc/Views/ShowTeamView.js:73;src_jsc/Views/ShowTeamView.js:135;src_jsc/Views/ShowTeamView.js:545;src_jsc/Views/ShowTeamView.js:614;src_jsc/Views/SkillCompoundView.js:37;src_jsc/Views/SkillPieceIconShow.js:19;src_jsc/Views/SkillPieceIconShow.js:62;src_jsc/Views/SkillPieceIconShow.js:64;src_jsc/Views/SkillRefining/RefiningSkillDialog.js:18;src_jsc/Views/SkillRefining/RefiningSkillDialog.js:30;src_jsc/Views/SkillRefining/RefiningSkillShowTableView.js:45;src_jsc/Views/SkillRefining/SkillRefiningLayer.js:103;src_jsc/Views/SkillRefining/SkillRefiningLayer.js:119;src_jsc/Views/SortController.js:26;src_jsc/Views/SplitLabelTTF.js:58;src_jsc/Views/SplitLabelTTF.js:107;src_jsc/Views/StoreItemView.js:155;src_jsc/Views/Table/AgaHeadTableView.js:83;src_jsc/Views/Table/AgaHeadTableView.js:87;src_jsc/Views/Table/AvoidWarTableView.js:17;src_jsc/Views/Table/AvoidWarTableView.js:117;src_jsc/Views/Table/AvoidWarTableView.js:121;src_jsc/Views/Table/BaseTableView.js:135;src_jsc/Views/Table/Cell/ChaosTableViewCell.js:24;src_jsc/Views/Table/Cell/ChargeItemCell.js:20;src_jsc/Views/Table/Cell/ChatContentCell.js:34;src_jsc/Views/Table/Cell/ClimbLadderTableViewCell.js:69;src_jsc/Views/Table/Cell/ClimbLadderTableViewCell.js:274;src_jsc/Views/Table/Cell/EquipmentFragmentJoinTableViewCell.js:29;src_jsc/Views/Table/Cell/EquipmentFragmentTableViewCell.js:41;src_jsc/Views/Table/Cell/EquipmentTableViewCell.js:33;src_jsc/Views/Table/Cell/EquipmentTableViewStrengthenCell.js:33;src_jsc/Views/Table/Cell/LadderChartTableViewCell.js:24;src_jsc/Views/Table/Cell/RankTableViewCell.js:62;src_jsc/Views/Table/Cell/SkillMeltTableCell.js:33;src_jsc/Views/Table/Cell/SkillTableViewCell.js:24;src_jsc/Views/Table/Cell/TeamQueueTeamCell.js:32;src_jsc/Views/Table/ChaosTableView.js:32;src_jsc/Views/Table/ChaosTableView.js:36;src_jsc/Views/Table/ChargeItemTableView.js:88;src_jsc/Views/Table/ChargeItemTableView.js:92;src_jsc/Views/Table/ClimbLadderTableView.js:71;src_jsc/Views/Table/ClimbLadderTableView.js:75;src_jsc/Views/Table/CombatTableView.js:70;src_jsc/Views/Table/EquipRefineTableView.js:67;src_jsc/Views/Table/InterServiceRewardPreviewTableView.js:131;src_jsc/Views/Table/InterServiceRewardPreviewTableView.js:135;src_jsc/Views/Table/InterServiceRewardTableView.js:205;src_jsc/Views/Table/InterServiceRewardTableView.js:209;src_jsc/Views/Table/LadderChartTableView.js:32;src_jsc/Views/Table/LadderChartTableView.js:36;src_jsc/Views/Table/MenuTableView.js:199;src_jsc/Views/Table/MenuTableView.js:203;src_jsc/Views/Table/MulitiFightResultTableView.js:36;src_jsc/Views/Table/MulitiFightResultTableView.js:40;src_jsc/Views/Table/MultiColumnTableView.js:25;src_jsc/Views/Table/RankTableView.js:51;src_jsc/Views/Table/RankTableView.js:55;src_jsc/Views/Table/SkillListTableView.js:52;src_jsc/Views/Table/SkillPieceTableView.js:37;src_jsc/Views/Table/TaskTableView.js:89;src_jsc/Views/Table/TaskTableView.js:93;src_jsc/Views/Table/UnionLogTableView.js:35;src_jsc/Views/Table/UnionLogTableView.js:187;src_jsc/Views/Table/UnionLogTableView.js:191;src_jsc/Views/Table/UnionSearchTableView.js:26;src_jsc/Views/Table/UnionSearchTableView.js:30;src_jsc/Views/Table/UnionSearchTableView.js:38;src_jsc/Views/Table/UnionWarFlowChartTableView.js:48;src_jsc/Views/Table/UnionWarFlowChartTableView.js:236;src_jsc/Views/Table/UnionWarFlowChartTableView.js:241;src_jsc/Views/TablePageView.js:195;src_jsc/Views/TablePageView.js:516;src_jsc/Views/TeamCntPopView.js:57;src_jsc/Views/TeamGeneralFightAndStrikeView.js:28;src_jsc/Views/TeamIconButton.js:43;src_jsc/Views/Union/UnionCombatMainLayer.js:104;src_jsc/Views/Union/UnionCreate.js:54;src_jsc/Views/Union/UnionCreate.js:83;src_jsc/Views/Union/UnionDepotLayer.js:201;src_jsc/Views/Union/UnionDepotLayer.js:219;src_jsc/Views/Union/UnionDepotLayer.js:301;src_jsc/Views/Union/UnionDialog.js:182;src_jsc/Views/Union/UnionDialog.js:192;src_jsc/Views/Union/UnionDonationLayer.js:101;src_jsc/Views/Union/UnionInfoLayer.js:81;src_jsc/Views/Union/UnionInfoLayer.js:99;src_jsc/Views/Union/UnionMemberLayer.js:333;src_jsc/Views/Union/UnionMemberLayer.js:343;src_jsc/Views/Union/UnionMemberLayer.js:531;src_jsc/Views/Union/UnionMemberManageDialog.js:103;src_jsc/Views/Union/UnionMembershipLayer.js:209;src_jsc/Views/Union/UnionMembershipLayer.js:221;src_jsc/Views/Union/UnionMembershipLayer.js:315;src_jsc/Views/Union/UnionRankingLayer.js:262;src_jsc/Views/Union/UnionRankingLayer.js:272;src_jsc/Views/Union/UnionRankingLayer.js:350;src_jsc/Views/Union/UnionSearch.js:103;src_jsc/Views/Union/UnionSearch.js:120;src_jsc/Views/Union/UnionShopLayer.js:240;src_jsc/Views/Union/UnionShopLayer.js:250;src_jsc/Views/Union/UnionShopLayer.js:312;src_jsc/Views/UnionWarBattleView.js:72;src_jsc/Views/UnionWarBattleView.js:74;src_jsc/Views/UnionWarFightView.js:122;src_jsc/Views/UnionWarFightView.js:124;src_jsc/Views/UnionWarPlayerHeadFightView.js:38;src_jsc/Views/UnionWarPlayerHeadView.js:41;src_jsc/Views/UpgradeCard/BaseUpgradeCard.js:25;src_jsc/Views/UpgradeCard/BaseUpgradeCard.js:71;src_jsc/Views/UpgradeCard/CardAwakeInfoView.js:39;src_jsc/Views/VipCell.js:46;src_jsc/Views/WorshipCardAdd.js:30;src_jsc/Views/WorshipDescView.js:26;src_jsc/Views/WorshipInfoView.js:76;src_jsc/Views/WorshipInfoView.js:80;src_jsc/Views/WorshipInfoView.js:96;src_jsc/Views/WorshipWinePopNode.js:257;src_jsc/Views/WorshipWinePopNode.js:259;src_jsc/Views/WorshipWinePopNode.js:456;src_jsc/main.js:25"
member,"cc.sizeEqualToSize",1,"src_jsc/Core/Cocos2d-x/jsb_cocos2d.js:416"
member,"cc.white",1,"src_jsc/Core/Cocos2d-x/jsb_cocos2d.js:254"
member,"cc.yellow",1,"src_jsc/Core/Cocos2d-x/jsb_cocos2d.js:259"
member,"ccs.Armature",1,"src_jsc/Core/Cocos2d-x/jsb_cocos2d_studio.js:189"
member,"ccs.Armature.extend",2,"src_jsc/Core/Cocos2d-x/jsb_cocos2d_studio.js:221;src_jsc/Libs/Views/Armature/BaseArmature.js:5"
member,"ccs.Armature.prototype.setBody",1,"src_jsc/Core/Cocos2d-x/jsb_cocos2d_studio.js:191"
member,"ccs.ArmatureAnimation.prototype.playWithArray.apply",1,"src_jsc/Core/Cocos2d-x/jsb_cocos2d_studio.js:208"
member,"ccs.ArmatureAnimation.prototype.playWithIndexArray.apply",1,"src_jsc/Core/Cocos2d-x/jsb_cocos2d_studio.js:216"
member,"ccs.ArmatureAnimation.prototype.playWithIndexes",1,"src_jsc/Core/Cocos2d-x/jsb_cocos2d_studio.js:211"
member,"ccs.ArmatureAnimation.prototype.playWithNames",1,"src_jsc/Core/Cocos2d-x/jsb_cocos2d_studio.js:203"
member,"ccs.ArmatureDataManager",1,"src_jsc/Libs/Views/Armature/alias.js:5"
member,"ccs.ArmatureMovementDispatcher",1,"src_jsc/Core/Cocos2d-x/jsb_cocos2d_studio.js:747"
member,"ccs.BaseTriggerAction",1,"src_jsc/Core/Cocos2d-x/jsb_cocos2d_studio.js:326"
member,"ccs.BaseTriggerCondition",1,"src_jsc/Core/Cocos2d-x/jsb_cocos2d_studio.js:311"
member,"ccs.BrightStyle",1,"src_jsc/Core/Cocos2d-x/jsb_cocos2d_studio.js:13"
member,"ccs.Button",2,"src_jsc/Core/Cocos2d-x/jsb_cocos2d_studio.js:96;src_jsc/Core/Cocos2d-x/jsb_cocos2d_studio.js:124"
member,"ccs.CheckBox",1,"src_jsc/Core/Cocos2d-x/jsb_cocos2d_studio.js:126"
member,"ccs.CheckBoxEventType",1,"src_jsc/Core/Cocos2d-x/jsb_cocos2d_studio.js:25"
member,"ccs.Class",2,"src_jsc/Core/Cocos2d-x/jsb_cocos2d_studio.js:9;src_jsc/Core/Cocos2d-x/jsb_cocos2d_studio.js:9"
member,"ccs.Class.extend",6,"src_jsc/Core/Cocos2d-x/jsb_cocos2d_studio.js:246;src_jsc/Core/Cocos2d-x/jsb_cocos2d_studio.js:286;src_jsc/Core/Cocos2d-x/jsb_cocos2d_studio.js:311;src_jsc/Core/Cocos2d-x/jsb_cocos2d_studio.js:326;src_jsc/Core/Cocos2d-x/jsb_cocos2d_studio.js:339;src_jsc/Core/Cocos2d-x/jsb_cocos2d_studio.js:540"
member,"ccs.ComController.extend",1,"src_jsc/Core/Cocos2d-x/jsb_cocos2d_studio.js:219"
member,"ccs.ImageView",1,"src_jsc/Core/Cocos2d-x/jsb_cocos2d_studio.js:128"
member,"ccs.Label",2,"src_jsc/Core/Cocos2d-x/jsb_cocos2d_studio.js:92;src_jsc/Core/Cocos2d-x/jsb_cocos2d_studio.js:130"
member,"ccs.LabelAtlas",1,"src_jsc/Core/Cocos2d-x/jsb_cocos2d_studio.js:132"
member,"ccs.LabelBMFont",1,"src_jsc/Core/Cocos2d-x/jsb_cocos2d_studio.js:134"
member,"ccs.Layout",2,"src_jsc/Core/Cocos2d-x/jsb_cocos2d_studio.js:90;src_jsc/Core/Cocos2d-x/jsb_cocos2d_studio.js:94"
member,"ccs.LayoutBackGroundColorType",2,"src_jsc/Core/Cocos2d-x/jsb_cocos2d_studio.js:29;src_jsc/Core/Cocos2d-x/jsb_cocos2d_studio.js:100"
member,"ccs.LayoutClippingType",1,"src_jsc/Core/Cocos2d-x/jsb_cocos2d_studio.js:33"
member,"ccs.LayoutParameter",1,"src_jsc/Core/Cocos2d-x/jsb_cocos2d_studio.js:104"
member,"ccs.LayoutParameterType",1,"src_jsc/Core/Cocos2d-x/jsb_cocos2d_studio.js:35"
member,"ccs.LayoutType",1,"src_jsc/Core/Cocos2d-x/jsb_cocos2d_studio.js:31"
member,"ccs.LinearGravity",2,"src_jsc/Core/Cocos2d-x/jsb_cocos2d_studio.js:37;src_jsc/Core/Cocos2d-x/jsb_cocos2d_studio.js:110"
member,"ccs.LinearLayoutParameter",1,"src_jsc/Core/Cocos2d-x/jsb_cocos2d_studio.js:106"
member,"ccs.ListView",1,"src_jsc/Core/Cocos2d-x/jsb_cocos2d_studio.js:118"
member,"ccs.ListViewEventType",1,"src_jsc/Core/Cocos2d-x/jsb_cocos2d_studio.js:82"
member,"ccs.ListViewGravity",1,"src_jsc/Core/Cocos2d-x/jsb_cocos2d_studio.js:84"
member,"ccs.LoadingBar",1,"src_jsc/Core/Cocos2d-x/jsb_cocos2d_studio.js:136"
member,"ccs.LoadingBarType",1,"src_jsc/Core/Cocos2d-x/jsb_cocos2d_studio.js:66"
member,"ccs.Margin",2,"src_jsc/Core/Cocos2d-x/jsb_cocos2d_studio.js:114;src_jsc/Core/Cocos2d-x/jsb_cocos2d_studio.js:142"
member,"ccs.MarginZero",1,"src_jsc/Core/Cocos2d-x/jsb_cocos2d_studio.js:116"
member,"ccs.MovementEventType",1,"src_jsc/Core/Cocos2d-x/jsb_cocos2d_studio.js:11"
member,"ccs.ObjectFactory",2,"src_jsc/Core/Cocos2d-x/jsb_cocos2d_studio.js:246;src_jsc/Core/Cocos2d-x/jsb_cocos2d_studio.js:280"
member,"ccs.ObjectFactory._sharedFactory",1,"src_jsc/Core/Cocos2d-x/jsb_cocos2d_studio.js:275"
member,"ccs.ObjectFactory.getInstance",4,"src_jsc/Core/Cocos2d-x/jsb_cocos2d_studio.js:277;src_jsc/Core/Cocos2d-x/jsb_cocos2d_studio.js:302;src_jsc/Core/Cocos2d-x/jsb_cocos2d_studio.js:454;src_jsc/Core/Cocos2d-x/jsb_cocos2d_studio.js:481"
member,"ccs.PVTouchDir",1,"src_jsc/Core/Cocos2d-x/jsb_cocos2d_studio.js:88"
member,"ccs.PageView",1,"src_jsc/Core/Cocos2d-x/jsb_cocos2d_studio.js:120"
member,"ccs.PageViewEventType",1,"src_jsc/Core/Cocos2d-x/jsb_cocos2d_studio.js:86"
member,"ccs.PanelColorType",1,"src_jsc/Core/Cocos2d-x/jsb_cocos2d_studio.js:100"
member,"ccs.PositionType",1,"src_jsc/Core/Cocos2d-x/jsb_cocos2d_studio.js:23"
member,"ccs.RelativeAlign",2,"src_jsc/Core/Cocos2d-x/jsb_cocos2d_studio.js:39;src_jsc/Core/Cocos2d-x/jsb_cocos2d_studio.js:112"
member,"ccs.RelativeLayoutParameter",1,"src_jsc/Core/Cocos2d-x/jsb_cocos2d_studio.js:108"
member,"ccs.ScrollView",1,"src_jsc/Core/Cocos2d-x/jsb_cocos2d_studio.js:122"
member,"ccs.ScrollViewDir",1,"src_jsc/Core/Cocos2d-x/jsb_cocos2d_studio.js:68"
member,"ccs.ScrollviewEventType",1,"src_jsc/Core/Cocos2d-x/jsb_cocos2d_studio.js:70"
member,"ccs.SizeType",1,"src_jsc/Core/Cocos2d-x/jsb_cocos2d_studio.js:21"
member,"ccs.Slider",1,"src_jsc/Core/Cocos2d-x/jsb_cocos2d_studio.js:138"
member,"ccs.SliderEventType",1,"src_jsc/Core/Cocos2d-x/jsb_cocos2d_studio.js:64"
member,"ccs.TInfo",2,"src_jsc/Core/Cocos2d-x/jsb_cocos2d_studio.js:286;src_jsc/Core/Cocos2d-x/jsb_cocos2d_studio.js:308"
member,"ccs.TextField",1,"src_jsc/Core/Cocos2d-x/jsb_cocos2d_studio.js:140"
member,"ccs.TextFiledEventType",1,"src_jsc/Core/Cocos2d-x/jsb_cocos2d_studio.js:27"
member,"ccs.TextureResType",1,"src_jsc/Core/Cocos2d-x/jsb_cocos2d_studio.js:17"
member,"ccs.TouchEventType",1,"src_jsc/Core/Cocos2d-x/jsb_cocos2d_studio.js:19"
member,"ccs.TriggerMng",2,"src_jsc/Core/Cocos2d-x/jsb_cocos2d_studio.js:540;src_jsc/Core/Cocos2d-x/jsb_cocos2d_studio.js:811"
member,"ccs.TriggerMng._instance",1,"src_jsc/Core/Cocos2d-x/jsb_cocos2d_studio.js:806"
member,"ccs.TriggerMng.getInstance",3,"src_jsc/Core/Cocos2d-x/jsb_cocos2d.js:909;src_jsc/Core/Cocos2d-x/jsb_cocos2d_studio.js:227;src_jsc/Core/Cocos2d-x/jsb_cocos2d_studio.js:808"
member,"ccs.TriggerMng.triggerMngVersion",1,"src_jsc/Core/Cocos2d-x/jsb_cocos2d_studio.js:801"
member,"ccs.TriggerObj",2,"src_jsc/Core/Cocos2d-x/jsb_cocos2d_studio.js:339;src_jsc/Core/Cocos2d-x/jsb_cocos2d_studio.js:531"
member,"ccs.TriggerObj.create",2,"src_jsc/Core/Cocos2d-x/jsb_cocos2d_studio.js:528;src_jsc/Core/Cocos2d-x/jsb_cocos2d_studio.js:568"
member,"ccs.UIButton",1,"src_jsc/Core/Cocos2d-x/jsb_cocos2d_studio.js:124"
member,"ccs.UICheckBox",1,"src_jsc/Core/Cocos2d-x/jsb_cocos2d_studio.js:126"
member,"ccs.UIContainerWidget",1,"src_jsc/Core/Cocos2d-x/jsb_cocos2d_studio.js:94"
member,"ccs.UIImageView",1,"src_jsc/Core/Cocos2d-x/jsb_cocos2d_studio.js:128"
member,"ccs.UILabel",1,"src_jsc/Core/Cocos2d-x/jsb_cocos2d_studio.js:130"
member,"ccs.UILabelAtlas",1,"src_jsc/Core/Cocos2d-x/jsb_cocos2d_studio.js:132"
member,"ccs.UILabelBMFont",1,"src_jsc/Core/Cocos2d-x/jsb_cocos2d_studio.js:134"
member,"ccs.UILayoutParameter",1,"src_jsc/Core/Cocos2d-x/jsb_cocos2d_studio.js:104"
member,"ccs.UILinearGravity",1,"src_jsc/Core/Cocos2d-x/jsb_cocos2d_studio.js:110"
member,"ccs.UILinearLayoutParameter",1,"src_jsc/Core/Cocos2d-x/jsb_cocos2d_studio.js:106"
member,"ccs.UIListView",1,"src_jsc/Core/Cocos2d-x/jsb_cocos2d_studio.js:118"
member,"ccs.UILoadingBar",1,"src_jsc/Core/Cocos2d-x/jsb_cocos2d_studio.js:136"
member,"ccs.UIMargin",1,"src_jsc/Core/Cocos2d-x/jsb_cocos2d_studio.js:114"
member,"ccs.UIMarginZero",1,"src_jsc/Core/Cocos2d-x/jsb_cocos2d_studio.js:116"
member,"ccs.UINodeContainer",1,"src_jsc/Core/Cocos2d-x/jsb_cocos2d_studio.js:98"
member,"ccs.UIPageView",1,"src_jsc/Core/Cocos2d-x/jsb_cocos2d_studio.js:120"
member,"ccs.UIPanel",1,"src_jsc/Core/Cocos2d-x/jsb_cocos2d_studio.js:90"
member,"ccs.UIRelativeAlign",1,"src_jsc/Core/Cocos2d-x/jsb_cocos2d_studio.js:112"
member,"ccs.UIRelativeLayoutParameter",1,"src_jsc/Core/Cocos2d-x/jsb_cocos2d_studio.js:108"
member,"ccs.UIScrollView",1,"src_jsc/Core/Cocos2d-x/jsb_cocos2d_studio.js:122"
member,"ccs.UISlider",1,"src_jsc/Core/Cocos2d-x/jsb_cocos2d_studio.js:138"
member,"ccs.UITextArea",1,"src_jsc/Core/Cocos2d-x/jsb_cocos2d_studio.js:92"
member,"ccs.UITextButton",1,"src_jsc/Core/Cocos2d-x/jsb_cocos2d_studio.js:96"
member,"ccs.UITextField",1,"src_jsc/Core/Cocos2d-x/jsb_cocos2d_studio.js:140"
member,"ccs.UIWidget",1,"src_jsc/Core/Cocos2d-x/jsb_cocos2d_studio.js:102"
member,"ccs.Widget",2,"src_jsc/Core/Cocos2d-x/jsb_cocos2d_studio.js:98;src_jsc/Core/Cocos2d-x/jsb_cocos2d_studio.js:102"
member,"ccs.WidgetType",1,"src_jsc/Core/Cocos2d-x/jsb_cocos2d_studio.js:15"
member,"ccs.registerTriggerClass",1,"src_jsc/Core/Cocos2d-x/jsb_cocos2d_studio.js:306"
member,"ccs.sendEvent",1,"src_jsc/Core/Cocos2d-x/jsb_cocos2d_studio.js:224"
member,"cp.ALLOW_PRIVATE_ACCESS",1,"src_jsc/Core/Cocos2d-x/jsb_chipmunk_constants.js:9"
member,"cp.ALL_LAYERS",1,"src_jsc/Core/Cocos2d-x/jsb_chipmunk_constants.js:11"
member,"cp.BB",3,"src_jsc/Core/Cocos2d-x/jsb_chipmunk.js:84;src_jsc/Core/Cocos2d-x/jsb_chipmunk.js:92;src_jsc/Core/Cocos2d-x/jsb_chipmunk.js:99"
member,"cp.BUFFER_BYTES",1,"src_jsc/Core/Cocos2d-x/jsb_chipmunk_constants.js:13"
member,"cp.Base.prototype",1,"src_jsc/Core/Cocos2d-x/jsb_chipmunk.js:102"
member,"cp.Body",1,"src_jsc/Core/Cocos2d-x/jsb_chipmunk.js:89"
member,"cp.Body.prototype",1,"src_jsc/Core/Cocos2d-x/jsb_chipmunk.js:232"
member,"cp.BoxShape",1,"src_jsc/Core/Cocos2d-x/jsb_chipmunk.js:77"
member,"cp.BoxShape2",2,"src_jsc/Core/Cocos2d-x/jsb_chipmunk.js:69;src_jsc/Core/Cocos2d-x/jsb_chipmunk.js:84"
member,"cp.CIRCLE_SHAPE",1,"src_jsc/Core/Cocos2d-x/jsb_chipmunk_constants.js:15"
member,"cp.Constraint.prototype",1,"src_jsc/Core/Cocos2d-x/jsb_chipmunk.js:330"
member,"cp.HASH_COEF",1,"src_jsc/Core/Cocos2d-x/jsb_chipmunk_constants.js:17"
member,"cp.MAX_CONTACTS_PER_ARBITER",1,"src_jsc/Core/Cocos2d-x/jsb_chipmunk_constants.js:19"
member,"cp.NO_GROUP",1,"src_jsc/Core/Cocos2d-x/jsb_chipmunk_constants.js:21"
member,"cp.NUM_SHAPES",1,"src_jsc/Core/Cocos2d-x/jsb_chipmunk_constants.js:23"
member,"cp.POLY_SHAPE",1,"src_jsc/Core/Cocos2d-x/jsb_chipmunk_constants.js:25"
member,"cp.PinJoint.prototype",1,"src_jsc/Core/Cocos2d-x/jsb_chipmunk.js:345"
member,"cp.PolyShape",1,"src_jsc/Core/Cocos2d-x/jsb_chipmunk.js:74"
member,"cp.SEGMENT_SHAPE",1,"src_jsc/Core/Cocos2d-x/jsb_chipmunk_constants.js:27"
member,"cp.Shape.prototype",1,"src_jsc/Core/Cocos2d-x/jsb_chipmunk.js:295"
member,"cp.Space.prototype",1,"src_jsc/Core/Cocos2d-x/jsb_chipmunk.js:113"
member,"cp.StaticBody",1,"src_jsc/Core/Cocos2d-x/jsb_chipmunk.js:87"
member,"cp.USE_CGPOINTS",1,"src_jsc/Core/Cocos2d-x/jsb_chipmunk_constants.js:29"
member,"cp.USE_DOUBLES",1,"src_jsc/Core/Cocos2d-x/jsb_chipmunk_constants.js:31"
member,"cp.VERSION_MAJOR",1,"src_jsc/Core/Cocos2d-x/jsb_chipmunk_constants.js:33"
member,"cp.VERSION_MINOR",1,"src_jsc/Core/Cocos2d-x/jsb_chipmunk_constants.js:35"
member,"cp.VERSION_RELEASE",1,"src_jsc/Core/Cocos2d-x/jsb_chipmunk_constants.js:37"
member,"cp._v",1,"src_jsc/Core/Cocos2d-x/jsb_chipmunk.js:11"
member,"cp.bb",1,"src_jsc/Core/Cocos2d-x/jsb_chipmunk.js:97"
member,"cp.clamp01",1,"src_jsc/Core/Cocos2d-x/jsb_chipmunk.js:67"
member,"cp.fclamp01",1,"src_jsc/Core/Cocos2d-x/jsb_chipmunk.js:67"
member,"cp.v",2,"src_jsc/Core/Cocos2d-x/jsb_chipmunk.js:9;src_jsc/Core/Cocos2d-x/jsb_chipmunk.js:13"
member,"cp.v.add",1,"src_jsc/Core/Cocos2d-x/jsb_chipmunk.js:15"
member,"cp.v.clamp",1,"src_jsc/Core/Cocos2d-x/jsb_chipmunk.js:17"
member,"cp.v.cross",1,"src_jsc/Core/Cocos2d-x/jsb_chipmunk.js:19"
member,"cp.v.dist",1,"src_jsc/Core/Cocos2d-x/jsb_chipmunk.js:21"
member,"cp.v.distsq",1,"src_jsc/Core/Cocos2d-x/jsb_chipmunk.js:23"
member,"cp.v.dot",1,"src_jsc/Core/Cocos2d-x/jsb_chipmunk.js:25"
member,"cp.v.eql",1,"src_jsc/Core/Cocos2d-x/jsb_chipmunk.js:27"
member,"cp.v.forangle",1,"src_jsc/Core/Cocos2d-x/jsb_chipmunk.js:29"
member,"cp.v.len",1,"src_jsc/Core/Cocos2d-x/jsb_chipmunk.js:31"
member,"cp.v.lengthsq",1,"src_jsc/Core/Cocos2d-x/jsb_chipmunk.js:33"
member,"cp.v.lerp",1,"src_jsc/Core/Cocos2d-x/jsb_chipmunk.js:35"
member,"cp.v.lerpconst",1,"src_jsc/Core/Cocos2d-x/jsb_chipmunk.js:37"
member,"cp.v.mult",1,"src_jsc/Core/Cocos2d-x/jsb_chipmunk.js:39"
member,"cp.v.near",1,"src_jsc/Core/Cocos2d-x/jsb_chipmunk.js:41"
member,"cp.v.neg",1,"src_jsc/Core/Cocos2d-x/jsb_chipmunk.js:43"
member,"cp.v.normalize",1,"src_jsc/Core/Cocos2d-x/jsb_chipmunk.js:45"
member,"cp.v.normalize_safe",1,"src_jsc/Core/Cocos2d-x/jsb_chipmunk.js:47"
member,"cp.v.perp",1,"src_jsc/Core/Cocos2d-x/jsb_chipmunk.js:49"
member,"cp.v.project",1,"src_jsc/Core/Cocos2d-x/jsb_chipmunk.js:51"
member,"cp.v.rotate",1,"src_jsc/Core/Cocos2d-x/jsb_chipmunk.js:53"
member,"cp.v.rperp",1,"src_jsc/Core/Cocos2d-x/jsb_chipmunk.js:55"
member,"cp.v.slerp",1,"src_jsc/Core/Cocos2d-x/jsb_chipmunk.js:57"
member,"cp.v.slerpconst",1,"src_jsc/Core/Cocos2d-x/jsb_chipmunk.js:59"
member,"cp.v.sub",1,"src_jsc/Core/Cocos2d-x/jsb_chipmunk.js:61"
member,"cp.v.toangle",1,"src_jsc/Core/Cocos2d-x/jsb_chipmunk.js:63"
member,"cp.v.unrotate",1,"src_jsc/Core/Cocos2d-x/jsb_chipmunk.js:65"
member,"cp.vadd",1,"src_jsc/Core/Cocos2d-x/jsb_chipmunk.js:15"
member,"cp.vclamp",1,"src_jsc/Core/Cocos2d-x/jsb_chipmunk.js:17"
member,"cp.vcross",1,"src_jsc/Core/Cocos2d-x/jsb_chipmunk.js:19"
member,"cp.vdist",1,"src_jsc/Core/Cocos2d-x/jsb_chipmunk.js:21"
member,"cp.vdistsq",1,"src_jsc/Core/Cocos2d-x/jsb_chipmunk.js:23"
member,"cp.vdot",1,"src_jsc/Core/Cocos2d-x/jsb_chipmunk.js:25"
member,"cp.veql",1,"src_jsc/Core/Cocos2d-x/jsb_chipmunk.js:27"
member,"cp.vforangle",1,"src_jsc/Core/Cocos2d-x/jsb_chipmunk.js:29"
member,"cp.vlength",1,"src_jsc/Core/Cocos2d-x/jsb_chipmunk.js:31"
member,"cp.vlengthsq",1,"src_jsc/Core/Cocos2d-x/jsb_chipmunk.js:33"
member,"cp.vlerp",1,"src_jsc/Core/Cocos2d-x/jsb_chipmunk.js:35"
member,"cp.vlerpconst",1,"src_jsc/Core/Cocos2d-x/jsb_chipmunk.js:37"
member,"cp.vmult",1,"src_jsc/Core/Cocos2d-x/jsb_chipmunk.js:39"
member,"cp.vnear",1,"src_jsc/Core/Cocos2d-x/jsb_chipmunk.js:41"
member,"cp.vneg",1,"src_jsc/Core/Cocos2d-x/jsb_chipmunk.js:43"
member,"cp.vnormalize",1,"src_jsc/Core/Cocos2d-x/jsb_chipmunk.js:45"
member,"cp.vnormalize_safe",1,"src_jsc/Core/Cocos2d-x/jsb_chipmunk.js:47"
member,"cp.vperp",1,"src_jsc/Core/Cocos2d-x/jsb_chipmunk.js:49"
member,"cp.vproject",1,"src_jsc/Core/Cocos2d-x/jsb_chipmunk.js:51"
member,"cp.vrotate",1,"src_jsc/Core/Cocos2d-x/jsb_chipmunk.js:53"
member,"cp.vrperp",1,"src_jsc/Core/Cocos2d-x/jsb_chipmunk.js:55"
member,"cp.vslerp",1,"src_jsc/Core/Cocos2d-x/jsb_chipmunk.js:57"
member,"cp.vslerpconst",1,"src_jsc/Core/Cocos2d-x/jsb_chipmunk.js:59"
member,"cp.vsub",1,"src_jsc/Core/Cocos2d-x/jsb_chipmunk.js:61"
member,"cp.vtoangle",1,"src_jsc/Core/Cocos2d-x/jsb_chipmunk.js:63"
member,"cp.vunrotate",1,"src_jsc/Core/Cocos2d-x/jsb_chipmunk.js:65"
member,"cp.vzero",2,"src_jsc/Core/Cocos2d-x/jsb_chipmunk.js:13;src_jsc/Core/Cocos2d-x/jsb_chipmunk.js:74"
member,"jsb.js",3,"src_jsc/Core/Cocos2d-x/jsb.js:3;src_jsc/Core/Cocos2d-x/main.debug.js:9;src_jsc/Core/headers.js:8"
invoke,"AdmobHelp.hideBanner",1,"src_jsc/Profile/Account.js:57"
invoke,"AdmobHelp.showBanner",1,"src_jsc/Profile/Account.js:50"
invoke,"Alipay.pay",1,"src_jsc/Views/Table/ChargeItemTableView.js:280"
invoke,"Alipay.pay_ext",1,"src_jsc/Views/Table/ChargeItemTableView.js:299"
invoke,"App.exit",2,"src_jsc/Core/Utils/headers.js:197;src_jsc/Tools/Jsb.js:80"
invoke,"AppStore.finishTransaction",3,"src_jsc/Views/Dialog/CheckOrderDialog.js:100;src_jsc/Views/Dialog/CheckOrderDialog.js:108;src_jsc/Views/Dialog/CheckOrderDialog.js:116"
invoke,"AppStore.init",1,"src_jsc/Scene/Main/MainMenuScene.js:650"
invoke,"AppStore.pay",1,"src_jsc/Views/Table/ChargeItemTableView.js:156"
invoke,"AssetsMgr.init",1,"src_jsc/Core/Tools/Jsb.js:57"
invoke,"AssetsMgr.release",1,"src_jsc/Core/Tools/Jsb.js:76"
invoke,"AssetsMgr.setConnectionTimeout",1,"src_jsc/Core/Tools/Jsb.js:68"
invoke,"AssetsMgr.setDownloadRangeByString",1,"src_jsc/Core/Tools/Jsb.js:64"
invoke,"AssetsMgr.setOperationTimeout",1,"src_jsc/Core/Tools/Jsb.js:72"
invoke,"AssetsMgr.startDownloadThread",1,"src_jsc/Core/Tools/Jsb.js:81"
invoke,"AssetsMgr.startUncompressThread",1,"src_jsc/Core/Tools/Jsb.js:87"
invoke,"BfSdk.checkBindingCode",1,"src_jsc/Views/Dialog/BindingTelDialog.js:129"
invoke,"BfSdk.login",2,"src_jsc/Tools/Jsb.js:127;src_jsc/Views/Dialog/BindingDialog.js:250"
invoke,"BfSdk.loginByHistory",2,"src_jsc/Scene/Login/LoginScene_AnySdk.js:639;src_jsc/Scene/Login/LoginScene_BfSdk.js:511"
invoke,"BfSdk.regis",2,"src_jsc/Scene/Login/LoginScene_BfSdk.js:974;src_jsc/Views/Dialog/BindingDialog.js:295"
invoke,"BfSdk.requestTelBinding",1,"src_jsc/Views/Dialog/BindingTelDialog.js:114"
invoke,"Build.getAccountSysCode",2,"src_jsc/Tools/Jsb.js:112;src_jsc/main.js:13"
invoke,"Build.getBuildType",2,"src_jsc/Tools/Jsb.js:100;src_jsc/Tools/Sys.js:26"
invoke,"Build.getBuildVersion",2,"src_jsc/AnySdk/AnySdkHelp_js.js:13;src_jsc/Tools/Jsb.js:17"
invoke,"Build.getCocos2dDebugLevel",1,"src_jsc/Tools/Jsb.js:105"
invoke,"Build.getOriResCode",2,"src_jsc/Core/Tools/Jsb.js:44;src_jsc/Tools/Jsb.js:22"
invoke,"Build.getProjCode",1,"src_jsc/main.js:15"
invoke,"Build.getUseJsc",1,"src_jsc/Tools/Sys.js:32"
invoke,"Cfg.getChannelId",2,"src_jsc/Tools/Jsb.js:45;src_jsc/main.js:17"
invoke,"Cfg.getChannelName",1,"src_jsc/Tools/Jsb.js:53"
invoke,"Cfg.getDeviceCarrier",1,"src_jsc/Core/Tools/Jsb.js:36"
invoke,"Cfg.getDeviceId",1,"src_jsc/Core/Tools/Jsb.js:8"
invoke,"Cfg.getDeviceMobile",1,"src_jsc/Core/Tools/Jsb.js:20"
invoke,"Cfg.getDeviceNetwork",1,"src_jsc/Core/Tools/Jsb.js:32"
invoke,"Cfg.getDeviceOS",1,"src_jsc/Core/Tools/Jsb.js:16"
invoke,"Cfg.getDeviceOSVer",1,"src_jsc/Core/Tools/Jsb.js:24"
invoke,"Cfg.getDevicePixel",1,"src_jsc/Core/Tools/Jsb.js:28"
invoke,"Cfg.getDeviceType",1,"src_jsc/Core/Tools/Jsb.js:12"
invoke,"Cfg.getIDFA",1,"src_jsc/Tools/Jsb.js:88"
invoke,"Cfg.getMacAddress",1,"src_jsc/Tools/Jsb.js:92"
invoke,"Cfg.getMacroStr",1,"src_jsc/Scene/Debug/DebugScene.js:99"
invoke,"Cfg.getOpenUDID",1,"src_jsc/Tools/Jsb.js:84"
invoke,"Cfg.getResPath",1,"src_jsc/main.js:34"
invoke,"Cfg.getResScaleTag",1,"src_jsc/main.js:19"
invoke,"Cfg.getVersionCode",1,"src_jsc/Tools/Jsb.js:69"
invoke,"Cfg.getVersionName",1,"src_jsc/Tools/Jsb.js:61"
invoke,"Cfg.mkdir",12,"src_jsc/Core/Tools/Jsb.js:40;src_jsc/Models/HD.js:19;src_jsc/Tools/Jsb.js:122;src_jsc/Tools/Net.js:1507;src_jsc/Tools/Net.js:1509;src_jsc/Tools/Net.js:1511;src_jsc/Tools/Net.js:1513;src_jsc/Tools/Net.js:1515;src_jsc/Tools/Net.js:1601;src_jsc/Tools/Net.js:1603;src_jsc/Tools/Net.js:1605;src_jsc/Tools/Net.js:1607"
invoke,"Cfg.unZipFile",2,"src_jsc/Tools/Net.js:1544;src_jsc/Tools/Net.js:1634"
invoke,"Debug.dumpSpriteFrameCache",1,"src_jsc/Tools/Sys.js:143"
invoke,"Director.getFrameSize",1,"src_jsc/main.js:21"
invoke,"EasySdkMgr.getModuleVersion",1,"src_jsc/Tools/Jsb.js:171"
invoke,"Feedback.enter",1,"src_jsc/Scene/Setting/SettingScene.js:435"
invoke,"Get3rdChName.Get3rdChName",2,"src_jsc/Views/Table/ChargeItemTableView.js:47;src_jsc/Views/Table/ChargeItemTableView.js:170"
invoke,"GlobalMethod.exitGame",2,"src_jsc/AnySdk/AnySdkCallback.js:27;src_jsc/AnySdk/AnySdkCallback.js:85"
invoke,"GlobalMethod.exitGameWithUserClick",1,"src_jsc/cpp2jsb.js:233"
invoke,"GlobalMethod.getGeTuiCID",1,"src_jsc/Tools/Net.js:1695"
invoke,"GlobalMethod.showMessageBox_Android",3,"src_jsc/AnySdk/AnySdkCallback.js:41;src_jsc/AnySdk/AnySdkCallback.js:146;src_jsc/AnySdk/AnySdkCallback.js:152"
invoke,"GlobalMethod.visitStore",1,"src_jsc/Core/Tools/Jsb.js:52"
invoke,"GlobalMethod.visitUrl",1,"src_jsc/Core/Tools/Jsb.js:48"
invoke,"Kefu.onActionWithService",1,"src_jsc/main.js:271"
invoke,"Log.SGSCQLog_SendLogToUMENG",1,"src_jsc/Debug/Logger.js:110"
invoke,"Log.SGSCQLog_SetLogFileName",1,"src_jsc/Debug/Logger.js:88"
invoke,"Log.SGSCQLog_SetLowestPriority",1,"src_jsc/Debug/Logger.js:21"
invoke,"Platform.getBuildTarget",1,"src_jsc/Tools/Jsb.js:37"
invoke,"Share.savePhoto",1,"src_jsc/Views/HDShowViews.js:126"
invoke,"Share.setWallPaper",1,"src_jsc/Views/HDShowViews.js:100"
invoke,"Share.shareToSina",1,"src_jsc/Views/HDShowViews.js:60"
invoke,"Share.shareToWX",1,"src_jsc/Views/HDShowViews.js:77"
invoke,"SpriteFrameCache.releaseSpriteFramesWithFile",1,"src_jsc/Factorys/Sprite.js:177"
invoke,"SpriteFrameCache.retainSpriteFramesWithFile",1,"src_jsc/Factorys/Sprite.js:140"
invoke,"Statistic.reportLog",1,"src_jsc/Tools/Statistic.js:162"
invoke,"Statistic.statistic",10,"src_jsc/Tools/Statistic.js:67;src_jsc/Tools/Statistic.js:80;src_jsc/Utils/Statistic.js:112;src_jsc/Utils/Statistic.js:117;src_jsc/Utils/Statistic.js:122;src_jsc/Utils/Statistic.js:127;src_jsc/Utils/Statistic.js:132;src_jsc/Utils/Statistic.js:137;src_jsc/Utils/Statistic.js:142;src_jsc/Utils/Statistic.js:147"
invoke,"StatisticV2.event",1,"src_jsc/Core/Tools/Statistic.js:17"
invoke,"TalkingDataAppCpaHelp.getAppKey",1,"src_jsc/Tools/Jsb.js:96"
invoke,"TalkingDataAppCpaHelp.onCustEventWithIdx",1,"src_jsc/Tools/TalkingDataAppCpa.js:35"
invoke,"TalkingDataAppCpaHelp.onLogin",1,"src_jsc/Tools/TalkingDataAppCpa.js:20"
invoke,"TalkingDataAppCpaHelp.onPay",1,"src_jsc/Tools/TalkingDataAppCpa.js:31"
invoke,"TalkingDataAppCpaHelp.onRegister",1,"src_jsc/Tools/TalkingDataAppCpa.js:12"
invoke,"TestinHelp.setUserInfo",2,"src_jsc/Scene/Login/headers.js:26;src_jsc/Scene/Login/headers.js:29"
invoke,"ThirdSdk.doThirdAction",8,"src_jsc/Scene/Setting/SettingScene.js:244;src_jsc/Scene/Setting/SettingScene.js:486;src_jsc/Views/Dialog/FGLoginDialog.js:59;src_jsc/Views/Dialog/FGLoginDialog.js:71;src_jsc/Views/Dialog/FGLoginDialog.js:75;src_jsc/Views/Dialog/FGLoginDialog.js:88;src_jsc/Views/Dialog/FGLoginDialog.js:100;src_jsc/Views/Dialog/FGLoginDialog.js:104"
invoke,"ThirdSdk.isLogined",10,"src_jsc/Scene/Login/LoginScene_ThirdGuestSdk.js:181;src_jsc/Scene/Login/LoginScene_ThirdGuestSdk.js:213;src_jsc/Scene/Login/LoginScene_ThirdGuestSdk.js:313;src_jsc/Scene/Login/LoginScene_ThirdSdk.js:208;src_jsc/Scene/Login/LoginScene_ThirdSdk.js:240;src_jsc/Scene/Login/LoginScene_ThirdSdk.js:311;src_jsc/Scene/Login/LoginScene_ThirdSdk.js:333;src_jsc/Tools/Jsb.js:144;src_jsc/Views/Dialog/FGLoginDialog.js:56;src_jsc/Views/Dialog/FGLoginDialog.js:85"
invoke,"ThirdSdk.isSupportFunction",8,"src_jsc/Scene/Login/LoginScene_ThirdGuestSdk.js:118;src_jsc/Scene/Login/LoginScene_ThirdGuestSdk.js:120;src_jsc/Scene/Login/LoginScene_ThirdSdk.js:135;src_jsc/Tools/Jsb.js:152;src_jsc/Views/Dialog/FGLoginDialog.js:66;src_jsc/Views/Dialog/FGLoginDialog.js:68;src_jsc/Views/Dialog/FGLoginDialog.js:95;src_jsc/Views/Dialog/FGLoginDialog.js:97"
invoke,"ThirdSdk.login",4,"src_jsc/Scene/Login/LoginScene_ThirdGuestSdk.js:318;src_jsc/Scene/Login/LoginScene_ThirdSdk.js:336;src_jsc/Scene/Setting/SettingScene.js:494;src_jsc/Tools/Jsb.js:139"
invoke,"ThirdSdk.thirdSubMitInfo",2,"src_jsc/Scene/Login/headers.js:39;src_jsc/Tools/Jsb.js:156"
invoke,"Thirdpay.third_pay",2,"src_jsc/Views/Table/ChargeItemTableView.js:288;src_jsc/Views/Table/ChargeItemTableView.js:318"
invoke,"Trie.queryString",4,"src_jsc/Tools/UI.js:530;src_jsc/Tools/UI.js:555;src_jsc/Tools/UI.js:601;src_jsc/Tools/UI.js:626"
invoke,"Trie.setTrie",1,"src_jsc/Tools/Jsb.js:117"
invoke,"UserInfo.",4,"src_jsc/Profile/GameData/common.js:322;src_jsc/Scene/Login/headers.js:97;src_jsc/Views/Dialog/SpecificDialog.js:871;src_jsc/cpp2jsb.js:252"
invoke,"Utils.deleteDir",2,"src_jsc/Core/Utils/headers.js:263;src_jsc/Utils/FileSys.js:28"
invoke,"Utils.getFileDataSize",2,"src_jsc/Core/Utils/headers.js:257;src_jsc/Utils/FileSys.js:22"
invoke,"Utils.md5file",2,"src_jsc/Core/Tools/Jsb.js:93;src_jsc/Tools/Jsb.js:133"
callback,"3rd_logoutSuccess",1,"src_jsc/cpp2jsb.js:164"
callback,"BFbindMobileFail",1,"src_jsc/cpp2jsb.js:411"
callback,"BFbindMobileSucess",1,"src_jsc/cpp2jsb.js:195"
callback,"ali_pay",2,"src_jsc/cpp2jsb.js:143;src_jsc/cpp2jsb.js:372"
callback,"and_Thirdsdk_login",2,"src_jsc/cpp2jsb.js:95;src_jsc/cpp2jsb.js:330"
callback,"and_ali_pay",2,"src_jsc/cpp2jsb.js:144;src_jsc/cpp2jsb.js:373"
callback,"and_bfsdk_login",2,"src_jsc/cpp2jsb.js:76;src_jsc/cpp2jsb.js:266"
callback,"and_bfsdk_register",2,"src_jsc/cpp2jsb.js:119;src_jsc/cpp2jsb.js:353"
callback,"anySdk_onClickExit",1,"src_jsc/cpp2jsb.js:223"
callback,"anySdk_onDestroy",1,"src_jsc/cpp2jsb.js:236"
callback,"anysdk_accountSwitchSuccess",1,"src_jsc/cpp2jsb.js:168"
callback,"anysdk_loginCancel",1,"src_jsc/cpp2jsb.js:176"
callback,"anysdk_loginFail",1,"src_jsc/cpp2jsb.js:306"
callback,"anysdk_logoutSuccess",1,"src_jsc/cpp2jsb.js:160"
callback,"anysdk_payFaild",1,"src_jsc/cpp2jsb.js:375"
callback,"anysdk_paySuccess",1,"src_jsc/cpp2jsb.js:146"
callback,"appStore_checkTransaction",1,"src_jsc/cpp2jsb.js:205"
callback,"errorDialog",1,"src_jsc/cpp2jsb.js:112"
callback,"game_exit",1,"src_jsc/cpp2jsb.js:246"
callback,"getSmsCaptchaFail",1,"src_jsc/cpp2jsb.js:396"
callback,"getSmsCaptchaSuccess",1,"src_jsc/cpp2jsb.js:184"
callback,"google_payFaild",1,"src_jsc/cpp2jsb.js:376"
callback,"google_paySuccess",1,"src_jsc/cpp2jsb.js:147"
callback,"ios_BFbindMobileFail",1,"src_jsc/cpp2jsb.js:410"
callback,"ios_BFbindMobileSucess",1,"src_jsc/cpp2jsb.js:194"
callback,"ios_ali_pay",2,"src_jsc/cpp2jsb.js:145;src_jsc/cpp2jsb.js:374"
callback,"ios_bfsdk_login",2,"src_jsc/cpp2jsb.js:75;src_jsc/cpp2jsb.js:265"
callback,"ios_bfsdk_register",2,"src_jsc/cpp2jsb.js:118;src_jsc/cpp2jsb.js:352"
callback,"ios_getSmsCaptchaFail",1,"src_jsc/cpp2jsb.js:395"
callback,"ios_getSmsCaptchaSuccess",1,"src_jsc/cpp2jsb.js:183"
callback,"logoutSuccessAndShowTipsSuccess",1,"src_jsc/cpp2jsb.js:240"
oracle_type,"ActionManager",2,"class;prototype"
oracle_type,"ActionObject",2,"class;prototype"
oracle_type,"BFButton",2,"class;prototype"
oracle_type,"BFCardView",2,"class;prototype"
oracle_type,"BFControlSlider",2,"class;prototype"
oracle_type,"BFSortTableWidget",2,"class;prototype"
oracle_type,"BFWebView",2,"class;prototype"
oracle_type,"Button",2,"class;prototype"
oracle_type,"CCAction",2,"class;prototype"
oracle_type,"CCActionCamera",2,"class;prototype"
oracle_type,"CCActionEase",2,"class;prototype"
oracle_type,"CCActionInstant",2,"class;prototype"
oracle_type,"CCActionInterval",2,"class;prototype"
oracle_type,"CCActionManager",2,"class;prototype"
oracle_type,"CCActionTween",2,"class;prototype"
oracle_type,"CCAnimate",2,"class;prototype"
oracle_type,"CCAnimation",2,"class;prototype"
oracle_type,"CCAnimationCache",2,"class;prototype"
oracle_type,"CCAnimationFrame",2,"class;prototype"
oracle_type,"CCApplication",2,"class;prototype"
oracle_type,"CCArmature",2,"class;prototype"
oracle_type,"CCArmatureAnimation",2,"class;prototype"
oracle_type,"CCArmatureDataManager",2,"class;prototype"
oracle_type,"CCAtlasNode",2,"class;prototype"
oracle_type,"CCBAnimationManager",2,"class;prototype"
oracle_type,"CCBReader",2,"class;prototype"
oracle_type,"CCBaseData",2,"class;prototype"
oracle_type,"CCBatchNode",2,"class;prototype"
oracle_type,"CCBezierBy",2,"class;prototype"
oracle_type,"CCBezierTo",2,"class;prototype"
oracle_type,"CCBlink",2,"class;prototype"
oracle_type,"CCBone",2,"class;prototype"
oracle_type,"CCCallFunc",2,"class;prototype"
oracle_type,"CCCamera",2,"class;prototype"
oracle_type,"CCCardinalSplineBy",2,"class;prototype"
oracle_type,"CCCardinalSplineTo",2,"class;prototype"
oracle_type,"CCCatmullRomBy",2,"class;prototype"
oracle_type,"CCCatmullRomTo",2,"class;prototype"
oracle_type,"CCClippingNode",2,"class;prototype"
oracle_type,"CCColliderFilter",2,"class;prototype"
oracle_type,"CCComAttribute",2,"class;prototype"
oracle_type,"CCComAudio",2,"class;prototype"
oracle_type,"CCComController",2,"class;prototype"
oracle_type,"CCComRender",2,"class;prototype"
oracle_type,"CCComponent",2,"class;prototype"
oracle_type,"CCControl",2,"class;prototype"
oracle_type,"CCControlButton",2,"class;prototype"
oracle_type,"CCControlColourPicker",2,"class;prototype"
oracle_type,"CCControlHuePicker",2,"class;prototype"
oracle_type,"CCControlPotentiometer",2,"class;prototype"
oracle_type,"CCControlSaturationBrightnessPicker",2,"class;prototype"
oracle_type,"CCControlSlider",2,"class;prototype"
oracle_type,"CCControlStepper",2,"class;prototype"
oracle_type,"CCControlSwitch",2,"class;prototype"
oracle_type,"CCDelayTime",2,"class;prototype"
oracle_type,"CCDirector",2,"class;prototype"
oracle_type,"CCDisplayManager",2,"class;prototype"
oracle_type,"CCDrawNode",2,"class;prototype"
oracle_type,"CCEGLView",2,"class;prototype"
oracle_type,"CCEGLViewProtocol",2,"class;prototype"
oracle_type,"CCEaseBackIn",2,"class;prototype"
oracle_type,"CCEaseBackInOut",2,"class;prototype"
oracle_type,"CCEaseBackOut",2,"class;prototype"
oracle_type,"CCEaseBounce",2,"class;prototype"
oracle_type,"CCEaseBounceIn",2,"class;prototype"
oracle_type,"CCEaseBounceInOut",2,"class;prototype"
oracle_type,"CCEaseBounceOut",2,"class;prototype"
oracle_type,"CCEaseElastic",2,"class;prototype"
oracle_type,"CCEaseElasticIn",2,"class;prototype"
oracle_type,"CCEaseElasticInOut",2,"class;prototype"
oracle_type,"CCEaseElasticOut",2,"class;prototype"
oracle_type,"CCEaseExponentialIn",2,"class;prototype"
oracle_type,"CCEaseExponentialInOut",2,"class;prototype"
oracle_type,"CCEaseExponentialOut",2,"class;prototype"
oracle_type,"CCEaseIn",2,"class;prototype"
oracle_type,"CCEaseInOut",2,"class;prototype"
oracle_type,"CCEaseOut",2,"class;prototype"
oracle_type,"CCEaseRateAction",2,"class;prototype"
oracle_type,"CCEaseSineIn",2,"class;prototype"
oracle_type,"CCEaseSineInOut",2,"class;prototype"
oracle_type,"CCEaseSineOut",2,"class;prototype"
oracle_type,"CCEditBox",2,"class;prototype"
oracle_type,"CCFadeIn",2,"class;prototype"
oracle_type,"CCFadeOut",2,"class;prototype"
oracle_type,"CCFadeOutBLTiles",2,"class;prototype"
oracle_type,"CCFadeOutDownTiles",2,"class;prototype"
oracle_type,"CCFadeOutTRTiles",2,"class;prototype"
oracle_type,"CCFadeOutUpTiles",2,"class;prototype"
oracle_type,"CCFadeTo",2,"class;prototype"
oracle_type,"CCFileUtils",2,"class;prototype"
oracle_type,"CCFiniteTimeAction",2,"class;prototype"
oracle_type,"CCFlipX",2,"class;prototype"
oracle_type,"CCFlipX3D",2,"class;prototype"
oracle_type,"CCFlipY",2,"class;prototype"
oracle_type,"CCFlipY3D",2,"class;prototype"
oracle_type,"CCFollow",2,"class;prototype"
oracle_type,"CCGLProgram",2,"class;prototype"
oracle_type,"CCGrid3D",2,"class;prototype"
oracle_type,"CCGrid3DAction",2,"class;prototype"
oracle_type,"CCGridAction",2,"class;prototype"
oracle_type,"CCGridBase",2,"class;prototype"
oracle_type,"CCHide",2,"class;prototype"
oracle_type,"CCInputDelegate",2,"class;prototype"
oracle_type,"CCJumpBy",2,"class;prototype"
oracle_type,"CCJumpTiles3D",2,"class;prototype"
oracle_type,"CCJumpTo",2,"class;prototype"
oracle_type,"CCLabelAtlas",2,"class;prototype"
oracle_type,"CCLabelBMFont",2,"class;prototype"
oracle_type,"CCLabelTTF",2,"class;prototype"
oracle_type,"CCLayer",2,"class;prototype"
oracle_type,"CCLayerColor",2,"class;prototype"
oracle_type,"CCLayerGradient",2,"class;prototype"
oracle_type,"CCLayerMultiplex",2,"class;prototype"
oracle_type,"CCLayerRGBA",2,"class;prototype"
oracle_type,"CCLens3D",2,"class;prototype"
oracle_type,"CCLiquid",2,"class;prototype"
oracle_type,"CCMenu",2,"class;prototype"
oracle_type,"CCMenuItem",2,"class;prototype"
oracle_type,"CCMenuItemAtlasFont",2,"class;prototype"
oracle_type,"CCMenuItemFont",2,"class;prototype"
oracle_type,"CCMenuItemImage",2,"class;prototype"
oracle_type,"CCMenuItemLabel",2,"class;prototype"
oracle_type,"CCMenuItemSprite",2,"class;prototype"
oracle_type,"CCMenuItemToggle",2,"class;prototype"
oracle_type,"CCMotionStreak",2,"class;prototype"
oracle_type,"CCMoveBy",2,"class;prototype"
oracle_type,"CCMoveTo",2,"class;prototype"
oracle_type,"CCNode",2,"class;prototype"
oracle_type,"CCNodeRGBA",2,"class;prototype"
oracle_type,"CCOrbitCamera",2,"class;prototype"
oracle_type,"CCPageTurn3D",2,"class;prototype"
oracle_type,"CCParallaxNode",2,"class;prototype"
oracle_type,"CCParticleBatchNode",2,"class;prototype"
oracle_type,"CCParticleExplosion",2,"class;prototype"
oracle_type,"CCParticleFire",2,"class;prototype"
oracle_type,"CCParticleFireworks",2,"class;prototype"
oracle_type,"CCParticleFlower",2,"class;prototype"
oracle_type,"CCParticleGalaxy",2,"class;prototype"
oracle_type,"CCParticleMeteor",2,"class;prototype"
oracle_type,"CCParticleRain",2,"class;prototype"
oracle_type,"CCParticleSmoke",2,"class;prototype"
oracle_type,"CCParticleSnow",2,"class;prototype"
oracle_type,"CCParticleSpiral",2,"class;prototype"
oracle_type,"CCParticleSun",2,"class;prototype"
oracle_type,"CCParticleSystem",2,"class;prototype"
oracle_type,"CCParticleSystemQuad",2,"class;prototype"
oracle_type,"CCPlace",2,"class;prototype"
oracle_type,"CCProgressFromTo",2,"class;prototype"
oracle_type,"CCProgressTimer",2,"class;prototype"
oracle_type,"CCProgressTo",2,"class;prototype"
oracle_type,"CCRenderTexture",2,"class;prototype"
oracle_type,"CCRepeat",2,"class;prototype"
oracle_type,"CCRepeatForever",2,"class;prototype"
oracle_type,"CCReuseGrid",2,"class;prototype"
oracle_type,"CCRipple3D",2,"class;prototype"
oracle_type,"CCRotateBy",2,"class;prototype"
oracle_type,"CCRotateTo",2,"class;prototype"
oracle_type,"CCScale9Sprite",2,"class;prototype"
oracle_type,"CCScaleBy",2,"class;prototype"
oracle_type,"CCScaleTo",2,"class;prototype"
oracle_type,"CCScene",2,"class;prototype"
oracle_type,"CCScheduler",2,"class;prototype"
oracle_type,"CCScrollView",2,"class;prototype"
oracle_type,"CCSequence",2,"class;prototype"
oracle_type,"CCSet",2,"class;prototype"
oracle_type,"CCShaderCache",2,"class;prototype"
oracle_type,"CCShaky3D",2,"class;prototype"
oracle_type,"CCShakyTiles3D",2,"class;prototype"
oracle_type,"CCShatteredTiles3D",2,"class;prototype"
oracle_type,"CCShow",2,"class;prototype"
oracle_type,"CCShuffleTiles",2,"class;prototype"
oracle_type,"CCSkewBy",2,"class;prototype"
oracle_type,"CCSkewTo",2,"class;prototype"
oracle_type,"CCSkin",2,"class;prototype"
oracle_type,"CCSpawn",2,"class;prototype"
oracle_type,"CCSpeed",2,"class;prototype"
oracle_type,"CCSplitCols",2,"class;prototype"
oracle_type,"CCSplitRows",2,"class;prototype"
oracle_type,"CCSprite",2,"class;prototype"
oracle_type,"CCSpriteBatchNode",2,"class;prototype"
oracle_type,"CCSpriteFrame",2,"class;prototype"
oracle_type,"CCSpriteFrameCache",2,"class;prototype"
oracle_type,"CCStopGrid",2,"class;prototype"
oracle_type,"CCTMXLayer",2,"class;prototype"
oracle_type,"CCTMXLayerInfo",2,"class;prototype"
oracle_type,"CCTMXMapInfo",2,"class;prototype"
oracle_type,"CCTMXObjectGroup",2,"class;prototype"
oracle_type,"CCTMXTiledMap",2,"class;prototype"
oracle_type,"CCTMXTilesetInfo",2,"class;prototype"
oracle_type,"CCTableView",2,"class;prototype"
oracle_type,"CCTableViewCell",2,"class;prototype"
oracle_type,"CCTargetedAction",2,"class;prototype"
oracle_type,"CCTextFieldTTF",2,"class;prototype"
oracle_type,"CCTexture2D",2,"class;prototype"
oracle_type,"CCTextureCache",2,"class;prototype"
oracle_type,"CCTileMapAtlas",2,"class;prototype"
oracle_type,"CCTiledGrid3D",2,"class;prototype"
oracle_type,"CCTiledGrid3DAction",2,"class;prototype"
oracle_type,"CCTimer",2,"class;prototype"
oracle_type,"CCTintBy",2,"class;prototype"
oracle_type,"CCTintTo",2,"class;prototype"
oracle_type,"CCToggleVisibility",2,"class;prototype"
oracle_type,"CCTouch",2,"class;prototype"
oracle_type,"CCTransitionCrossFade",2,"class;prototype"
oracle_type,"CCTransitionEaseScene",2,"class;prototype"
oracle_type,"CCTransitionFade",2,"class;prototype"
oracle_type,"CCTransitionFadeBL",2,"class;prototype"
oracle_type,"CCTransitionFadeDown",2,"class;prototype"
oracle_type,"CCTransitionFadeTR",2,"class;prototype"
oracle_type,"CCTransitionFadeUp",2,"class;prototype"
oracle_type,"CCTransitionFlipAngular",2,"class;prototype"
oracle_type,"CCTransitionFlipX",2,"class;prototype"
oracle_type,"CCTransitionFlipY",2,"class;prototype"
oracle_type,"CCTransitionJumpZoom",2,"class;prototype"
oracle_type,"CCTransitionMoveInB",2,"class;prototype"
oracle_type,"CCTransitionMoveInL",2,"class;prototype"
oracle_type,"CCTransitionMoveInR",2,"class;prototype"
oracle_type,"CCTransitionMoveInT",2,"class;prototype"
oracle_type,"CCTransitionPageTurn",2,"class;prototype"
oracle_type,"CCTransitionProgress",2,"class;prototype"
oracle_type,"CCTransitionProgressHorizontal",2,"class;prototype"
oracle_type,"CCTransitionProgressInOut",2,"class;prototype"
oracle_type,"CCTransitionProgressOutIn",2,"class;prototype"
oracle_type,"CCTransitionProgressRadialCCW",2,"class;prototype"
oracle_type,"CCTransitionProgressRadialCW",2,"class;prototype"
oracle_type,"CCTransitionProgressVertical",2,"class;prototype"
oracle_type,"CCTransitionRotoZoom",2,"class;prototype"
oracle_type,"CCTransitionScene",2,"class;prototype"
oracle_type,"CCTransitionSceneOriented",2,"class;prototype"
oracle_type,"CCTransitionShrinkGrow",2,"class;prototype"
oracle_type,"CCTransitionSlideInB",2,"class;prototype"
oracle_type,"CCTransitionSlideInL",2,"class;prototype"
oracle_type,"CCTransitionSlideInR",2,"class;prototype"
oracle_type,"CCTransitionSlideInT",2,"class;prototype"
oracle_type,"CCTransitionSplitCols",2,"class;prototype"
oracle_type,"CCTransitionSplitRows",2,"class;prototype"
oracle_type,"CCTransitionTurnOffTiles",2,"class;prototype"
oracle_type,"CCTransitionZoomFlipAngular",2,"class;prototype"
oracle_type,"CCTransitionZoomFlipX",2,"class;prototype"
oracle_type,"CCTransitionZoomFlipY",2,"class;prototype"
oracle_type,"CCTurnOffTiles",2,"class;prototype"
oracle_type,"CCTween",2,"class;prototype"
oracle_type,"CCTwirl",2,"class;prototype"
oracle_type,"CCWaves",2,"class;prototype"
oracle_type,"CCWaves3D",2,"class;prototype"
oracle_type,"CCWavesTiles3D",2,"class;prototype"
oracle_type,"CheckBox",2,"class;prototype"
oracle_type,"ColliderBody",2,"class;prototype"
oracle_type,"GUIReader",2,"class;prototype"
oracle_type,"ImageView",2,"class;prototype"
oracle_type,"JsbConnecter",2,"class;prototype"
oracle_type,"Label",2,"class;prototype"
oracle_type,"LabelAtlas",2,"class;prototype"
oracle_type,"LabelBMFont",2,"class;prototype"
oracle_type,"Layout",2,"class;prototype"
oracle_type,"LayoutParameter",2,"class;prototype"
oracle_type,"LinearLayoutParameter",2,"class;prototype"
oracle_type,"ListView",2,"class;prototype"
oracle_type,"LoadingBar",2,"class;prototype"
oracle_type,"PageView",2,"class;prototype"
oracle_type,"RelativeLayoutParameter",2,"class;prototype"
oracle_type,"SceneReader",2,"class;prototype"
oracle_type,"ScrollView",2,"class;prototype"
oracle_type,"SimpleAudioEngine",2,"class;prototype"
oracle_type,"Slider",2,"class;prototype"
oracle_type,"TextField",2,"class;prototype"
oracle_type,"TouchGroup",2,"class;prototype"
oracle_type,"UIHelper",2,"class;prototype"
oracle_type,"Widget",2,"class;prototype"
oracle_registration,"register_all_cocos2dx",1,
oracle_registration,"register_all_cocos2dx_extension",1,
oracle_registration,"register_all_cocos2dx_extension_manual",1,
oracle_registration,"register_all_cocos2dx_studio",1,
oracle_registration,"register_all_cocos2dx_studio_manual",1,
oracle_registration,"register_all_xs_sanguosha",1,
oracle_registration,"register_all_xs_sanguosha_manual",1,
oracle_custom_wrapper,"BFButton_ccTouchBegan",1,
oracle_custom_wrapper,"BFButton_ccTouchEnded",1,
oracle_custom_wrapper,"BFButton_ccTouchMoved",1,
oracle_custom_wrapper,"BFButton_constructor",1,
oracle_custom_wrapper,"BFButton_finalize",1,
oracle_custom_wrapper,"BFButton_setEventOnDisable",1,
oracle_custom_wrapper,"BFButton_setFilterMove",1,
oracle_custom_wrapper,"BFButton_setSwallowTouch",1,
oracle_custom_wrapper,"BFCardView_constructor",1,
oracle_custom_wrapper,"BFCardView_finalize",1,
oracle_custom_wrapper,"BFCardView_getCellsCount",1,
oracle_custom_wrapper,"BFCardView_getNormalCellWidth",1,
oracle_custom_wrapper,"BFCardView_minContainerOffset",1,
oracle_custom_wrapper,"BFCardView_onSliderMoveEnded",1,
oracle_custom_wrapper,"BFCardView_onSliderValueChange",1,
oracle_custom_wrapper,"BFCardView_reloadData",1,
oracle_custom_wrapper,"BFCardView_scrollViewDidScroll",1,
oracle_custom_wrapper,"BFCardView_setCardViewSelIdx",1,
oracle_custom_wrapper,"BFCardView_setCellScaleValue",1,
oracle_custom_wrapper,"BFCardView_setNormalCellWidth",1,
oracle_custom_wrapper,"BFCardView_setObserver",1,
oracle_custom_wrapper,"BFCardView_setScrollSlider",1,
oracle_custom_wrapper,"BFControlSlider_constructor",1,
oracle_custom_wrapper,"BFControlSlider_create",1,
oracle_custom_wrapper,"BFControlSlider_finalize",1,
oracle_custom_wrapper,"BFControlSlider_setObserver",1,
oracle_custom_wrapper,"BFControlSlider_setValue",1,
oracle_custom_wrapper,"BFControlSlider_setValueNoNotify",1,
oracle_custom_wrapper,"BFSortTableWidget_ccTouchBegan",1,
oracle_custom_wrapper,"BFSortTableWidget_constructor",1,
oracle_custom_wrapper,"BFSortTableWidget_create",1,
oracle_custom_wrapper,"BFSortTableWidget_finalize",1,
oracle_custom_wrapper,"BFSortTableWidget_getSelectIdx",1,
oracle_custom_wrapper,"BFSortTableWidget_init",1,
oracle_custom_wrapper,"BFSortTableWidget_setData",1,
oracle_custom_wrapper,"BFSortTableWidget_setSelectIdx",1,
oracle_custom_wrapper,"BFSortTableWidget_setTouchPriority",1,
oracle_custom_wrapper,"BFWebView_constructor",1,
oracle_custom_wrapper,"BFWebView_finalize",1,
oracle_custom_wrapper,"BFWebView_init",1,
oracle_custom_wrapper,"BFWebView_loadUrl",1,
oracle_custom_wrapper,"BFWebView_setContentSize",1,
oracle_custom_wrapper,"BFWebView_setIsNeedUpdatePos",1,
oracle_custom_wrapper,"BFWebView_setPosition",1,
oracle_custom_wrapper,"BFWebView_setTouchEnable",1,
oracle_custom_wrapper,"BFWebView_setVisible",1,
oracle_custom_wrapper,"JsbConnecter_finalize",1,
oracle_custom_wrapper,"JsbConnecter_getClassTypeInfo",1,
oracle_custom_wrapper,"JsbConnecter_getInstance",1,
oracle_custom_wrapper,"JsbConnecter_getName",1,
oracle_custom_wrapper,"JsbConnecter_init",1,
oracle_custom_wrapper,"JsbConnecter_invoke",1,
oracle_custom_wrapper,"JsbConnecter_setIdleTimerDisabled",1,
