interface_kind,name,class_or_namespace,original_symbol_or_address,call_sites,prototype_overloads,parameters_and_defaults,return_value,object_ownership,thread_and_callbacks,error_and_boundary_behavior,runtime_reachability,implementation_location,classification,evidence,verification_method,verification_result
JsbConnecter.invoke,AdmobHelp.hideBanner,AdmobHelp,unknown; resolve against recorded oracle symbol dump,src_jsc/Profile/Account.js:57,unknown,unknown,unknown,unknown,unknown,unknown,candidate observed statically; scene reachability unverified,Resources/assets/jsb_compat.js (current JS facade; per-method semantics unverified),UNRESOLVED,Recovered/native_api_inventory.json bridge_invokes,not yet selected,not run
JsbConnecter.invoke,AdmobHelp.showBanner,AdmobHelp,unknown; resolve against recorded oracle symbol dump,src_jsc/Profile/Account.js:50,unknown,unknown,unknown,unknown,unknown,unknown,candidate observed statically; scene reachability unverified,Resources/assets/jsb_compat.js (current JS facade; per-method semantics unverified),UNRESOLVED,Recovered/native_api_inventory.json bridge_invokes,not yet selected,not run
JsbConnecter.invoke,Alipay.pay,Alipay,unknown; resolve against recorded oracle symbol dump,src_jsc/Views/Table/ChargeItemTableView.js:280,unknown,unknown,unknown,unknown,unknown,unknown,candidate observed statically; scene reachability unverified,Resources/assets/jsb_compat.js (current JS facade; per-method semantics unverified),UNRESOLVED,Recovered/native_api_inventory.json bridge_invokes,not yet selected,not run
JsbConnecter.invoke,Alipay.pay_ext,Alipay,unknown; resolve against recorded oracle symbol dump,src_jsc/Views/Table/ChargeItemTableView.js:299,unknown,unknown,unknown,unknown,unknown,unknown,candidate observed statically; scene reachability unverified,Resources/assets/jsb_compat.js (current JS facade; per-method semantics unverified),UNRESOLVED,Recovered/native_api_inventory.json bridge_invokes,not yet selected,not run
JsbConnecter.invoke,App.exit,App,unknown; resolve against recorded oracle symbol dump,src_jsc/Core/Utils/headers.js:197;src_jsc/Tools/Jsb.js:80,unknown,unknown,unknown,unknown,unknown,unknown,candidate observed statically; scene reachability unverified,Resources/assets/jsb_compat.js (current JS facade; per-method semantics unverified),UNRESOLVED,Recovered/native_api_inventory.json bridge_invokes,not yet selected,not run
JsbConnecter.invoke,AppStore.finishTransaction,AppStore,unknown; resolve against recorded oracle symbol dump,src_jsc/Views/Dialog/CheckOrderDialog.js:100;src_jsc/Views/Dialog/CheckOrderDialog.js:108;src_jsc/Views/Dialog/CheckOrderDialog.js:116,unknown,unknown,unknown,unknown,unknown,unknown,candidate observed statically; scene reachability unverified,Resources/assets/jsb_compat.js (current JS facade; per-method semantics unverified),UNRESOLVED,Recovered/native_api_inventory.json bridge_invokes,not yet selected,not run
JsbConnecter.invoke,AppStore.init,AppStore,unknown; resolve against recorded oracle symbol dump,src_jsc/Scene/Main/MainMenuScene.js:650,unknown,unknown,unknown,unknown,unknown,unknown,candidate observed statically; scene reachability unverified,Resources/assets/jsb_compat.js (current JS facade; per-method semantics unverified),UNRESOLVED,Recovered/native_api_inventory.json bridge_invokes,not yet selected,not run
JsbConnecter.invoke,AppStore.pay,AppStore,unknown; resolve against recorded oracle symbol dump,src_jsc/Views/Table/ChargeItemTableView.js:156,unknown,unknown,unknown,unknown,unknown,unknown,candidate observed statically; scene reachability unverified,Resources/assets/jsb_compat.js (current JS facade; per-method semantics unverified),UNRESOLVED,Recovered/native_api_inventory.json bridge_invokes,not yet selected,not run
JsbConnecter.invoke,AssetsMgr.init,AssetsMgr,unknown; resolve against recorded oracle symbol dump,src_jsc/Core/Tools/Jsb.js:57,unknown,unknown,unknown,unknown,unknown,unknown,candidate observed statically; scene reachability unverified,Resources/assets/jsb_compat.js (current JS facade; per-method semantics unverified),UNRESOLVED,Recovered/native_api_inventory.json bridge_invokes,not yet selected,not run
JsbConnecter.invoke,AssetsMgr.release,AssetsMgr,unknown; resolve against recorded oracle symbol dump,src_jsc/Core/Tools/Jsb.js:76,unknown,unknown,unknown,unknown,unknown,unknown,candidate observed statically; scene reachability unverified,Resources/assets/jsb_compat.js (current JS facade; per-method semantics unverified),UNRESOLVED,Recovered/native_api_inventory.json bridge_invokes,not yet selected,not run
JsbConnecter.invoke,AssetsMgr.setConnectionTimeout,AssetsMgr,unknown; resolve against recorded oracle symbol dump,src_jsc/Core/Tools/Jsb.js:68,unknown,unknown,unknown,unknown,unknown,unknown,candidate observed statically; scene reachability unverified,Resources/assets/jsb_compat.js (current JS facade; per-method semantics unverified),UNRESOLVED,Recovered/native_api_inventory.json bridge_invokes,not yet selected,not run
JsbConnecter.invoke,AssetsMgr.setDownloadRangeByString,AssetsMgr,unknown; resolve against recorded oracle symbol dump,src_jsc/Core/Tools/Jsb.js:64,unknown,unknown,unknown,unknown,unknown,unknown,candidate observed statically; scene reachability unverified,Resources/assets/jsb_compat.js (current JS facade; per-method semantics unverified),UNRESOLVED,Recovered/native_api_inventory.json bridge_invokes,not yet selected,not run
JsbConnecter.invoke,AssetsMgr.setOperationTimeout,AssetsMgr,unknown; resolve against recorded oracle symbol dump,src_jsc/Core/Tools/Jsb.js:72,unknown,unknown,unknown,unknown,unknown,unknown,candidate observed statically; scene reachability unverified,Resources/assets/jsb_compat.js (current JS facade; per-method semantics unverified),UNRESOLVED,Recovered/native_api_inventory.json bridge_invokes,not yet selected,not run
JsbConnecter.invoke,AssetsMgr.startDownloadThread,AssetsMgr,unknown; resolve against recorded oracle symbol dump,src_jsc/Core/Tools/Jsb.js:81,unknown,unknown,unknown,unknown,unknown,unknown,candidate observed statically; scene reachability unverified,Resources/assets/jsb_compat.js (current JS facade; per-method semantics unverified),UNRESOLVED,Recovered/native_api_inventory.json bridge_invokes,not yet selected,not run
JsbConnecter.invoke,AssetsMgr.startUncompressThread,AssetsMgr,unknown; resolve against recorded oracle symbol dump,src_jsc/Core/Tools/Jsb.js:87,unknown,unknown,unknown,unknown,unknown,unknown,candidate observed statically; scene reachability unverified,Resources/assets/jsb_compat.js (current JS facade; per-method semantics unverified),UNRESOLVED,Recovered/native_api_inventory.json bridge_invokes,not yet selected,not run
JsbConnecter.invoke,BfSdk.checkBindingCode,BfSdk,unknown; resolve against recorded oracle symbol dump,src_jsc/Views/Dialog/BindingTelDialog.js:129,unknown,unknown,unknown,unknown,unknown,unknown,candidate observed statically; scene reachability unverified,Resources/assets/jsb_compat.js (current JS facade; per-method semantics unverified),UNRESOLVED,Recovered/native_api_inventory.json bridge_invokes,not yet selected,not run
JsbConnecter.invoke,BfSdk.login,BfSdk,unknown; resolve against recorded oracle symbol dump,src_jsc/Tools/Jsb.js:127;src_jsc/Views/Dialog/BindingDialog.js:250,unknown,unknown,unknown,unknown,unknown,unknown,candidate observed statically; scene reachability unverified,Resources/assets/jsb_compat.js (current JS facade; per-method semantics unverified),UNRESOLVED,Recovered/native_api_inventory.json bridge_invokes,not yet selected,not run
JsbConnecter.invoke,BfSdk.loginByHistory,BfSdk,unknown; resolve against recorded oracle symbol dump,src_jsc/Scene/Login/LoginScene_AnySdk.js:648;src_jsc/Scene/Login/LoginScene_BfSdk.js:520,unknown,unknown,unknown,unknown,unknown,unknown,candidate observed statically; scene reachability unverified,Resources/assets/jsb_compat.js (current JS facade; per-method semantics unverified),UNRESOLVED,Recovered/native_api_inventory.json bridge_invokes,not yet selected,not run
JsbConnecter.invoke,BfSdk.regis,BfSdk,unknown; resolve against recorded oracle symbol dump,src_jsc/Scene/Login/LoginScene_BfSdk.js:987;src_jsc/Views/Dialog/BindingDialog.js:295,unknown,unknown,unknown,unknown,unknown,unknown,candidate observed statically; scene reachability unverified,Resources/assets/jsb_compat.js (current JS facade; per-method semantics unverified),UNRESOLVED,Recovered/native_api_inventory.json bridge_invokes,not yet selected,not run
JsbConnecter.invoke,BfSdk.requestTelBinding,BfSdk,unknown; resolve against recorded oracle symbol dump,src_jsc/Views/Dialog/BindingTelDialog.js:114,unknown,unknown,unknown,unknown,unknown,unknown,candidate observed statically; scene reachability unverified,Resources/assets/jsb_compat.js (current JS facade; per-method semantics unverified),UNRESOLVED,Recovered/native_api_inventory.json bridge_invokes,not yet selected,not run
JsbConnecter.invoke,Build.getAccountSysCode,Build,unknown; resolve against recorded oracle symbol dump,src_jsc/Tools/Jsb.js:112;src_jsc/main.js:13,unknown,unknown,unknown,unknown,unknown,unknown,candidate observed statically; scene reachability unverified,Resources/assets/jsb_compat.js (current JS facade; per-method semantics unverified),UNRESOLVED,Recovered/native_api_inventory.json bridge_invokes,not yet selected,not run
JsbConnecter.invoke,Build.getBuildType,Build,unknown; resolve against recorded oracle symbol dump,src_jsc/Tools/Jsb.js:100;src_jsc/Tools/Sys.js:26,unknown,unknown,unknown,unknown,unknown,unknown,candidate observed statically; scene reachability unverified,Resources/assets/jsb_compat.js (current JS facade; per-method semantics unverified),UNRESOLVED,Recovered/native_api_inventory.json bridge_invokes,not yet selected,not run
JsbConnecter.invoke,Build.getBuildVersion,Build,unknown; resolve against recorded oracle symbol dump,src_jsc/AnySdk/AnySdkHelp_js.js:13;src_jsc/Tools/Jsb.js:17,unknown,unknown,unknown,unknown,unknown,unknown,candidate observed statically; scene reachability unverified,Resources/assets/jsb_compat.js (current JS facade; per-method semantics unverified),UNRESOLVED,Recovered/native_api_inventory.json bridge_invokes,not yet selected,not run
JsbConnecter.invoke,Build.getCocos2dDebugLevel,Build,unknown; resolve against recorded oracle symbol dump,src_jsc/Tools/Jsb.js:105,unknown,unknown,unknown,unknown,unknown,unknown,candidate observed statically; scene reachability unverified,Resources/assets/jsb_compat.js (current JS facade; per-method semantics unverified),UNRESOLVED,Recovered/native_api_inventory.json bridge_invokes,not yet selected,not run
JsbConnecter.invoke,Build.getOriResCode,Build,unknown; resolve against recorded oracle symbol dump,src_jsc/Core/Tools/Jsb.js:44;src_jsc/Tools/Jsb.js:22,unknown,unknown,unknown,unknown,unknown,unknown,candidate observed statically; scene reachability unverified,Resources/assets/jsb_compat.js (current JS facade; per-method semantics unverified),UNRESOLVED,Recovered/native_api_inventory.json bridge_invokes,not yet selected,not run
JsbConnecter.invoke,Build.getProjCode,Build,unknown; resolve against recorded oracle symbol dump,src_jsc/main.js:15,unknown,unknown,unknown,unknown,unknown,unknown,candidate observed statically; scene reachability unverified,Resources/assets/jsb_compat.js (current JS facade; per-method semantics unverified),UNRESOLVED,Recovered/native_api_inventory.json bridge_invokes,not yet selected,not run
JsbConnecter.invoke,Build.getUseJsc,Build,unknown; resolve against recorded oracle symbol dump,src_jsc/Tools/Sys.js:32,unknown,unknown,unknown,unknown,unknown,unknown,candidate observed statically; scene reachability unverified,Resources/assets/jsb_compat.js (current JS facade; per-method semantics unverified),UNRESOLVED,Recovered/native_api_inventory.json bridge_invokes,not yet selected,not run
JsbConnecter.invoke,Cfg.getChannelId,Cfg,unknown; resolve against recorded oracle symbol dump,src_jsc/Tools/Jsb.js:45;src_jsc/main.js:17,unknown,unknown,unknown,unknown,unknown,unknown,candidate observed statically; scene reachability unverified,Resources/assets/jsb_compat.js (current JS facade; per-method semantics unverified),UNRESOLVED,Recovered/native_api_inventory.json bridge_invokes,not yet selected,not run
JsbConnecter.invoke,Cfg.getChannelName,Cfg,unknown; resolve against recorded oracle symbol dump,src_jsc/Tools/Jsb.js:53,unknown,unknown,unknown,unknown,unknown,unknown,candidate observed statically; scene reachability unverified,Resources/assets/jsb_compat.js (current JS facade; per-method semantics unverified),UNRESOLVED,Recovered/native_api_inventory.json bridge_invokes,not yet selected,not run
JsbConnecter.invoke,Cfg.getDeviceCarrier,Cfg,unknown; resolve against recorded oracle symbol dump,src_jsc/Core/Tools/Jsb.js:36,unknown,unknown,unknown,unknown,unknown,unknown,candidate observed statically; scene reachability unverified,Resources/assets/jsb_compat.js (current JS facade; per-method semantics unverified),UNRESOLVED,Recovered/native_api_inventory.json bridge_invokes,not yet selected,not run
JsbConnecter.invoke,Cfg.getDeviceId,Cfg,unknown; resolve against recorded oracle symbol dump,src_jsc/Core/Tools/Jsb.js:8,unknown,unknown,unknown,unknown,unknown,unknown,candidate observed statically; scene reachability unverified,Resources/assets/jsb_compat.js (current JS facade; per-method semantics unverified),UNRESOLVED,Recovered/native_api_inventory.json bridge_invokes,not yet selected,not run
JsbConnecter.invoke,Cfg.getDeviceMobile,Cfg,unknown; resolve against recorded oracle symbol dump,src_jsc/Core/Tools/Jsb.js:20,unknown,unknown,unknown,unknown,unknown,unknown,candidate observed statically; scene reachability unverified,Resources/assets/jsb_compat.js (current JS facade; per-method semantics unverified),UNRESOLVED,Recovered/native_api_inventory.json bridge_invokes,not yet selected,not run
JsbConnecter.invoke,Cfg.getDeviceNetwork,Cfg,unknown; resolve against recorded oracle symbol dump,src_jsc/Core/Tools/Jsb.js:32,unknown,unknown,unknown,unknown,unknown,unknown,candidate observed statically; scene reachability unverified,Resources/assets/jsb_compat.js (current JS facade; per-method semantics unverified),UNRESOLVED,Recovered/native_api_inventory.json bridge_invokes,not yet selected,not run
JsbConnecter.invoke,Cfg.getDeviceOS,Cfg,unknown; resolve against recorded oracle symbol dump,src_jsc/Core/Tools/Jsb.js:16,unknown,unknown,unknown,unknown,unknown,unknown,candidate observed statically; scene reachability unverified,Resources/assets/jsb_compat.js (current JS facade; per-method semantics unverified),UNRESOLVED,Recovered/native_api_inventory.json bridge_invokes,not yet selected,not run
JsbConnecter.invoke,Cfg.getDeviceOSVer,Cfg,unknown; resolve against recorded oracle symbol dump,src_jsc/Core/Tools/Jsb.js:24,unknown,unknown,unknown,unknown,unknown,unknown,candidate observed statically; scene reachability unverified,Resources/assets/jsb_compat.js (current JS facade; per-method semantics unverified),UNRESOLVED,Recovered/native_api_inventory.json bridge_invokes,not yet selected,not run
JsbConnecter.invoke,Cfg.getDevicePixel,Cfg,unknown; resolve against recorded oracle symbol dump,src_jsc/Core/Tools/Jsb.js:28,unknown,unknown,unknown,unknown,unknown,unknown,candidate observed statically; scene reachability unverified,Resources/assets/jsb_compat.js (current JS facade; per-method semantics unverified),UNRESOLVED,Recovered/native_api_inventory.json bridge_invokes,not yet selected,not run
JsbConnecter.invoke,Cfg.getDeviceType,Cfg,unknown; resolve against recorded oracle symbol dump,src_jsc/Core/Tools/Jsb.js:12,unknown,unknown,unknown,unknown,unknown,unknown,candidate observed statically; scene reachability unverified,Resources/assets/jsb_compat.js (current JS facade; per-method semantics unverified),UNRESOLVED,Recovered/native_api_inventory.json bridge_invokes,not yet selected,not run
JsbConnecter.invoke,Cfg.getIDFA,Cfg,unknown; resolve against recorded oracle symbol dump,src_jsc/Tools/Jsb.js:88,unknown,unknown,unknown,unknown,unknown,unknown,candidate observed statically; scene reachability unverified,Resources/assets/jsb_compat.js (current JS facade; per-method semantics unverified),UNRESOLVED,Recovered/native_api_inventory.json bridge_invokes,not yet selected,not run
JsbConnecter.invoke,Cfg.getMacAddress,Cfg,unknown; resolve against recorded oracle symbol dump,src_jsc/Tools/Jsb.js:92,unknown,unknown,unknown,unknown,unknown,unknown,candidate observed statically; scene reachability unverified,Resources/assets/jsb_compat.js (current JS facade; per-method semantics unverified),UNRESOLVED,Recovered/native_api_inventory.json bridge_invokes,not yet selected,not run
JsbConnecter.invoke,Cfg.getMacroStr,Cfg,unknown; resolve against recorded oracle symbol dump,src_jsc/Scene/Debug/DebugScene.js:99,unknown,unknown,unknown,unknown,unknown,unknown,candidate observed statically; scene reachability unverified,Resources/assets/jsb_compat.js (current JS facade; per-method semantics unverified),UNRESOLVED,Recovered/native_api_inventory.json bridge_invokes,not yet selected,not run
JsbConnecter.invoke,Cfg.getOpenUDID,Cfg,unknown; resolve against recorded oracle symbol dump,src_jsc/Tools/Jsb.js:84,unknown,unknown,unknown,unknown,unknown,unknown,candidate observed statically; scene reachability unverified,Resources/assets/jsb_compat.js (current JS facade; per-method semantics unverified),UNRESOLVED,Recovered/native_api_inventory.json bridge_invokes,not yet selected,not run
JsbConnecter.invoke,Cfg.getResPath,Cfg,unknown; resolve against recorded oracle symbol dump,src_jsc/main.js:34,unknown,unknown,unknown,unknown,unknown,unknown,candidate observed statically; scene reachability unverified,Resources/assets/jsb_compat.js (current JS facade; per-method semantics unverified),UNRESOLVED,Recovered/native_api_inventory.json bridge_invokes,not yet selected,not run
JsbConnecter.invoke,Cfg.getResScaleTag,Cfg,unknown; resolve against recorded oracle symbol dump,src_jsc/main.js:19,unknown,unknown,unknown,unknown,unknown,unknown,candidate observed statically; scene reachability unverified,Resources/assets/jsb_compat.js (current JS facade; per-method semantics unverified),UNRESOLVED,Recovered/native_api_inventory.json bridge_invokes,not yet selected,not run
JsbConnecter.invoke,Cfg.getVersionCode,Cfg,unknown; resolve against recorded oracle symbol dump,src_jsc/Tools/Jsb.js:69,unknown,unknown,unknown,unknown,unknown,unknown,candidate observed statically; scene reachability unverified,Resources/assets/jsb_compat.js (current JS facade; per-method semantics unverified),UNRESOLVED,Recovered/native_api_inventory.json bridge_invokes,not yet selected,not run
JsbConnecter.invoke,Cfg.getVersionName,Cfg,unknown; resolve against recorded oracle symbol dump,src_jsc/Tools/Jsb.js:61,unknown,unknown,unknown,unknown,unknown,unknown,candidate observed statically; scene reachability unverified,Resources/assets/jsb_compat.js (current JS facade; per-method semantics unverified),UNRESOLVED,Recovered/native_api_inventory.json bridge_invokes,not yet selected,not run
JsbConnecter.invoke,Cfg.mkdir,Cfg,unknown; resolve against recorded oracle symbol dump,src_jsc/Core/Tools/Jsb.js:40;src_jsc/Models/HD.js:19;src_jsc/Tools/Jsb.js:122;src_jsc/Tools/Net.js:1507;src_jsc/Tools/Net.js:1509;src_jsc/Tools/Net.js:1511;src_jsc/Tools/Net.js:1513;src_jsc/Tools/Net.js:1515;src_jsc/Tools/Net.js:1601;src_jsc/Tools/Net.js:1603;src_jsc/Tools/Net.js:1605;src_jsc/Tools/Net.js:1607,unknown,unknown,unknown,unknown,unknown,unknown,candidate observed statically; scene reachability unverified,Resources/assets/jsb_compat.js (current JS facade; per-method semantics unverified),UNRESOLVED,Recovered/native_api_inventory.json bridge_invokes,not yet selected,not run
JsbConnecter.invoke,Cfg.unZipFile,Cfg,unknown; resolve against recorded oracle symbol dump,src_jsc/Tools/Net.js:1544;src_jsc/Tools/Net.js:1634,unknown,unknown,unknown,unknown,unknown,unknown,candidate observed statically; scene reachability unverified,Resources/assets/jsb_compat.js (current JS facade; per-method semantics unverified),UNRESOLVED,Recovered/native_api_inventory.json bridge_invokes,not yet selected,not run
JsbConnecter.invoke,Debug.dumpSpriteFrameCache,Debug,unknown; resolve against recorded oracle symbol dump,src_jsc/Tools/Sys.js:143,unknown,unknown,unknown,unknown,unknown,unknown,candidate observed statically; scene reachability unverified,Resources/assets/jsb_compat.js (current JS facade; per-method semantics unverified),UNRESOLVED,Recovered/native_api_inventory.json bridge_invokes,not yet selected,not run
JsbConnecter.invoke,Director.getFrameSize,Director,unknown; resolve against recorded oracle symbol dump,src_jsc/main.js:21,unknown,unknown,unknown,unknown,unknown,unknown,candidate observed statically; scene reachability unverified,Resources/assets/jsb_compat.js (current JS facade; per-method semantics unverified),UNRESOLVED,Recovered/native_api_inventory.json bridge_invokes,not yet selected,not run
JsbConnecter.invoke,EasySdkMgr.getModuleVersion,EasySdkMgr,unknown; resolve against recorded oracle symbol dump,src_jsc/Tools/Jsb.js:171,unknown,unknown,unknown,unknown,unknown,unknown,candidate observed statically; scene reachability unverified,Resources/assets/jsb_compat.js (current JS facade; per-method semantics unverified),UNRESOLVED,Recovered/native_api_inventory.json bridge_invokes,not yet selected,not run
JsbConnecter.invoke,Feedback.enter,Feedback,unknown; resolve against recorded oracle symbol dump,src_jsc/Scene/Setting/SettingScene.js:435,unknown,unknown,unknown,unknown,unknown,unknown,candidate observed statically; scene reachability unverified,Resources/assets/jsb_compat.js (current JS facade; per-method semantics unverified),UNRESOLVED,Recovered/native_api_inventory.json bridge_invokes,not yet selected,not run
JsbConnecter.invoke,Get3rdChName.Get3rdChName,Get3rdChName,unknown; resolve against recorded oracle symbol dump,src_jsc/Views/Table/ChargeItemTableView.js:170;src_jsc/Views/Table/ChargeItemTableView.js:47,unknown,unknown,unknown,unknown,unknown,unknown,candidate observed statically; scene reachability unverified,Resources/assets/jsb_compat.js (current JS facade; per-method semantics unverified),UNRESOLVED,Recovered/native_api_inventory.json bridge_invokes,not yet selected,not run
JsbConnecter.invoke,GlobalMethod.exitGame,GlobalMethod,unknown; resolve against recorded oracle symbol dump,src_jsc/AnySdk/AnySdkCallback.js:27;src_jsc/AnySdk/AnySdkCallback.js:85,unknown,unknown,unknown,unknown,unknown,unknown,candidate observed statically; scene reachability unverified,Resources/assets/jsb_compat.js (current JS facade; per-method semantics unverified),UNRESOLVED,Recovered/native_api_inventory.json bridge_invokes,not yet selected,not run
JsbConnecter.invoke,GlobalMethod.exitGameWithUserClick,GlobalMethod,unknown; resolve against recorded oracle symbol dump,src_jsc/cpp2jsb.js:233,unknown,unknown,unknown,unknown,unknown,unknown,candidate observed statically; scene reachability unverified,Resources/assets/jsb_compat.js (current JS facade; per-method semantics unverified),UNRESOLVED,Recovered/native_api_inventory.json bridge_invokes,not yet selected,not run
JsbConnecter.invoke,GlobalMethod.getGeTuiCID,GlobalMethod,unknown; resolve against recorded oracle symbol dump,src_jsc/Tools/Net.js:1695,unknown,unknown,unknown,unknown,unknown,unknown,candidate observed statically; scene reachability unverified,Resources/assets/jsb_compat.js (current JS facade; per-method semantics unverified),UNRESOLVED,Recovered/native_api_inventory.json bridge_invokes,not yet selected,not run
JsbConnecter.invoke,GlobalMethod.showMessageBox_Android,GlobalMethod,unknown; resolve against recorded oracle symbol dump,src_jsc/AnySdk/AnySdkCallback.js:146;src_jsc/AnySdk/AnySdkCallback.js:152;src_jsc/AnySdk/AnySdkCallback.js:41,unknown,unknown,unknown,unknown,unknown,unknown,candidate observed statically; scene reachability unverified,Resources/assets/jsb_compat.js (current JS facade; per-method semantics unverified),UNRESOLVED,Recovered/native_api_inventory.json bridge_invokes,not yet selected,not run
JsbConnecter.invoke,GlobalMethod.visitStore,GlobalMethod,unknown; resolve against recorded oracle symbol dump,src_jsc/Core/Tools/Jsb.js:52,unknown,unknown,unknown,unknown,unknown,unknown,candidate observed statically; scene reachability unverified,Resources/assets/jsb_compat.js (current JS facade; per-method semantics unverified),UNRESOLVED,Recovered/native_api_inventory.json bridge_invokes,not yet selected,not run
JsbConnecter.invoke,GlobalMethod.visitUrl,GlobalMethod,unknown; resolve against recorded oracle symbol dump,src_jsc/Core/Tools/Jsb.js:48,unknown,unknown,unknown,unknown,unknown,unknown,candidate observed statically; scene reachability unverified,Resources/assets/jsb_compat.js (current JS facade; per-method semantics unverified),UNRESOLVED,Recovered/native_api_inventory.json bridge_invokes,not yet selected,not run
JsbConnecter.invoke,Kefu.onActionWithService,Kefu,unknown; resolve against recorded oracle symbol dump,src_jsc/main.js:271,unknown,unknown,unknown,unknown,unknown,unknown,candidate observed statically; scene reachability unverified,Resources/assets/jsb_compat.js (current JS facade; per-method semantics unverified),UNRESOLVED,Recovered/native_api_inventory.json bridge_invokes,not yet selected,not run
JsbConnecter.invoke,Log.SGSCQLog_SendLogToUMENG,Log,unknown; resolve against recorded oracle symbol dump,src_jsc/Debug/Logger.js:110,unknown,unknown,unknown,unknown,unknown,unknown,candidate observed statically; scene reachability unverified,Resources/assets/jsb_compat.js (current JS facade; per-method semantics unverified),UNRESOLVED,Recovered/native_api_inventory.json bridge_invokes,not yet selected,not run
JsbConnecter.invoke,Log.SGSCQLog_SetLogFileName,Log,unknown; resolve against recorded oracle symbol dump,src_jsc/Debug/Logger.js:88,unknown,unknown,unknown,unknown,unknown,unknown,candidate observed statically; scene reachability unverified,Resources/assets/jsb_compat.js (current JS facade; per-method semantics unverified),UNRESOLVED,Recovered/native_api_inventory.json bridge_invokes,not yet selected,not run
JsbConnecter.invoke,Log.SGSCQLog_SetLowestPriority,Log,unknown; resolve against recorded oracle symbol dump,src_jsc/Debug/Logger.js:21,unknown,unknown,unknown,unknown,unknown,unknown,candidate observed statically; scene reachability unverified,Resources/assets/jsb_compat.js (current JS facade; per-method semantics unverified),UNRESOLVED,Recovered/native_api_inventory.json bridge_invokes,not yet selected,not run
JsbConnecter.invoke,Platform.getBuildTarget,Platform,unknown; resolve against recorded oracle symbol dump,src_jsc/Tools/Jsb.js:37,unknown,unknown,unknown,unknown,unknown,unknown,candidate observed statically; scene reachability unverified,Resources/assets/jsb_compat.js (current JS facade; per-method semantics unverified),UNRESOLVED,Recovered/native_api_inventory.json bridge_invokes,not yet selected,not run
JsbConnecter.invoke,Share.savePhoto,Share,unknown; resolve against recorded oracle symbol dump,src_jsc/Views/HDShowViews.js:126,unknown,unknown,unknown,unknown,unknown,unknown,candidate observed statically; scene reachability unverified,Resources/assets/jsb_compat.js (current JS facade; per-method semantics unverified),UNRESOLVED,Recovered/native_api_inventory.json bridge_invokes,not yet selected,not run
JsbConnecter.invoke,Share.setWallPaper,Share,unknown; resolve against recorded oracle symbol dump,src_jsc/Views/HDShowViews.js:100,unknown,unknown,unknown,unknown,unknown,unknown,candidate observed statically; scene reachability unverified,Resources/assets/jsb_compat.js (current JS facade; per-method semantics unverified),UNRESOLVED,Recovered/native_api_inventory.json bridge_invokes,not yet selected,not run
JsbConnecter.invoke,Share.shareToSina,Share,unknown; resolve against recorded oracle symbol dump,src_jsc/Views/HDShowViews.js:60,unknown,unknown,unknown,unknown,unknown,unknown,candidate observed statically; scene reachability unverified,Resources/assets/jsb_compat.js (current JS facade; per-method semantics unverified),UNRESOLVED,Recovered/native_api_inventory.json bridge_invokes,not yet selected,not run
JsbConnecter.invoke,Share.shareToWX,Share,unknown; resolve against recorded oracle symbol dump,src_jsc/Views/HDShowViews.js:77,unknown,unknown,unknown,unknown,unknown,unknown,candidate observed statically; scene reachability unverified,Resources/assets/jsb_compat.js (current JS facade; per-method semantics unverified),UNRESOLVED,Recovered/native_api_inventory.json bridge_invokes,not yet selected,not run
JsbConnecter.invoke,SpriteFrameCache.releaseSpriteFramesWithFile,SpriteFrameCache,unknown; resolve against recorded oracle symbol dump,src_jsc/Factorys/Sprite.js:177,unknown,unknown,unknown,unknown,unknown,unknown,candidate observed statically; scene reachability unverified,Resources/assets/jsb_compat.js (current JS facade; per-method semantics unverified),UNRESOLVED,Recovered/native_api_inventory.json bridge_invokes,not yet selected,not run
JsbConnecter.invoke,SpriteFrameCache.retainSpriteFramesWithFile,SpriteFrameCache,unknown; resolve against recorded oracle symbol dump,src_jsc/Factorys/Sprite.js:140,unknown,unknown,unknown,unknown,unknown,unknown,candidate observed statically; scene reachability unverified,Resources/assets/jsb_compat.js (current JS facade; per-method semantics unverified),UNRESOLVED,Recovered/native_api_inventory.json bridge_invokes,not yet selected,not run
JsbConnecter.invoke,Statistic.reportLog,Statistic,unknown; resolve against recorded oracle symbol dump,src_jsc/Tools/Statistic.js:162,unknown,unknown,unknown,unknown,unknown,unknown,candidate observed statically; scene reachability unverified,Resources/assets/jsb_compat.js (current JS facade; per-method semantics unverified),UNRESOLVED,Recovered/native_api_inventory.json bridge_invokes,not yet selected,not run
JsbConnecter.invoke,Statistic.statistic,Statistic,unknown; resolve against recorded oracle symbol dump,src_jsc/Tools/Statistic.js:67;src_jsc/Tools/Statistic.js:80;src_jsc/Utils/Statistic.js:112;src_jsc/Utils/Statistic.js:117;src_jsc/Utils/Statistic.js:122;src_jsc/Utils/Statistic.js:127;src_jsc/Utils/Statistic.js:132;src_jsc/Utils/Statistic.js:137;src_jsc/Utils/Statistic.js:142;src_jsc/Utils/Statistic.js:147,unknown,unknown,unknown,unknown,unknown,unknown,candidate observed statically; scene reachability unverified,Resources/assets/jsb_compat.js (current JS facade; per-method semantics unverified),UNRESOLVED,Recovered/native_api_inventory.json bridge_invokes,not yet selected,not run
JsbConnecter.invoke,StatisticV2.event,StatisticV2,unknown; resolve against recorded oracle symbol dump,src_jsc/Core/Tools/Statistic.js:17,unknown,unknown,unknown,unknown,unknown,unknown,candidate observed statically; scene reachability unverified,Resources/assets/jsb_compat.js (current JS facade; per-method semantics unverified),UNRESOLVED,Recovered/native_api_inventory.json bridge_invokes,not yet selected,not run
JsbConnecter.invoke,TalkingDataAppCpaHelp.getAppKey,TalkingDataAppCpaHelp,unknown; resolve against recorded oracle symbol dump,src_jsc/Tools/Jsb.js:96,unknown,unknown,unknown,unknown,unknown,unknown,candidate observed statically; scene reachability unverified,Resources/assets/jsb_compat.js (current JS facade; per-method semantics unverified),UNRESOLVED,Recovered/native_api_inventory.json bridge_invokes,not yet selected,not run
JsbConnecter.invoke,TalkingDataAppCpaHelp.onCustEventWithIdx,TalkingDataAppCpaHelp,unknown; resolve against recorded oracle symbol dump,src_jsc/Tools/TalkingDataAppCpa.js:35,unknown,unknown,unknown,unknown,unknown,unknown,candidate observed statically; scene reachability unverified,Resources/assets/jsb_compat.js (current JS facade; per-method semantics unverified),UNRESOLVED,Recovered/native_api_inventory.json bridge_invokes,not yet selected,not run
JsbConnecter.invoke,TalkingDataAppCpaHelp.onLogin,TalkingDataAppCpaHelp,unknown; resolve against recorded oracle symbol dump,src_jsc/Tools/TalkingDataAppCpa.js:20,unknown,unknown,unknown,unknown,unknown,unknown,candidate observed statically; scene reachability unverified,Resources/assets/jsb_compat.js (current JS facade; per-method semantics unverified),UNRESOLVED,Recovered/native_api_inventory.json bridge_invokes,not yet selected,not run
JsbConnecter.invoke,TalkingDataAppCpaHelp.onPay,TalkingDataAppCpaHelp,unknown; resolve against recorded oracle symbol dump,src_jsc/Tools/TalkingDataAppCpa.js:31,unknown,unknown,unknown,unknown,unknown,unknown,candidate observed statically; scene reachability unverified,Resources/assets/jsb_compat.js (current JS facade; per-method semantics unverified),UNRESOLVED,Recovered/native_api_inventory.json bridge_invokes,not yet selected,not run
JsbConnecter.invoke,TalkingDataAppCpaHelp.onRegister,TalkingDataAppCpaHelp,unknown; resolve against recorded oracle symbol dump,src_jsc/Tools/TalkingDataAppCpa.js:12,unknown,unknown,unknown,unknown,unknown,unknown,candidate observed statically; scene reachability unverified,Resources/assets/jsb_compat.js (current JS facade; per-method semantics unverified),UNRESOLVED,Recovered/native_api_inventory.json bridge_invokes,not yet selected,not run
JsbConnecter.invoke,TestinHelp.setUserInfo,TestinHelp,unknown; resolve against recorded oracle symbol dump,src_jsc/Scene/Login/headers.js:26;src_jsc/Scene/Login/headers.js:29,unknown,unknown,unknown,unknown,unknown,unknown,candidate observed statically; scene reachability unverified,Resources/assets/jsb_compat.js (current JS facade; per-method semantics unverified),UNRESOLVED,Recovered/native_api_inventory.json bridge_invokes,not yet selected,not run
JsbConnecter.invoke,ThirdSdk.doThirdAction,ThirdSdk,unknown; resolve against recorded oracle symbol dump,src_jsc/Scene/Setting/SettingScene.js:244;src_jsc/Scene/Setting/SettingScene.js:486;src_jsc/Views/Dialog/FGLoginDialog.js:100;src_jsc/Views/Dialog/FGLoginDialog.js:104;src_jsc/Views/Dialog/FGLoginDialog.js:59;src_jsc/Views/Dialog/FGLoginDialog.js:71;src_jsc/Views/Dialog/FGLoginDialog.js:75;src_jsc/Views/Dialog/FGLoginDialog.js:88,unknown,unknown,unknown,unknown,unknown,unknown,candidate observed statically; scene reachability unverified,Resources/assets/jsb_compat.js (current JS facade; per-method semantics unverified),UNRESOLVED,Recovered/native_api_inventory.json bridge_invokes,not yet selected,not run
JsbConnecter.invoke,ThirdSdk.isLogined,ThirdSdk,unknown; resolve against recorded oracle symbol dump,src_jsc/Scene/Login/LoginScene_ThirdGuestSdk.js:181;src_jsc/Scene/Login/LoginScene_ThirdGuestSdk.js:213;src_jsc/Scene/Login/LoginScene_ThirdGuestSdk.js:313;src_jsc/Scene/Login/LoginScene_ThirdSdk.js:208;src_jsc/Scene/Login/LoginScene_ThirdSdk.js:240;src_jsc/Scene/Login/LoginScene_ThirdSdk.js:311;src_jsc/Scene/Login/LoginScene_ThirdSdk.js:333;src_jsc/Tools/Jsb.js:144;src_jsc/Views/Dialog/FGLoginDialog.js:56;src_jsc/Views/Dialog/FGLoginDialog.js:85,unknown,unknown,unknown,unknown,unknown,unknown,candidate observed statically; scene reachability unverified,Resources/assets/jsb_compat.js (current JS facade; per-method semantics unverified),UNRESOLVED,Recovered/native_api_inventory.json bridge_invokes,not yet selected,not run
JsbConnecter.invoke,ThirdSdk.isSupportFunction,ThirdSdk,unknown; resolve against recorded oracle symbol dump,src_jsc/Scene/Login/LoginScene_ThirdGuestSdk.js:118;src_jsc/Scene/Login/LoginScene_ThirdGuestSdk.js:120;src_jsc/Scene/Login/LoginScene_ThirdSdk.js:135;src_jsc/Tools/Jsb.js:152;src_jsc/Views/Dialog/FGLoginDialog.js:66;src_jsc/Views/Dialog/FGLoginDialog.js:68;src_jsc/Views/Dialog/FGLoginDialog.js:95;src_jsc/Views/Dialog/FGLoginDialog.js:97,unknown,unknown,unknown,unknown,unknown,unknown,candidate observed statically; scene reachability unverified,Resources/assets/jsb_compat.js (current JS facade; per-method semantics unverified),UNRESOLVED,Recovered/native_api_inventory.json bridge_invokes,not yet selected,not run
JsbConnecter.invoke,ThirdSdk.login,ThirdSdk,unknown; resolve against recorded oracle symbol dump,src_jsc/Scene/Login/LoginScene_ThirdGuestSdk.js:318;src_jsc/Scene/Login/LoginScene_ThirdSdk.js:336;src_jsc/Scene/Setting/SettingScene.js:494;src_jsc/Tools/Jsb.js:139,unknown,unknown,unknown,unknown,unknown,unknown,candidate observed statically; scene reachability unverified,Resources/assets/jsb_compat.js (current JS facade; per-method semantics unverified),UNRESOLVED,Recovered/native_api_inventory.json bridge_invokes,not yet selected,not run
JsbConnecter.invoke,ThirdSdk.thirdSubMitInfo,ThirdSdk,unknown; resolve against recorded oracle symbol dump,src_jsc/Scene/Login/headers.js:39;src_jsc/Tools/Jsb.js:156,unknown,unknown,unknown,unknown,unknown,unknown,candidate observed statically; scene reachability unverified,Resources/assets/jsb_compat.js (current JS facade; per-method semantics unverified),UNRESOLVED,Recovered/native_api_inventory.json bridge_invokes,not yet selected,not run
JsbConnecter.invoke,Thirdpay.third_pay,Thirdpay,unknown; resolve against recorded oracle symbol dump,src_jsc/Views/Table/ChargeItemTableView.js:288;src_jsc/Views/Table/ChargeItemTableView.js:318,unknown,unknown,unknown,unknown,unknown,unknown,candidate observed statically; scene reachability unverified,Resources/assets/jsb_compat.js (current JS facade; per-method semantics unverified),UNRESOLVED,Recovered/native_api_inventory.json bridge_invokes,not yet selected,not run
JsbConnecter.invoke,Trie.queryString,Trie,unknown; resolve against recorded oracle symbol dump,src_jsc/Tools/UI.js:530;src_jsc/Tools/UI.js:555;src_jsc/Tools/UI.js:601;src_jsc/Tools/UI.js:626,unknown,unknown,unknown,unknown,unknown,unknown,candidate observed statically; scene reachability unverified,Resources/assets/jsb_compat.js (current JS facade; per-method semantics unverified),UNRESOLVED,Recovered/native_api_inventory.json bridge_invokes,not yet selected,not run
JsbConnecter.invoke,Trie.setTrie,Trie,unknown; resolve against recorded oracle symbol dump,src_jsc/Tools/Jsb.js:117,unknown,unknown,unknown,unknown,unknown,unknown,candidate observed statically; scene reachability unverified,Resources/assets/jsb_compat.js (current JS facade; per-method semantics unverified),UNRESOLVED,Recovered/native_api_inventory.json bridge_invokes,not yet selected,not run
JsbConnecter.invoke,UserInfo.,UserInfo,unknown; resolve against recorded oracle symbol dump,src_jsc/Profile/GameData/common.js:322;src_jsc/Scene/Login/headers.js:97;src_jsc/Views/Dialog/SpecificDialog.js:872;src_jsc/cpp2jsb.js:252,unknown,unknown,unknown,unknown,unknown,unknown,candidate observed statically; scene reachability unverified,Resources/assets/jsb_compat.js (current JS facade; per-method semantics unverified),UNRESOLVED,Recovered/native_api_inventory.json bridge_invokes,not yet selected,not run
JsbConnecter.invoke,Utils.deleteDir,Utils,unknown; resolve against recorded oracle symbol dump,src_jsc/Core/Utils/headers.js:263;src_jsc/Utils/FileSys.js:28,unknown,unknown,unknown,unknown,unknown,unknown,candidate observed statically; scene reachability unverified,Resources/assets/jsb_compat.js (current JS facade; per-method semantics unverified),UNRESOLVED,Recovered/native_api_inventory.json bridge_invokes,not yet selected,not run
JsbConnecter.invoke,Utils.getFileDataSize,Utils,unknown; resolve against recorded oracle symbol dump,src_jsc/Core/Utils/headers.js:257;src_jsc/Utils/FileSys.js:22,unknown,unknown,unknown,unknown,unknown,unknown,candidate observed statically; scene reachability unverified,Resources/assets/jsb_compat.js (current JS facade; per-method semantics unverified),UNRESOLVED,Recovered/native_api_inventory.json bridge_invokes,not yet selected,not run
JsbConnecter.invoke,Utils.md5file,Utils,unknown; resolve against recorded oracle symbol dump,src_jsc/Core/Tools/Jsb.js:93;src_jsc/Tools/Jsb.js:133,unknown,unknown,unknown,unknown,unknown,unknown,candidate observed statically; scene reachability unverified,Resources/assets/jsb_compat.js (current JS facade; per-method semantics unverified),UNRESOLVED,Recovered/native_api_inventory.json bridge_invokes,not yet selected,not run
cpp2jsb_callback,3rd_logoutSuccess,cpp2jsb,unknown; resolve against recorded oracle symbol dump,src_jsc/cpp2jsb.js:164,unknown,unknown,unknown,unknown,unknown,unknown,candidate observed statically; scene reachability unverified,Resources/assets/reconstructed/src_jsc/cpp2jsb.js; producer not yet mapped,UNRESOLVED,Recovered/native_api_inventory.json cpp2jsb_callbacks,not yet selected,not run
cpp2jsb_callback,BFbindMobileFail,cpp2jsb,unknown; resolve against recorded oracle symbol dump,src_jsc/cpp2jsb.js:411,unknown,unknown,unknown,unknown,unknown,unknown,candidate observed statically; scene reachability unverified,Resources/assets/reconstructed/src_jsc/cpp2jsb.js; producer not yet mapped,UNRESOLVED,Recovered/native_api_inventory.json cpp2jsb_callbacks,not yet selected,not run
cpp2jsb_callback,BFbindMobileSucess,cpp2jsb,unknown; resolve against recorded oracle symbol dump,src_jsc/cpp2jsb.js:195,unknown,unknown,unknown,unknown,unknown,unknown,candidate observed statically; scene reachability unverified,Resources/assets/reconstructed/src_jsc/cpp2jsb.js; producer not yet mapped,UNRESOLVED,Recovered/native_api_inventory.json cpp2jsb_callbacks,not yet selected,not run
cpp2jsb_callback,ali_pay,cpp2jsb,unknown; resolve against recorded oracle symbol dump,src_jsc/cpp2jsb.js:143;src_jsc/cpp2jsb.js:372,unknown,unknown,unknown,unknown,unknown,unknown,candidate observed statically; scene reachability unverified,Resources/assets/reconstructed/src_jsc/cpp2jsb.js; producer not yet mapped,UNRESOLVED,Recovered/native_api_inventory.json cpp2jsb_callbacks,not yet selected,not run
cpp2jsb_callback,and_Thirdsdk_login,cpp2jsb,unknown; resolve against recorded oracle symbol dump,src_jsc/cpp2jsb.js:330;src_jsc/cpp2jsb.js:95,unknown,unknown,unknown,unknown,unknown,unknown,candidate observed statically; scene reachability unverified,Resources/assets/reconstructed/src_jsc/cpp2jsb.js; producer not yet mapped,UNRESOLVED,Recovered/native_api_inventory.json cpp2jsb_callbacks,not yet selected,not run
cpp2jsb_callback,and_ali_pay,cpp2jsb,unknown; resolve against recorded oracle symbol dump,src_jsc/cpp2jsb.js:144;src_jsc/cpp2jsb.js:373,unknown,unknown,unknown,unknown,unknown,unknown,candidate observed statically; scene reachability unverified,Resources/assets/reconstructed/src_jsc/cpp2jsb.js; producer not yet mapped,UNRESOLVED,Recovered/native_api_inventory.json cpp2jsb_callbacks,not yet selected,not run
cpp2jsb_callback,and_bfsdk_login,cpp2jsb,unknown; resolve against recorded oracle symbol dump,src_jsc/cpp2jsb.js:266;src_jsc/cpp2jsb.js:76,unknown,unknown,unknown,unknown,unknown,unknown,candidate observed statically; scene reachability unverified,Resources/assets/reconstructed/src_jsc/cpp2jsb.js; producer not yet mapped,UNRESOLVED,Recovered/native_api_inventory.json cpp2jsb_callbacks,not yet selected,not run
cpp2jsb_callback,and_bfsdk_register,cpp2jsb,unknown; resolve against recorded oracle symbol dump,src_jsc/cpp2jsb.js:119;src_jsc/cpp2jsb.js:353,unknown,unknown,unknown,unknown,unknown,unknown,candidate observed statically; scene reachability unverified,Resources/assets/reconstructed/src_jsc/cpp2jsb.js; producer not yet mapped,UNRESOLVED,Recovered/native_api_inventory.json cpp2jsb_callbacks,not yet selected,not run
cpp2jsb_callback,anySdk_onClickExit,cpp2jsb,unknown; resolve against recorded oracle symbol dump,src_jsc/cpp2jsb.js:223,unknown,unknown,unknown,unknown,unknown,unknown,candidate observed statically; scene reachability unverified,Resources/assets/reconstructed/src_jsc/cpp2jsb.js; producer not yet mapped,UNRESOLVED,Recovered/native_api_inventory.json cpp2jsb_callbacks,not yet selected,not run
cpp2jsb_callback,anySdk_onDestroy,cpp2jsb,unknown; resolve against recorded oracle symbol dump,src_jsc/cpp2jsb.js:236,unknown,unknown,unknown,unknown,unknown,unknown,candidate observed statically; scene reachability unverified,Resources/assets/reconstructed/src_jsc/cpp2jsb.js; producer not yet mapped,UNRESOLVED,Recovered/native_api_inventory.json cpp2jsb_callbacks,not yet selected,not run
cpp2jsb_callback,anysdk_accountSwitchSuccess,cpp2jsb,unknown; resolve against recorded oracle symbol dump,src_jsc/cpp2jsb.js:168,unknown,unknown,unknown,unknown,unknown,unknown,candidate observed statically; scene reachability unverified,Resources/assets/reconstructed/src_jsc/cpp2jsb.js; producer not yet mapped,UNRESOLVED,Recovered/native_api_inventory.json cpp2jsb_callbacks,not yet selected,not run
cpp2jsb_callback,anysdk_loginCancel,cpp2jsb,unknown; resolve against recorded oracle symbol dump,src_jsc/cpp2jsb.js:176,unknown,unknown,unknown,unknown,unknown,unknown,candidate observed statically; scene reachability unverified,Resources/assets/reconstructed/src_jsc/cpp2jsb.js; producer not yet mapped,UNRESOLVED,Recovered/native_api_inventory.json cpp2jsb_callbacks,not yet selected,not run
cpp2jsb_callback,anysdk_loginFail,cpp2jsb,unknown; resolve against recorded oracle symbol dump,src_jsc/cpp2jsb.js:306,unknown,unknown,unknown,unknown,unknown,unknown,candidate observed statically; scene reachability unverified,Resources/assets/reconstructed/src_jsc/cpp2jsb.js; producer not yet mapped,UNRESOLVED,Recovered/native_api_inventory.json cpp2jsb_callbacks,not yet selected,not run
cpp2jsb_callback,anysdk_logoutSuccess,cpp2jsb,unknown; resolve against recorded oracle symbol dump,src_jsc/cpp2jsb.js:160,unknown,unknown,unknown,unknown,unknown,unknown,candidate observed statically; scene reachability unverified,Resources/assets/reconstructed/src_jsc/cpp2jsb.js; producer not yet mapped,UNRESOLVED,Recovered/native_api_inventory.json cpp2jsb_callbacks,not yet selected,not run
cpp2jsb_callback,anysdk_payFaild,cpp2jsb,unknown; resolve against recorded oracle symbol dump,src_jsc/cpp2jsb.js:375,unknown,unknown,unknown,unknown,unknown,unknown,candidate observed statically; scene reachability unverified,Resources/assets/reconstructed/src_jsc/cpp2jsb.js; producer not yet mapped,UNRESOLVED,Recovered/native_api_inventory.json cpp2jsb_callbacks,not yet selected,not run
cpp2jsb_callback,anysdk_paySuccess,cpp2jsb,unknown; resolve against recorded oracle symbol dump,src_jsc/cpp2jsb.js:146,unknown,unknown,unknown,unknown,unknown,unknown,candidate observed statically; scene reachability unverified,Resources/assets/reconstructed/src_jsc/cpp2jsb.js; producer not yet mapped,UNRESOLVED,Recovered/native_api_inventory.json cpp2jsb_callbacks,not yet selected,not run
cpp2jsb_callback,appStore_checkTransaction,cpp2jsb,unknown; resolve against recorded oracle symbol dump,src_jsc/cpp2jsb.js:205,unknown,unknown,unknown,unknown,unknown,unknown,candidate observed statically; scene reachability unverified,Resources/assets/reconstructed/src_jsc/cpp2jsb.js; producer not yet mapped,UNRESOLVED,Recovered/native_api_inventory.json cpp2jsb_callbacks,not yet selected,not run
cpp2jsb_callback,errorDialog,cpp2jsb,unknown; resolve against recorded oracle symbol dump,src_jsc/cpp2jsb.js:112,unknown,unknown,unknown,unknown,unknown,unknown,candidate observed statically; scene reachability unverified,Resources/assets/reconstructed/src_jsc/cpp2jsb.js; producer not yet mapped,UNRESOLVED,Recovered/native_api_inventory.json cpp2jsb_callbacks,not yet selected,not run
cpp2jsb_callback,game_exit,cpp2jsb,unknown; resolve against recorded oracle symbol dump,src_jsc/cpp2jsb.js:246,unknown,unknown,unknown,unknown,unknown,unknown,candidate observed statically; scene reachability unverified,Resources/assets/reconstructed/src_jsc/cpp2jsb.js; producer not yet mapped,UNRESOLVED,Recovered/native_api_inventory.json cpp2jsb_callbacks,not yet selected,not run
cpp2jsb_callback,getSmsCaptchaFail,cpp2jsb,unknown; resolve against recorded oracle symbol dump,src_jsc/cpp2jsb.js:396,unknown,unknown,unknown,unknown,unknown,unknown,candidate observed statically; scene reachability unverified,Resources/assets/reconstructed/src_jsc/cpp2jsb.js; producer not yet mapped,UNRESOLVED,Recovered/native_api_inventory.json cpp2jsb_callbacks,not yet selected,not run
cpp2jsb_callback,getSmsCaptchaSuccess,cpp2jsb,unknown; resolve against recorded oracle symbol dump,src_jsc/cpp2jsb.js:184,unknown,unknown,unknown,unknown,unknown,unknown,candidate observed statically; scene reachability unverified,Resources/assets/reconstructed/src_jsc/cpp2jsb.js; producer not yet mapped,UNRESOLVED,Recovered/native_api_inventory.json cpp2jsb_callbacks,not yet selected,not run
cpp2jsb_callback,google_payFaild,cpp2jsb,unknown; resolve against recorded oracle symbol dump,src_jsc/cpp2jsb.js:376,unknown,unknown,unknown,unknown,unknown,unknown,candidate observed statically; scene reachability unverified,Resources/assets/reconstructed/src_jsc/cpp2jsb.js; producer not yet mapped,UNRESOLVED,Recovered/native_api_inventory.json cpp2jsb_callbacks,not yet selected,not run
cpp2jsb_callback,google_paySuccess,cpp2jsb,unknown; resolve against recorded oracle symbol dump,src_jsc/cpp2jsb.js:147,unknown,unknown,unknown,unknown,unknown,unknown,candidate observed statically; scene reachability unverified,Resources/assets/reconstructed/src_jsc/cpp2jsb.js; producer not yet mapped,UNRESOLVED,Recovered/native_api_inventory.json cpp2jsb_callbacks,not yet selected,not run
cpp2jsb_callback,ios_BFbindMobileFail,cpp2jsb,unknown; resolve against recorded oracle symbol dump,src_jsc/cpp2jsb.js:410,unknown,unknown,unknown,unknown,unknown,unknown,candidate observed statically; scene reachability unverified,Resources/assets/reconstructed/src_jsc/cpp2jsb.js; producer not yet mapped,UNRESOLVED,Recovered/native_api_inventory.json cpp2jsb_callbacks,not yet selected,not run
cpp2jsb_callback,ios_BFbindMobileSucess,cpp2jsb,unknown; resolve against recorded oracle symbol dump,src_jsc/cpp2jsb.js:194,unknown,unknown,unknown,unknown,unknown,unknown,candidate observed statically; scene reachability unverified,Resources/assets/reconstructed/src_jsc/cpp2jsb.js; producer not yet mapped,UNRESOLVED,Recovered/native_api_inventory.json cpp2jsb_callbacks,not yet selected,not run
cpp2jsb_callback,ios_ali_pay,cpp2jsb,unknown; resolve against recorded oracle symbol dump,src_jsc/cpp2jsb.js:145;src_jsc/cpp2jsb.js:374,unknown,unknown,unknown,unknown,unknown,unknown,candidate observed statically; scene reachability unverified,Resources/assets/reconstructed/src_jsc/cpp2jsb.js; producer not yet mapped,UNRESOLVED,Recovered/native_api_inventory.json cpp2jsb_callbacks,not yet selected,not run
cpp2jsb_callback,ios_bfsdk_login,cpp2jsb,unknown; resolve against recorded oracle symbol dump,src_jsc/cpp2jsb.js:265;src_jsc/cpp2jsb.js:75,unknown,unknown,unknown,unknown,unknown,unknown,candidate observed statically; scene reachability unverified,Resources/assets/reconstructed/src_jsc/cpp2jsb.js; producer not yet mapped,UNRESOLVED,Recovered/native_api_inventory.json cpp2jsb_callbacks,not yet selected,not run
cpp2jsb_callback,ios_bfsdk_register,cpp2jsb,unknown; resolve against recorded oracle symbol dump,src_jsc/cpp2jsb.js:118;src_jsc/cpp2jsb.js:352,unknown,unknown,unknown,unknown,unknown,unknown,candidate observed statically; scene reachability unverified,Resources/assets/reconstructed/src_jsc/cpp2jsb.js; producer not yet mapped,UNRESOLVED,Recovered/native_api_inventory.json cpp2jsb_callbacks,not yet selected,not run
cpp2jsb_callback,ios_getSmsCaptchaFail,cpp2jsb,unknown; resolve against recorded oracle symbol dump,src_jsc/cpp2jsb.js:395,unknown,unknown,unknown,unknown,unknown,unknown,candidate observed statically; scene reachability unverified,Resources/assets/reconstructed/src_jsc/cpp2jsb.js; producer not yet mapped,UNRESOLVED,Recovered/native_api_inventory.json cpp2jsb_callbacks,not yet selected,not run
cpp2jsb_callback,ios_getSmsCaptchaSuccess,cpp2jsb,unknown; resolve against recorded oracle symbol dump,src_jsc/cpp2jsb.js:183,unknown,unknown,unknown,unknown,unknown,unknown,candidate observed statically; scene reachability unverified,Resources/assets/reconstructed/src_jsc/cpp2jsb.js; producer not yet mapped,UNRESOLVED,Recovered/native_api_inventory.json cpp2jsb_callbacks,not yet selected,not run
cpp2jsb_callback,logoutSuccessAndShowTipsSuccess,cpp2jsb,unknown; resolve against recorded oracle symbol dump,src_jsc/cpp2jsb.js:240,unknown,unknown,unknown,unknown,unknown,unknown,candidate observed statically; scene reachability unverified,Resources/assets/reconstructed/src_jsc/cpp2jsb.js; producer not yet mapped,UNRESOLVED,Recovered/native_api_inventory.json cpp2jsb_callbacks,not yet selected,not run
js_member_candidate,cc.ACTION_TAG_INVALID,cc,unknown; resolve against recorded oracle symbol dump,src_jsc/Core/Cocos2d-x/jsb_cocos2d_constants.js:73,unknown,unknown,unknown,unknown,unknown,unknown,candidate observed statically; scene reachability unverified,stock Cocos/JSB binding or project JS; exact binding not resolved,UNRESOLVED,Recovered/native_api_inventory.json member_uses; reconstructed JS is approximate,not yet selected,not run
js_member_candidate,cc.ANIMATION_FRAME_DISPLAYED_NOTIFICATION,cc,unknown; resolve against recorded oracle symbol dump,src_jsc/Core/Cocos2d-x/jsb_cocos2d_constants.js:291,unknown,unknown,unknown,unknown,unknown,unknown,candidate observed statically; scene reachability unverified,stock Cocos/JSB binding or project JS; exact binding not resolved,UNRESOLVED,Recovered/native_api_inventory.json member_uses; reconstructed JS is approximate,not yet selected,not run
js_member_candidate,cc.ATTRIBUTE_NAME_COLOR,cc,unknown; resolve against recorded oracle symbol dump,src_jsc/Core/Cocos2d-x/jsb_cocos2d_constants.js:295,unknown,unknown,unknown,unknown,unknown,unknown,candidate observed statically; scene reachability unverified,stock Cocos/JSB binding or project JS; exact binding not resolved,UNRESOLVED,Recovered/native_api_inventory.json member_uses; reconstructed JS is approximate,not yet selected,not run
js_member_candidate,cc.ATTRIBUTE_NAME_POSITION,cc,unknown; resolve against recorded oracle symbol dump,src_jsc/Core/Cocos2d-x/jsb_cocos2d_constants.js:297,unknown,unknown,unknown,unknown,unknown,unknown,candidate observed statically; scene reachability unverified,stock Cocos/JSB binding or project JS; exact binding not resolved,UNRESOLVED,Recovered/native_api_inventory.json member_uses; reconstructed JS is approximate,not yet selected,not run
js_member_candidate,cc.ATTRIBUTE_NAME_TEX_COORD,cc,unknown; resolve against recorded oracle symbol dump,src_jsc/Core/Cocos2d-x/jsb_cocos2d_constants.js:299,unknown,unknown,unknown,unknown,unknown,unknown,candidate observed statically; scene reachability unverified,stock Cocos/JSB binding or project JS; exact binding not resolved,UNRESOLVED,Recovered/native_api_inventory.json member_uses; reconstructed JS is approximate,not yet selected,not run
js_member_candidate,cc.Action.clone,cc,unknown; resolve against recorded oracle symbol dump,src_jsc/Core/Cocos2d-x/jsb_deprecated.js:29,unknown,unknown,unknown,unknown,unknown,unknown,candidate observed statically; scene reachability unverified,stock Cocos/JSB binding or project JS; exact binding not resolved,UNRESOLVED,Recovered/native_api_inventory.json member_uses; reconstructed JS is approximate,not yet selected,not run
js_member_candidate,cc.Action.copy,cc,unknown; resolve against recorded oracle symbol dump,src_jsc/Core/Cocos2d-x/jsb_deprecated.js:29,unknown,unknown,unknown,unknown,unknown,unknown,candidate observed statically; scene reachability unverified,stock Cocos/JSB binding or project JS; exact binding not resolved,UNRESOLVED,Recovered/native_api_inventory.json member_uses; reconstructed JS is approximate,not yet selected,not run
js_member_candidate,cc.Action.prototype.clone.apply,cc,unknown; resolve against recorded oracle symbol dump,src_jsc/Core/Cocos2d-x/jsb_deprecated.js:31,unknown,unknown,unknown,unknown,unknown,unknown,candidate observed statically; scene reachability unverified,stock Cocos/JSB binding or project JS; exact binding not resolved,UNRESOLVED,Recovered/native_api_inventory.json member_uses; reconstructed JS is approximate,not yet selected,not run
js_member_candidate,cc.Action.prototype.copy,cc,unknown; resolve against recorded oracle symbol dump,src_jsc/Core/Cocos2d-x/jsb_deprecated.js:24,unknown,unknown,unknown,unknown,unknown,unknown,candidate observed statically; scene reachability unverified,stock Cocos/JSB binding or project JS; exact binding not resolved,UNRESOLVED,Recovered/native_api_inventory.json member_uses; reconstructed JS is approximate,not yet selected,not run
js_member_candidate,cc.Animate.create,cc,unknown; resolve against recorded oracle symbol dump,src_jsc/Factorys/Animate.js:34;src_jsc/Factorys/Skill/Item/Timeline.js:228,unknown,unknown,unknown,unknown,unknown,unknown,candidate observed statically; scene reachability unverified,stock Cocos/JSB binding or project JS; exact binding not resolved,UNRESOLVED,Recovered/native_api_inventory.json member_uses; reconstructed JS is approximate,not yet selected,not run
js_member_candidate,cc.Animation.clone,cc,unknown; resolve against recorded oracle symbol dump,src_jsc/Core/Cocos2d-x/jsb_deprecated.js:39,unknown,unknown,unknown,unknown,unknown,unknown,candidate observed statically; scene reachability unverified,stock Cocos/JSB binding or project JS; exact binding not resolved,UNRESOLVED,Recovered/native_api_inventory.json member_uses; reconstructed JS is approximate,not yet selected,not run
js_member_candidate,cc.Animation.copy,cc,unknown; resolve against recorded oracle symbol dump,src_jsc/Core/Cocos2d-x/jsb_deprecated.js:39,unknown,unknown,unknown,unknown,unknown,unknown,candidate observed statically; scene reachability unverified,stock Cocos/JSB binding or project JS; exact binding not resolved,UNRESOLVED,Recovered/native_api_inventory.json member_uses; reconstructed JS is approximate,not yet selected,not run
js_member_candidate,cc.Animation.create,cc,unknown; resolve against recorded oracle symbol dump,src_jsc/Factorys/Animate.js:18,unknown,unknown,unknown,unknown,unknown,unknown,candidate observed statically; scene reachability unverified,stock Cocos/JSB binding or project JS; exact binding not resolved,UNRESOLVED,Recovered/native_api_inventory.json member_uses; reconstructed JS is approximate,not yet selected,not run
js_member_candidate,cc.Animation.prototype.clone.apply,cc,unknown; resolve against recorded oracle symbol dump,src_jsc/Core/Cocos2d-x/jsb_deprecated.js:41,unknown,unknown,unknown,unknown,unknown,unknown,candidate observed statically; scene reachability unverified,stock Cocos/JSB binding or project JS; exact binding not resolved,UNRESOLVED,Recovered/native_api_inventory.json member_uses; reconstructed JS is approximate,not yet selected,not run
js_member_candidate,cc.Animation.prototype.copy,cc,unknown; resolve against recorded oracle symbol dump,src_jsc/Core/Cocos2d-x/jsb_deprecated.js:34,unknown,unknown,unknown,unknown,unknown,unknown,candidate observed statically; scene reachability unverified,stock Cocos/JSB binding or project JS; exact binding not resolved,UNRESOLVED,Recovered/native_api_inventory.json member_uses; reconstructed JS is approximate,not yet selected,not run
js_member_candidate,cc.AnimationCache.destroyInstance,cc,unknown; resolve against recorded oracle symbol dump,src_jsc/Core/Cocos2d-x/jsb_deprecated.js:19;src_jsc/Core/Cocos2d-x/jsb_deprecated.js:21,unknown,unknown,unknown,unknown,unknown,unknown,candidate observed statically; scene reachability unverified,stock Cocos/JSB binding or project JS; exact binding not resolved,UNRESOLVED,Recovered/native_api_inventory.json member_uses; reconstructed JS is approximate,not yet selected,not run
js_member_candidate,cc.AnimationCache.purgeSharedAnimationCache,cc,unknown; resolve against recorded oracle symbol dump,src_jsc/Core/Cocos2d-x/jsb_deprecated.js:17;src_jsc/Core/Cocos2d-x/jsb_deprecated.js:19,unknown,unknown,unknown,unknown,unknown,unknown,candidate observed statically; scene reachability unverified,stock Cocos/JSB binding or project JS; exact binding not resolved,UNRESOLVED,Recovered/native_api_inventory.json member_uses; reconstructed JS is approximate,not yet selected,not run
js_member_candidate,cc.Armature,cc,unknown; resolve against recorded oracle symbol dump,src_jsc/Libs/Views/Armature/BaseArmature.js:15,unknown,unknown,unknown,unknown,unknown,unknown,candidate observed statically; scene reachability unverified,stock Cocos/JSB binding or project JS; exact binding not resolved,UNRESOLVED,Recovered/native_api_inventory.json member_uses; reconstructed JS is approximate,not yet selected,not run
js_member_candidate,cc.Armature.create,cc,unknown; resolve against recorded oracle symbol dump,src_jsc/Factorys/Armature.js:109,unknown,unknown,unknown,unknown,unknown,unknown,candidate observed statically; scene reachability unverified,stock Cocos/JSB binding or project JS; exact binding not resolved,UNRESOLVED,Recovered/native_api_inventory.json member_uses; reconstructed JS is approximate,not yet selected,not run
js_member_candidate,cc.ArmatureDataManager,cc,unknown; resolve against recorded oracle symbol dump,src_jsc/Libs/Views/Armature/alias.js:5,unknown,unknown,unknown,unknown,unknown,unknown,candidate observed statically; scene reachability unverified,stock Cocos/JSB binding or project JS; exact binding not resolved,UNRESOLVED,Recovered/native_api_inventory.json member_uses; reconstructed JS is approximate,not yet selected,not run
js_member_candidate,cc.ArmatureDataManager.getInstance,cc,unknown; resolve against recorded oracle symbol dump,src_jsc/Factorys/Armature.js:37;src_jsc/Factorys/Armature.js:49;src_jsc/Factorys/Armature.js:66,unknown,unknown,unknown,unknown,unknown,unknown,candidate observed statically; scene reachability unverified,stock Cocos/JSB binding or project JS; exact binding not resolved,UNRESOLVED,Recovered/native_api_inventory.json member_uses; reconstructed JS is approximate,not yet selected,not run
js_member_candidate,cc.ArmatureDataManager.purge,cc,unknown; resolve against recorded oracle symbol dump,src_jsc/Tools/Sys.js:73,unknown,unknown,unknown,unknown,unknown,unknown,candidate observed statically; scene reachability unverified,stock Cocos/JSB binding or project JS; exact binding not resolved,UNRESOLVED,Recovered/native_api_inventory.json member_uses; reconstructed JS is approximate,not yet selected,not run
js_member_candidate,cc.ArrayContainsObject,cc,unknown; resolve against recorded oracle symbol dump,src_jsc/Core/Cocos2d-x/jsb_cocos2d.js:648;src_jsc/Core/Cocos2d-x/jsb_cocos2d_studio.js:605,unknown,unknown,unknown,unknown,unknown,unknown,candidate observed statically; scene reachability unverified,stock Cocos/JSB binding or project JS; exact binding not resolved,UNRESOLVED,Recovered/native_api_inventory.json member_uses; reconstructed JS is approximate,not yet selected,not run
js_member_candidate,cc.ArrayGetIndexOfObject,cc,unknown; resolve against recorded oracle symbol dump,src_jsc/Core/Cocos2d-x/jsb_cocos2d.js:632;src_jsc/Core/Cocos2d-x/jsb_cocos2d.js:650,unknown,unknown,unknown,unknown,unknown,unknown,candidate observed statically; scene reachability unverified,stock Cocos/JSB binding or project JS; exact binding not resolved,UNRESOLVED,Recovered/native_api_inventory.json member_uses; reconstructed JS is approximate,not yet selected,not run
js_member_candidate,cc.ArrayRemoveArray,cc,unknown; resolve against recorded oracle symbol dump,src_jsc/Core/Cocos2d-x/CCNotificationCenter.js:64,unknown,unknown,unknown,unknown,unknown,unknown,candidate observed statically; scene reachability unverified,stock Cocos/JSB binding or project JS; exact binding not resolved,UNRESOLVED,Recovered/native_api_inventory.json member_uses; reconstructed JS is approximate,not yet selected,not run
js_member_candidate,cc.ArrayRemoveObject,cc,unknown; resolve against recorded oracle symbol dump,src_jsc/Core/Cocos2d-x/jsb_cocos2d.js:653,unknown,unknown,unknown,unknown,unknown,unknown,candidate observed statically; scene reachability unverified,stock Cocos/JSB binding or project JS; exact binding not resolved,UNRESOLVED,Recovered/native_api_inventory.json member_uses; reconstructed JS is approximate,not yet selected,not run
js_member_candidate,cc.AudioEngine.end,cc,unknown; resolve against recorded oracle symbol dump,src_jsc/Audio/Engine.js:152,unknown,unknown,unknown,unknown,unknown,unknown,candidate observed statically; scene reachability unverified,stock Cocos/JSB binding or project JS; exact binding not resolved,UNRESOLVED,Recovered/native_api_inventory.json member_uses; reconstructed JS is approximate,not yet selected,not run
js_member_candidate,cc.AudioEngine.getInstance,cc,unknown; resolve against recorded oracle symbol dump,src_jsc/Audio/Engine.js:124;src_jsc/Audio/Engine.js:134;src_jsc/Audio/Engine.js:142;src_jsc/Audio/Engine.js:163;src_jsc/Audio/Engine.js:17;src_jsc/Audio/Engine.js:41;src_jsc/Audio/Engine.js:45;src_jsc/Audio/Engine.js:59;src_jsc/Audio/Engine.js:98,unknown,unknown,unknown,unknown,unknown,unknown,candidate observed statically; scene reachability unverified,stock Cocos/JSB binding or project JS; exact binding not resolved,UNRESOLVED,Recovered/native_api_inventory.json member_uses; reconstructed JS is approximate,not yet selected,not run
js_member_candidate,cc.BLACK,cc,unknown; resolve against recorded oracle symbol dump,src_jsc/Core/Cocos2d-x/jsb_cocos2d.js:157,unknown,unknown,unknown,unknown,unknown,unknown,candidate observed statically; scene reachability unverified,stock Cocos/JSB binding or project JS; exact binding not resolved,UNRESOLVED,Recovered/native_api_inventory.json member_uses; reconstructed JS is approximate,not yet selected,not run
js_member_candidate,cc.BLEND_DST,cc,unknown; resolve against recorded oracle symbol dump,src_jsc/Core/Cocos2d-x/jsb_cocos2d_constants.js:25,unknown,unknown,unknown,unknown,unknown,unknown,candidate observed statically; scene reachability unverified,stock Cocos/JSB binding or project JS; exact binding not resolved,UNRESOLVED,Recovered/native_api_inventory.json member_uses; reconstructed JS is approximate,not yet selected,not run
js_member_candidate,cc.BLEND_SRC,cc,unknown; resolve against recorded oracle symbol dump,src_jsc/Core/Cocos2d-x/jsb_cocos2d_constants.js:27,unknown,unknown,unknown,unknown,unknown,unknown,candidate observed statically; scene reachability unverified,stock Cocos/JSB binding or project JS; exact binding not resolved,UNRESOLVED,Recovered/native_api_inventory.json member_uses; reconstructed JS is approximate,not yet selected,not run
js_member_candidate,cc.BLUE,cc,unknown; resolve against recorded oracle symbol dump,src_jsc/Core/Cocos2d-x/jsb_cocos2d.js:155,unknown,unknown,unknown,unknown,unknown,unknown,candidate observed statically; scene reachability unverified,stock Cocos/JSB binding or project JS; exact binding not resolved,UNRESOLVED,Recovered/native_api_inventory.json member_uses; reconstructed JS is approximate,not yet selected,not run
js_member_candidate,cc.BezierBy.create,cc,unknown; resolve against recorded oracle symbol dump,src_jsc/Factorys/Skill/Item/Timeline.js:246,unknown,unknown,unknown,unknown,unknown,unknown,candidate observed statically; scene reachability unverified,stock Cocos/JSB binding or project JS; exact binding not resolved,UNRESOLVED,Recovered/native_api_inventory.json member_uses; reconstructed JS is approximate,not yet selected,not run
js_member_candidate,cc.Blink.create,cc,unknown; resolve against recorded oracle symbol dump,src_jsc/Views/SkillRefining/SkillRefiningLayer.js:250,unknown,unknown,unknown,unknown,unknown,unknown,candidate observed statically; scene reachability unverified,stock Cocos/JSB binding or project JS; exact binding not resolved,UNRESOLVED,Recovered/native_api_inventory.json member_uses; reconstructed JS is approximate,not yet selected,not run
js_member_candidate,cc.BuilderReader,cc,unknown; resolve against recorded oracle symbol dump,src_jsc/Core/Cocos2d-x/jsb_cocosbuilder.js:7,unknown,unknown,unknown,unknown,unknown,unknown,candidate observed statically; scene reachability unverified,stock Cocos/JSB binding or project JS; exact binding not resolved,UNRESOLVED,Recovered/native_api_inventory.json member_uses; reconstructed JS is approximate,not yet selected,not run
js_member_candidate,cc.BuilderReader._resourcePath,cc,unknown; resolve against recorded oracle symbol dump,src_jsc/Core/Cocos2d-x/jsb_cocosbuilder.js:15;src_jsc/Core/Cocos2d-x/jsb_cocosbuilder.js:23;src_jsc/Core/Cocos2d-x/jsb_cocosbuilder.js:9;src_jsc/Libs/CCExt.js:18,unknown,unknown,unknown,unknown,unknown,unknown,candidate observed statically; scene reachability unverified,stock Cocos/JSB binding or project JS; exact binding not resolved,UNRESOLVED,Recovered/native_api_inventory.json member_uses; reconstructed JS is approximate,not yet selected,not run
js_member_candidate,cc.BuilderReader.load,cc,unknown; resolve against recorded oracle symbol dump,src_jsc/Core/Cocos2d-x/jsb_cocosbuilder.js:18;src_jsc/Core/Cocos2d-x/jsb_cocosbuilder.js:194;src_jsc/Views/ChatContentLayer.js:73;src_jsc/Views/Dialog/AgaSurrenderDialog.js:56;src_jsc/Views/Dialog/AwakeConfirmDialog.js:41;src_jsc/Views/Dialog/BeautyShopDialog.js:255;src_jsc/Views/Dialog/BecomeStrongerDialog.js:279;src_jsc/Views/Dialog/ChargeDialog.js:13;src_jsc/Views/Dialog/ChargePrivilegeDialog.js:67;src_jsc/Views/Dialog/ChatDialog.js:22;src_jsc/Views/Dialog/DailyTaskDialog.js:29;src_jsc/Views/Dialog/DuanWuDialog.js:261;src_jsc/Views/Dialog/FirstChargeDialog.js:14;src_jsc/Views/Dialog/GeneralPreviewDialog.js:21;src_jsc/Views/Dialog/JiFenDuiHuanDialog.js:259;src_jsc/Views/Dialog/LabourlDialog.js:259;src_jsc/Views/Dialog/MemorialDialog.js:259;src_jsc/Views/Dialog/MysteryStoreDialog.js:325;src_jsc/Views/Dialog/PlantTreeDlg.js:237;src_jsc/Views/Dialog/PublicCopyDialog.js:263;src_jsc/Views/Dialog/SpecificDialog.js:221;src_jsc/Views/Dialog/SpiritStoneDialog.js:231;src_jsc/Views/Dialog/UsrUpgradeWillOpen.js:32;src_jsc/Views/Gems/GemsPunchView.js:130;src_jsc/Views/Gems/GemsSophisticationView.js:149;src_jsc/Views/Gems/GemsSophisticationView.js:167;src_jsc/Views/InterService/InterServiceRewardDialog.js:29;src_jsc/Views/InterService/InterServiceRewardPreviewDialog.js:48;src_jsc/Views/InterService/InterServiceWorshipView.js:40;src_jsc/Views/ProgressTimer/BlueProgressTimer.js:19;src_jsc/Views/Table/Cell/ChargeItemCell.js:18;src_jsc/Views/Table/Cell/TaskCell.js:55;src_jsc/Views/Table/Cell/UnionSearchTableViewCell.js:15;src_jsc/Views/Union/UnionCombatMainLayer.js:102;src_jsc/Views/Union/UnionCreate.js:23;src_jsc/Views/Union/UnionDialog.js:180;src_jsc/Views/Union/UnionDonationLayer.js:99;src_jsc/Views/Union/UnionInfoLayer.js:79;src_jsc/Views/Union/UnionSearch.js:21;src_jsc/Views/Union/UnionSearch.js:34;src_jsc/Views/Union/UnionShopLayer.js:238,unknown,unknown,unknown,unknown,unknown,unknown,candidate observed statically; scene reachability unverified,stock Cocos/JSB binding or project JS; exact binding not resolved,UNRESOLVED,Recovered/native_api_inventory.json member_uses; reconstructed JS is approximate,not yet selected,not run
js_member_candidate,cc.BuilderReader.loadAsScene,cc,unknown; resolve against recorded oracle symbol dump,src_jsc/Core/Cocos2d-x/jsb_cocosbuilder.js:191,unknown,unknown,unknown,unknown,unknown,unknown,candidate observed statically; scene reachability unverified,stock Cocos/JSB binding or project JS; exact binding not resolved,UNRESOLVED,Recovered/native_api_inventory.json member_uses; reconstructed JS is approximate,not yet selected,not run
js_member_candidate,cc.BuilderReader.setResourcePath,cc,unknown; resolve against recorded oracle symbol dump,src_jsc/Core/Cocos2d-x/jsb_cocosbuilder.js:13,unknown,unknown,unknown,unknown,unknown,unknown,candidate observed statically; scene reachability unverified,stock Cocos/JSB binding or project JS; exact binding not resolved,UNRESOLVED,Recovered/native_api_inventory.json member_uses; reconstructed JS is approximate,not yet selected,not run
js_member_candidate,cc.CHIPMUNK_IMPORT,cc,unknown; resolve against recorded oracle symbol dump,src_jsc/Core/Cocos2d-x/jsb_cocos2d_constants.js:293,unknown,unknown,unknown,unknown,unknown,unknown,candidate observed statically; scene reachability unverified,stock Cocos/JSB binding or project JS; exact binding not resolved,UNRESOLVED,Recovered/native_api_inventory.json member_uses; reconstructed JS is approximate,not yet selected,not run
js_member_candidate,cc.CONTROL_EVENT_TOTAL_NUMBER,cc,unknown; resolve against recorded oracle symbol dump,src_jsc/Core/Cocos2d-x/jsb_cocos2d_extension.js:55,unknown,unknown,unknown,unknown,unknown,unknown,candidate observed statically; scene reachability unverified,stock Cocos/JSB binding or project JS; exact binding not resolved,UNRESOLVED,Recovered/native_api_inventory.json member_uses; reconstructed JS is approximate,not yet selected,not run
js_member_candidate,cc.CONTROL_EVENT_TOUCH_CANCEL,cc,unknown; resolve against recorded oracle symbol dump,src_jsc/Core/Cocos2d-x/jsb_cocos2d_extension.js:71,unknown,unknown,unknown,unknown,unknown,unknown,candidate observed statically; scene reachability unverified,stock Cocos/JSB binding or project JS; exact binding not resolved,UNRESOLVED,Recovered/native_api_inventory.json member_uses; reconstructed JS is approximate,not yet selected,not run
js_member_candidate,cc.CONTROL_EVENT_TOUCH_DOWN,cc,unknown; resolve against recorded oracle symbol dump,src_jsc/Core/Cocos2d-x/jsb_cocos2d_extension.js:57;src_jsc/Libs/Views/Button/common.js:73,unknown,unknown,unknown,unknown,unknown,unknown,candidate observed statically; scene reachability unverified,stock Cocos/JSB binding or project JS; exact binding not resolved,UNRESOLVED,Recovered/native_api_inventory.json member_uses; reconstructed JS is approximate,not yet selected,not run
js_member_candidate,cc.CONTROL_EVENT_TOUCH_DRAG_ENTER,cc,unknown; resolve against recorded oracle symbol dump,src_jsc/Core/Cocos2d-x/jsb_cocos2d_extension.js:63,unknown,unknown,unknown,unknown,unknown,unknown,candidate observed statically; scene reachability unverified,stock Cocos/JSB binding or project JS; exact binding not resolved,UNRESOLVED,Recovered/native_api_inventory.json member_uses; reconstructed JS is approximate,not yet selected,not run
js_member_candidate,cc.CONTROL_EVENT_TOUCH_DRAG_EXIT,cc,unknown; resolve against recorded oracle symbol dump,src_jsc/Core/Cocos2d-x/jsb_cocos2d_extension.js:65,unknown,unknown,unknown,unknown,unknown,unknown,candidate observed statically; scene reachability unverified,stock Cocos/JSB binding or project JS; exact binding not resolved,UNRESOLVED,Recovered/native_api_inventory.json member_uses; reconstructed JS is approximate,not yet selected,not run
js_member_candidate,cc.CONTROL_EVENT_TOUCH_DRAG_INSIDE,cc,unknown; resolve against recorded oracle symbol dump,src_jsc/Core/Cocos2d-x/jsb_cocos2d_extension.js:59;src_jsc/Libs/Views/Button/common.js:79,unknown,unknown,unknown,unknown,unknown,unknown,candidate observed statically; scene reachability unverified,stock Cocos/JSB binding or project JS; exact binding not resolved,UNRESOLVED,Recovered/native_api_inventory.json member_uses; reconstructed JS is approximate,not yet selected,not run
js_member_candidate,cc.CONTROL_EVENT_TOUCH_DRAG_OUTSIDE,cc,unknown; resolve against recorded oracle symbol dump,src_jsc/Core/Cocos2d-x/jsb_cocos2d_extension.js:61;src_jsc/Libs/Views/Button/common.js:77,unknown,unknown,unknown,unknown,unknown,unknown,candidate observed statically; scene reachability unverified,stock Cocos/JSB binding or project JS; exact binding not resolved,UNRESOLVED,Recovered/native_api_inventory.json member_uses; reconstructed JS is approximate,not yet selected,not run
js_member_candidate,cc.CONTROL_EVENT_TOUCH_UP_INSIDE,cc,unknown; resolve against recorded oracle symbol dump,src_jsc/Core/Cocos2d-x/jsb_cocos2d_extension.js:67;src_jsc/Libs/Views/Button/common.js:171;src_jsc/Libs/Views/Button/common.js:185;src_jsc/Libs/Views/Button/common.js:192;src_jsc/Libs/Views/Button/common.js:75;src_jsc/Scene/Login/LoginScene_AnySdk.js:101;src_jsc/Scene/Login/LoginScene_AnySdk.js:87;src_jsc/Scene/Login/LoginScene_AnySdk.js:95;src_jsc/Scene/Login/LoginScene_BfSdk.js:74;src_jsc/Scene/Login/LoginScene_BfSdk.js:82;src_jsc/Scene/Login/LoginScene_BfSdk.js:90;src_jsc/Scene/Login/LoginScene_EasyGuestSdk.js:65;src_jsc/Scene/Login/LoginScene_EasyGuestSdk.js:73;src_jsc/Scene/Login/LoginScene_EasyGuestSdk.js:81;src_jsc/Scene/Login/LoginScene_EasySdk.js:70;src_jsc/Scene/Login/LoginScene_EasySdk.js:78;src_jsc/Scene/Login/LoginScene_EasySdk.js:84;src_jsc/Scene/Login/LoginScene_ThirdGuestSdk.js:79;src_jsc/Scene/Login/LoginScene_ThirdGuestSdk.js:87;src_jsc/Scene/Login/LoginScene_ThirdGuestSdk.js:93;src_jsc/Scene/Login/LoginScene_ThirdSdk.js:85;src_jsc/Scene/Login/LoginScene_ThirdSdk.js:93;src_jsc/Scene/Login/LoginScene_ThirdSdk.js:99;src_jsc/Scene/Social/SocialView.js:52;src_jsc/Views/EquipmentReinforceView.js:74;src_jsc/Views/EquipmentReinforceView.js:84;src_jsc/Views/SortController.js:32,unknown,unknown,unknown,unknown,unknown,unknown,candidate observed statically; scene reachability unverified,stock Cocos/JSB binding or project JS; exact binding not resolved,UNRESOLVED,Recovered/native_api_inventory.json member_uses; reconstructed JS is approximate,not yet selected,not run
js_member_candidate,cc.CONTROL_EVENT_TOUCH_UP_OUTSIDE,cc,unknown; resolve against recorded oracle symbol dump,src_jsc/Core/Cocos2d-x/jsb_cocos2d_extension.js:69;src_jsc/Libs/Views/Button/common.js:81,unknown,unknown,unknown,unknown,unknown,unknown,candidate observed statically; scene reachability unverified,stock Cocos/JSB binding or project JS; exact binding not resolved,UNRESOLVED,Recovered/native_api_inventory.json member_uses; reconstructed JS is approximate,not yet selected,not run
js_member_candidate,cc.CONTROL_EVENT_VALUECHANGED,cc,unknown; resolve against recorded oracle symbol dump,src_jsc/Core/Cocos2d-x/jsb_cocos2d_extension.js:73,unknown,unknown,unknown,unknown,unknown,unknown,candidate observed statically; scene reachability unverified,stock Cocos/JSB binding or project JS; exact binding not resolved,UNRESOLVED,Recovered/native_api_inventory.json member_uses; reconstructed JS is approximate,not yet selected,not run
js_member_candidate,cc.CONTROL_STATE_DISABLED,cc,unknown; resolve against recorded oracle symbol dump,src_jsc/Core/Cocos2d-x/jsb_cocos2d_extension.js:79;src_jsc/Libs/Views/Button/Factory.js:30;src_jsc/Libs/Views/Button/common.js:104;src_jsc/Libs/Views/Button/common.js:125;src_jsc/Libs/Views/Button/common.js:204;src_jsc/Libs/Views/Button/common.js:37;src_jsc/Tools/UI.js:298,unknown,unknown,unknown,unknown,unknown,unknown,candidate observed statically; scene reachability unverified,stock Cocos/JSB binding or project JS; exact binding not resolved,UNRESOLVED,Recovered/native_api_inventory.json member_uses; reconstructed JS is approximate,not yet selected,not run
js_member_candidate,cc.CONTROL_STATE_HIGHLIGHTED,cc,unknown; resolve against recorded oracle symbol dump,src_jsc/Core/Cocos2d-x/jsb_cocos2d_extension.js:77;src_jsc/Libs/Views/Button/Factory.js:29;src_jsc/Libs/Views/Button/common.js:123;src_jsc/Libs/Views/Button/common.js:202;src_jsc/Libs/Views/Button/common.js:31;src_jsc/Libs/Views/Button/common.js:98;src_jsc/Tools/UI.js:298,unknown,unknown,unknown,unknown,unknown,unknown,candidate observed statically; scene reachability unverified,stock Cocos/JSB binding or project JS; exact binding not resolved,UNRESOLVED,Recovered/native_api_inventory.json member_uses; reconstructed JS is approximate,not yet selected,not run
js_member_candidate,cc.CONTROL_STATE_INITIAL,cc,unknown; resolve against recorded oracle symbol dump,src_jsc/Core/Cocos2d-x/jsb_cocos2d_extension.js:83,unknown,unknown,unknown,unknown,unknown,unknown,candidate observed statically; scene reachability unverified,stock Cocos/JSB binding or project JS; exact binding not resolved,UNRESOLVED,Recovered/native_api_inventory.json member_uses; reconstructed JS is approximate,not yet selected,not run
js_member_candidate,cc.CONTROL_STATE_NORMAL,cc,unknown; resolve against recorded oracle symbol dump,src_jsc/Core/Cocos2d-x/jsb_cocos2d_extension.js:75;src_jsc/Libs/Views/Button/Factory.js:28;src_jsc/Libs/Views/Button/common.js:121;src_jsc/Libs/Views/Button/common.js:135;src_jsc/Libs/Views/Button/common.js:200;src_jsc/Libs/Views/Button/common.js:25;src_jsc/Libs/Views/Button/common.js:92;src_jsc/Tools/UI.js:298;src_jsc/Views/SortController.js:22;src_jsc/Views/TablePageView.js:193,unknown,unknown,unknown,unknown,unknown,unknown,candidate observed statically; scene reachability unverified,stock Cocos/JSB binding or project JS; exact binding not resolved,UNRESOLVED,Recovered/native_api_inventory.json member_uses; reconstructed JS is approximate,not yet selected,not run
js_member_candidate,cc.CONTROL_STATE_SELECTED,cc,unknown; resolve against recorded oracle symbol dump,src_jsc/Core/Cocos2d-x/jsb_cocos2d_extension.js:81;src_jsc/Libs/Views/Button/Factory.js:31;src_jsc/Libs/Views/Button/common.js:127,unknown,unknown,unknown,unknown,unknown,unknown,candidate observed statically; scene reachability unverified,stock Cocos/JSB binding or project JS; exact binding not resolved,UNRESOLVED,Recovered/native_api_inventory.json member_uses; reconstructed JS is approximate,not yet selected,not run
js_member_candidate,cc.CallFunc.create,cc,unknown; resolve against recorded oracle symbol dump,src_jsc/AnySdk/AnySdkCallback.js:203;src_jsc/AnySdk/AnySdkCallback.js:240;src_jsc/AnySdk/AnySdkCallback.js:267;src_jsc/AnySdk/AnySdkCallback.js:277;src_jsc/Core/Cocos2d-x/jsb_cocosbuilder.js:163;src_jsc/Core/Cocos2d-x/jsb_cocosbuilder.js:169;src_jsc/Factorys/Armature.js:161;src_jsc/Factorys/Armature.js:169;src_jsc/Factorys/Skill/Item/Item.js:430;src_jsc/Factorys/Skill/Item/Item.js:459;src_jsc/Factorys/Skill/Item/Item.js:500;src_jsc/Factorys/Skill/Item/Item.js:511;src_jsc/Factorys/Skill/Item/Timeline.js:184;src_jsc/Factorys/Skill/Part.js:320;src_jsc/Libs/CCExt.js:158;src_jsc/Libs/CCExt.js:164;src_jsc/Libs/Views/Armature/BaseArmature.js:172;src_jsc/Libs/Views/Armature/BaseArmature.js:202;src_jsc/Libs/Views/Armature/BaseArmature.js:254;src_jsc/Libs/Views/Armature/BaseArmature.js:276;src_jsc/Prototype/Node.js:28;src_jsc/Scene/Awake/AwakeBoxView.js:547;src_jsc/Scene/Awake/AwakeBoxView.js:622;src_jsc/Scene/Awake/AwakeBoxView.js:720;src_jsc/Scene/Awake/AwakeBoxView.js:726;src_jsc/Scene/Awake/AwakeBoxView.js:870;src_jsc/Scene/Awake/AwakeBoxView.js:945;src_jsc/Scene/Chaos/ChaosFight.js:122;src_jsc/Scene/Chaos/ChaosScene.js:67;src_jsc/Scene/Climb/StartBattleScene.js:18;src_jsc/Scene/Combat/CombatCardView.js:273;src_jsc/Scene/Combat/CombatCardView.js:275;src_jsc/Scene/Combat/CombatUpgradeScene.js:428;src_jsc/Scene/Develop/AlchemyView.js:111;src_jsc/Scene/Fight/FightScene.js:1015;src_jsc/Scene/Fight/FightScene.js:1173;src_jsc/Scene/Fight/FightScene.js:1231;src_jsc/Scene/Fight/FightScene.js:1287;src_jsc/Scene/Fight/FightScene.js:1317;src_jsc/Scene/Fight/FightScene.js:1908;src_jsc/Scene/Fight/FightScene.js:1924;src_jsc/Scene/Fight/FightScene.js:2121;src_jsc/Scene/Fight/FightScene.js:2130;src_jsc/Scene/Fight/FightScene.js:2147;src_jsc/Scene/Fight/FightScene.js:2156;src_jsc/Scene/Fight/FightScene.js:3142;src_jsc/Scene/Fight/FightScene.js:3229;src_jsc/Scene/Fight/FightScene.js:3267;src_jsc/Scene/Fight/FightScene.js:3378;src_jsc/Scene/Fight/FightScene.js:73;src_jsc/Scene/Fight/FightScene.js:854;src_jsc/Scene/Fight/FightScene.js:876;src_jsc/Scene/Fight/FightScene.js:882;src_jsc/Scene/Fight/FightScene.js:969;src_jsc/Scene/Fight/FightScene.js:985;src_jsc/Scene/FightChapter/DungeonView.js:207;src_jsc/Scene/GeneralSelect/GeneralSelectScene.js:207;src_jsc/Scene/Ladder/LadderCardShow.js:438;src_jsc/Scene/Ladder/LadderView.js:96;src_jsc/Scene/Main/MainMenuScene.js:343;src_jsc/Scene/Main/MainMenuScene.js:453;src_jsc/Scene/Main/MainMenuScene.js:457;src_jsc/Scene/NewPlayer/NewPlayerScene.js:79;src_jsc/Scene/NewPlayer/NewPlayerScene.js:98;src_jsc/Scene/Party/WishingScene.js:469;src_jsc/Scene/Store/ToastView.js:496;src_jsc/Scene/Store/ToastView.js:578;src_jsc/Scene/Store/ToastView.js:594;src_jsc/Scene/Store/ToastView.js:617;src_jsc/Scene/Store/ToastView.js:771;src_jsc/Scene/Store/ToastView.js:804;src_jsc/Scene/UnionWar/UnionWarFightScene.js:199;src_jsc/Scene/UnionWar/UnionWarFightScene.js:233;src_jsc/Utils/Node.js:398;src_jsc/Utils/Node.js:411;src_jsc/Utils/Node.js:442;src_jsc/Views/Card/Fight.js:165;src_jsc/Views/Card/Fight.js:188;src_jsc/Views/Card/Fight.js:207;src_jsc/Views/Card/Fight.js:237;src_jsc/Views/Card/Fight.js:286;src_jsc/Views/Card/Fight.js:325;src_jsc/Views/CardListView.js:410;src_jsc/Views/ClimbLadderPFKGView.js:164;src_jsc/Views/Dialog/Adventure.js:439;src_jsc/Views/Dialog/Adventure.js:448;src_jsc/Views/Dialog/CheckOrderDialog.js:178;src_jsc/Views/Dialog/EquipmentStrengthenDialog.js:406;src_jsc/Views/Dialog/EquipmentStrengthenDialog.js:412;src_jsc/Views/Dialog/SkillUpDialog.js:502;src_jsc/Views/Dialog/SkillUpDialog.js:514;src_jsc/Views/Dialog/SlotMachinesActivities.js:377;src_jsc/Views/Dialog/Story.js:137;src_jsc/Views/Dialog/Story.js:199;src_jsc/Views/Dialog/Story.js:217;src_jsc/Views/Dialog/Story.js:257;src_jsc/Views/GeneralCardShow.js:234;src_jsc/Views/GeneralPlayView.js:256;src_jsc/Views/GeneralPlayView.js:272;src_jsc/Views/GeneralPlayView.js:708;src_jsc/Views/GeneralPlayView.js:723;src_jsc/Views/HornView.js:102;src_jsc/Views/HungerLayer.js:224;src_jsc/Views/LoadingView.js:67;src_jsc/Views/Meridians/MeridiansMainView.js:258;src_jsc/Views/Meridians/PracticeMeridiansMainView.js:184;src_jsc/Views/Mgr.js:1039;src_jsc/Views/Mgr.js:1115;src_jsc/Views/Mgr.js:778;src_jsc/Views/Mgr.js:833;src_jsc/Views/Mgr.js:848;src_jsc/Views/Mgr.js:970;src_jsc/Views/MultiPagesMenuView.js:300;src_jsc/Views/MultiPagesMenuView.js:307;src_jsc/Views/MultiPagesMenuView.js:355;src_jsc/Views/MultiPagesMenuView.js:88;src_jsc/Views/QuickFight.js:210;src_jsc/Views/ReincarnationView.js:70;src_jsc/Views/SkillRefining/SkillRefiningLayer.js:284;src_jsc/Views/SortController.js:196;src_jsc/Views/Union/UnionDonationLayer.js:355;src_jsc/Views/UnionWarFightView.js:250;src_jsc/Views/UnionWarPlayerHeadFightView.js:142;src_jsc/Views/UnionWarPlayerHeadFightView.js:147;src_jsc/Views/UpgradeCard/BaseUpgradeCard.js:164;src_jsc/Views/UpgradeCard/BaseUpgradeCard.js:207;src_jsc/Views/UpgradeCard/BaseUpgradeCard.js:236;src_jsc/Views/UpgradeCard/BaseUpgradeCard.js:258;src_jsc/Views/UpgradeCard/BaseUpgradeCard.js:261;src_jsc/Views/UpgradeCard/BaseUpgradeCard.js:306;src_jsc/Views/UpgradeCard/CardAwakeView.js:68;src_jsc/cpp2jsb.js:103;src_jsc/cpp2jsb.js:125;src_jsc/cpp2jsb.js:151;src_jsc/cpp2jsb.js:188;src_jsc/cpp2jsb.js:199;src_jsc/cpp2jsb.js:213;src_jsc/cpp2jsb.js:274;src_jsc/cpp2jsb.js:317;src_jsc/cpp2jsb.js:336;src_jsc/cpp2jsb.js:359;src_jsc/cpp2jsb.js:382;src_jsc/cpp2jsb.js:402;src_jsc/cpp2jsb.js:417;src_jsc/cpp2jsb.js:86,unknown,unknown,unknown,unknown,unknown,unknown,candidate observed statically; scene reachability unverified,stock Cocos/JSB binding or project JS; exact binding not resolved,UNRESOLVED,Recovered/native_api_inventory.json member_uses; reconstructed JS is approximate,not yet selected,not run
js_member_candidate,cc.Class,cc,unknown; resolve against recorded oracle symbol dump,src_jsc/Core/Cocos2d-x/jsb_cocos2d.js:795;src_jsc/Core/Cocos2d-x/jsb_cocos2d_studio.js:9;src_jsc/Models/Fight/FightRoundList.js:10,unknown,unknown,unknown,unknown,unknown,unknown,candidate observed statically; scene reachability unverified,stock Cocos/JSB binding or project JS; exact binding not resolved,UNRESOLVED,Recovered/native_api_inventory.json member_uses; reconstructed JS is approximate,not yet selected,not run
js_member_candidate,cc.Class.extend,cc,unknown; resolve against recorded oracle symbol dump,src_jsc/Audio/Engine.js:5;src_jsc/Core/Cocos2d-x/CCNotificationCenter.js:118;src_jsc/Core/Cocos2d-x/CCNotificationCenter.js:7;src_jsc/Core/Cocos2d-x/jsb_cocos2d.js:1049;src_jsc/Core/Cocos2d-x/jsb_cocos2d.js:798;src_jsc/Core/Cocos2d-x/jsb_cocos2d.js:854;src_jsc/Core/Cocos2d-x/jsb_cocos2d.js:856;src_jsc/Core/Cocos2d-x/jsb_cocos2d.js:858;src_jsc/Core/Cocos2d-x/jsb_cocos2d.js:860;src_jsc/Core/Cocos2d-x/jsb_cocos2d.js:862;src_jsc/Core/Cocos2d-x/jsb_cocos2d.js:864;src_jsc/Core/Cocos2d-x/jsb_cocos2d.js:866;src_jsc/Core/Cocos2d-x/jsb_cocos2d.js:868;src_jsc/Core/Cocos2d-x/jsb_cocos2d.js:870;src_jsc/Core/Cocos2d-x/jsb_cocos2d_extension.js:121;src_jsc/Core/Cocos2d-x/jsb_cocos2d_extension.js:123;src_jsc/Core/Cocos2d-x/jsb_cocos2d_extension.js:125;src_jsc/Core/Cocos2d-x/jsb_cocos2d_extension.js:127;src_jsc/Core/Cocos2d-x/jsb_cocos2d_studio.js:142;src_jsc/Core/Cocos2d-x/jsb_cocos2d_studio.js:219;src_jsc/Core/Cocos2d-x/jsb_cocos2d_studio.js:221;src_jsc/Libs/Views/Button/common.js:5;src_jsc/Models/Add.js:47;src_jsc/Models/AddShowList.js:5;src_jsc/Models/Base.js:5;src_jsc/Models/BreachModel.js:5;src_jsc/Models/Chapter.js:9;src_jsc/Models/Chat.js:5;src_jsc/Models/ChatMessageManager.js:5;src_jsc/Models/CultureMedicine.js:5;src_jsc/Models/DailyAdventure.js:5;src_jsc/Models/DataWrapped.js:5;src_jsc/Models/Dungeon.js:25;src_jsc/Models/EquipmentExchange.js:5;src_jsc/Models/Feast.js:162;src_jsc/Models/Feast.js:259;src_jsc/Models/Feast.js:344;src_jsc/Models/Feast.js:447;src_jsc/Models/Feast.js:601;src_jsc/Models/Feast.js:655;src_jsc/Models/Feast.js:84;src_jsc/Models/Fight/FightInfo.js:275;src_jsc/Models/Fight/FightInfo.js:5;src_jsc/Models/Fight/FightRoundItem.js:5;src_jsc/Models/Fight/FightRoundList.js:5;src_jsc/Models/FightStoryItem.js:5;src_jsc/Models/GeneralTraining.js:11;src_jsc/Models/GeneralTraining.js:131;src_jsc/Models/Good.js:5;src_jsc/Models/HD.js:5;src_jsc/Models/HintModel.js:227;src_jsc/Models/HintModel.js:285;src_jsc/Models/HintModel.js:324;src_jsc/Models/HintModel.js:387;src_jsc/Models/HintModel.js:426;src_jsc/Models/HintModel.js:5;src_jsc/Models/LadderModel.js:5;src_jsc/Models/Mail.js:51;src_jsc/Models/OtherPlayerInfo.js:5;src_jsc/Models/ShowData.js:5;src_jsc/Models/Task.js:5;src_jsc/Models/TmpInfo/Achieve.js:5;src_jsc/Models/TmpInfo/Adventure.js:5;src_jsc/Models/TmpInfo/UsrUpgrade.js:5;src_jsc/Models/ToastModel.js:5;src_jsc/Models/ToastResult.js:5;src_jsc/Models/TreasureBox.js:5;src_jsc/Profile/GameData/Base.js:5;src_jsc/Profile/GameData/Index.js:5;src_jsc/Profile/GameData/Mgr.js:34;src_jsc/Profile/GameData/common.js:5;src_jsc/Scene/Climb/ClimbLadderScene.js:119;src_jsc/Scene/Climb/StartBattleScene.js:1123;src_jsc/Scene/SceneMgr.js:47;src_jsc/Tools/Net.js:5;src_jsc/Utils/Statistic.js:5;src_jsc/Utils/alias.js:27;src_jsc/Views/BaseView.js:5;src_jsc/Views/Button/Factory.js:5;src_jsc/Views/ClimbLadderPFKGView.js:625;src_jsc/Views/QueueTeamView.js:714;src_jsc/Views/Table/UnionLogTableView.js:5,unknown,unknown,unknown,unknown,unknown,unknown,candidate observed statically; scene reachability unverified,stock Cocos/JSB binding or project JS; exact binding not resolved,UNRESOLVED,Recovered/native_api_inventory.json member_uses; reconstructed JS is approximate,not yet selected,not run
js_member_candidate,cc.ClippingNode.create,cc,unknown; resolve against recorded oracle symbol dump,src_jsc/Views/RoundClippingNode.js:27;src_jsc/Views/SpriteClippingNode.js:25,unknown,unknown,unknown,unknown,unknown,unknown,candidate observed statically; scene reachability unverified,stock Cocos/JSB binding or project JS; exact binding not resolved,UNRESOLVED,Recovered/native_api_inventory.json member_uses; reconstructed JS is approximate,not yet selected,not run
js_member_candidate,cc.ControlButton,cc,unknown; resolve against recorded oracle symbol dump,src_jsc/Core/Cocos2d-x/jsb_cocosbuilder.js:117;src_jsc/Core/Cocos2d-x/jsb_cocosbuilder.js:47;src_jsc/Libs/CCExt.js:112;src_jsc/Libs/CCExt.js:42,unknown,unknown,unknown,unknown,unknown,unknown,candidate observed statically; scene reachability unverified,stock Cocos/JSB binding or project JS; exact binding not resolved,UNRESOLVED,Recovered/native_api_inventory.json member_uses; reconstructed JS is approximate,not yet selected,not run
js_member_candidate,cc.DEFAULT_PADDING,cc,unknown; resolve against recorded oracle symbol dump,src_jsc/Core/Cocos2d-x/jsb_cocos2d.js:173,unknown,unknown,unknown,unknown,unknown,unknown,candidate observed statically; scene reachability unverified,stock Cocos/JSB binding or project JS; exact binding not resolved,UNRESOLVED,Recovered/native_api_inventory.json member_uses; reconstructed JS is approximate,not yet selected,not run
js_member_candidate,cc.DEVICEI_PAD,cc,unknown; resolve against recorded oracle symbol dump,src_jsc/Core/Cocos2d-x/jsb_cocos2d_constants.js:79,unknown,unknown,unknown,unknown,unknown,unknown,candidate observed statically; scene reachability unverified,stock Cocos/JSB binding or project JS; exact binding not resolved,UNRESOLVED,Recovered/native_api_inventory.json member_uses; reconstructed JS is approximate,not yet selected,not run
js_member_candidate,cc.DEVICEI_PAD_RETINA_DISPLAY,cc,unknown; resolve against recorded oracle symbol dump,src_jsc/Core/Cocos2d-x/jsb_cocos2d_constants.js:81,unknown,unknown,unknown,unknown,unknown,unknown,candidate observed statically; scene reachability unverified,stock Cocos/JSB binding or project JS; exact binding not resolved,UNRESOLVED,Recovered/native_api_inventory.json member_uses; reconstructed JS is approximate,not yet selected,not run
js_member_candidate,cc.DEVICEI_PHONE,cc,unknown; resolve against recorded oracle symbol dump,src_jsc/Core/Cocos2d-x/jsb_cocos2d_constants.js:83,unknown,unknown,unknown,unknown,unknown,unknown,candidate observed statically; scene reachability unverified,stock Cocos/JSB binding or project JS; exact binding not resolved,UNRESOLVED,Recovered/native_api_inventory.json member_uses; reconstructed JS is approximate,not yet selected,not run
js_member_candidate,cc.DEVICEI_PHONE5,cc,unknown; resolve against recorded oracle symbol dump,src_jsc/Core/Cocos2d-x/jsb_cocos2d_constants.js:85,unknown,unknown,unknown,unknown,unknown,unknown,candidate observed statically; scene reachability unverified,stock Cocos/JSB binding or project JS; exact binding not resolved,UNRESOLVED,Recovered/native_api_inventory.json member_uses; reconstructed JS is approximate,not yet selected,not run
js_member_candidate,cc.DEVICEI_PHONE5_RETINA_DISPLAY,cc,unknown; resolve against recorded oracle symbol dump,src_jsc/Core/Cocos2d-x/jsb_cocos2d_constants.js:87,unknown,unknown,unknown,unknown,unknown,unknown,candidate observed statically; scene reachability unverified,stock Cocos/JSB binding or project JS; exact binding not resolved,UNRESOLVED,Recovered/native_api_inventory.json member_uses; reconstructed JS is approximate,not yet selected,not run
js_member_candidate,cc.DEVICEI_PHONE_RETINA_DISPLAY,cc,unknown; resolve against recorded oracle symbol dump,src_jsc/Core/Cocos2d-x/jsb_cocos2d_constants.js:89,unknown,unknown,unknown,unknown,unknown,unknown,candidate observed statically; scene reachability unverified,stock Cocos/JSB binding or project JS; exact binding not resolved,UNRESOLVED,Recovered/native_api_inventory.json member_uses; reconstructed JS is approximate,not yet selected,not run
js_member_candidate,cc.DEVICE_MAC,cc,unknown; resolve against recorded oracle symbol dump,src_jsc/Core/Cocos2d-x/jsb_cocos2d_constants.js:75,unknown,unknown,unknown,unknown,unknown,unknown,candidate observed statically; scene reachability unverified,stock Cocos/JSB binding or project JS; exact binding not resolved,UNRESOLVED,Recovered/native_api_inventory.json member_uses; reconstructed JS is approximate,not yet selected,not run
js_member_candidate,cc.DEVICE_MAC_RETINA_DISPLAY,cc,unknown; resolve against recorded oracle symbol dump,src_jsc/Core/Cocos2d-x/jsb_cocos2d_constants.js:77,unknown,unknown,unknown,unknown,unknown,unknown,candidate observed statically; scene reachability unverified,stock Cocos/JSB binding or project JS; exact binding not resolved,UNRESOLVED,Recovered/native_api_inventory.json member_uses; reconstructed JS is approximate,not yet selected,not run
js_member_candidate,cc.DIRECTOR_IOS_USE_BACKGROUND_THREAD,cc,unknown; resolve against recorded oracle symbol dump,src_jsc/Core/Cocos2d-x/jsb_cocos2d_constants.js:29,unknown,unknown,unknown,unknown,unknown,unknown,candidate observed statically; scene reachability unverified,stock Cocos/JSB binding or project JS; exact binding not resolved,UNRESOLVED,Recovered/native_api_inventory.json member_uses; reconstructed JS is approximate,not yet selected,not run
js_member_candidate,cc.DIRECTOR_MAC_THREAD,cc,unknown; resolve against recorded oracle symbol dump,src_jsc/Core/Cocos2d-x/jsb_cocos2d_constants.js:31,unknown,unknown,unknown,unknown,unknown,unknown,candidate observed statically; scene reachability unverified,stock Cocos/JSB binding or project JS; exact binding not resolved,UNRESOLVED,Recovered/native_api_inventory.json member_uses; reconstructed JS is approximate,not yet selected,not run
js_member_candidate,cc.DIRECTOR_PROJECTION2_D,cc,unknown; resolve against recorded oracle symbol dump,src_jsc/Core/Cocos2d-x/jsb_cocos2d_constants.js:91,unknown,unknown,unknown,unknown,unknown,unknown,candidate observed statically; scene reachability unverified,stock Cocos/JSB binding or project JS; exact binding not resolved,UNRESOLVED,Recovered/native_api_inventory.json member_uses; reconstructed JS is approximate,not yet selected,not run
js_member_candidate,cc.DIRECTOR_PROJECTION3_D,cc,unknown; resolve against recorded oracle symbol dump,src_jsc/Core/Cocos2d-x/jsb_cocos2d_constants.js:93,unknown,unknown,unknown,unknown,unknown,unknown,candidate observed statically; scene reachability unverified,stock Cocos/JSB binding or project JS; exact binding not resolved,UNRESOLVED,Recovered/native_api_inventory.json member_uses; reconstructed JS is approximate,not yet selected,not run
js_member_candidate,cc.DIRECTOR_PROJECTION_2D,cc,unknown; resolve against recorded oracle symbol dump,src_jsc/Core/Cocos2d-x/jsb_cocos2d.js:71,unknown,unknown,unknown,unknown,unknown,unknown,candidate observed statically; scene reachability unverified,stock Cocos/JSB binding or project JS; exact binding not resolved,UNRESOLVED,Recovered/native_api_inventory.json member_uses; reconstructed JS is approximate,not yet selected,not run
js_member_candidate,cc.DIRECTOR_PROJECTION_3D,cc,unknown; resolve against recorded oracle symbol dump,src_jsc/Core/Cocos2d-x/jsb_cocos2d.js:73,unknown,unknown,unknown,unknown,unknown,unknown,candidate observed statically; scene reachability unverified,stock Cocos/JSB binding or project JS; exact binding not resolved,UNRESOLVED,Recovered/native_api_inventory.json member_uses; reconstructed JS is approximate,not yet selected,not run
js_member_candidate,cc.DIRECTOR_PROJECTION_CUSTOM,cc,unknown; resolve against recorded oracle symbol dump,src_jsc/Core/Cocos2d-x/jsb_cocos2d_constants.js:95,unknown,unknown,unknown,unknown,unknown,unknown,candidate observed statically; scene reachability unverified,stock Cocos/JSB binding or project JS; exact binding not resolved,UNRESOLVED,Recovered/native_api_inventory.json member_uses; reconstructed JS is approximate,not yet selected,not run
js_member_candidate,cc.DIRECTOR_PROJECTION_DEFAULT,cc,unknown; resolve against recorded oracle symbol dump,src_jsc/Core/Cocos2d-x/jsb_cocos2d_constants.js:97,unknown,unknown,unknown,unknown,unknown,unknown,candidate observed statically; scene reachability unverified,stock Cocos/JSB binding or project JS; exact binding not resolved,UNRESOLVED,Recovered/native_api_inventory.json member_uses; reconstructed JS is approximate,not yet selected,not run
js_member_candidate,cc.DIRECTOR_STATS_INTERVAL,cc,unknown; resolve against recorded oracle symbol dump,src_jsc/Core/Cocos2d-x/jsb_cocos2d_constants.js:33,unknown,unknown,unknown,unknown,unknown,unknown,candidate observed statically; scene reachability unverified,stock Cocos/JSB binding or project JS; exact binding not resolved,UNRESOLVED,Recovered/native_api_inventory.json member_uses; reconstructed JS is approximate,not yet selected,not run
js_member_candidate,cc.DelayTime.create,cc,unknown; resolve against recorded oracle symbol dump,src_jsc/AnySdk/AnySdkCallback.js:202;src_jsc/AnySdk/AnySdkCallback.js:239;src_jsc/AnySdk/AnySdkCallback.js:266;src_jsc/AnySdk/AnySdkCallback.js:276;src_jsc/Factorys/Armature.js:203;src_jsc/Factorys/Skill/Part.js:293;src_jsc/Factorys/Skill/Part.js:351;src_jsc/Libs/Views/Armature/BaseArmature.js:214;src_jsc/Libs/Views/Armature/BaseArmature.js:288;src_jsc/Scene/Awake/AwakeBoxView.js:724;src_jsc/Scene/Combat/CombatCardView.js:273;src_jsc/Scene/Combat/CombatCardView.js:275;src_jsc/Scene/Combat/CombatUpgradeScene.js:428;src_jsc/Scene/Develop/AlchemyView.js:109;src_jsc/Scene/Fight/FightScene.js:1229;src_jsc/Scene/Fight/FightScene.js:1394;src_jsc/Scene/Fight/FightScene.js:1452;src_jsc/Scene/Fight/FightScene.js:3384;src_jsc/Scene/Ladder/LadderCardShow.js:438;src_jsc/Scene/Ladder/LadderView.js:95;src_jsc/Scene/Main/MainMenuScene.js:339;src_jsc/Update/UpdateScene.js:133;src_jsc/Utils/Action.js:52;src_jsc/Utils/Node.js:442;src_jsc/Views/Dialog/Adventure.js:437;src_jsc/Views/Dialog/CheckOrderDialog.js:183;src_jsc/Views/Dialog/Story.js:274;src_jsc/Views/GeneralCardShow.js:234;src_jsc/Views/GeneralPlayView.js:258;src_jsc/Views/GeneralPlayView.js:722;src_jsc/Views/GeneralPlayView.js:735;src_jsc/Views/HungerLayer.js:222;src_jsc/Views/Meridians/PracticeMeridiansMainView.js:184;src_jsc/Views/Mgr.js:1028;src_jsc/Views/Mgr.js:1104;src_jsc/Views/QuickFight.js:203;src_jsc/Views/UpgradeCard/BaseUpgradeCard.js:149;src_jsc/Views/UpgradeCard/BaseUpgradeCard.js:168;src_jsc/cpp2jsb.js:102;src_jsc/cpp2jsb.js:124;src_jsc/cpp2jsb.js:150;src_jsc/cpp2jsb.js:187;src_jsc/cpp2jsb.js:198;src_jsc/cpp2jsb.js:212;src_jsc/cpp2jsb.js:273;src_jsc/cpp2jsb.js:316;src_jsc/cpp2jsb.js:335;src_jsc/cpp2jsb.js:358;src_jsc/cpp2jsb.js:381;src_jsc/cpp2jsb.js:401;src_jsc/cpp2jsb.js:416;src_jsc/cpp2jsb.js:85,unknown,unknown,unknown,unknown,unknown,unknown,candidate observed statically; scene reachability unverified,stock Cocos/JSB binding or project JS; exact binding not resolved,UNRESOLVED,Recovered/native_api_inventory.json member_uses; reconstructed JS is approximate,not yet selected,not run
js_member_candidate,cc.Director.getInstance,cc,unknown; resolve against recorded oracle symbol dump,src_jsc/Core/Cocos2d-x/jsb_cocos2d.js:1083;src_jsc/Core/Cocos2d-x/jsb_cocos2d.js:1095;src_jsc/Core/Cocos2d-x/jsb_cocos2d.js:1108;src_jsc/Core/Cocos2d-x/jsb_cocos2d.js:921;src_jsc/Core/alias.js:43;src_jsc/Scene/Aga/AgaScene.js:1385;src_jsc/Scene/Aga/AgaScene.js:18;src_jsc/Scene/Aga/AgaScene.js:360;src_jsc/Scene/Aga/AgaScene.js:745;src_jsc/Scene/Awake/AwakeBoxScene.js:17;src_jsc/Scene/Awake/AwakeScene.js:22;src_jsc/Scene/Beauty/BeautyScene.js:1444;src_jsc/Scene/Buddy/BuddyScene.js:34;src_jsc/Scene/Combat/CombatCardView.js:17;src_jsc/Scene/Combat/CombatUpgradeScene.js:24;src_jsc/Scene/Combat/CombatUpgradeScene.js:612;src_jsc/Scene/Copy/CopyScene.js:749;src_jsc/Scene/Copy/DuanWuCopyScene.js:749;src_jsc/Scene/Copy/LabourlCopyScene.js:749;src_jsc/Scene/Copy/MemorialCopyScene.js:749;src_jsc/Scene/Copy/PlantCopyScene.js:747;src_jsc/Scene/Copy/PublicCopyScene.js:792;src_jsc/Scene/Develop/AlchemyView.js:15;src_jsc/Scene/Develop/DevelopScene.js:15;src_jsc/Scene/FightChapter/DungeonView.js:59;src_jsc/Scene/FightChapter/DungeonView.js:77;src_jsc/Scene/Ladder/LadderChartScene.js:15;src_jsc/Scene/Ladder/LadderChartView.js:17;src_jsc/Scene/Ladder/LadderScene.js:24;src_jsc/Scene/Ladder/LadderView.js:23;src_jsc/Scene/Party/WishingScene.js:581;src_jsc/Scene/Skill/SkillScene.js:15;src_jsc/Scene/Social/SocialView.js:27;src_jsc/Scene/Store/ToastView.js:336;src_jsc/Utils/alias.js:5;src_jsc/Views/Awake/AwakeLayer.js:108;src_jsc/Views/CardNavigateView.js:30;src_jsc/Views/Dialog/AchieveDialog.js:22;src_jsc/Views/Dialog/AdvertisementDialogGuide.js:20;src_jsc/Views/Dialog/ErrorDialog.js:161;src_jsc/Views/Dialog/ErrorDialog.js:171;src_jsc/Views/Dialog/SlotMachinesActivities.js:83;src_jsc/Views/HDShowViews.js:29;src_jsc/Views/MiniTablePage.js:65;src_jsc/Views/SkillRefining/RefiningSkillShowTableView.js:43;src_jsc/Views/Table/ChaosTableView.js:30;src_jsc/Views/Table/ClimbLadderTableView.js:69;src_jsc/Views/Table/LadderChartTableView.js:30;src_jsc/Views/Table/RankTableView.js:49;src_jsc/Views/TablePageView.js:269;src_jsc/Views/TablePageView.js:514;src_jsc/Views/TablePageView.js:522,unknown,unknown,unknown,unknown,unknown,unknown,candidate observed statically; scene reachability unverified,stock Cocos/JSB binding or project JS; exact binding not resolved,UNRESOLVED,Recovered/native_api_inventory.json member_uses; reconstructed JS is approximate,not yet selected,not run
js_member_candidate,cc.DrawNode.create,cc,unknown; resolve against recorded oracle symbol dump,src_jsc/Utils/Node.js:164;src_jsc/Utils/Node.js:174;src_jsc/Utils/Node.js:202;src_jsc/Views/RoundClippingNode.js:21,unknown,unknown,unknown,unknown,unknown,unknown,candidate observed statically; scene reachability unverified,stock Cocos/JSB binding or project JS; exact binding not resolved,UNRESOLVED,Recovered/native_api_inventory.json member_uses; reconstructed JS is approximate,not yet selected,not run
js_member_candidate,cc.DrawNode.extend,cc,unknown; resolve against recorded oracle symbol dump,src_jsc/Core/Cocos2d-x/jsb_cocos2d.js:868,unknown,unknown,unknown,unknown,unknown,unknown,candidate observed statically; scene reachability unverified,stock Cocos/JSB binding or project JS; exact binding not resolved,UNRESOLVED,Recovered/native_api_inventory.json member_uses; reconstructed JS is approximate,not yet selected,not run
js_member_candidate,cc.EDITBOX_INPUT_FLAG_INITIAL_CAPS_ALL_CHARACTERS,cc,unknown; resolve against recorded oracle symbol dump,src_jsc/Core/Cocos2d-x/jsb_cocos2d_extension.js:53,unknown,unknown,unknown,unknown,unknown,unknown,candidate observed statically; scene reachability unverified,stock Cocos/JSB binding or project JS; exact binding not resolved,UNRESOLVED,Recovered/native_api_inventory.json member_uses; reconstructed JS is approximate,not yet selected,not run
js_member_candidate,cc.EDITBOX_INPUT_FLAG_INITIAL_CAPS_SENTENCE,cc,unknown; resolve against recorded oracle symbol dump,src_jsc/Core/Cocos2d-x/jsb_cocos2d_extension.js:51,unknown,unknown,unknown,unknown,unknown,unknown,candidate observed statically; scene reachability unverified,stock Cocos/JSB binding or project JS; exact binding not resolved,UNRESOLVED,Recovered/native_api_inventory.json member_uses; reconstructed JS is approximate,not yet selected,not run
js_member_candidate,cc.EDITBOX_INPUT_FLAG_INITIAL_CAPS_WORD,cc,unknown; resolve against recorded oracle symbol dump,src_jsc/Core/Cocos2d-x/jsb_cocos2d_extension.js:49,unknown,unknown,unknown,unknown,unknown,unknown,candidate observed statically; scene reachability unverified,stock Cocos/JSB binding or project JS; exact binding not resolved,UNRESOLVED,Recovered/native_api_inventory.json member_uses; reconstructed JS is approximate,not yet selected,not run
js_member_candidate,cc.EDITBOX_INPUT_FLAG_PASSWORD,cc,unknown; resolve against recorded oracle symbol dump,src_jsc/Core/Cocos2d-x/jsb_cocos2d_extension.js:45;src_jsc/Scene/Login/LoginScene_AnySdk.js:596;src_jsc/Scene/Login/LoginScene_BfSdk.js:456;src_jsc/Views/Dialog/BindingDialog.js:94,unknown,unknown,unknown,unknown,unknown,unknown,candidate observed statically; scene reachability unverified,stock Cocos/JSB binding or project JS; exact binding not resolved,UNRESOLVED,Recovered/native_api_inventory.json member_uses; reconstructed JS is approximate,not yet selected,not run
js_member_candidate,cc.EDITBOX_INPUT_FLAG_SENSITIVE,cc,unknown; resolve against recorded oracle symbol dump,src_jsc/Core/Cocos2d-x/jsb_cocos2d_extension.js:47;src_jsc/Scene/Debug/DebugScene.js:340;src_jsc/Scene/Login/LoginScene_AnySdk.js:562;src_jsc/Scene/Login/LoginScene_BfSdk.js:422;src_jsc/Scene/Login/LoginScene_BfSdk.js:863;src_jsc/Scene/Login/LoginScene_BfSdk.js:899;src_jsc/Views/Dialog/BindingDialog.js:58;src_jsc/Views/Dialog/BindingTelDialog.js:52;src_jsc/Views/Dialog/BindingTelDialog.js:88;src_jsc/Views/Dialog/IdCardBindingDialog.js:104;src_jsc/Views/Dialog/IdCardBindingDialog.js:62;src_jsc/Views/Dialog/UnionChgNoticeSignDialog.js:71;src_jsc/Views/Dialog/VerificationTelDialog.js:52;src_jsc/Views/Dialog/VerificationTelDialog.js:88,unknown,unknown,unknown,unknown,unknown,unknown,candidate observed statically; scene reachability unverified,stock Cocos/JSB binding or project JS; exact binding not resolved,UNRESOLVED,Recovered/native_api_inventory.json member_uses; reconstructed JS is approximate,not yet selected,not run
js_member_candidate,cc.EDITBOX_INPUT_MODE_ANY,cc,unknown; resolve against recorded oracle symbol dump,src_jsc/Core/Cocos2d-x/jsb_cocos2d_extension.js:31,unknown,unknown,unknown,unknown,unknown,unknown,candidate observed statically; scene reachability unverified,stock Cocos/JSB binding or project JS; exact binding not resolved,UNRESOLVED,Recovered/native_api_inventory.json member_uses; reconstructed JS is approximate,not yet selected,not run
js_member_candidate,cc.EDITBOX_INPUT_MODE_DECIMAL,cc,unknown; resolve against recorded oracle symbol dump,src_jsc/Core/Cocos2d-x/jsb_cocos2d_extension.js:41,unknown,unknown,unknown,unknown,unknown,unknown,candidate observed statically; scene reachability unverified,stock Cocos/JSB binding or project JS; exact binding not resolved,UNRESOLVED,Recovered/native_api_inventory.json member_uses; reconstructed JS is approximate,not yet selected,not run
js_member_candidate,cc.EDITBOX_INPUT_MODE_EMAILADDR,cc,unknown; resolve against recorded oracle symbol dump,src_jsc/Core/Cocos2d-x/jsb_cocos2d_extension.js:33,unknown,unknown,unknown,unknown,unknown,unknown,candidate observed statically; scene reachability unverified,stock Cocos/JSB binding or project JS; exact binding not resolved,UNRESOLVED,Recovered/native_api_inventory.json member_uses; reconstructed JS is approximate,not yet selected,not run
js_member_candidate,cc.EDITBOX_INPUT_MODE_NUMERIC,cc,unknown; resolve against recorded oracle symbol dump,src_jsc/Core/Cocos2d-x/jsb_cocos2d_extension.js:35,unknown,unknown,unknown,unknown,unknown,unknown,candidate observed statically; scene reachability unverified,stock Cocos/JSB binding or project JS; exact binding not resolved,UNRESOLVED,Recovered/native_api_inventory.json member_uses; reconstructed JS is approximate,not yet selected,not run
js_member_candidate,cc.EDITBOX_INPUT_MODE_PHONENUMBER,cc,unknown; resolve against recorded oracle symbol dump,src_jsc/Core/Cocos2d-x/jsb_cocos2d_extension.js:37,unknown,unknown,unknown,unknown,unknown,unknown,candidate observed statically; scene reachability unverified,stock Cocos/JSB binding or project JS; exact binding not resolved,UNRESOLVED,Recovered/native_api_inventory.json member_uses; reconstructed JS is approximate,not yet selected,not run
js_member_candidate,cc.EDITBOX_INPUT_MODE_SINGLELINE,cc,unknown; resolve against recorded oracle symbol dump,src_jsc/Core/Cocos2d-x/jsb_cocos2d_extension.js:43;src_jsc/Scene/Debug/DebugScene.js:338;src_jsc/Scene/Login/LoginScene_AnySdk.js:560;src_jsc/Scene/Login/LoginScene_AnySdk.js:594;src_jsc/Scene/Login/LoginScene_BfSdk.js:420;src_jsc/Scene/Login/LoginScene_BfSdk.js:454;src_jsc/Scene/Login/LoginScene_BfSdk.js:861;src_jsc/Scene/Login/LoginScene_BfSdk.js:897;src_jsc/Scene/Social/SocialView.js:74;src_jsc/Views/ChatContentLayer.js:129;src_jsc/Views/Dialog/BindingDialog.js:56;src_jsc/Views/Dialog/BindingDialog.js:92;src_jsc/Views/Dialog/BindingTelDialog.js:50;src_jsc/Views/Dialog/BindingTelDialog.js:86;src_jsc/Views/Dialog/IdCardBindingDialog.js:60;src_jsc/Views/Dialog/IdCardBindingDialog.js:96;src_jsc/Views/Dialog/UnionChgNoticeSignDialog.js:69;src_jsc/Views/Dialog/VerificationTelDialog.js:50;src_jsc/Views/Dialog/VerificationTelDialog.js:86,unknown,unknown,unknown,unknown,unknown,unknown,candidate observed statically; scene reachability unverified,stock Cocos/JSB binding or project JS; exact binding not resolved,UNRESOLVED,Recovered/native_api_inventory.json member_uses; reconstructed JS is approximate,not yet selected,not run
js_member_candidate,cc.EDITBOX_INPUT_MODE_URL,cc,unknown; resolve against recorded oracle symbol dump,src_jsc/Core/Cocos2d-x/jsb_cocos2d_extension.js:39,unknown,unknown,unknown,unknown,unknown,unknown,candidate observed statically; scene reachability unverified,stock Cocos/JSB binding or project JS; exact binding not resolved,UNRESOLVED,Recovered/native_api_inventory.json member_uses; reconstructed JS is approximate,not yet selected,not run
js_member_candidate,cc.EGLView.getInstance,cc,unknown; resolve against recorded oracle symbol dump,src_jsc/Core/alias.js:45;src_jsc/Utils/alias.js:7,unknown,unknown,unknown,unknown,unknown,unknown,candidate observed statically; scene reachability unverified,stock Cocos/JSB binding or project JS; exact binding not resolved,UNRESOLVED,Recovered/native_api_inventory.json member_uses; reconstructed JS is approximate,not yet selected,not run
js_member_candidate,cc.ENABLE_BOX2_D_INTEGRATION,cc,unknown; resolve against recorded oracle symbol dump,src_jsc/Core/Cocos2d-x/jsb_cocos2d_constants.js:35,unknown,unknown,unknown,unknown,unknown,unknown,candidate observed statically; scene reachability unverified,stock Cocos/JSB binding or project JS; exact binding not resolved,UNRESOLVED,Recovered/native_api_inventory.json member_uses; reconstructed JS is approximate,not yet selected,not run
js_member_candidate,cc.ENABLE_DEPRECATED,cc,unknown; resolve against recorded oracle symbol dump,src_jsc/Core/Cocos2d-x/jsb_cocos2d_constants.js:37,unknown,unknown,unknown,unknown,unknown,unknown,candidate observed statically; scene reachability unverified,stock Cocos/JSB binding or project JS; exact binding not resolved,UNRESOLVED,Recovered/native_api_inventory.json member_uses; reconstructed JS is approximate,not yet selected,not run
js_member_candidate,cc.ENABLE_GL_STATE_CACHE,cc,unknown; resolve against recorded oracle symbol dump,src_jsc/Core/Cocos2d-x/jsb_cocos2d_constants.js:39,unknown,unknown,unknown,unknown,unknown,unknown,candidate observed statically; scene reachability unverified,stock Cocos/JSB binding or project JS; exact binding not resolved,UNRESOLVED,Recovered/native_api_inventory.json member_uses; reconstructed JS is approximate,not yet selected,not run
js_member_candidate,cc.ENABLE_PROFILERS,cc,unknown; resolve against recorded oracle symbol dump,src_jsc/Core/Cocos2d-x/jsb_cocos2d_constants.js:41,unknown,unknown,unknown,unknown,unknown,unknown,candidate observed statically; scene reachability unverified,stock Cocos/JSB binding or project JS; exact binding not resolved,UNRESOLVED,Recovered/native_api_inventory.json member_uses; reconstructed JS is approximate,not yet selected,not run
js_member_candidate,cc.ENABLE_STACKABLE_ACTIONS,cc,unknown; resolve against recorded oracle symbol dump,src_jsc/Core/Cocos2d-x/jsb_cocos2d_constants.js:43,unknown,unknown,unknown,unknown,unknown,unknown,candidate observed statically; scene reachability unverified,stock Cocos/JSB binding or project JS; exact binding not resolved,UNRESOLVED,Recovered/native_api_inventory.json member_uses; reconstructed JS is approximate,not yet selected,not run
js_member_candidate,cc.EaseBackIn.create,cc,unknown; resolve against recorded oracle symbol dump,src_jsc/Views/SkillRefining/SkillRefiningLayer.js:253;src_jsc/Views/SkillRefining/SkillRefiningLayer.js:255;src_jsc/Views/SkillRefining/SkillRefiningLayer.js:259;src_jsc/Views/SkillRefining/SkillRefiningLayer.js:263;src_jsc/Views/SkillRefining/SkillRefiningLayer.js:265,unknown,unknown,unknown,unknown,unknown,unknown,candidate observed statically; scene reachability unverified,stock Cocos/JSB binding or project JS; exact binding not resolved,UNRESOLVED,Recovered/native_api_inventory.json member_uses; reconstructed JS is approximate,not yet selected,not run
js_member_candidate,cc.EaseBackOut.create,cc,unknown; resolve against recorded oracle symbol dump,src_jsc/Scene/Main/MainMenuScene.js:451;src_jsc/Views/GeneralSwapView.js:194;src_jsc/Views/GeneralSwapView.js:196;src_jsc/Views/GeneralSwapView.js:244;src_jsc/Views/GeneralSwapView.js:246;src_jsc/Views/Goddess/ThreeIconShowView.js:190;src_jsc/Views/Goddess/ThreeIconShowView.js:192;src_jsc/Views/Goddess/ThreeIconShowView.js:242;src_jsc/Views/Goddess/ThreeIconShowView.js:244,unknown,unknown,unknown,unknown,unknown,unknown,candidate observed statically; scene reachability unverified,stock Cocos/JSB binding or project JS; exact binding not resolved,UNRESOLVED,Recovered/native_api_inventory.json member_uses; reconstructed JS is approximate,not yet selected,not run
js_member_candidate,cc.EaseElasticOut.create,cc,unknown; resolve against recorded oracle symbol dump,src_jsc/Views/Union/UnionDialog.js:295,unknown,unknown,unknown,unknown,unknown,unknown,candidate observed statically; scene reachability unverified,stock Cocos/JSB binding or project JS; exact binding not resolved,UNRESOLVED,Recovered/native_api_inventory.json member_uses; reconstructed JS is approximate,not yet selected,not run
js_member_candidate,cc.EaseIn.create,cc,unknown; resolve against recorded oracle symbol dump,src_jsc/Utils/Node.js:670;src_jsc/Utils/Node.js:715;src_jsc/Views/Union/UnionDonationLayer.js:354,unknown,unknown,unknown,unknown,unknown,unknown,candidate observed statically; scene reachability unverified,stock Cocos/JSB binding or project JS; exact binding not resolved,UNRESOLVED,Recovered/native_api_inventory.json member_uses; reconstructed JS is approximate,not yet selected,not run
js_member_candidate,cc.EditBox.create,cc,unknown; resolve against recorded oracle symbol dump,src_jsc/Scene/Debug/DebugScene.js:322;src_jsc/Scene/Login/LoginScene_AnySdk.js:542;src_jsc/Scene/Login/LoginScene_AnySdk.js:578;src_jsc/Scene/Login/LoginScene_BfSdk.js:402;src_jsc/Scene/Login/LoginScene_BfSdk.js:438;src_jsc/Scene/Login/LoginScene_BfSdk.js:843;src_jsc/Scene/Login/LoginScene_BfSdk.js:879;src_jsc/Scene/Social/SocialView.js:60;src_jsc/Views/ChangeName.js:21;src_jsc/Views/ChatContentLayer.js:113;src_jsc/Views/Dialog/BindingDialog.js:38;src_jsc/Views/Dialog/BindingDialog.js:74;src_jsc/Views/Dialog/BindingTelDialog.js:32;src_jsc/Views/Dialog/BindingTelDialog.js:68;src_jsc/Views/Dialog/ExchangeCDKey.js:45;src_jsc/Views/Dialog/IdCardBindingDialog.js:42;src_jsc/Views/Dialog/IdCardBindingDialog.js:78;src_jsc/Views/Dialog/SpecificDialog.js:730;src_jsc/Views/Dialog/SpecificDialog.js:922;src_jsc/Views/Dialog/UnionChgNoticeSignDialog.js:53;src_jsc/Views/Dialog/VerificationTelDialog.js:32;src_jsc/Views/Dialog/VerificationTelDialog.js:68;src_jsc/Views/Union/UnionCreate.js:54;src_jsc/Views/Union/UnionCreate.js:83;src_jsc/Views/Union/UnionSearch.js:120,unknown,unknown,unknown,unknown,unknown,unknown,candidate observed statically; scene reachability unverified,stock Cocos/JSB binding or project JS; exact binding not resolved,UNRESOLVED,Recovered/native_api_inventory.json member_uses; reconstructed JS is approximate,not yet selected,not run
js_member_candidate,cc.FILE_UTILS_SEARCH_DIRECTORY_MODE,cc,unknown; resolve against recorded oracle symbol dump,src_jsc/Core/Cocos2d-x/jsb_cocos2d_constants.js:99,unknown,unknown,unknown,unknown,unknown,unknown,candidate observed statically; scene reachability unverified,stock Cocos/JSB binding or project JS; exact binding not resolved,UNRESOLVED,Recovered/native_api_inventory.json member_uses; reconstructed JS is approximate,not yet selected,not run
js_member_candidate,cc.FILE_UTILS_SEARCH_SUFFIX_MODE,cc,unknown; resolve against recorded oracle symbol dump,src_jsc/Core/Cocos2d-x/jsb_cocos2d_constants.js:101,unknown,unknown,unknown,unknown,unknown,unknown,candidate observed statically; scene reachability unverified,stock Cocos/JSB binding or project JS; exact binding not resolved,UNRESOLVED,Recovered/native_api_inventory.json member_uses; reconstructed JS is approximate,not yet selected,not run
js_member_candidate,cc.FIX_ARTIFACTS_BY_STRECHING_TEXEL,cc,unknown; resolve against recorded oracle symbol dump,src_jsc/Core/Cocos2d-x/jsb_cocos2d_constants.js:45,unknown,unknown,unknown,unknown,unknown,unknown,candidate observed statically; scene reachability unverified,stock Cocos/JSB binding or project JS; exact binding not resolved,UNRESOLVED,Recovered/native_api_inventory.json member_uses; reconstructed JS is approximate,not yet selected,not run
js_member_candidate,cc.FLIPED_ALL,cc,unknown; resolve against recorded oracle symbol dump,src_jsc/Core/Cocos2d-x/jsb_cocos2d_constants.js:103,unknown,unknown,unknown,unknown,unknown,unknown,candidate observed statically; scene reachability unverified,stock Cocos/JSB binding or project JS; exact binding not resolved,UNRESOLVED,Recovered/native_api_inventory.json member_uses; reconstructed JS is approximate,not yet selected,not run
js_member_candidate,cc.FLIPPED_MASK,cc,unknown; resolve against recorded oracle symbol dump,src_jsc/Core/Cocos2d-x/jsb_cocos2d_constants.js:105,unknown,unknown,unknown,unknown,unknown,unknown,candidate observed statically; scene reachability unverified,stock Cocos/JSB binding or project JS; exact binding not resolved,UNRESOLVED,Recovered/native_api_inventory.json member_uses; reconstructed JS is approximate,not yet selected,not run
js_member_candidate,cc.FadeIn.create,cc,unknown; resolve against recorded oracle symbol dump,src_jsc/Models/TreasureBox.js:92;src_jsc/Scene/Fight/FightScene.js:2145;src_jsc/Scene/UnionWar/UnionWarFightScene.js:197;src_jsc/Scene/UnionWar/UnionWarFightScene.js:232;src_jsc/Views/GeneralPlayView.js:462;src_jsc/Views/GeneralSwapView.js:155;src_jsc/Views/GeneralSwapView.js:205;src_jsc/Views/Goddess/ThreeIconShowView.js:149;src_jsc/Views/Goddess/ThreeIconShowView.js:201;src_jsc/Views/HornView.js:107;src_jsc/Views/SkillRefining/SkillRefiningLayer.js:250;src_jsc/Views/SkillRefining/SkillRefiningLayer.js:253;src_jsc/Views/SkillRefining/SkillRefiningLayer.js:255;src_jsc/Views/SkillRefining/SkillRefiningLayer.js:259;src_jsc/Views/SkillRefining/SkillRefiningLayer.js:263;src_jsc/Views/SkillRefining/SkillRefiningLayer.js:265;src_jsc/Views/TeamIconButton.js:349;src_jsc/Views/TeamIconButton_Buddy.js:85,unknown,unknown,unknown,unknown,unknown,unknown,candidate observed statically; scene reachability unverified,stock Cocos/JSB binding or project JS; exact binding not resolved,UNRESOLVED,Recovered/native_api_inventory.json member_uses; reconstructed JS is approximate,not yet selected,not run
js_member_candidate,cc.FadeOut.create,cc,unknown; resolve against recorded oracle symbol dump,src_jsc/Models/TreasureBox.js:92;src_jsc/Scene/FightChapter/DungeonView.js:207;src_jsc/Scene/UnionWar/UnionWarFightScene.js:252;src_jsc/Views/Card/Fight.js:317;src_jsc/Views/GeneralPlayView.js:431;src_jsc/Views/GeneralSwapView.js:165;src_jsc/Views/GeneralSwapView.js:215;src_jsc/Views/Goddess/ThreeIconShowView.js:159;src_jsc/Views/Goddess/ThreeIconShowView.js:211;src_jsc/Views/HornView.js:100;src_jsc/Views/Mgr.js:1030;src_jsc/Views/Mgr.js:1106;src_jsc/Views/SkillRefining/SkillRefiningLayer.js:284;src_jsc/Views/TeamIconButton.js:349;src_jsc/Views/TeamIconButton_Buddy.js:85,unknown,unknown,unknown,unknown,unknown,unknown,candidate observed statically; scene reachability unverified,stock Cocos/JSB binding or project JS; exact binding not resolved,UNRESOLVED,Recovered/native_api_inventory.json member_uses; reconstructed JS is approximate,not yet selected,not run
js_member_candidate,cc.FadeTo.create,cc,unknown; resolve against recorded oracle symbol dump,src_jsc/Scene/Fight/FightScene.js:2129;src_jsc/Scene/Fight/FightScene.js:2155;src_jsc/Scene/FightChapter/DungeonView.js:203;src_jsc/Views/Dialog/Story.js:131;src_jsc/Views/Dialog/Story.js:134;src_jsc/Views/Dialog/Story.js:136;src_jsc/Views/GeneralCardShow.js:195;src_jsc/Views/Mgr.js:783;src_jsc/Views/Mgr.js:805,unknown,unknown,unknown,unknown,unknown,unknown,candidate observed statically; scene reachability unverified,stock Cocos/JSB binding or project JS; exact binding not resolved,UNRESOLVED,Recovered/native_api_inventory.json member_uses; reconstructed JS is approximate,not yet selected,not run
js_member_candidate,cc.FileUtils.getInstance,cc,unknown; resolve against recorded oracle symbol dump,src_jsc/Core/Utils/headers.js:244;src_jsc/Core/Utils/headers.js:248;src_jsc/Core/Utils/headers.js:252;src_jsc/Models/HD.js:17;src_jsc/Models/HD.js:36;src_jsc/Tools/Net.js:1507;src_jsc/Tools/Net.js:1509;src_jsc/Tools/Net.js:1511;src_jsc/Tools/Net.js:1513;src_jsc/Tools/Net.js:1515;src_jsc/Tools/Net.js:1517;src_jsc/Tools/Net.js:1601;src_jsc/Tools/Net.js:1603;src_jsc/Tools/Net.js:1605;src_jsc/Tools/Net.js:1607;src_jsc/Tools/Net.js:1609;src_jsc/Tools/Sys.js:54;src_jsc/Update/UpdateScene.js:822;src_jsc/Update/UpdateScene.js:939;src_jsc/Utils/FileSys.js:13;src_jsc/Utils/FileSys.js:17;src_jsc/Utils/FileSys.js:9;src_jsc/Views/HDShowViews.js:22;src_jsc/main.js:38,unknown,unknown,unknown,unknown,unknown,unknown,candidate observed statically; scene reachability unverified,stock Cocos/JSB binding or project JS; exact binding not resolved,UNRESOLVED,Recovered/native_api_inventory.json member_uses; reconstructed JS is approximate,not yet selected,not run
js_member_candidate,cc.GLNode.extend,cc,unknown; resolve against recorded oracle symbol dump,src_jsc/Core/Cocos2d-x/jsb_cocos2d_extension.js:127,unknown,unknown,unknown,unknown,unknown,unknown,candidate observed statically; scene reachability unverified,stock Cocos/JSB binding or project JS; exact binding not resolved,UNRESOLVED,Recovered/native_api_inventory.json member_uses; reconstructed JS is approximate,not yet selected,not run
js_member_candidate,cc.GL_ALL,cc,unknown; resolve against recorded oracle symbol dump,src_jsc/Core/Cocos2d-x/jsb_cocos2d_constants.js:47,unknown,unknown,unknown,unknown,unknown,unknown,candidate observed statically; scene reachability unverified,stock Cocos/JSB binding or project JS; exact binding not resolved,UNRESOLVED,Recovered/native_api_inventory.json member_uses; reconstructed JS is approximate,not yet selected,not run
js_member_candidate,cc.GREEN,cc,unknown; resolve against recorded oracle symbol dump,src_jsc/Core/Cocos2d-x/jsb_cocos2d.js:153,unknown,unknown,unknown,unknown,unknown,unknown,candidate observed statically; scene reachability unverified,stock Cocos/JSB binding or project JS; exact binding not resolved,UNRESOLVED,Recovered/native_api_inventory.json member_uses; reconstructed JS is approximate,not yet selected,not run
js_member_candidate,cc.Hide.create,cc,unknown; resolve against recorded oracle symbol dump,src_jsc/Scene/Fight/FightScene.js:1164;src_jsc/Scene/Fight/FightScene.js:1392;src_jsc/Scene/Fight/FightScene.js:1450;src_jsc/Scene/Fight/FightScene.js:1624;src_jsc/Scene/Fight/FightScene.js:1686;src_jsc/Utils/Node.js:672;src_jsc/Utils/Node.js:720;src_jsc/Views/Card/Fight.js:163;src_jsc/Views/Card/Fight.js:205;src_jsc/Views/GeneralPlayView.js:260;src_jsc/Views/GeneralPlayView.js:737;src_jsc/Views/Mgr.js:787;src_jsc/Views/Mgr.js:805;src_jsc/Views/Mgr.js:831;src_jsc/Views/Mgr.js:847;src_jsc/Views/SkillRefining/SkillRefiningLayer.js:250;src_jsc/Views/SkillRefining/SkillRefiningLayer.js:253;src_jsc/Views/SkillRefining/SkillRefiningLayer.js:255;src_jsc/Views/SkillRefining/SkillRefiningLayer.js:259;src_jsc/Views/SkillRefining/SkillRefiningLayer.js:263;src_jsc/Views/SkillRefining/SkillRefiningLayer.js:265,unknown,unknown,unknown,unknown,unknown,unknown,candidate observed statically; scene reachability unverified,stock Cocos/JSB binding or project JS; exact binding not resolved,UNRESOLVED,Recovered/native_api_inventory.json member_uses; reconstructed JS is approximate,not yet selected,not run
js_member_candidate,cc.IMAGE_FORMAT_JPEG,cc,unknown; resolve against recorded oracle symbol dump,src_jsc/Core/Cocos2d-x/jsb_cocos2d.js:109;src_jsc/Core/Cocos2d-x/jsb_cocos2d_constants.js:107,unknown,unknown,unknown,unknown,unknown,unknown,candidate observed statically; scene reachability unverified,stock Cocos/JSB binding or project JS; exact binding not resolved,UNRESOLVED,Recovered/native_api_inventory.json member_uses; reconstructed JS is approximate,not yet selected,not run
js_member_candidate,cc.IMAGE_FORMAT_PNG,cc,unknown; resolve against recorded oracle symbol dump,src_jsc/Core/Cocos2d-x/jsb_cocos2d.js:111;src_jsc/Core/Cocos2d-x/jsb_cocos2d_constants.js:109,unknown,unknown,unknown,unknown,unknown,unknown,candidate observed statically; scene reachability unverified,stock Cocos/JSB binding or project JS; exact binding not resolved,UNRESOLVED,Recovered/native_api_inventory.json member_uses; reconstructed JS is approximate,not yet selected,not run
js_member_candidate,cc.ITEM_SIZE,cc,unknown; resolve against recorded oracle symbol dump,src_jsc/Core/Cocos2d-x/jsb_cocos2d_constants.js:111,unknown,unknown,unknown,unknown,unknown,unknown,candidate observed statically; scene reachability unverified,stock Cocos/JSB binding or project JS; exact binding not resolved,UNRESOLVED,Recovered/native_api_inventory.json member_uses; reconstructed JS is approximate,not yet selected,not run
js_member_candidate,cc.JumpBy.create,cc,unknown; resolve against recorded oracle symbol dump,src_jsc/Update/UpdateScene.js:133,unknown,unknown,unknown,unknown,unknown,unknown,candidate observed statically; scene reachability unverified,stock Cocos/JSB binding or project JS; exact binding not resolved,UNRESOLVED,Recovered/native_api_inventory.json member_uses; reconstructed JS is approximate,not yet selected,not run
js_member_candidate,cc.KEYBOARD_RETURNTYPE_DEFAULT,cc,unknown; resolve against recorded oracle symbol dump,src_jsc/Core/Cocos2d-x/jsb_cocos2d_extension.js:21,unknown,unknown,unknown,unknown,unknown,unknown,candidate observed statically; scene reachability unverified,stock Cocos/JSB binding or project JS; exact binding not resolved,UNRESOLVED,Recovered/native_api_inventory.json member_uses; reconstructed JS is approximate,not yet selected,not run
js_member_candidate,cc.KEYBOARD_RETURNTYPE_DONE,cc,unknown; resolve against recorded oracle symbol dump,src_jsc/Core/Cocos2d-x/jsb_cocos2d_extension.js:23;src_jsc/Scene/Debug/DebugScene.js:342;src_jsc/Scene/Login/LoginScene_AnySdk.js:564;src_jsc/Scene/Login/LoginScene_AnySdk.js:598;src_jsc/Scene/Login/LoginScene_BfSdk.js:424;src_jsc/Scene/Login/LoginScene_BfSdk.js:458;src_jsc/Scene/Login/LoginScene_BfSdk.js:865;src_jsc/Scene/Login/LoginScene_BfSdk.js:901;src_jsc/Scene/Social/SocialView.js:76;src_jsc/Views/ChangeName.js:31;src_jsc/Views/ChatContentLayer.js:131;src_jsc/Views/Dialog/BindingDialog.js:60;src_jsc/Views/Dialog/BindingDialog.js:96;src_jsc/Views/Dialog/BindingTelDialog.js:54;src_jsc/Views/Dialog/BindingTelDialog.js:90;src_jsc/Views/Dialog/IdCardBindingDialog.js:64;src_jsc/Views/Dialog/IdCardBindingDialog.js:98;src_jsc/Views/Dialog/SpecificDialog.js:742;src_jsc/Views/Dialog/SpecificDialog.js:934;src_jsc/Views/Dialog/UnionChgNoticeSignDialog.js:73;src_jsc/Views/Dialog/VerificationTelDialog.js:54;src_jsc/Views/Dialog/VerificationTelDialog.js:90;src_jsc/Views/Union/UnionCreate.js:66;src_jsc/Views/Union/UnionCreate.js:95;src_jsc/Views/Union/UnionSearch.js:132,unknown,unknown,unknown,unknown,unknown,unknown,candidate observed statically; scene reachability unverified,stock Cocos/JSB binding or project JS; exact binding not resolved,UNRESOLVED,Recovered/native_api_inventory.json member_uses; reconstructed JS is approximate,not yet selected,not run
js_member_candidate,cc.KEYBOARD_RETURNTYPE_GO,cc,unknown; resolve against recorded oracle symbol dump,src_jsc/Core/Cocos2d-x/jsb_cocos2d_extension.js:29,unknown,unknown,unknown,unknown,unknown,unknown,candidate observed statically; scene reachability unverified,stock Cocos/JSB binding or project JS; exact binding not resolved,UNRESOLVED,Recovered/native_api_inventory.json member_uses; reconstructed JS is approximate,not yet selected,not run
js_member_candidate,cc.KEYBOARD_RETURNTYPE_SEARCH,cc,unknown; resolve against recorded oracle symbol dump,src_jsc/Core/Cocos2d-x/jsb_cocos2d_extension.js:27,unknown,unknown,unknown,unknown,unknown,unknown,candidate observed statically; scene reachability unverified,stock Cocos/JSB binding or project JS; exact binding not resolved,UNRESOLVED,Recovered/native_api_inventory.json member_uses; reconstructed JS is approximate,not yet selected,not run
js_member_candidate,cc.KEYBOARD_RETURNTYPE_SEND,cc,unknown; resolve against recorded oracle symbol dump,src_jsc/Core/Cocos2d-x/jsb_cocos2d_extension.js:25,unknown,unknown,unknown,unknown,unknown,unknown,candidate observed statically; scene reachability unverified,stock Cocos/JSB binding or project JS; exact binding not resolved,UNRESOLVED,Recovered/native_api_inventory.json member_uses; reconstructed JS is approximate,not yet selected,not run
js_member_candidate,cc.LABELATLAS_DEBUG_DRAW,cc,unknown; resolve against recorded oracle symbol dump,src_jsc/Core/Cocos2d-x/jsb_cocos2d_constants.js:49,unknown,unknown,unknown,unknown,unknown,unknown,candidate observed statically; scene reachability unverified,stock Cocos/JSB binding or project JS; exact binding not resolved,UNRESOLVED,Recovered/native_api_inventory.json member_uses; reconstructed JS is approximate,not yet selected,not run
js_member_candidate,cc.LABELBMFONT_DEBUG_DRAW,cc,unknown; resolve against recorded oracle symbol dump,src_jsc/Core/Cocos2d-x/jsb_cocos2d_constants.js:51,unknown,unknown,unknown,unknown,unknown,unknown,candidate observed statically; scene reachability unverified,stock Cocos/JSB binding or project JS; exact binding not resolved,UNRESOLVED,Recovered/native_api_inventory.json member_uses; reconstructed JS is approximate,not yet selected,not run
js_member_candidate,cc.LABEL_AUTOMATIC_WIDTH,cc,unknown; resolve against recorded oracle symbol dump,src_jsc/Core/Cocos2d-x/jsb_cocos2d_constants.js:113,unknown,unknown,unknown,unknown,unknown,unknown,candidate observed statically; scene reachability unverified,stock Cocos/JSB binding or project JS; exact binding not resolved,UNRESOLVED,Recovered/native_api_inventory.json member_uses; reconstructed JS is approximate,not yet selected,not run
js_member_candidate,cc.LANGUAGE_ARABIC,cc,unknown; resolve against recorded oracle symbol dump,src_jsc/Core/Cocos2d-x/jsb_cocos2d.js:69,unknown,unknown,unknown,unknown,unknown,unknown,candidate observed statically; scene reachability unverified,stock Cocos/JSB binding or project JS; exact binding not resolved,UNRESOLVED,Recovered/native_api_inventory.json member_uses; reconstructed JS is approximate,not yet selected,not run
js_member_candidate,cc.LANGUAGE_CHINESE,cc,unknown; resolve against recorded oracle symbol dump,src_jsc/Core/Cocos2d-x/jsb_cocos2d.js:49,unknown,unknown,unknown,unknown,unknown,unknown,candidate observed statically; scene reachability unverified,stock Cocos/JSB binding or project JS; exact binding not resolved,UNRESOLVED,Recovered/native_api_inventory.json member_uses; reconstructed JS is approximate,not yet selected,not run
js_member_candidate,cc.LANGUAGE_ENGLISH,cc,unknown; resolve against recorded oracle symbol dump,src_jsc/Core/Cocos2d-x/jsb_cocos2d.js:47,unknown,unknown,unknown,unknown,unknown,unknown,candidate observed statically; scene reachability unverified,stock Cocos/JSB binding or project JS; exact binding not resolved,UNRESOLVED,Recovered/native_api_inventory.json member_uses; reconstructed JS is approximate,not yet selected,not run
js_member_candidate,cc.LANGUAGE_FRENCH,cc,unknown; resolve against recorded oracle symbol dump,src_jsc/Core/Cocos2d-x/jsb_cocos2d.js:51,unknown,unknown,unknown,unknown,unknown,unknown,candidate observed statically; scene reachability unverified,stock Cocos/JSB binding or project JS; exact binding not resolved,UNRESOLVED,Recovered/native_api_inventory.json member_uses; reconstructed JS is approximate,not yet selected,not run
js_member_candidate,cc.LANGUAGE_GERMAN,cc,unknown; resolve against recorded oracle symbol dump,src_jsc/Core/Cocos2d-x/jsb_cocos2d.js:55,unknown,unknown,unknown,unknown,unknown,unknown,candidate observed statically; scene reachability unverified,stock Cocos/JSB binding or project JS; exact binding not resolved,UNRESOLVED,Recovered/native_api_inventory.json member_uses; reconstructed JS is approximate,not yet selected,not run
js_member_candidate,cc.LANGUAGE_HUNGARIAN,cc,unknown; resolve against recorded oracle symbol dump,src_jsc/Core/Cocos2d-x/jsb_cocos2d.js:65,unknown,unknown,unknown,unknown,unknown,unknown,candidate observed statically; scene reachability unverified,stock Cocos/JSB binding or project JS; exact binding not resolved,UNRESOLVED,Recovered/native_api_inventory.json member_uses; reconstructed JS is approximate,not yet selected,not run
js_member_candidate,cc.LANGUAGE_ITALIAN,cc,unknown; resolve against recorded oracle symbol dump,src_jsc/Core/Cocos2d-x/jsb_cocos2d.js:53,unknown,unknown,unknown,unknown,unknown,unknown,candidate observed statically; scene reachability unverified,stock Cocos/JSB binding or project JS; exact binding not resolved,UNRESOLVED,Recovered/native_api_inventory.json member_uses; reconstructed JS is approximate,not yet selected,not run
js_member_candidate,cc.LANGUAGE_JAPANESE,cc,unknown; resolve against recorded oracle symbol dump,src_jsc/Core/Cocos2d-x/jsb_cocos2d.js:63,unknown,unknown,unknown,unknown,unknown,unknown,candidate observed statically; scene reachability unverified,stock Cocos/JSB binding or project JS; exact binding not resolved,UNRESOLVED,Recovered/native_api_inventory.json member_uses; reconstructed JS is approximate,not yet selected,not run
js_member_candidate,cc.LANGUAGE_KOREAN,cc,unknown; resolve against recorded oracle symbol dump,src_jsc/Core/Cocos2d-x/jsb_cocos2d.js:61,unknown,unknown,unknown,unknown,unknown,unknown,candidate observed statically; scene reachability unverified,stock Cocos/JSB binding or project JS; exact binding not resolved,UNRESOLVED,Recovered/native_api_inventory.json member_uses; reconstructed JS is approximate,not yet selected,not run
js_member_candidate,cc.LANGUAGE_PORTUGUESE,cc,unknown; resolve against recorded oracle symbol dump,src_jsc/Core/Cocos2d-x/jsb_cocos2d.js:67,unknown,unknown,unknown,unknown,unknown,unknown,candidate observed statically; scene reachability unverified,stock Cocos/JSB binding or project JS; exact binding not resolved,UNRESOLVED,Recovered/native_api_inventory.json member_uses; reconstructed JS is approximate,not yet selected,not run
js_member_candidate,cc.LANGUAGE_RUSSIAN,cc,unknown; resolve against recorded oracle symbol dump,src_jsc/Core/Cocos2d-x/jsb_cocos2d.js:59,unknown,unknown,unknown,unknown,unknown,unknown,candidate observed statically; scene reachability unverified,stock Cocos/JSB binding or project JS; exact binding not resolved,UNRESOLVED,Recovered/native_api_inventory.json member_uses; reconstructed JS is approximate,not yet selected,not run
js_member_candidate,cc.LANGUAGE_SPANISH,cc,unknown; resolve against recorded oracle symbol dump,src_jsc/Core/Cocos2d-x/jsb_cocos2d.js:57,unknown,unknown,unknown,unknown,unknown,unknown,candidate observed statically; scene reachability unverified,stock Cocos/JSB binding or project JS; exact binding not resolved,UNRESOLVED,Recovered/native_api_inventory.json member_uses; reconstructed JS is approximate,not yet selected,not run
js_member_candidate,cc.LINE_BREAK_MODE_CHARACTER_WRAP,cc,unknown; resolve against recorded oracle symbol dump,src_jsc/Core/Cocos2d-x/jsb_cocos2d_constants.js:115,unknown,unknown,unknown,unknown,unknown,unknown,candidate observed statically; scene reachability unverified,stock Cocos/JSB binding or project JS; exact binding not resolved,UNRESOLVED,Recovered/native_api_inventory.json member_uses; reconstructed JS is approximate,not yet selected,not run
js_member_candidate,cc.LINE_BREAK_MODE_CLIP,cc,unknown; resolve against recorded oracle symbol dump,src_jsc/Core/Cocos2d-x/jsb_cocos2d_constants.js:117,unknown,unknown,unknown,unknown,unknown,unknown,candidate observed statically; scene reachability unverified,stock Cocos/JSB binding or project JS; exact binding not resolved,UNRESOLVED,Recovered/native_api_inventory.json member_uses; reconstructed JS is approximate,not yet selected,not run
js_member_candidate,cc.LINE_BREAK_MODE_HEAD_TRUNCATION,cc,unknown; resolve against recorded oracle symbol dump,src_jsc/Core/Cocos2d-x/jsb_cocos2d_constants.js:119,unknown,unknown,unknown,unknown,unknown,unknown,candidate observed statically; scene reachability unverified,stock Cocos/JSB binding or project JS; exact binding not resolved,UNRESOLVED,Recovered/native_api_inventory.json member_uses; reconstructed JS is approximate,not yet selected,not run
js_member_candidate,cc.LINE_BREAK_MODE_MIDDLE_TRUNCATION,cc,unknown; resolve against recorded oracle symbol dump,src_jsc/Core/Cocos2d-x/jsb_cocos2d_constants.js:121,unknown,unknown,unknown,unknown,unknown,unknown,candidate observed statically; scene reachability unverified,stock Cocos/JSB binding or project JS; exact binding not resolved,UNRESOLVED,Recovered/native_api_inventory.json member_uses; reconstructed JS is approximate,not yet selected,not run
js_member_candidate,cc.LINE_BREAK_MODE_TAIL_TRUNCATION,cc,unknown; resolve against recorded oracle symbol dump,src_jsc/Core/Cocos2d-x/jsb_cocos2d_constants.js:123,unknown,unknown,unknown,unknown,unknown,unknown,candidate observed statically; scene reachability unverified,stock Cocos/JSB binding or project JS; exact binding not resolved,UNRESOLVED,Recovered/native_api_inventory.json member_uses; reconstructed JS is approximate,not yet selected,not run
js_member_candidate,cc.LINE_BREAK_MODE_WORD_WRAP,cc,unknown; resolve against recorded oracle symbol dump,src_jsc/Core/Cocos2d-x/jsb_cocos2d_constants.js:125,unknown,unknown,unknown,unknown,unknown,unknown,candidate observed statically; scene reachability unverified,stock Cocos/JSB binding or project JS; exact binding not resolved,UNRESOLVED,Recovered/native_api_inventory.json member_uses; reconstructed JS is approximate,not yet selected,not run
js_member_candidate,cc.LabelAtlas._create,cc,unknown; resolve against recorded oracle symbol dump,src_jsc/Core/Cocos2d-x/jsb_cocos2d.js:728,unknown,unknown,unknown,unknown,unknown,unknown,candidate observed statically; scene reachability unverified,stock Cocos/JSB binding or project JS; exact binding not resolved,UNRESOLVED,Recovered/native_api_inventory.json member_uses; reconstructed JS is approximate,not yet selected,not run
js_member_candidate,cc.LabelAtlas._create.apply,cc,unknown; resolve against recorded oracle symbol dump,src_jsc/Core/Cocos2d-x/jsb_cocos2d.js:731,unknown,unknown,unknown,unknown,unknown,unknown,candidate observed statically; scene reachability unverified,stock Cocos/JSB binding or project JS; exact binding not resolved,UNRESOLVED,Recovered/native_api_inventory.json member_uses; reconstructed JS is approximate,not yet selected,not run
js_member_candidate,cc.LabelAtlas.create,cc,unknown; resolve against recorded oracle symbol dump,src_jsc/Core/Cocos2d-x/jsb_cocos2d.js:720,unknown,unknown,unknown,unknown,unknown,unknown,candidate observed statically; scene reachability unverified,stock Cocos/JSB binding or project JS; exact binding not resolved,UNRESOLVED,Recovered/native_api_inventory.json member_uses; reconstructed JS is approximate,not yet selected,not run
js_member_candidate,cc.LabelBMFont.create,cc,unknown; resolve against recorded oracle symbol dump,src_jsc/Factorys/LabelBMFont.js:111;src_jsc/Factorys/LabelBMFont.js:20;src_jsc/Views/Label/LabelBMF.js:9,unknown,unknown,unknown,unknown,unknown,unknown,candidate observed statically; scene reachability unverified,stock Cocos/JSB binding or project JS; exact binding not resolved,UNRESOLVED,Recovered/native_api_inventory.json member_uses; reconstructed JS is approximate,not yet selected,not run
js_member_candidate,cc.LabelTTF.create,cc,unknown; resolve against recorded oracle symbol dump,src_jsc/Factorys/LabelTTF.js:16;src_jsc/Scene/TeamBuild/TeamBuildScene.js:52;src_jsc/Scene/TeamBuild/TeamMemberNavigation.js:350;src_jsc/Scene/TeamBuild/TeamMemberNavigation.js:49;src_jsc/Update/UpdateScene.js:127;src_jsc/Update/UpdateScene.js:137;src_jsc/Update/UpdateScene.js:181;src_jsc/Views/Dialog/ErrorDialog.js:34;src_jsc/Views/Label/LabelTTF.js:9;src_jsc/Views/SplitLabelTTF.js:84,unknown,unknown,unknown,unknown,unknown,unknown,candidate observed statically; scene reachability unverified,stock Cocos/JSB binding or project JS; exact binding not resolved,UNRESOLVED,Recovered/native_api_inventory.json member_uses; reconstructed JS is approximate,not yet selected,not run
js_member_candidate,cc.Layer,cc,unknown; resolve against recorded oracle symbol dump,src_jsc/Libs/Views/Layer/BaseLayer.js:11;src_jsc/Scene/Awake/AwakeBoxView.js:20;src_jsc/Scene/Beauty/BeautyScene.js:11;src_jsc/Scene/Chaos/ChaosFight.js:10;src_jsc/Scene/Chaos/ChaosHomeView.js:10;src_jsc/Scene/Climb/ClimbLadderRankListScene.js:10;src_jsc/Scene/Combat/CombatCardView.js:12;src_jsc/Scene/Combat/CombatUpgradeScene.js:15;src_jsc/Scene/Copy/CopyScene.js:11;src_jsc/Scene/Copy/DuanWuCopyScene.js:11;src_jsc/Scene/Copy/LabourlCopyScene.js:11;src_jsc/Scene/Copy/MemorialCopyScene.js:11;src_jsc/Scene/Copy/PlantCopyScene.js:11;src_jsc/Scene/Copy/PublicCopyScene.js:11;src_jsc/Scene/Debug/DebugScene.js:172;src_jsc/Scene/Develop/AlchemyView.js:10;src_jsc/Scene/Develop/DevelopScene.js:10;src_jsc/Scene/Equ/EquipmentScene.js:10;src_jsc/Scene/FightChapter/FightChapters.js:10;src_jsc/Scene/Gems/GemsScene.js:11;src_jsc/Scene/GeneralSelect/GeneralSelectScene.js:10;src_jsc/Scene/Ladder/LadderChartView.js:10;src_jsc/Scene/Ladder/LadderGiftView.js:14;src_jsc/Scene/Ladder/LadderGiftView_Honor.js:14;src_jsc/Scene/Ladder/LadderTenFightResultDialog.js:11;src_jsc/Scene/Ladder/LadderView.js:10;src_jsc/Scene/Login/LoginScene_AnySdk.js:10;src_jsc/Scene/Login/LoginScene_BfSdk.js:10;src_jsc/Scene/Login/LoginScene_EasyGuestSdk.js:10;src_jsc/Scene/Login/LoginScene_EasySdk.js:10;src_jsc/Scene/Login/LoginScene_ThirdGuestSdk.js:10;src_jsc/Scene/Login/LoginScene_ThirdSdk.js:10;src_jsc/Scene/Mail/MailSystemScene.js:10;src_jsc/Scene/Mail/MailView.js:10;src_jsc/Scene/Main/MainMenuScene.js:11;src_jsc/Scene/NewPlayer/NewPlayerScene.js:10;src_jsc/Scene/Rank/RankScene.js:11;src_jsc/Scene/Setting/ContactGMScene.js:121;src_jsc/Scene/Setting/ContactGMScene.js:50;src_jsc/Scene/Setting/SettingScene.js:66;src_jsc/Scene/Skill/SkillScene.js:10;src_jsc/Scene/Social/SocialView.js:16;src_jsc/Scene/Store/ToastView.js:11;src_jsc/Scene/SubMenu/GeneralMenuScene.js:10;src_jsc/Scene/SubMenu/MenuMenuScene.js:10;src_jsc/Scene/TeamBuild/TeamBuildScene.js:244;src_jsc/Scene/TeamBuild/TeamBuildScene_V2.js:11;src_jsc/Scene/TeamBuild/TeamMemberNavigation.js:416;src_jsc/Update/UpdateScene.js:49;src_jsc/Views/Awake/AwakeLayer.js:24;src_jsc/Views/CardListView.js:10;src_jsc/Views/CardListView_v2.js:20;src_jsc/Views/ChatContentLayer.js:10;src_jsc/Views/ClimbLadderArtifactStorey.js:10;src_jsc/Views/ClimbLadderPFKGView.js:20;src_jsc/Views/DecisiveBattle/DecisiveBattleMainView.js:28;src_jsc/Views/DecisiveBattle/DecisiveBattlePreviewView.js:11;src_jsc/Views/DecisiveBattle/SupportPointsExchangeView.js:11;src_jsc/Views/DecisiveBattle/SupportRecordView.js:28;src_jsc/Views/Dialog/AnnouncementDialog.js:196;src_jsc/Views/Dialog/AutoMultiKillSelectDialog.js:10;src_jsc/Views/Dialog/DecisiveSupportDialog.js:11;src_jsc/Views/Dialog/DecisiveSupportDialog.js:280;src_jsc/Views/Dialog/DevelopInstruction.js:11;src_jsc/Views/Dialog/Dialog.js:215;src_jsc/Views/Dialog/ErrorDialog.js:12;src_jsc/Views/Dialog/ExchangeCDKey.js:10;src_jsc/Views/Dialog/FriendOperationDialog.js:10;src_jsc/Views/Dialog/GoldDrawDialog.js:11;src_jsc/Views/Dialog/InstructionDialog.js:11;src_jsc/Views/Dialog/MulitiFightDialog.js:11;src_jsc/Views/Dialog/MultiItemBuyDialog.js:10;src_jsc/Views/Dialog/MultiItemExchangeDialog.js:10;src_jsc/Views/Dialog/PublicNotice.js:12;src_jsc/Views/Dialog/RefineEquipmentDialog.js:10;src_jsc/Views/Dialog/SelectOpenBoxNumDialog.js:10;src_jsc/Views/Dialog/SelectResolveNumDialog.js:10;src_jsc/Views/Dialog/SkillUpDialog.js:666;src_jsc/Views/Dialog/SlotMachinesActivities.js:38;src_jsc/Views/Dialog/UnionActiveDialog.js:199;src_jsc/Views/Dialog/UnionDepotMemberDialog.js:218;src_jsc/Views/Dialog/UnionDepotNumChooseDialog.js:22;src_jsc/Views/Dialog/UnionWarBattleResultDialog.js:179;src_jsc/Views/Gems/AllGemsListDialog.js:10;src_jsc/Views/Gems/GemsBagView.js:197;src_jsc/Views/Gems/GemsComposeView.js:16;src_jsc/Views/Gems/GemsPunchView.js:79;src_jsc/Views/Gems/GemsSophisticationReplaceDialog.js:199;src_jsc/Views/Gems/GemsSophisticationView.js:17;src_jsc/Views/GeneralPlayView.js:14;src_jsc/Views/GeneralSwapView.js:10;src_jsc/Views/Goddess/GoddessAchievementDialog.js:16;src_jsc/Views/Goddess/GoddessAchievementDialog.js:259;src_jsc/Views/Goddess/GoddessMainView.js:30;src_jsc/Views/Goddess/ThreeIconShowView.js:10;src_jsc/Views/HulaoBattle/GarrisonLayoutDialog.js:11;src_jsc/Views/HulaoBattle/HulaoBattleMainView.js:23;src_jsc/Views/HulaoBattle/HulaoBattleSelectDifficulty.js:27;src_jsc/Views/HulaoBattle/LightenLuckDialog.js:11;src_jsc/Views/HungerLayer.js:13;src_jsc/Views/InterService/InterServiceFightView.js:33;src_jsc/Views/InterService/InterServiceRegistrationView.js:20;src_jsc/Views/InterService/InterServiceWorshipView.js:11;src_jsc/Views/InterService/PointsExchangeView.js:11;src_jsc/Views/InterService/PointsRankDialog.js:155;src_jsc/Views/InterService/PopularityRewardView.js:200;src_jsc/Views/InterService/PromptFrameDialog.js:10;src_jsc/Views/MTipsListView.js:10;src_jsc/Views/Meridians/AcupointListView.js:10;src_jsc/Views/Meridians/AcupointListView.js:97;src_jsc/Views/Meridians/DetailsListView.js:10;src_jsc/Views/Meridians/DetailsListView.js:127;src_jsc/Views/Meridians/MeridiansMainView.js:11;src_jsc/Views/Meridians/PracticeMeridiansMainView.js:11;src_jsc/Views/MiracleWeapons/MiracleWeaponInforDialog.js:21;src_jsc/Views/MiracleWeapons/MiracleWeaponLayer.js:61;src_jsc/Views/MiracleWeapons/SelectMiracleWeaponLayer.js:23;src_jsc/Views/MiracleWeapons/ThreeMiracleWeaponsShowLayer.js:12;src_jsc/Views/MultiPagesMenuView.js:10;src_jsc/Views/ReincarnationView.js:10;src_jsc/Views/ServerSelectView.js:214;src_jsc/Views/SkillCompoundView.js:10;src_jsc/Views/SkillRefining/RefiningSkillDialog.js:10;src_jsc/Views/SkillRefining/SkillRefiningLayer.js:28;src_jsc/Views/SortController.js:10;src_jsc/Views/TableViewCellButton.js:10;src_jsc/Views/Union/UnionBaseLayer.js:11;src_jsc/Views/Union/UnionDepotLayer.js:190;src_jsc/Views/Union/UnionMemberLayer.js:318;src_jsc/Views/Union/UnionMembershipLayer.js:198;src_jsc/Views/Union/UnionRankingLayer.js:251;src_jsc/Views/Union/UnionShopLayer.js:214;src_jsc/Views/UpgradeCard/CardAwakeView.js:10;src_jsc/Views/UserLevelUp.js:10,unknown,unknown,unknown,unknown,unknown,unknown,candidate observed statically; scene reachability unverified,stock Cocos/JSB binding or project JS; exact binding not resolved,UNRESOLVED,Recovered/native_api_inventory.json member_uses; reconstructed JS is approximate,not yet selected,not run
js_member_candidate,cc.Layer.create,cc,unknown; resolve against recorded oracle symbol dump,src_jsc/Scene/Fight/FightScene.js:48;src_jsc/Views/UnionWarFightView.js:65;src_jsc/Views/UnionWarFightView.js:67,unknown,unknown,unknown,unknown,unknown,unknown,candidate observed statically; scene reachability unverified,stock Cocos/JSB binding or project JS; exact binding not resolved,UNRESOLVED,Recovered/native_api_inventory.json member_uses; reconstructed JS is approximate,not yet selected,not run
js_member_candidate,cc.Layer.extend,cc,unknown; resolve against recorded oracle symbol dump,src_jsc/Core/Cocos2d-x/jsb_cocos2d.js:856;src_jsc/Scene/Awake/AwakeBoxView.js:5;src_jsc/Scene/Beauty/BeautyScene.js:5;src_jsc/Scene/Chaos/ChaosFight.js:5;src_jsc/Scene/Chaos/ChaosHomeView.js:5;src_jsc/Scene/Climb/StartBattleScene.js:5;src_jsc/Scene/Combat/CombatCardView.js:5;src_jsc/Scene/Combat/CombatUpgradeScene.js:9;src_jsc/Scene/Copy/CopyScene.js:5;src_jsc/Scene/Copy/DuanWuCopyScene.js:5;src_jsc/Scene/Copy/LabourlCopyScene.js:5;src_jsc/Scene/Copy/MemorialCopyScene.js:5;src_jsc/Scene/Copy/PlantCopyScene.js:5;src_jsc/Scene/Copy/PublicCopyScene.js:5;src_jsc/Scene/Debug/DebugScene.js:142;src_jsc/Scene/Debug/DebugScene.js:249;src_jsc/Scene/Develop/AlchemyView.js:5;src_jsc/Scene/Develop/DevelopScene.js:5;src_jsc/Scene/Equ/EquipmentScene.js:5;src_jsc/Scene/Fight/FightScene.js:5;src_jsc/Scene/FightChapter/FightChapters.js:5;src_jsc/Scene/GeneralSelect/GeneralSelectScene.js:5;src_jsc/Scene/Ladder/LadderChartView.js:5;src_jsc/Scene/Ladder/LadderGiftView.js:9;src_jsc/Scene/Ladder/LadderGiftView_Honor.js:9;src_jsc/Scene/Ladder/LadderView.js:5;src_jsc/Scene/Login/LoginScene_AnySdk.js:5;src_jsc/Scene/Login/LoginScene_BfSdk.js:5;src_jsc/Scene/Login/LoginScene_EasyGuestSdk.js:5;src_jsc/Scene/Login/LoginScene_EasySdk.js:5;src_jsc/Scene/Login/LoginScene_ThirdGuestSdk.js:5;src_jsc/Scene/Login/LoginScene_ThirdSdk.js:5;src_jsc/Scene/Mail/MailView.js:5;src_jsc/Scene/Main/MainMenuScene.js:5;src_jsc/Scene/Party/WishingScene.js:5;src_jsc/Scene/Setting/ContactGMScene.js:116;src_jsc/Scene/Setting/ContactGMScene.js:45;src_jsc/Scene/Setting/SettingScene.js:61;src_jsc/Scene/Skill/SkillScene.js:5;src_jsc/Scene/Social/SocialView.js:11;src_jsc/Scene/Store/ToastView.js:5;src_jsc/Scene/SubMenu/GeneralMenuScene.js:5;src_jsc/Scene/SubMenu/MenuMenuScene.js:5;src_jsc/Scene/TeamBuild/TeamBuildScene.js:238;src_jsc/Scene/TeamBuild/TeamBuildScene_V2.js:5;src_jsc/Scene/TeamBuild/TeamMemberNavigation.js:411;src_jsc/Update/UpdateScene.js:7;src_jsc/Views/Awake/AwakeLayer.js:5;src_jsc/Views/CardListView.js:5;src_jsc/Views/CardListView_v2.js:15;src_jsc/Views/ChatContentLayer.js:5;src_jsc/Views/ClimbLadderArtifactStorey.js:5;src_jsc/Views/ClimbLadderPFKGView.js:5;src_jsc/Views/DecisiveBattle/DecisiveBattleMainView.js:5;src_jsc/Views/DecisiveBattle/SupportPointsExchangeView.js:5;src_jsc/Views/DecisiveBattle/SupportRecordView.js:5;src_jsc/Views/Dialog/SkillUpDialog.js:661;src_jsc/Views/Gems/GemsComposeView.js:11;src_jsc/Views/Gems/GemsHoleextendView.js:5;src_jsc/Views/Gems/GemsPunchView.js:74;src_jsc/Views/Gems/GemsSophisticationView.js:11;src_jsc/Views/GeneralPlayView.js:9;src_jsc/Views/GeneralSwapView.js:5;src_jsc/Views/Goddess/GoddessMainView.js:5;src_jsc/Views/Goddess/ThreeIconShowView.js:5;src_jsc/Views/HulaoBattle/HulaoBattleMainView.js:5;src_jsc/Views/HungerLayer.js:5;src_jsc/Views/InterService/InterServiceFightView.js:5;src_jsc/Views/InterService/InterServiceRegistrationView.js:5;src_jsc/Views/InterService/PointsExchangeView.js:5;src_jsc/Views/InterService/PopularityRewardView.js:194;src_jsc/Views/MTipsListView.js:5;src_jsc/Views/MainMenuBtnView.js:5;src_jsc/Views/Meridians/AcupointListView.js:5;src_jsc/Views/Meridians/AcupointListView.js:92;src_jsc/Views/Meridians/DetailsListView.js:122;src_jsc/Views/Meridians/DetailsListView.js:5;src_jsc/Views/Meridians/MeridiansMainView.js:5;src_jsc/Views/Meridians/PracticeMeridiansMainView.js:5;src_jsc/Views/MiracleWeapons/MiracleWeaponLayer.js:5;src_jsc/Views/MiracleWeapons/SelectMiracleWeaponLayer.js:5;src_jsc/Views/MiracleWeapons/ThreeMiracleWeaponsShowLayer.js:5;src_jsc/Views/MultiPagesMenuView.js:5;src_jsc/Views/ServerSelectView.js:207;src_jsc/Views/SkillCompoundView.js:5;src_jsc/Views/SkillRefining/SkillRefiningLayer.js:5;src_jsc/Views/SortController.js:5;src_jsc/Views/TableViewCellButton.js:5;src_jsc/Views/Union/UnionBaseLayer.js:5,unknown,unknown,unknown,unknown,unknown,unknown,candidate observed statically; scene reachability unverified,stock Cocos/JSB binding or project JS; exact binding not resolved,UNRESOLVED,Recovered/native_api_inventory.json member_uses; reconstructed JS is approximate,not yet selected,not run
js_member_candidate,cc.LayerColor,cc,unknown; resolve against recorded oracle symbol dump,src_jsc/Scene/FightChapter/DungeonView.js:10,unknown,unknown,unknown,unknown,unknown,unknown,candidate observed statically; scene reachability unverified,stock Cocos/JSB binding or project JS; exact binding not resolved,UNRESOLVED,Recovered/native_api_inventory.json member_uses; reconstructed JS is approximate,not yet selected,not run
js_member_candidate,cc.LayerColor.create,cc,unknown; resolve against recorded oracle symbol dump,src_jsc/Factorys/Skill/Item/Item.js:852;src_jsc/Scene/Fight/FightScene.js:312;src_jsc/Scene/Fight/FightScene.js:439;src_jsc/Scene/Fight/FightScene.js:451;src_jsc/Scene/UnionWar/UnionWarBattleScene.js:45;src_jsc/Scene/UnionWar/UnionWarChangeFormationScene.js:44;src_jsc/Scene/UnionWar/UnionWarFightScene.js:227;src_jsc/Scene/UnionWar/UnionWarFightScene.js:56;src_jsc/Tools/UI.js:84;src_jsc/Views/Dialog/Dialog.js:231;src_jsc/Views/Dialog/Story.js:38;src_jsc/Views/HDShowViews.js:17;src_jsc/Views/HungerLayer.js:143;src_jsc/Views/Mgr.js:445,unknown,unknown,unknown,unknown,unknown,unknown,candidate observed statically; scene reachability unverified,stock Cocos/JSB binding or project JS; exact binding not resolved,UNRESOLVED,Recovered/native_api_inventory.json member_uses; reconstructed JS is approximate,not yet selected,not run
js_member_candidate,cc.LayerColor.extend,cc,unknown; resolve against recorded oracle symbol dump,src_jsc/Core/Cocos2d-x/jsb_cocos2d.js:860;src_jsc/Libs/Views/Layer/BaseLayer.js:5;src_jsc/Scene/FightChapter/DungeonView.js:5,unknown,unknown,unknown,unknown,unknown,unknown,candidate observed statically; scene reachability unverified,stock Cocos/JSB binding or project JS; exact binding not resolved,UNRESOLVED,Recovered/native_api_inventory.json member_uses; reconstructed JS is approximate,not yet selected,not run
js_member_candidate,cc.LayerGradient.extend,cc,unknown; resolve against recorded oracle symbol dump,src_jsc/Core/Cocos2d-x/jsb_cocos2d.js:858,unknown,unknown,unknown,unknown,unknown,unknown,candidate observed statically; scene reachability unverified,stock Cocos/JSB binding or project JS; exact binding not resolved,UNRESOLVED,Recovered/native_api_inventory.json member_uses; reconstructed JS is approximate,not yet selected,not run
js_member_candidate,cc.LayerMultiplex.create,cc,unknown; resolve against recorded oracle symbol dump,src_jsc/Core/Cocos2d-x/jsb_cocos2d.js:735,unknown,unknown,unknown,unknown,unknown,unknown,candidate observed statically; scene reachability unverified,stock Cocos/JSB binding or project JS; exact binding not resolved,UNRESOLVED,Recovered/native_api_inventory.json member_uses; reconstructed JS is approximate,not yet selected,not run
js_member_candidate,cc.LayerMultiplex.createWithArray,cc,unknown; resolve against recorded oracle symbol dump,src_jsc/Core/Cocos2d-x/jsb_cocos2d.js:735,unknown,unknown,unknown,unknown,unknown,unknown,candidate observed statically; scene reachability unverified,stock Cocos/JSB binding or project JS; exact binding not resolved,UNRESOLVED,Recovered/native_api_inventory.json member_uses; reconstructed JS is approximate,not yet selected,not run
js_member_candidate,cc.Loader,cc,unknown; resolve against recorded oracle symbol dump,src_jsc/Core/Cocos2d-x/jsb_cocos2d.js:870;src_jsc/Core/Cocos2d-x/jsb_cocos2d.js:886;src_jsc/Core/Cocos2d-x/jsb_cocos2d.js:894,unknown,unknown,unknown,unknown,unknown,unknown,candidate observed statically; scene reachability unverified,stock Cocos/JSB binding or project JS; exact binding not resolved,UNRESOLVED,Recovered/native_api_inventory.json member_uses; reconstructed JS is approximate,not yet selected,not run
js_member_candidate,cc.Loader.preload,cc,unknown; resolve against recorded oracle symbol dump,src_jsc/Core/Cocos2d-x/jsb_cocos2d.js:883,unknown,unknown,unknown,unknown,unknown,unknown,candidate observed statically; scene reachability unverified,stock Cocos/JSB binding or project JS; exact binding not resolved,UNRESOLVED,Recovered/native_api_inventory.json member_uses; reconstructed JS is approximate,not yet selected,not run
js_member_candidate,cc.LoaderScene,cc,unknown; resolve against recorded oracle symbol dump,src_jsc/Core/Cocos2d-x/jsb_cocos2d.js:894,unknown,unknown,unknown,unknown,unknown,unknown,candidate observed statically; scene reachability unverified,stock Cocos/JSB binding or project JS; exact binding not resolved,UNRESOLVED,Recovered/native_api_inventory.json member_uses; reconstructed JS is approximate,not yet selected,not run
js_member_candidate,cc.MAC_USE_DISPLAY_LINK_THREAD,cc,unknown; resolve against recorded oracle symbol dump,src_jsc/Core/Cocos2d-x/jsb_cocos2d_constants.js:53,unknown,unknown,unknown,unknown,unknown,unknown,candidate observed statically; scene reachability unverified,stock Cocos/JSB binding or project JS; exact binding not resolved,UNRESOLVED,Recovered/native_api_inventory.json member_uses; reconstructed JS is approximate,not yet selected,not run
js_member_candidate,cc.MAC_USE_MAIN_THREAD,cc,unknown; resolve against recorded oracle symbol dump,src_jsc/Core/Cocos2d-x/jsb_cocos2d_constants.js:55,unknown,unknown,unknown,unknown,unknown,unknown,candidate observed statically; scene reachability unverified,stock Cocos/JSB binding or project JS; exact binding not resolved,UNRESOLVED,Recovered/native_api_inventory.json member_uses; reconstructed JS is approximate,not yet selected,not run
js_member_candidate,cc.MAC_USE_OWN_THREAD,cc,unknown; resolve against recorded oracle symbol dump,src_jsc/Core/Cocos2d-x/jsb_cocos2d_constants.js:57,unknown,unknown,unknown,unknown,unknown,unknown,candidate observed statically; scene reachability unverified,stock Cocos/JSB binding or project JS; exact binding not resolved,UNRESOLVED,Recovered/native_api_inventory.json member_uses; reconstructed JS is approximate,not yet selected,not run
js_member_candidate,cc.MAC_VERSION_10_6,cc,unknown; resolve against recorded oracle symbol dump,src_jsc/Core/Cocos2d-x/jsb_cocos2d_constants.js:127,unknown,unknown,unknown,unknown,unknown,unknown,candidate observed statically; scene reachability unverified,stock Cocos/JSB binding or project JS; exact binding not resolved,UNRESOLVED,Recovered/native_api_inventory.json member_uses; reconstructed JS is approximate,not yet selected,not run
js_member_candidate,cc.MAC_VERSION_10_7,cc,unknown; resolve against recorded oracle symbol dump,src_jsc/Core/Cocos2d-x/jsb_cocos2d_constants.js:129,unknown,unknown,unknown,unknown,unknown,unknown,candidate observed statically; scene reachability unverified,stock Cocos/JSB binding or project JS; exact binding not resolved,UNRESOLVED,Recovered/native_api_inventory.json member_uses; reconstructed JS is approximate,not yet selected,not run
js_member_candidate,cc.MAC_VERSION_10_8,cc,unknown; resolve against recorded oracle symbol dump,src_jsc/Core/Cocos2d-x/jsb_cocos2d_constants.js:131,unknown,unknown,unknown,unknown,unknown,unknown,candidate observed statically; scene reachability unverified,stock Cocos/JSB binding or project JS; exact binding not resolved,UNRESOLVED,Recovered/native_api_inventory.json member_uses; reconstructed JS is approximate,not yet selected,not run
js_member_candidate,cc.MENU_HANDLER_PRIORITY,cc,unknown; resolve against recorded oracle symbol dump,src_jsc/Core/Cocos2d-x/jsb_cocos2d.js:171;src_jsc/Core/Cocos2d-x/jsb_cocos2d_constants.js:133,unknown,unknown,unknown,unknown,unknown,unknown,candidate observed statically; scene reachability unverified,stock Cocos/JSB binding or project JS; exact binding not resolved,UNRESOLVED,Recovered/native_api_inventory.json member_uses; reconstructed JS is approximate,not yet selected,not run
js_member_candidate,cc.MENU_STATE_TRACKING_TOUCH,cc,unknown; resolve against recorded oracle symbol dump,src_jsc/Core/Cocos2d-x/jsb_cocos2d.js:169;src_jsc/Core/Cocos2d-x/jsb_cocos2d_constants.js:135,unknown,unknown,unknown,unknown,unknown,unknown,candidate observed statically; scene reachability unverified,stock Cocos/JSB binding or project JS; exact binding not resolved,UNRESOLVED,Recovered/native_api_inventory.json member_uses; reconstructed JS is approximate,not yet selected,not run
js_member_candidate,cc.MENU_STATE_WAITING,cc,unknown; resolve against recorded oracle symbol dump,src_jsc/Core/Cocos2d-x/jsb_cocos2d.js:167;src_jsc/Core/Cocos2d-x/jsb_cocos2d_constants.js:137,unknown,unknown,unknown,unknown,unknown,unknown,candidate observed statically; scene reachability unverified,stock Cocos/JSB binding or project JS; exact binding not resolved,UNRESOLVED,Recovered/native_api_inventory.json member_uses; reconstructed JS is approximate,not yet selected,not run
js_member_candidate,cc.Menu.create,cc,unknown; resolve against recorded oracle symbol dump,src_jsc/Scene/TeamBuild/TeamBuildScene.js:386;src_jsc/Scene/TeamBuild/TeamBuildScene_V2.js:277,unknown,unknown,unknown,unknown,unknown,unknown,candidate observed statically; scene reachability unverified,stock Cocos/JSB binding or project JS; exact binding not resolved,UNRESOLVED,Recovered/native_api_inventory.json member_uses; reconstructed JS is approximate,not yet selected,not run
js_member_candidate,cc.MenuItemFont.extend,cc,unknown; resolve against recorded oracle symbol dump,src_jsc/Core/Cocos2d-x/jsb_cocos2d.js:864,unknown,unknown,unknown,unknown,unknown,unknown,candidate observed statically; scene reachability unverified,stock Cocos/JSB binding or project JS; exact binding not resolved,UNRESOLVED,Recovered/native_api_inventory.json member_uses; reconstructed JS is approximate,not yet selected,not run
js_member_candidate,cc.MenuItemImage.create,cc,unknown; resolve against recorded oracle symbol dump,src_jsc/Scene/TeamBuild/TeamBuildScene.js:380;src_jsc/Scene/TeamBuild/TeamBuildScene_V2.js:268,unknown,unknown,unknown,unknown,unknown,unknown,candidate observed statically; scene reachability unverified,stock Cocos/JSB binding or project JS; exact binding not resolved,UNRESOLVED,Recovered/native_api_inventory.json member_uses; reconstructed JS is approximate,not yet selected,not run
js_member_candidate,cc.MenuItemToggle._create.apply,cc,unknown; resolve against recorded oracle symbol dump,src_jsc/Core/Cocos2d-x/jsb_cocos2d.js:704;src_jsc/Core/Cocos2d-x/jsb_cocos2d.js:716,unknown,unknown,unknown,unknown,unknown,unknown,candidate observed statically; scene reachability unverified,stock Cocos/JSB binding or project JS; exact binding not resolved,UNRESOLVED,Recovered/native_api_inventory.json member_uses; reconstructed JS is approximate,not yet selected,not run
js_member_candidate,cc.MenuItemToggle.create,cc,unknown; resolve against recorded oracle symbol dump,src_jsc/Core/Cocos2d-x/jsb_cocos2d.js:686,unknown,unknown,unknown,unknown,unknown,unknown,candidate observed statically; scene reachability unverified,stock Cocos/JSB binding or project JS; exact binding not resolved,UNRESOLVED,Recovered/native_api_inventory.json member_uses; reconstructed JS is approximate,not yet selected,not run
js_member_candidate,cc.MoveBy.create,cc,unknown; resolve against recorded oracle symbol dump,src_jsc/Factorys/Skill/Item/Timeline.js:234;src_jsc/Scene/Fight/FightScene.js:1072;src_jsc/Scene/Fight/FightScene.js:1073;src_jsc/Scene/Fight/FightScene.js:1074;src_jsc/Scene/Fight/FightScene.js:1075;src_jsc/Scene/Fight/FightScene.js:1087;src_jsc/Scene/Fight/FightScene.js:1088;src_jsc/Scene/Fight/FightScene.js:1089;src_jsc/Scene/Fight/FightScene.js:1090;src_jsc/Scene/Fight/FightScene.js:1396;src_jsc/Scene/Fight/FightScene.js:1400;src_jsc/Scene/Fight/FightScene.js:1402;src_jsc/Scene/Fight/FightScene.js:1404;src_jsc/Scene/Fight/FightScene.js:1454;src_jsc/Scene/Fight/FightScene.js:1458;src_jsc/Scene/Fight/FightScene.js:1460;src_jsc/Scene/Fight/FightScene.js:1462;src_jsc/Scene/Fight/FightScene.js:2481;src_jsc/Utils/Node.js:713;src_jsc/Views/Card/Fight.js:148;src_jsc/Views/Card/Fight.js:150;src_jsc/Views/Mgr.js:1024;src_jsc/Views/Mgr.js:1100;src_jsc/Views/Mgr.js:788;src_jsc/Views/Mgr.js:790;src_jsc/Views/Mgr.js:791;src_jsc/Views/Mgr.js:792;src_jsc/Views/Mgr.js:793;src_jsc/Views/Mgr.js:794;src_jsc/Views/Mgr.js:829;src_jsc/Views/Mgr.js:830;src_jsc/Views/Mgr.js:845;src_jsc/Views/Mgr.js:846;src_jsc/Views/QuickFight.js:199;src_jsc/Views/UnionWarFightView.js:249,unknown,unknown,unknown,unknown,unknown,unknown,candidate observed statically; scene reachability unverified,stock Cocos/JSB binding or project JS; exact binding not resolved,UNRESOLVED,Recovered/native_api_inventory.json member_uses; reconstructed JS is approximate,not yet selected,not run
js_member_candidate,cc.MoveTo.create,cc,unknown; resolve against recorded oracle symbol dump,src_jsc/Scene/Combat/CombatCardView.js:333;src_jsc/Scene/Fight/FightScene.js:1836;src_jsc/Scene/Fight/FightScene.js:2436;src_jsc/Scene/Ladder/LadderCardShow.js:420;src_jsc/Scene/Main/MainMenuScene.js:341;src_jsc/Scene/Main/MainMenuScene.js:449;src_jsc/Utils/Node.js:668;src_jsc/Views/CardListView.js:391;src_jsc/Views/Dialog/SkillUpDialog.js:502;src_jsc/Views/GeneralCardShow.js:189;src_jsc/Views/GeneralPlayView.js:433;src_jsc/Views/GeneralPlayView.js:439;src_jsc/Views/GeneralPlayView.js:464;src_jsc/Views/GeneralPlayView.js:470;src_jsc/Views/GeneralPlayView.js:528;src_jsc/Views/GeneralSwapView.js:157;src_jsc/Views/GeneralSwapView.js:167;src_jsc/Views/GeneralSwapView.js:194;src_jsc/Views/GeneralSwapView.js:196;src_jsc/Views/GeneralSwapView.js:207;src_jsc/Views/GeneralSwapView.js:217;src_jsc/Views/GeneralSwapView.js:244;src_jsc/Views/GeneralSwapView.js:246;src_jsc/Views/Goddess/ThreeIconShowView.js:151;src_jsc/Views/Goddess/ThreeIconShowView.js:161;src_jsc/Views/Goddess/ThreeIconShowView.js:190;src_jsc/Views/Goddess/ThreeIconShowView.js:192;src_jsc/Views/Goddess/ThreeIconShowView.js:203;src_jsc/Views/Goddess/ThreeIconShowView.js:213;src_jsc/Views/Goddess/ThreeIconShowView.js:242;src_jsc/Views/Goddess/ThreeIconShowView.js:244;src_jsc/Views/Meridians/MeridiansMainView.js:234;src_jsc/Views/Meridians/MeridiansMainView.js:236;src_jsc/Views/Meridians/MeridiansMainView.js:238;src_jsc/Views/Meridians/MeridiansMainView.js:240;src_jsc/Views/Meridians/MeridiansMainView.js:242;src_jsc/Views/Meridians/MeridiansMainView.js:244;src_jsc/Views/MiracleWeapons/ThreeMiracleWeaponsShowLayer.js:282;src_jsc/Views/MiracleWeapons/ThreeMiracleWeaponsShowLayer.js:286;src_jsc/Views/MiracleWeapons/ThreeMiracleWeaponsShowLayer.js:306;src_jsc/Views/MiracleWeapons/ThreeMiracleWeaponsShowLayer.js:310;src_jsc/Views/MiracleWeapons/ThreeMiracleWeaponsShowLayer.js:359;src_jsc/Views/MiracleWeapons/ThreeMiracleWeaponsShowLayer.js:363;src_jsc/Views/MiracleWeapons/ThreeMiracleWeaponsShowLayer.js:383;src_jsc/Views/MiracleWeapons/ThreeMiracleWeaponsShowLayer.js:387;src_jsc/Views/MultiPagesMenuView.js:305;src_jsc/Views/UpgradeCard/BaseUpgradeCard.js:306,unknown,unknown,unknown,unknown,unknown,unknown,candidate observed statically; scene reachability unverified,stock Cocos/JSB binding or project JS; exact binding not resolved,UNRESOLVED,Recovered/native_api_inventory.json member_uses; reconstructed JS is approximate,not yet selected,not run
js_member_candidate,cc.NODE_RENDER_SUBPIXEL,cc,unknown; resolve against recorded oracle symbol dump,src_jsc/Core/Cocos2d-x/jsb_cocos2d_constants.js:59,unknown,unknown,unknown,unknown,unknown,unknown,candidate observed statically; scene reachability unverified,stock Cocos/JSB binding or project JS; exact binding not resolved,UNRESOLVED,Recovered/native_api_inventory.json member_uses; reconstructed JS is approximate,not yet selected,not run
js_member_candidate,cc.NODE_TAG_INVALID,cc,unknown; resolve against recorded oracle symbol dump,src_jsc/Core/Cocos2d-x/jsb_cocos2d_constants.js:139,unknown,unknown,unknown,unknown,unknown,unknown,candidate observed statically; scene reachability unverified,stock Cocos/JSB binding or project JS; exact binding not resolved,UNRESOLVED,Recovered/native_api_inventory.json member_uses; reconstructed JS is approximate,not yet selected,not run
js_member_candidate,cc.Node,cc,unknown; resolve against recorded oracle symbol dump,src_jsc/Scene/Aga/AgaScene.js:11;src_jsc/Scene/Aga/AgaScene.js:342;src_jsc/Scene/Aga/AgaScene.js:738;src_jsc/Scene/Awake/AwakeBoxView.js:484;src_jsc/Scene/Awake/AwakeBoxView.js:690;src_jsc/Scene/Develop/AlchemyView.js:287;src_jsc/Scene/Develop/AlchemyView.js:535;src_jsc/Scene/GeneralSelect/GeneralSelectScene.js:289;src_jsc/Scene/Ladder/LadderCardShow.js:10;src_jsc/Scene/Party/LadderCompetitionDialog.js:29;src_jsc/Scene/Party/RechargeRankDialog.js:293;src_jsc/Scene/Party/WishingScene.js:11;src_jsc/Scene/Store/ToastView.js:455;src_jsc/Scene/Store/ToastView.js:670;src_jsc/Scene/TeamBuild/TeamMemberNavigation.js:641;src_jsc/Scene/TeamBuild/TeamMemberNavigation.js:887;src_jsc/Views/ActivitiesShow.js:11;src_jsc/Views/ActivitiesShow6Icon.js:19;src_jsc/Views/BeautyIconButton.js:10;src_jsc/Views/Card/Fight.js:85;src_jsc/Views/CardNavigateView.js:11;src_jsc/Views/Dialog/AdventureDropDialog.js:69;src_jsc/Views/Dialog/AdvertisementDialog.js:47;src_jsc/Views/Dialog/AvoidWarDialog.js:10;src_jsc/Views/Dialog/GeneralTrainingResultDialog.js:10;src_jsc/Views/Gems/GemsEquipmentAdd.js:10;src_jsc/Views/GeneralCardShow.js:10;src_jsc/Views/ItemShowList.js:194;src_jsc/Views/MainMenuBtnView.js:11;src_jsc/Views/MainMenuView.js:136;src_jsc/Views/MiniTablePage.js:10;src_jsc/Views/NotificationNode.js:10;src_jsc/Views/NotificationNode.js:55;src_jsc/Views/PlayerInfoBannerView.js:11;src_jsc/Views/PlayerInfoBannerView.js:111;src_jsc/Views/PlayerInfoBannerView.js:248;src_jsc/Views/PlayerInfoBannerView.js:357;src_jsc/Views/ProgressTimer/BlueProgressTimer.js:10;src_jsc/Views/ProgressTimer/NormalProgressTimer.js:10;src_jsc/Views/ReplaceCardList.js:10;src_jsc/Views/ReplaceCardPanel.js:10;src_jsc/Views/RoundClippingNode.js:13;src_jsc/Views/SceneTitleView.js:10;src_jsc/Views/SkillPieceIconShow.js:10;src_jsc/Views/SkillSpecView.js:11;src_jsc/Views/SpeakerView.js:10;src_jsc/Views/SplitLabelTTF.js:10;src_jsc/Views/SpriteClippingNode.js:12;src_jsc/Views/TablePageView.js:10;src_jsc/Views/TeamCntPopView.js:10;src_jsc/Views/TeamGeneralFightAndStrikeView.js:10;src_jsc/Views/TeamIconButton.js:10;src_jsc/Views/TextProgressView.js:13;src_jsc/Views/UnionWarBattleView.js:10;src_jsc/Views/UnionWarPlayerHeadFightView.js:10;src_jsc/Views/UnionWarPlayerHeadView.js:10;src_jsc/Views/UpgradeCard/BaseUpgradeCard.js:10;src_jsc/Views/UpgradeGuideInMainView.js:16;src_jsc/Views/WorshipCardAdd.js:10;src_jsc/Views/WorshipDescView.js:10;src_jsc/Views/WorshipInfoView.js:10;src_jsc/Views/WorshipWinePopNode.js:235,unknown,unknown,unknown,unknown,unknown,unknown,candidate observed statically; scene reachability unverified,stock Cocos/JSB binding or project JS; exact binding not resolved,UNRESOLVED,Recovered/native_api_inventory.json member_uses; reconstructed JS is approximate,not yet selected,not run
js_member_candidate,cc.Node.create,cc,unknown; resolve against recorded oracle symbol dump,src_jsc/Models/Dungeon.js:106;src_jsc/Models/Dungeon.js:156;src_jsc/Models/Dungeon.js:301;src_jsc/Models/General.js:958;src_jsc/Models/TreasureBox.js:219;src_jsc/Scene/Achievement/AchievementScene.js:79;src_jsc/Scene/Achievement/AchievementScene.js:81;src_jsc/Scene/Achievement/AchievementScene.js:83;src_jsc/Scene/Achievement/AchievementScene.js:85;src_jsc/Scene/Awake/AwakeBoxView.js:357;src_jsc/Scene/Awake/AwakeBoxView.js:646;src_jsc/Scene/Awake/AwakeBoxView.js:969;src_jsc/Scene/Beauty/BeautyCell.js:34;src_jsc/Scene/Buddy/BuddyView.js:205;src_jsc/Scene/Buddy/BuddyView.js:244;src_jsc/Scene/Climb/ClimbLadderRankListScene.js:21;src_jsc/Scene/Climb/ClimbLadderRankListScene.js:23;src_jsc/Scene/Climb/ClimbLadderRankListScene.js:25;src_jsc/Scene/Climb/ClimbLadderRankListScene.js:27;src_jsc/Scene/Climb/StartBattleScene.js:398;src_jsc/Scene/Equ/EquipmentScene.js:121;src_jsc/Scene/Equ/EquipmentScene.js:91;src_jsc/Scene/Fight/FightScene.js:231;src_jsc/Scene/Fight/FightScene.js:284;src_jsc/Scene/Fight/FightScene.js:294;src_jsc/Scene/Fight/FightScene.js:304;src_jsc/Scene/Fight/FightScene.js:504;src_jsc/Scene/Ladder/LadderCardShow.js:118;src_jsc/Scene/Main/MainMenuScene.js:72;src_jsc/Scene/Rank/RankScene.js:29;src_jsc/Scene/Skill/SkillScene.js:67;src_jsc/Scene/SubMenu/PartyMenuScene.js:294;src_jsc/Scene/Worship/WorshipScene.js:87;src_jsc/Views/Card/Fight.js:459;src_jsc/Views/ClimbLadderPFKGView.js:53;src_jsc/Views/Dialog/GeneralPreviewDialog.js:56;src_jsc/Views/Dialog/GeneralPreviewDialog.js:58;src_jsc/Views/Dialog/GeneralPreviewDialog.js:60;src_jsc/Views/Dialog/GeneralPreviewDialog.js:62;src_jsc/Views/Mgr.js:1007;src_jsc/Views/Mgr.js:1073;src_jsc/Views/MultiPagesMenuView.js:133;src_jsc/Views/MultiPagesMenuView.js:42,unknown,unknown,unknown,unknown,unknown,unknown,candidate observed statically; scene reachability unverified,stock Cocos/JSB binding or project JS; exact binding not resolved,UNRESOLVED,Recovered/native_api_inventory.json member_uses; reconstructed JS is approximate,not yet selected,not run
js_member_candidate,cc.Node.extend,cc,unknown; resolve against recorded oracle symbol dump,src_jsc/Core/Cocos2d-x/jsb_cocos2d.js:854;src_jsc/Libs/CCExt.js:7;src_jsc/Scene/Awake/AwakeBoxView.js:479;src_jsc/Scene/Awake/AwakeBoxView.js:685;src_jsc/Scene/Develop/AlchemyView.js:282;src_jsc/Scene/Develop/AlchemyView.js:530;src_jsc/Scene/GeneralSelect/GeneralSelectScene.js:284;src_jsc/Scene/Ladder/LadderCardShow.js:5;src_jsc/Scene/Store/ToastView.js:450;src_jsc/Scene/Store/ToastView.js:665;src_jsc/Scene/TeamBuild/TeamMemberNavigation.js:636;src_jsc/Scene/TeamBuild/TeamMemberNavigation.js:882;src_jsc/Views/ActivitiesShow.js:5;src_jsc/Views/ActivitiesShow6Icon.js:5;src_jsc/Views/BeautyIconButton.js:5;src_jsc/Views/CardNavigateView.js:5;src_jsc/Views/Dialog/AdventureDropDialog.js:64;src_jsc/Views/Dialog/AvoidWarDialog.js:5;src_jsc/Views/Dialog/GeneralTrainingResultDialog.js:5;src_jsc/Views/Gems/GemsEquipmentAdd.js:5;src_jsc/Views/GeneralCardShow.js:5;src_jsc/Views/ItemShowList.js:189;src_jsc/Views/MainMenuView.js:131;src_jsc/Views/NotificationNode.js:5;src_jsc/Views/PlayerInfoBannerView.js:5;src_jsc/Views/ProgressTimer/BlueProgressTimer.js:5;src_jsc/Views/ProgressTimer/NormalProgressTimer.js:5;src_jsc/Views/ReplaceCardList.js:5;src_jsc/Views/ReplaceCardPanel.js:5;src_jsc/Views/RoundClippingNode.js:5;src_jsc/Views/SceneTitleView.js:5;src_jsc/Views/SkillPieceIconShow.js:5;src_jsc/Views/SkillSpecView.js:5;src_jsc/Views/SpeakerView.js:5;src_jsc/Views/SplitLabelTTF.js:5;src_jsc/Views/SpriteClippingNode.js:5;src_jsc/Views/TablePageView.js:5;src_jsc/Views/TeamCntPopView.js:5;src_jsc/Views/TeamGeneralFightAndStrikeView.js:5;src_jsc/Views/TeamIconButton.js:5;src_jsc/Views/UnionWarBattleView.js:5;src_jsc/Views/UnionWarPlayerHeadFightView.js:5;src_jsc/Views/UnionWarPlayerHeadView.js:5;src_jsc/Views/UpgradeCard/BaseUpgradeCard.js:5;src_jsc/Views/UpgradeGuideInMainView.js:5;src_jsc/Views/WorshipCardAdd.js:5;src_jsc/Views/WorshipDescView.js:5;src_jsc/Views/WorshipInfoView.js:5;src_jsc/Views/WorshipWinePopNode.js:230,unknown,unknown,unknown,unknown,unknown,unknown,candidate observed statically; scene reachability unverified,stock Cocos/JSB binding or project JS; exact binding not resolved,UNRESOLVED,Recovered/native_api_inventory.json member_uses; reconstructed JS is approximate,not yet selected,not run
js_member_candidate,cc.Node.getNodeToParentTransform,cc,unknown; resolve against recorded oracle symbol dump,src_jsc/Core/Cocos2d-x/jsb_deprecated.js:59,unknown,unknown,unknown,unknown,unknown,unknown,candidate observed statically; scene reachability unverified,stock Cocos/JSB binding or project JS; exact binding not resolved,UNRESOLVED,Recovered/native_api_inventory.json member_uses; reconstructed JS is approximate,not yet selected,not run
js_member_candidate,cc.Node.getNodeToWorldTransform,cc,unknown; resolve against recorded oracle symbol dump,src_jsc/Core/Cocos2d-x/jsb_deprecated.js:49,unknown,unknown,unknown,unknown,unknown,unknown,candidate observed statically; scene reachability unverified,stock Cocos/JSB binding or project JS; exact binding not resolved,UNRESOLVED,Recovered/native_api_inventory.json member_uses; reconstructed JS is approximate,not yet selected,not run
js_member_candidate,cc.Node.getNumberOfRunningActions,cc,unknown; resolve against recorded oracle symbol dump,src_jsc/Core/Cocos2d-x/jsb_deprecated.js:89,unknown,unknown,unknown,unknown,unknown,unknown,candidate observed statically; scene reachability unverified,stock Cocos/JSB binding or project JS; exact binding not resolved,UNRESOLVED,Recovered/native_api_inventory.json member_uses; reconstructed JS is approximate,not yet selected,not run
js_member_candidate,cc.Node.getNumberOfRunningActionsInTarget,cc,unknown; resolve against recorded oracle symbol dump,src_jsc/Core/Cocos2d-x/jsb_deprecated.js:99,unknown,unknown,unknown,unknown,unknown,unknown,candidate observed statically; scene reachability unverified,stock Cocos/JSB binding or project JS; exact binding not resolved,UNRESOLVED,Recovered/native_api_inventory.json member_uses; reconstructed JS is approximate,not yet selected,not run
js_member_candidate,cc.Node.getParentToNodeTransform,cc,unknown; resolve against recorded oracle symbol dump,src_jsc/Core/Cocos2d-x/jsb_deprecated.js:79,unknown,unknown,unknown,unknown,unknown,unknown,candidate observed statically; scene reachability unverified,stock Cocos/JSB binding or project JS; exact binding not resolved,UNRESOLVED,Recovered/native_api_inventory.json member_uses; reconstructed JS is approximate,not yet selected,not run
js_member_candidate,cc.Node.getWorldToNodeTransform,cc,unknown; resolve against recorded oracle symbol dump,src_jsc/Core/Cocos2d-x/jsb_deprecated.js:69,unknown,unknown,unknown,unknown,unknown,unknown,candidate observed statically; scene reachability unverified,stock Cocos/JSB binding or project JS; exact binding not resolved,UNRESOLVED,Recovered/native_api_inventory.json member_uses; reconstructed JS is approximate,not yet selected,not run
js_member_candidate,cc.Node.method,cc,unknown; resolve against recorded oracle symbol dump,src_jsc/Prototype/Node.js:123;src_jsc/Prototype/Node.js:14;src_jsc/Prototype/Node.js:23;src_jsc/Prototype/Node.js:31;src_jsc/Prototype/Node.js:36;src_jsc/Prototype/Node.js:41;src_jsc/Prototype/Node.js:43;src_jsc/Prototype/Node.js:48;src_jsc/Prototype/Node.js:5;src_jsc/Prototype/Node.js:64;src_jsc/Prototype/Node.js:91,unknown,unknown,unknown,unknown,unknown,unknown,candidate observed statically; scene reachability unverified,stock Cocos/JSB binding or project JS; exact binding not resolved,UNRESOLVED,Recovered/native_api_inventory.json member_uses; reconstructed JS is approximate,not yet selected,not run
js_member_candidate,cc.Node.nodeToParentTransform,cc,unknown; resolve against recorded oracle symbol dump,src_jsc/Core/Cocos2d-x/jsb_deprecated.js:59,unknown,unknown,unknown,unknown,unknown,unknown,candidate observed statically; scene reachability unverified,stock Cocos/JSB binding or project JS; exact binding not resolved,UNRESOLVED,Recovered/native_api_inventory.json member_uses; reconstructed JS is approximate,not yet selected,not run
js_member_candidate,cc.Node.nodeToWorldTransform,cc,unknown; resolve against recorded oracle symbol dump,src_jsc/Core/Cocos2d-x/jsb_deprecated.js:49,unknown,unknown,unknown,unknown,unknown,unknown,candidate observed statically; scene reachability unverified,stock Cocos/JSB binding or project JS; exact binding not resolved,UNRESOLVED,Recovered/native_api_inventory.json member_uses; reconstructed JS is approximate,not yet selected,not run
js_member_candidate,cc.Node.numberOfRunningActions,cc,unknown; resolve against recorded oracle symbol dump,src_jsc/Core/Cocos2d-x/jsb_deprecated.js:89,unknown,unknown,unknown,unknown,unknown,unknown,candidate observed statically; scene reachability unverified,stock Cocos/JSB binding or project JS; exact binding not resolved,UNRESOLVED,Recovered/native_api_inventory.json member_uses; reconstructed JS is approximate,not yet selected,not run
js_member_candidate,cc.Node.numberOfRunningActionsInTarget,cc,unknown; resolve against recorded oracle symbol dump,src_jsc/Core/Cocos2d-x/jsb_deprecated.js:99,unknown,unknown,unknown,unknown,unknown,unknown,candidate observed statically; scene reachability unverified,stock Cocos/JSB binding or project JS; exact binding not resolved,UNRESOLVED,Recovered/native_api_inventory.json member_uses; reconstructed JS is approximate,not yet selected,not run
js_member_candidate,cc.Node.parentToNodeTransform,cc,unknown; resolve against recorded oracle symbol dump,src_jsc/Core/Cocos2d-x/jsb_deprecated.js:79,unknown,unknown,unknown,unknown,unknown,unknown,candidate observed statically; scene reachability unverified,stock Cocos/JSB binding or project JS; exact binding not resolved,UNRESOLVED,Recovered/native_api_inventory.json member_uses; reconstructed JS is approximate,not yet selected,not run
js_member_candidate,cc.Node.prototype.getNodeToParentTransform.apply,cc,unknown; resolve against recorded oracle symbol dump,src_jsc/Core/Cocos2d-x/jsb_deprecated.js:61,unknown,unknown,unknown,unknown,unknown,unknown,candidate observed statically; scene reachability unverified,stock Cocos/JSB binding or project JS; exact binding not resolved,UNRESOLVED,Recovered/native_api_inventory.json member_uses; reconstructed JS is approximate,not yet selected,not run
js_member_candidate,cc.Node.prototype.getNodeToWorldTransform.apply,cc,unknown; resolve against recorded oracle symbol dump,src_jsc/Core/Cocos2d-x/jsb_deprecated.js:51,unknown,unknown,unknown,unknown,unknown,unknown,candidate observed statically; scene reachability unverified,stock Cocos/JSB binding or project JS; exact binding not resolved,UNRESOLVED,Recovered/native_api_inventory.json member_uses; reconstructed JS is approximate,not yet selected,not run
js_member_candidate,cc.Node.prototype.getNumberOfRunningActions.apply,cc,unknown; resolve against recorded oracle symbol dump,src_jsc/Core/Cocos2d-x/jsb_deprecated.js:91,unknown,unknown,unknown,unknown,unknown,unknown,candidate observed statically; scene reachability unverified,stock Cocos/JSB binding or project JS; exact binding not resolved,UNRESOLVED,Recovered/native_api_inventory.json member_uses; reconstructed JS is approximate,not yet selected,not run
js_member_candidate,cc.Node.prototype.getNumberOfRunningActionsInTarget.apply,cc,unknown; resolve against recorded oracle symbol dump,src_jsc/Core/Cocos2d-x/jsb_deprecated.js:101,unknown,unknown,unknown,unknown,unknown,unknown,candidate observed statically; scene reachability unverified,stock Cocos/JSB binding or project JS; exact binding not resolved,UNRESOLVED,Recovered/native_api_inventory.json member_uses; reconstructed JS is approximate,not yet selected,not run
js_member_candidate,cc.Node.prototype.getParentToNodeTransform.apply,cc,unknown; resolve against recorded oracle symbol dump,src_jsc/Core/Cocos2d-x/jsb_deprecated.js:81,unknown,unknown,unknown,unknown,unknown,unknown,candidate observed statically; scene reachability unverified,stock Cocos/JSB binding or project JS; exact binding not resolved,UNRESOLVED,Recovered/native_api_inventory.json member_uses; reconstructed JS is approximate,not yet selected,not run
js_member_candidate,cc.Node.prototype.getWorldToNodeTransform.apply,cc,unknown; resolve against recorded oracle symbol dump,src_jsc/Core/Cocos2d-x/jsb_deprecated.js:71,unknown,unknown,unknown,unknown,unknown,unknown,candidate observed statically; scene reachability unverified,stock Cocos/JSB binding or project JS; exact binding not resolved,UNRESOLVED,Recovered/native_api_inventory.json member_uses; reconstructed JS is approximate,not yet selected,not run
js_member_candidate,cc.Node.prototype.nodeToParentTransform,cc,unknown; resolve against recorded oracle symbol dump,src_jsc/Core/Cocos2d-x/jsb_deprecated.js:54,unknown,unknown,unknown,unknown,unknown,unknown,candidate observed statically; scene reachability unverified,stock Cocos/JSB binding or project JS; exact binding not resolved,UNRESOLVED,Recovered/native_api_inventory.json member_uses; reconstructed JS is approximate,not yet selected,not run
js_member_candidate,cc.Node.prototype.nodeToWorldTransform,cc,unknown; resolve against recorded oracle symbol dump,src_jsc/Core/Cocos2d-x/jsb_deprecated.js:44,unknown,unknown,unknown,unknown,unknown,unknown,candidate observed statically; scene reachability unverified,stock Cocos/JSB binding or project JS; exact binding not resolved,UNRESOLVED,Recovered/native_api_inventory.json member_uses; reconstructed JS is approximate,not yet selected,not run
js_member_candidate,cc.Node.prototype.numberOfRunningActions,cc,unknown; resolve against recorded oracle symbol dump,src_jsc/Core/Cocos2d-x/jsb_deprecated.js:84,unknown,unknown,unknown,unknown,unknown,unknown,candidate observed statically; scene reachability unverified,stock Cocos/JSB binding or project JS; exact binding not resolved,UNRESOLVED,Recovered/native_api_inventory.json member_uses; reconstructed JS is approximate,not yet selected,not run
js_member_candidate,cc.Node.prototype.numberOfRunningActionsInTarget,cc,unknown; resolve against recorded oracle symbol dump,src_jsc/Core/Cocos2d-x/jsb_deprecated.js:94,unknown,unknown,unknown,unknown,unknown,unknown,candidate observed statically; scene reachability unverified,stock Cocos/JSB binding or project JS; exact binding not resolved,UNRESOLVED,Recovered/native_api_inventory.json member_uses; reconstructed JS is approximate,not yet selected,not run
js_member_candidate,cc.Node.prototype.parentToNodeTransform,cc,unknown; resolve against recorded oracle symbol dump,src_jsc/Core/Cocos2d-x/jsb_deprecated.js:74,unknown,unknown,unknown,unknown,unknown,unknown,candidate observed statically; scene reachability unverified,stock Cocos/JSB binding or project JS; exact binding not resolved,UNRESOLVED,Recovered/native_api_inventory.json member_uses; reconstructed JS is approximate,not yet selected,not run
js_member_candidate,cc.Node.prototype.worldToNodeTransform,cc,unknown; resolve against recorded oracle symbol dump,src_jsc/Core/Cocos2d-x/jsb_deprecated.js:64,unknown,unknown,unknown,unknown,unknown,unknown,candidate observed statically; scene reachability unverified,stock Cocos/JSB binding or project JS; exact binding not resolved,UNRESOLVED,Recovered/native_api_inventory.json member_uses; reconstructed JS is approximate,not yet selected,not run
js_member_candidate,cc.Node.worldToNodeTransform,cc,unknown; resolve against recorded oracle symbol dump,src_jsc/Core/Cocos2d-x/jsb_deprecated.js:69,unknown,unknown,unknown,unknown,unknown,unknown,candidate observed statically; scene reachability unverified,stock Cocos/JSB binding or project JS; exact binding not resolved,UNRESOLVED,Recovered/native_api_inventory.json member_uses; reconstructed JS is approximate,not yet selected,not run
js_member_candidate,cc.NodeRGBA,cc,unknown; resolve against recorded oracle symbol dump,src_jsc/Views/BaseView.js:13;src_jsc/Views/UpgradeCard/CardAwakeInfoView.js:24,unknown,unknown,unknown,unknown,unknown,unknown,candidate observed statically; scene reachability unverified,stock Cocos/JSB binding or project JS; exact binding not resolved,UNRESOLVED,Recovered/native_api_inventory.json member_uses; reconstructed JS is approximate,not yet selected,not run
js_member_candidate,cc.NodeRGBA.create,cc,unknown; resolve against recorded oracle symbol dump,src_jsc/Scene/TeamBuild/TeamMemberNavigation.js:514;src_jsc/Views/Card/Fight.js:427;src_jsc/Views/Card/Fight.js:435,unknown,unknown,unknown,unknown,unknown,unknown,candidate observed statically; scene reachability unverified,stock Cocos/JSB binding or project JS; exact binding not resolved,UNRESOLVED,Recovered/native_api_inventory.json member_uses; reconstructed JS is approximate,not yet selected,not run
js_member_candidate,cc.NodeRGBA.extend,cc,unknown; resolve against recorded oracle symbol dump,src_jsc/Views/BaseView.js:5;src_jsc/Views/BaseView.js:7;src_jsc/Views/UpgradeCard/CardAwakeInfoView.js:5,unknown,unknown,unknown,unknown,unknown,unknown,candidate observed statically; scene reachability unverified,stock Cocos/JSB binding or project JS; exact binding not resolved,UNRESOLVED,Recovered/native_api_inventory.json member_uses; reconstructed JS is approximate,not yet selected,not run
js_member_candidate,cc.NotificationCenter,cc,unknown; resolve against recorded oracle symbol dump,src_jsc/Core/Cocos2d-x/CCNotificationCenter.js:112;src_jsc/Core/Cocos2d-x/CCNotificationCenter.js:7;src_jsc/Core/Utils/headers.js:238;src_jsc/Utils/Notify.js:11,unknown,unknown,unknown,unknown,unknown,unknown,candidate observed statically; scene reachability unverified,stock Cocos/JSB binding or project JS; exact binding not resolved,UNRESOLVED,Recovered/native_api_inventory.json member_uses; reconstructed JS is approximate,not yet selected,not run
js_member_candidate,cc.NotificationCenter.getInstance,cc,unknown; resolve against recorded oracle symbol dump,src_jsc/Core/Cocos2d-x/CCNotificationCenter.js:109;src_jsc/Utils/Notify.js:5,unknown,unknown,unknown,unknown,unknown,unknown,candidate observed statically; scene reachability unverified,stock Cocos/JSB binding or project JS; exact binding not resolved,UNRESOLVED,Recovered/native_api_inventory.json member_uses; reconstructed JS is approximate,not yet selected,not run
js_member_candidate,cc.NotificationObserver,cc,unknown; resolve against recorded oracle symbol dump,src_jsc/Core/Cocos2d-x/CCNotificationCenter.js:118;src_jsc/Core/Cocos2d-x/CCNotificationCenter.js:19,unknown,unknown,unknown,unknown,unknown,unknown,candidate observed statically; scene reachability unverified,stock Cocos/JSB binding or project JS; exact binding not resolved,UNRESOLVED,Recovered/native_api_inventory.json member_uses; reconstructed JS is approximate,not yet selected,not run
js_member_candidate,cc.OS_VERSION_4_0,cc,unknown; resolve against recorded oracle symbol dump,src_jsc/Core/Cocos2d-x/jsb_cocos2d_constants.js:261,unknown,unknown,unknown,unknown,unknown,unknown,candidate observed statically; scene reachability unverified,stock Cocos/JSB binding or project JS; exact binding not resolved,UNRESOLVED,Recovered/native_api_inventory.json member_uses; reconstructed JS is approximate,not yet selected,not run
js_member_candidate,cc.OS_VERSION_4_0_1,cc,unknown; resolve against recorded oracle symbol dump,src_jsc/Core/Cocos2d-x/jsb_cocos2d_constants.js:263,unknown,unknown,unknown,unknown,unknown,unknown,candidate observed statically; scene reachability unverified,stock Cocos/JSB binding or project JS; exact binding not resolved,UNRESOLVED,Recovered/native_api_inventory.json member_uses; reconstructed JS is approximate,not yet selected,not run
js_member_candidate,cc.OS_VERSION_4_1,cc,unknown; resolve against recorded oracle symbol dump,src_jsc/Core/Cocos2d-x/jsb_cocos2d_constants.js:265,unknown,unknown,unknown,unknown,unknown,unknown,candidate observed statically; scene reachability unverified,stock Cocos/JSB binding or project JS; exact binding not resolved,UNRESOLVED,Recovered/native_api_inventory.json member_uses; reconstructed JS is approximate,not yet selected,not run
js_member_candidate,cc.OS_VERSION_4_2,cc,unknown; resolve against recorded oracle symbol dump,src_jsc/Core/Cocos2d-x/jsb_cocos2d_constants.js:267,unknown,unknown,unknown,unknown,unknown,unknown,candidate observed statically; scene reachability unverified,stock Cocos/JSB binding or project JS; exact binding not resolved,UNRESOLVED,Recovered/native_api_inventory.json member_uses; reconstructed JS is approximate,not yet selected,not run
js_member_candidate,cc.OS_VERSION_4_2_1,cc,unknown; resolve against recorded oracle symbol dump,src_jsc/Core/Cocos2d-x/jsb_cocos2d_constants.js:269,unknown,unknown,unknown,unknown,unknown,unknown,candidate observed statically; scene reachability unverified,stock Cocos/JSB binding or project JS; exact binding not resolved,UNRESOLVED,Recovered/native_api_inventory.json member_uses; reconstructed JS is approximate,not yet selected,not run
js_member_candidate,cc.OS_VERSION_4_3,cc,unknown; resolve against recorded oracle symbol dump,src_jsc/Core/Cocos2d-x/jsb_cocos2d_constants.js:271,unknown,unknown,unknown,unknown,unknown,unknown,candidate observed statically; scene reachability unverified,stock Cocos/JSB binding or project JS; exact binding not resolved,UNRESOLVED,Recovered/native_api_inventory.json member_uses; reconstructed JS is approximate,not yet selected,not run
js_member_candidate,cc.OS_VERSION_4_3_1,cc,unknown; resolve against recorded oracle symbol dump,src_jsc/Core/Cocos2d-x/jsb_cocos2d_constants.js:273,unknown,unknown,unknown,unknown,unknown,unknown,candidate observed statically; scene reachability unverified,stock Cocos/JSB binding or project JS; exact binding not resolved,UNRESOLVED,Recovered/native_api_inventory.json member_uses; reconstructed JS is approximate,not yet selected,not run
js_member_candidate,cc.OS_VERSION_4_3_2,cc,unknown; resolve against recorded oracle symbol dump,src_jsc/Core/Cocos2d-x/jsb_cocos2d_constants.js:275,unknown,unknown,unknown,unknown,unknown,unknown,candidate observed statically; scene reachability unverified,stock Cocos/JSB binding or project JS; exact binding not resolved,UNRESOLVED,Recovered/native_api_inventory.json member_uses; reconstructed JS is approximate,not yet selected,not run
js_member_candidate,cc.OS_VERSION_4_3_3,cc,unknown; resolve against recorded oracle symbol dump,src_jsc/Core/Cocos2d-x/jsb_cocos2d_constants.js:277,unknown,unknown,unknown,unknown,unknown,unknown,candidate observed statically; scene reachability unverified,stock Cocos/JSB binding or project JS; exact binding not resolved,UNRESOLVED,Recovered/native_api_inventory.json member_uses; reconstructed JS is approximate,not yet selected,not run
js_member_candidate,cc.OS_VERSION_4_3_4,cc,unknown; resolve against recorded oracle symbol dump,src_jsc/Core/Cocos2d-x/jsb_cocos2d_constants.js:279,unknown,unknown,unknown,unknown,unknown,unknown,candidate observed statically; scene reachability unverified,stock Cocos/JSB binding or project JS; exact binding not resolved,UNRESOLVED,Recovered/native_api_inventory.json member_uses; reconstructed JS is approximate,not yet selected,not run
js_member_candidate,cc.OS_VERSION_4_3_5,cc,unknown; resolve against recorded oracle symbol dump,src_jsc/Core/Cocos2d-x/jsb_cocos2d_constants.js:281,unknown,unknown,unknown,unknown,unknown,unknown,candidate observed statically; scene reachability unverified,stock Cocos/JSB binding or project JS; exact binding not resolved,UNRESOLVED,Recovered/native_api_inventory.json member_uses; reconstructed JS is approximate,not yet selected,not run
js_member_candidate,cc.OS_VERSION_5_0,cc,unknown; resolve against recorded oracle symbol dump,src_jsc/Core/Cocos2d-x/jsb_cocos2d_constants.js:283,unknown,unknown,unknown,unknown,unknown,unknown,candidate observed statically; scene reachability unverified,stock Cocos/JSB binding or project JS; exact binding not resolved,UNRESOLVED,Recovered/native_api_inventory.json member_uses; reconstructed JS is approximate,not yet selected,not run
js_member_candidate,cc.OS_VERSION_5_0_1,cc,unknown; resolve against recorded oracle symbol dump,src_jsc/Core/Cocos2d-x/jsb_cocos2d_constants.js:285,unknown,unknown,unknown,unknown,unknown,unknown,candidate observed statically; scene reachability unverified,stock Cocos/JSB binding or project JS; exact binding not resolved,UNRESOLVED,Recovered/native_api_inventory.json member_uses; reconstructed JS is approximate,not yet selected,not run
js_member_candidate,cc.OS_VERSION_5_1_0,cc,unknown; resolve against recorded oracle symbol dump,src_jsc/Core/Cocos2d-x/jsb_cocos2d_constants.js:287,unknown,unknown,unknown,unknown,unknown,unknown,candidate observed statically; scene reachability unverified,stock Cocos/JSB binding or project JS; exact binding not resolved,UNRESOLVED,Recovered/native_api_inventory.json member_uses; reconstructed JS is approximate,not yet selected,not run
js_member_candidate,cc.OS_VERSION_6_0_0,cc,unknown; resolve against recorded oracle symbol dump,src_jsc/Core/Cocos2d-x/jsb_cocos2d_constants.js:289,unknown,unknown,unknown,unknown,unknown,unknown,candidate observed statically; scene reachability unverified,stock Cocos/JSB binding or project JS; exact binding not resolved,UNRESOLVED,Recovered/native_api_inventory.json member_uses; reconstructed JS is approximate,not yet selected,not run
js_member_candidate,cc.PARTICLE_DURATION_INFINITY,cc,unknown; resolve against recorded oracle symbol dump,src_jsc/Core/Cocos2d-x/jsb_cocos2d.js:123;src_jsc/Core/Cocos2d-x/jsb_cocos2d_constants.js:141,unknown,unknown,unknown,unknown,unknown,unknown,candidate observed statically; scene reachability unverified,stock Cocos/JSB binding or project JS; exact binding not resolved,UNRESOLVED,Recovered/native_api_inventory.json member_uses; reconstructed JS is approximate,not yet selected,not run
js_member_candidate,cc.PARTICLE_MODE_GRAVITY,cc,unknown; resolve against recorded oracle symbol dump,src_jsc/Core/Cocos2d-x/jsb_cocos2d.js:125;src_jsc/Core/Cocos2d-x/jsb_cocos2d_constants.js:143,unknown,unknown,unknown,unknown,unknown,unknown,candidate observed statically; scene reachability unverified,stock Cocos/JSB binding or project JS; exact binding not resolved,UNRESOLVED,Recovered/native_api_inventory.json member_uses; reconstructed JS is approximate,not yet selected,not run
js_member_candidate,cc.PARTICLE_MODE_RADIUS,cc,unknown; resolve against recorded oracle symbol dump,src_jsc/Core/Cocos2d-x/jsb_cocos2d.js:127;src_jsc/Core/Cocos2d-x/jsb_cocos2d_constants.js:145,unknown,unknown,unknown,unknown,unknown,unknown,candidate observed statically; scene reachability unverified,stock Cocos/JSB binding or project JS; exact binding not resolved,UNRESOLVED,Recovered/native_api_inventory.json member_uses; reconstructed JS is approximate,not yet selected,not run
js_member_candidate,cc.PARTICLE_START_RADIUS_EQUAL_TO_END_RADIUS,cc,unknown; resolve against recorded oracle symbol dump,src_jsc/Core/Cocos2d-x/jsb_cocos2d.js:131;src_jsc/Core/Cocos2d-x/jsb_cocos2d_constants.js:147,unknown,unknown,unknown,unknown,unknown,unknown,candidate observed statically; scene reachability unverified,stock Cocos/JSB binding or project JS; exact binding not resolved,UNRESOLVED,Recovered/native_api_inventory.json member_uses; reconstructed JS is approximate,not yet selected,not run
js_member_candidate,cc.PARTICLE_START_SIZE_EQUAL_TO_END_SIZE,cc,unknown; resolve against recorded oracle symbol dump,src_jsc/Core/Cocos2d-x/jsb_cocos2d.js:129;src_jsc/Core/Cocos2d-x/jsb_cocos2d_constants.js:149,unknown,unknown,unknown,unknown,unknown,unknown,candidate observed statically; scene reachability unverified,stock Cocos/JSB binding or project JS; exact binding not resolved,UNRESOLVED,Recovered/native_api_inventory.json member_uses; reconstructed JS is approximate,not yet selected,not run
js_member_candidate,cc.PARTICLE_TYPE_FREE,cc,unknown; resolve against recorded oracle symbol dump,src_jsc/Core/Cocos2d-x/jsb_cocos2d.js:117,unknown,unknown,unknown,unknown,unknown,unknown,candidate observed statically; scene reachability unverified,stock Cocos/JSB binding or project JS; exact binding not resolved,UNRESOLVED,Recovered/native_api_inventory.json member_uses; reconstructed JS is approximate,not yet selected,not run
js_member_candidate,cc.PARTICLE_TYPE_GROUPED,cc,unknown; resolve against recorded oracle symbol dump,src_jsc/Core/Cocos2d-x/jsb_cocos2d.js:121,unknown,unknown,unknown,unknown,unknown,unknown,candidate observed statically; scene reachability unverified,stock Cocos/JSB binding or project JS; exact binding not resolved,UNRESOLVED,Recovered/native_api_inventory.json member_uses; reconstructed JS is approximate,not yet selected,not run
js_member_candidate,cc.PARTICLE_TYPE_RELATIVE,cc,unknown; resolve against recorded oracle symbol dump,src_jsc/Core/Cocos2d-x/jsb_cocos2d.js:119,unknown,unknown,unknown,unknown,unknown,unknown,candidate observed statically; scene reachability unverified,stock Cocos/JSB binding or project JS; exact binding not resolved,UNRESOLVED,Recovered/native_api_inventory.json member_uses; reconstructed JS is approximate,not yet selected,not run
js_member_candidate,cc.POINT_ZERO,cc,unknown; resolve against recorded oracle symbol dump,src_jsc/Core/Cocos2d-x/jsb_cocos2d.js:163;src_jsc/Core/Constant.js:31;src_jsc/Factorys/Particle.js:31;src_jsc/Factorys/Skill/Item/Timeline.js:383;src_jsc/Scene/SubMenu/PartyMenuScene.js:265;src_jsc/Update/UpdateScene.js:133,unknown,unknown,unknown,unknown,unknown,unknown,candidate observed statically; scene reachability unverified,stock Cocos/JSB binding or project JS; exact binding not resolved,UNRESOLVED,Recovered/native_api_inventory.json member_uses; reconstructed JS is approximate,not yet selected,not run
js_member_candidate,cc.POSITION_TYPE_FREE,cc,unknown; resolve against recorded oracle symbol dump,src_jsc/Core/Cocos2d-x/jsb_cocos2d_constants.js:151,unknown,unknown,unknown,unknown,unknown,unknown,candidate observed statically; scene reachability unverified,stock Cocos/JSB binding or project JS; exact binding not resolved,UNRESOLVED,Recovered/native_api_inventory.json member_uses; reconstructed JS is approximate,not yet selected,not run
js_member_candidate,cc.POSITION_TYPE_GROUPED,cc,unknown; resolve against recorded oracle symbol dump,src_jsc/Core/Cocos2d-x/jsb_cocos2d_constants.js:153,unknown,unknown,unknown,unknown,unknown,unknown,candidate observed statically; scene reachability unverified,stock Cocos/JSB binding or project JS; exact binding not resolved,UNRESOLVED,Recovered/native_api_inventory.json member_uses; reconstructed JS is approximate,not yet selected,not run
js_member_candidate,cc.POSITION_TYPE_RELATIVE,cc,unknown; resolve against recorded oracle symbol dump,src_jsc/Core/Cocos2d-x/jsb_cocos2d_constants.js:155,unknown,unknown,unknown,unknown,unknown,unknown,candidate observed statically; scene reachability unverified,stock Cocos/JSB binding or project JS; exact binding not resolved,UNRESOLVED,Recovered/native_api_inventory.json member_uses; reconstructed JS is approximate,not yet selected,not run
js_member_candidate,cc.PRIORITY_NON_SYSTEM_MIN,cc,unknown; resolve against recorded oracle symbol dump,src_jsc/Core/Cocos2d-x/jsb_cocos2d_constants.js:157,unknown,unknown,unknown,unknown,unknown,unknown,candidate observed statically; scene reachability unverified,stock Cocos/JSB binding or project JS; exact binding not resolved,UNRESOLVED,Recovered/native_api_inventory.json member_uses; reconstructed JS is approximate,not yet selected,not run
js_member_candidate,cc.PRIORITY_SYSTEM,cc,unknown; resolve against recorded oracle symbol dump,src_jsc/Core/Cocos2d-x/jsb_cocos2d_constants.js:159,unknown,unknown,unknown,unknown,unknown,unknown,candidate observed statically; scene reachability unverified,stock Cocos/JSB binding or project JS; exact binding not resolved,UNRESOLVED,Recovered/native_api_inventory.json member_uses; reconstructed JS is approximate,not yet selected,not run
js_member_candidate,cc.PROGRESS_TIMER_TYPE_BAR,cc,unknown; resolve against recorded oracle symbol dump,src_jsc/Core/Cocos2d-x/jsb_cocos2d.js:115;src_jsc/Core/Cocos2d-x/jsb_cocos2d_constants.js:161;src_jsc/Scene/TeamBuild/TeamMemberNavigation.js:716;src_jsc/Update/UpdateScene.js:157;src_jsc/Views/Dialog/PlayerInfoDialog.js:113;src_jsc/Views/HpProgressView.js:138;src_jsc/Views/HpProgressView.js:167;src_jsc/Views/HulaoBattle/GarrisonLayoutDialog.js:465;src_jsc/Views/PlayerInfoBannerView.js:158;src_jsc/Views/PlayerInfoBannerView.js:299;src_jsc/Views/ProgressTimer/BlueProgressTimer.js:37;src_jsc/Views/ProgressTimer/NormalProgressTimer.js:37;src_jsc/Views/TeamCntPopView.js:77;src_jsc/Views/UpgradeCard/BaseUpgradeCard.js:45,unknown,unknown,unknown,unknown,unknown,unknown,candidate observed statically; scene reachability unverified,stock Cocos/JSB binding or project JS; exact binding not resolved,UNRESOLVED,Recovered/native_api_inventory.json member_uses; reconstructed JS is approximate,not yet selected,not run
js_member_candidate,cc.PROGRESS_TIMER_TYPE_RADIAL,cc,unknown; resolve against recorded oracle symbol dump,src_jsc/Core/Cocos2d-x/jsb_cocos2d.js:113;src_jsc/Core/Cocos2d-x/jsb_cocos2d_constants.js:163,unknown,unknown,unknown,unknown,unknown,unknown,candidate observed statically; scene reachability unverified,stock Cocos/JSB binding or project JS; exact binding not resolved,UNRESOLVED,Recovered/native_api_inventory.json member_uses; reconstructed JS is approximate,not yet selected,not run
js_member_candidate,cc.PVRMIPMAP_MAX,cc,unknown; resolve against recorded oracle symbol dump,src_jsc/Core/Cocos2d-x/jsb_cocos2d_constants.js:61,unknown,unknown,unknown,unknown,unknown,unknown,candidate observed statically; scene reachability unverified,stock Cocos/JSB binding or project JS; exact binding not resolved,UNRESOLVED,Recovered/native_api_inventory.json member_uses; reconstructed JS is approximate,not yet selected,not run
js_member_candidate,cc.ParticleFire,cc,unknown; resolve against recorded oracle symbol dump,src_jsc/Cfg/Particle.js:9,unknown,unknown,unknown,unknown,unknown,unknown,candidate observed statically; scene reachability unverified,stock Cocos/JSB binding or project JS; exact binding not resolved,UNRESOLVED,Recovered/native_api_inventory.json member_uses; reconstructed JS is approximate,not yet selected,not run
js_member_candidate,cc.ParticleFireworks,cc,unknown; resolve against recorded oracle symbol dump,src_jsc/Cfg/Particle.js:6;src_jsc/Cfg/Particle.js:7,unknown,unknown,unknown,unknown,unknown,unknown,candidate observed statically; scene reachability unverified,stock Cocos/JSB binding or project JS; exact binding not resolved,UNRESOLVED,Recovered/native_api_inventory.json member_uses; reconstructed JS is approximate,not yet selected,not run
js_member_candidate,cc.ParticleFlower,cc,unknown; resolve against recorded oracle symbol dump,src_jsc/Cfg/Particle.js:10,unknown,unknown,unknown,unknown,unknown,unknown,candidate observed statically; scene reachability unverified,stock Cocos/JSB binding or project JS; exact binding not resolved,UNRESOLVED,Recovered/native_api_inventory.json member_uses; reconstructed JS is approximate,not yet selected,not run
js_member_candidate,cc.ParticleGalaxy,cc,unknown; resolve against recorded oracle symbol dump,src_jsc/Cfg/Particle.js:8,unknown,unknown,unknown,unknown,unknown,unknown,candidate observed statically; scene reachability unverified,stock Cocos/JSB binding or project JS; exact binding not resolved,UNRESOLVED,Recovered/native_api_inventory.json member_uses; reconstructed JS is approximate,not yet selected,not run
js_member_candidate,cc.ParticleMeteor,cc,unknown; resolve against recorded oracle symbol dump,src_jsc/Cfg/Particle.js:11,unknown,unknown,unknown,unknown,unknown,unknown,candidate observed statically; scene reachability unverified,stock Cocos/JSB binding or project JS; exact binding not resolved,UNRESOLVED,Recovered/native_api_inventory.json member_uses; reconstructed JS is approximate,not yet selected,not run
js_member_candidate,cc.ParticleSpiral,cc,unknown; resolve against recorded oracle symbol dump,src_jsc/Cfg/Particle.js:12,unknown,unknown,unknown,unknown,unknown,unknown,candidate observed statically; scene reachability unverified,stock Cocos/JSB binding or project JS; exact binding not resolved,UNRESOLVED,Recovered/native_api_inventory.json member_uses; reconstructed JS is approximate,not yet selected,not run
js_member_candidate,cc.ParticleSystem.create,cc,unknown; resolve against recorded oracle symbol dump,src_jsc/Factorys/Particle.js:25,unknown,unknown,unknown,unknown,unknown,unknown,candidate observed statically; scene reachability unverified,stock Cocos/JSB binding or project JS; exact binding not resolved,UNRESOLVED,Recovered/native_api_inventory.json member_uses; reconstructed JS is approximate,not yet selected,not run
js_member_candidate,cc.PhysicsDebugNode._create,cc,unknown; resolve against recorded oracle symbol dump,src_jsc/Core/Cocos2d-x/jsb_cocos2d_extension.js:94,unknown,unknown,unknown,unknown,unknown,unknown,candidate observed statically; scene reachability unverified,stock Cocos/JSB binding or project JS; exact binding not resolved,UNRESOLVED,Recovered/native_api_inventory.json member_uses; reconstructed JS is approximate,not yet selected,not run
js_member_candidate,cc.PhysicsDebugNode.create,cc,unknown; resolve against recorded oracle symbol dump,src_jsc/Core/Cocos2d-x/jsb_cocos2d_extension.js:85,unknown,unknown,unknown,unknown,unknown,unknown,candidate observed statically; scene reachability unverified,stock Cocos/JSB binding or project JS; exact binding not resolved,UNRESOLVED,Recovered/native_api_inventory.json member_uses; reconstructed JS is approximate,not yet selected,not run
js_member_candidate,cc.PhysicsDebugNode.prototype.setSpace,cc,unknown; resolve against recorded oracle symbol dump,src_jsc/Core/Cocos2d-x/jsb_cocos2d_extension.js:97,unknown,unknown,unknown,unknown,unknown,unknown,candidate observed statically; scene reachability unverified,stock Cocos/JSB binding or project JS; exact binding not resolved,UNRESOLVED,Recovered/native_api_inventory.json member_uses; reconstructed JS is approximate,not yet selected,not run
js_member_candidate,cc.PhysicsSprite.prototype.setBody,cc,unknown; resolve against recorded oracle symbol dump,src_jsc/Core/Cocos2d-x/jsb_cocos2d_extension.js:109,unknown,unknown,unknown,unknown,unknown,unknown,candidate observed statically; scene reachability unverified,stock Cocos/JSB binding or project JS; exact binding not resolved,UNRESOLVED,Recovered/native_api_inventory.json member_uses; reconstructed JS is approximate,not yet selected,not run
js_member_candidate,cc.PointZero,cc,unknown; resolve against recorded oracle symbol dump,src_jsc/Core/Cocos2d-x/jsb_cocos2d.js:386,unknown,unknown,unknown,unknown,unknown,unknown,candidate observed statically; scene reachability unverified,stock Cocos/JSB binding or project JS; exact binding not resolved,UNRESOLVED,Recovered/native_api_inventory.json member_uses; reconstructed JS is approximate,not yet selected,not run
js_member_candidate,cc.ProgressFromTo.create,cc,unknown; resolve against recorded oracle symbol dump,src_jsc/Views/UpgradeCard/BaseUpgradeCard.js:145;src_jsc/Views/UpgradeCard/BaseUpgradeCard.js:160;src_jsc/Views/UpgradeCard/BaseUpgradeCard.js:178;src_jsc/Views/UpgradeCard/BaseUpgradeCard.js:203;src_jsc/Views/UpgradeCard/BaseUpgradeCard.js:227;src_jsc/Views/UpgradeCard/BaseUpgradeCard.js:232,unknown,unknown,unknown,unknown,unknown,unknown,candidate observed statically; scene reachability unverified,stock Cocos/JSB binding or project JS; exact binding not resolved,UNRESOLVED,Recovered/native_api_inventory.json member_uses; reconstructed JS is approximate,not yet selected,not run
js_member_candidate,cc.ProgressTimer.create,cc,unknown; resolve against recorded oracle symbol dump,src_jsc/Scene/TeamBuild/TeamMemberNavigation.js:712;src_jsc/Update/UpdateScene.js:155;src_jsc/Views/Dialog/PlayerInfoDialog.js:109;src_jsc/Views/HpProgressView.js:136;src_jsc/Views/HpProgressView.js:161;src_jsc/Views/HulaoBattle/GarrisonLayoutDialog.js:461;src_jsc/Views/PlayerInfoBannerView.js:154;src_jsc/Views/PlayerInfoBannerView.js:295;src_jsc/Views/ProgressTimer/BlueProgressTimer.js:33;src_jsc/Views/ProgressTimer/NormalProgressTimer.js:33;src_jsc/Views/TeamCntPopView.js:73;src_jsc/Views/UpgradeCard/BaseUpgradeCard.js:41,unknown,unknown,unknown,unknown,unknown,unknown,candidate observed statically; scene reachability unverified,stock Cocos/JSB binding or project JS; exact binding not resolved,UNRESOLVED,Recovered/native_api_inventory.json member_uses; reconstructed JS is approximate,not yet selected,not run
js_member_candidate,cc.ProgressTo.create,cc,unknown; resolve against recorded oracle symbol dump,src_jsc/Views/HpProgressView.js:220;src_jsc/Views/HpProgressView.js:236;src_jsc/Views/HpProgressView.js:245,unknown,unknown,unknown,unknown,unknown,unknown,candidate observed statically; scene reachability unverified,stock Cocos/JSB binding or project JS; exact binding not resolved,UNRESOLVED,Recovered/native_api_inventory.json member_uses; reconstructed JS is approximate,not yet selected,not run
js_member_candidate,cc.RED,cc,unknown; resolve against recorded oracle symbol dump,src_jsc/Core/Cocos2d-x/jsb_cocos2d.js:151,unknown,unknown,unknown,unknown,unknown,unknown,candidate observed statically; scene reachability unverified,stock Cocos/JSB binding or project JS; exact binding not resolved,UNRESOLVED,Recovered/native_api_inventory.json member_uses; reconstructed JS is approximate,not yet selected,not run
js_member_candidate,cc.REPEAT_FOREVER,cc,unknown; resolve against recorded oracle symbol dump,src_jsc/Core/Cocos2d-x/jsb_cocos2d.js:1095;src_jsc/Core/Cocos2d-x/jsb_cocos2d.js:165;src_jsc/Core/Cocos2d-x/jsb_cocos2d_constants.js:165;src_jsc/Models/ChatMessageManager.js:206;src_jsc/Models/ChatMessageManager.js:35;src_jsc/Models/Player.js:223;src_jsc/Models/Player.js:227;src_jsc/Models/ToastModel.js:76;src_jsc/Scene/Party/RechargeRankDialog.js:403;src_jsc/Scene/SceneMgr.js:554;src_jsc/Views/ChatContentLayer.js:265;src_jsc/Views/Dialog/ChatDialog.js:72;src_jsc/Views/Dialog/CheckOrderDialog.js:53;src_jsc/Views/Dialog/DungeonDetail.js:206;src_jsc/Views/Dialog/DungeonDetailB.js:183;src_jsc/Views/GeneralPlayView.js:248;src_jsc/Views/StoreItemView.js:62,unknown,unknown,unknown,unknown,unknown,unknown,candidate observed statically; scene reachability unverified,stock Cocos/JSB binding or project JS; exact binding not resolved,UNRESOLVED,Recovered/native_api_inventory.json member_uses; reconstructed JS is approximate,not yet selected,not run
js_member_candidate,cc.RESOLUTION_MAC,cc,unknown; resolve against recorded oracle symbol dump,src_jsc/Core/Cocos2d-x/jsb_cocos2d_constants.js:167,unknown,unknown,unknown,unknown,unknown,unknown,candidate observed statically; scene reachability unverified,stock Cocos/JSB binding or project JS; exact binding not resolved,UNRESOLVED,Recovered/native_api_inventory.json member_uses; reconstructed JS is approximate,not yet selected,not run
js_member_candidate,cc.RESOLUTION_MAC_RETINA_DISPLAY,cc,unknown; resolve against recorded oracle symbol dump,src_jsc/Core/Cocos2d-x/jsb_cocos2d_constants.js:169,unknown,unknown,unknown,unknown,unknown,unknown,candidate observed statically; scene reachability unverified,stock Cocos/JSB binding or project JS; exact binding not resolved,UNRESOLVED,Recovered/native_api_inventory.json member_uses; reconstructed JS is approximate,not yet selected,not run
js_member_candidate,cc.RESOLUTION_POLICY,cc,unknown; resolve against recorded oracle symbol dump,src_jsc/Core/Cocos2d-x/jsb_cocos2d_constants.js:335,unknown,unknown,unknown,unknown,unknown,unknown,candidate observed statically; scene reachability unverified,stock Cocos/JSB binding or project JS; exact binding not resolved,UNRESOLVED,Recovered/native_api_inventory.json member_uses; reconstructed JS is approximate,not yet selected,not run
js_member_candidate,cc.RESOLUTION_POLICY.NOBORDER,cc,unknown; resolve against recorded oracle symbol dump,src_jsc/main.js:52,unknown,unknown,unknown,unknown,unknown,unknown,candidate observed statically; scene reachability unverified,stock Cocos/JSB binding or project JS; exact binding not resolved,UNRESOLVED,Recovered/native_api_inventory.json member_uses; reconstructed JS is approximate,not yet selected,not run
js_member_candidate,cc.RESOLUTION_POLICY.SHOW_ALL,cc,unknown; resolve against recorded oracle symbol dump,src_jsc/main.js:93,unknown,unknown,unknown,unknown,unknown,unknown,candidate observed statically; scene reachability unverified,stock Cocos/JSB binding or project JS; exact binding not resolved,UNRESOLVED,Recovered/native_api_inventory.json member_uses; reconstructed JS is approximate,not yet selected,not run
js_member_candidate,cc.RESOLUTION_UNKNOWN,cc,unknown; resolve against recorded oracle symbol dump,src_jsc/Core/Cocos2d-x/jsb_cocos2d_constants.js:171,unknown,unknown,unknown,unknown,unknown,unknown,candidate observed statically; scene reachability unverified,stock Cocos/JSB binding or project JS; exact binding not resolved,UNRESOLVED,Recovered/native_api_inventory.json member_uses; reconstructed JS is approximate,not yet selected,not run
js_member_candidate,cc.RectZero,cc,unknown; resolve against recorded oracle symbol dump,src_jsc/Core/Cocos2d-x/jsb_cocos2d.js:534,unknown,unknown,unknown,unknown,unknown,unknown,candidate observed statically; scene reachability unverified,stock Cocos/JSB binding or project JS; exact binding not resolved,UNRESOLVED,Recovered/native_api_inventory.json member_uses; reconstructed JS is approximate,not yet selected,not run
js_member_candidate,cc.RenderTexture.create,cc,unknown; resolve against recorded oracle symbol dump,src_jsc/Utils/Node.js:123;src_jsc/Utils/Node.js:126;src_jsc/Utils/Node.js:69,unknown,unknown,unknown,unknown,unknown,unknown,candidate observed statically; scene reachability unverified,stock Cocos/JSB binding or project JS; exact binding not resolved,UNRESOLVED,Recovered/native_api_inventory.json member_uses; reconstructed JS is approximate,not yet selected,not run
js_member_candidate,cc.Repeat.create,cc,unknown; resolve against recorded oracle symbol dump,src_jsc/Factorys/Skill/Item/Timeline.js:583,unknown,unknown,unknown,unknown,unknown,unknown,candidate observed statically; scene reachability unverified,stock Cocos/JSB binding or project JS; exact binding not resolved,UNRESOLVED,Recovered/native_api_inventory.json member_uses; reconstructed JS is approximate,not yet selected,not run
js_member_candidate,cc.RepeatForever.create,cc,unknown; resolve against recorded oracle symbol dump,src_jsc/Models/TreasureBox.js:92;src_jsc/Update/UpdateScene.js:133;src_jsc/Views/Dialog/SpecificDialog.js:992;src_jsc/Views/TeamIconButton.js:349;src_jsc/Views/TeamIconButton_Buddy.js:85,unknown,unknown,unknown,unknown,unknown,unknown,candidate observed statically; scene reachability unverified,stock Cocos/JSB binding or project JS; exact binding not resolved,UNRESOLVED,Recovered/native_api_inventory.json member_uses; reconstructed JS is approximate,not yet selected,not run
js_member_candidate,cc.RotateBy.create,cc,unknown; resolve against recorded oracle symbol dump,src_jsc/Factorys/Skill/Item/Timeline.js:252;src_jsc/Views/Dialog/SpecificDialog.js:992,unknown,unknown,unknown,unknown,unknown,unknown,candidate observed statically; scene reachability unverified,stock Cocos/JSB binding or project JS; exact binding not resolved,UNRESOLVED,Recovered/native_api_inventory.json member_uses; reconstructed JS is approximate,not yet selected,not run
js_member_candidate,cc.SCROLLVIEW_DIRECTION_BOTH,cc,unknown; resolve against recorded oracle symbol dump,src_jsc/Core/Cocos2d-x/jsb_cocos2d_extension.js:15,unknown,unknown,unknown,unknown,unknown,unknown,candidate observed statically; scene reachability unverified,stock Cocos/JSB binding or project JS; exact binding not resolved,UNRESOLVED,Recovered/native_api_inventory.json member_uses; reconstructed JS is approximate,not yet selected,not run
js_member_candidate,cc.SCROLLVIEW_DIRECTION_HORIZONTAL,cc,unknown; resolve against recorded oracle symbol dump,src_jsc/Core/Cocos2d-x/jsb_cocos2d_extension.js:11;src_jsc/Scene/TeamBuild/TeamBuildScene.js:335;src_jsc/Scene/TeamBuild/TeamBuildScene_V2.js:251;src_jsc/Scene/Training/GeneralTraningScene.js:478;src_jsc/Scene/Vip/VipScene.js:52;src_jsc/Views/CardNavigateView.js:66;src_jsc/Views/DecisiveBattle/DecisiveBattlePreviewView.js:52;src_jsc/Views/Dialog/UnionEncounterMapDialog.js:64;src_jsc/Views/InterService/PopularityRewardView.js:237;src_jsc/Views/QueueTeamView.js:158;src_jsc/Views/ShowTeamView.js:139;src_jsc/Views/Table/AgaHeadTableView.js:19;src_jsc/Views/Table/ChaosTableView.js:15;src_jsc/Views/Table/ClimbLadderTableView.js:13;src_jsc/Views/Table/LadderChartTableView.js:13;src_jsc/Views/Table/MenuTableView.js:127;src_jsc/Views/Table/RankTableView.js:13;src_jsc/Views/Table/SkillPieceTableView.js:17,unknown,unknown,unknown,unknown,unknown,unknown,candidate observed statically; scene reachability unverified,stock Cocos/JSB binding or project JS; exact binding not resolved,UNRESOLVED,Recovered/native_api_inventory.json member_uses; reconstructed JS is approximate,not yet selected,not run
js_member_candidate,cc.SCROLLVIEW_DIRECTION_NONE,cc,unknown; resolve against recorded oracle symbol dump,src_jsc/Core/Cocos2d-x/jsb_cocos2d_extension.js:9,unknown,unknown,unknown,unknown,unknown,unknown,candidate observed statically; scene reachability unverified,stock Cocos/JSB binding or project JS; exact binding not resolved,UNRESOLVED,Recovered/native_api_inventory.json member_uses; reconstructed JS is approximate,not yet selected,not run
js_member_candidate,cc.SCROLLVIEW_DIRECTION_VERTICAL,cc,unknown; resolve against recorded oracle symbol dump,src_jsc/Core/Cocos2d-x/jsb_cocos2d_extension.js:13;src_jsc/Scene/Bag/BagScene.js:58;src_jsc/Scene/Beauty/BeautyScene.js:155;src_jsc/Scene/Copy/CopyScene.js:109;src_jsc/Scene/Copy/DuanWuCopyScene.js:109;src_jsc/Scene/Copy/LabourlCopyScene.js:109;src_jsc/Scene/Copy/MemorialCopyScene.js:109;src_jsc/Scene/Copy/PlantCopyScene.js:107;src_jsc/Scene/Copy/PublicCopyScene.js:109;src_jsc/Scene/Debug/DebugScene.js:183;src_jsc/Scene/Ladder/LadderGiftView.js:42;src_jsc/Scene/Ladder/LadderGiftView_Honor.js:40;src_jsc/Scene/Ladder/LadderTenFightResultDialog.js:38;src_jsc/Scene/Party/RechargeRankDialog.js:367;src_jsc/Scene/Setting/ContactGMScene.js:133;src_jsc/Scene/Setting/SettingScene.js:81;src_jsc/Views/ChatContentLayer.js:89;src_jsc/Views/ClimbLadderArtifactStorey.js:51;src_jsc/Views/DecisiveBattle/OneRoundPlayerListDialog.js:276;src_jsc/Views/DecisiveBattle/OutPlayersDialog.js:55;src_jsc/Views/DecisiveBattle/SupportPointsExchangeView.js:49;src_jsc/Views/DecisiveBattle/SupportRankingDialog.js:48;src_jsc/Views/DecisiveBattle/SupportRecordView.js:68;src_jsc/Views/Dialog/AdventureDropDialog.js:95;src_jsc/Views/Dialog/AnnouncementDialog.js:250;src_jsc/Views/Dialog/AnnouncementDialog.js:290;src_jsc/Views/Dialog/AwakeChangeYuanFenDialog.js:78;src_jsc/Views/Dialog/AwakeInfoDialog.js:61;src_jsc/Views/Dialog/BeautyShopDialog.js:293;src_jsc/Views/Dialog/BecomeStrongerDialog.js:170;src_jsc/Views/Dialog/DecisiveSupportDialog.js:323;src_jsc/Views/Dialog/DuanWuDialog.js:299;src_jsc/Views/Dialog/ErrorDialog.js:60;src_jsc/Views/Dialog/GeneralTrainingResultDialog.js:308;src_jsc/Views/Dialog/InstructionDialog.js:69;src_jsc/Views/Dialog/JiFenDuiHuanDialog.js:295;src_jsc/Views/Dialog/LabourlDialog.js:295;src_jsc/Views/Dialog/MemorialDialog.js:295;src_jsc/Views/Dialog/MysteryStoreDialog.js:351;src_jsc/Views/Dialog/PlantTreeDlg.js:267;src_jsc/Views/Dialog/PublicCopyDialog.js:301;src_jsc/Views/Dialog/SpiritStoneDialog.js:267;src_jsc/Views/Dialog/UnionActiveDialog.js:212;src_jsc/Views/Dialog/UnionDepotMemberDialog.js:228;src_jsc/Views/Dialog/UnionWarBattleResultDialog.js:191;src_jsc/Views/Gems/AllGemsListDialog.js:68;src_jsc/Views/Gems/GemsBagView.js:214;src_jsc/Views/Gems/GemsSophisticationReplaceDialog.js:252;src_jsc/Views/HulaoBattle/LightenLuckDialog.js:76;src_jsc/Views/InterService/PointsExchangeView.js:45;src_jsc/Views/InterService/PointsRankDialog.js:191;src_jsc/Views/ItemShowList.js:222;src_jsc/Views/ListTableView.js:153;src_jsc/Views/MTipsListView.js:33;src_jsc/Views/MainMenuView.js:173;src_jsc/Views/MiracleWeapons/MiracleWeaponInforDialog.js:117;src_jsc/Views/MiracleWeapons/SelectMiracleWeaponLayer.js:118;src_jsc/Views/ReplaceCardList.js:67;src_jsc/Views/ScrollView.js:21;src_jsc/Views/ServerSelectView.js:37;src_jsc/Views/ServerSelectView.js:47;src_jsc/Views/StoreItemView.js:38;src_jsc/Views/Table/AvoidWarTableView.js:13;src_jsc/Views/Table/BaseTableView.js:32;src_jsc/Views/Table/ChargeItemTableView.js:13;src_jsc/Views/Table/InterServiceRewardPreviewTableView.js:98;src_jsc/Views/Table/InterServiceRewardTableView.js:172;src_jsc/Views/Table/MailTableView.js:13;src_jsc/Views/Table/SocialTableView.js:13;src_jsc/Views/Table/TaskTableView.js:19;src_jsc/Views/Table/UnionLogTableView.js:122;src_jsc/Views/Union/UnionDepotLayer.js:221;src_jsc/Views/Union/UnionMemberLayer.js:345;src_jsc/Views/Union/UnionMembershipLayer.js:223;src_jsc/Views/Union/UnionRankingLayer.js:274;src_jsc/Views/Union/UnionShopLayer.js:252;src_jsc/Views/WorshipWinePopNode.js:263,unknown,unknown,unknown,unknown,unknown,unknown,candidate observed statically; scene reachability unverified,stock Cocos/JSB binding or project JS; exact binding not resolved,UNRESOLVED,Recovered/native_api_inventory.json member_uses; reconstructed JS is approximate,not yet selected,not run
js_member_candidate,cc.SHADER_POSITION_COLOR,cc,unknown; resolve against recorded oracle symbol dump,src_jsc/Core/Cocos2d-x/jsb_cocos2d_constants.js:301,unknown,unknown,unknown,unknown,unknown,unknown,candidate observed statically; scene reachability unverified,stock Cocos/JSB binding or project JS; exact binding not resolved,UNRESOLVED,Recovered/native_api_inventory.json member_uses; reconstructed JS is approximate,not yet selected,not run
js_member_candidate,cc.SHADER_POSITION_LENGTH_TEXURE_COLOR,cc,unknown; resolve against recorded oracle symbol dump,src_jsc/Core/Cocos2d-x/jsb_cocos2d_constants.js:303,unknown,unknown,unknown,unknown,unknown,unknown,candidate observed statically; scene reachability unverified,stock Cocos/JSB binding or project JS; exact binding not resolved,UNRESOLVED,Recovered/native_api_inventory.json member_uses; reconstructed JS is approximate,not yet selected,not run
js_member_candidate,cc.SHADER_POSITION_TEXTURE,cc,unknown; resolve against recorded oracle symbol dump,src_jsc/Core/Cocos2d-x/jsb_cocos2d_constants.js:305,unknown,unknown,unknown,unknown,unknown,unknown,candidate observed statically; scene reachability unverified,stock Cocos/JSB binding or project JS; exact binding not resolved,UNRESOLVED,Recovered/native_api_inventory.json member_uses; reconstructed JS is approximate,not yet selected,not run
js_member_candidate,cc.SHADER_POSITION_TEXTURE_A8_COLOR,cc,unknown; resolve against recorded oracle symbol dump,src_jsc/Core/Cocos2d-x/jsb_cocos2d_constants.js:307,unknown,unknown,unknown,unknown,unknown,unknown,candidate observed statically; scene reachability unverified,stock Cocos/JSB binding or project JS; exact binding not resolved,UNRESOLVED,Recovered/native_api_inventory.json member_uses; reconstructed JS is approximate,not yet selected,not run
js_member_candidate,cc.SHADER_POSITION_TEXTURE_COLOR,cc,unknown; resolve against recorded oracle symbol dump,src_jsc/Core/Cocos2d-x/jsb_cocos2d_constants.js:309,unknown,unknown,unknown,unknown,unknown,unknown,candidate observed statically; scene reachability unverified,stock Cocos/JSB binding or project JS; exact binding not resolved,UNRESOLVED,Recovered/native_api_inventory.json member_uses; reconstructed JS is approximate,not yet selected,not run
js_member_candidate,cc.SHADER_POSITION_TEXTURE_COLOR_ALPHA_TEST,cc,unknown; resolve against recorded oracle symbol dump,src_jsc/Core/Cocos2d-x/jsb_cocos2d_constants.js:311,unknown,unknown,unknown,unknown,unknown,unknown,candidate observed statically; scene reachability unverified,stock Cocos/JSB binding or project JS; exact binding not resolved,UNRESOLVED,Recovered/native_api_inventory.json member_uses; reconstructed JS is approximate,not yet selected,not run
js_member_candidate,cc.SHADER_POSITION_TEXTURE_U_COLOR,cc,unknown; resolve against recorded oracle symbol dump,src_jsc/Core/Cocos2d-x/jsb_cocos2d_constants.js:313,unknown,unknown,unknown,unknown,unknown,unknown,candidate observed statically; scene reachability unverified,stock Cocos/JSB binding or project JS; exact binding not resolved,UNRESOLVED,Recovered/native_api_inventory.json member_uses; reconstructed JS is approximate,not yet selected,not run
js_member_candidate,cc.SHADER_POSITION_U_COLOR,cc,unknown; resolve against recorded oracle symbol dump,src_jsc/Core/Cocos2d-x/jsb_cocos2d_constants.js:315,unknown,unknown,unknown,unknown,unknown,unknown,candidate observed statically; scene reachability unverified,stock Cocos/JSB binding or project JS; exact binding not resolved,UNRESOLVED,Recovered/native_api_inventory.json member_uses; reconstructed JS is approximate,not yet selected,not run
js_member_candidate,cc.SPRITEBATCHNODE_RENDER_SUBPIXEL,cc,unknown; resolve against recorded oracle symbol dump,src_jsc/Core/Cocos2d-x/jsb_cocos2d_constants.js:63,unknown,unknown,unknown,unknown,unknown,unknown,candidate observed statically; scene reachability unverified,stock Cocos/JSB binding or project JS; exact binding not resolved,UNRESOLVED,Recovered/native_api_inventory.json member_uses; reconstructed JS is approximate,not yet selected,not run
js_member_candidate,cc.SPRITE_DEBUG_DRAW,cc,unknown; resolve against recorded oracle symbol dump,src_jsc/Core/Cocos2d-x/jsb_cocos2d_constants.js:65,unknown,unknown,unknown,unknown,unknown,unknown,candidate observed statically; scene reachability unverified,stock Cocos/JSB binding or project JS; exact binding not resolved,UNRESOLVED,Recovered/native_api_inventory.json member_uses; reconstructed JS is approximate,not yet selected,not run
js_member_candidate,cc.SPRITE_INDEX_NOT_INITIALIZED,cc,unknown; resolve against recorded oracle symbol dump,src_jsc/Core/Cocos2d-x/jsb_cocos2d_constants.js:9,unknown,unknown,unknown,unknown,unknown,unknown,candidate observed statically; scene reachability unverified,stock Cocos/JSB binding or project JS; exact binding not resolved,UNRESOLVED,Recovered/native_api_inventory.json member_uses; reconstructed JS is approximate,not yet selected,not run
js_member_candidate,cc.Scale9Sprite.createWithSpriteFrameName,cc,unknown; resolve against recorded oracle symbol dump,src_jsc/Libs/Views/Button/common.js:23;src_jsc/Libs/Views/Button/common.js:29;src_jsc/Libs/Views/Button/common.js:35;src_jsc/Libs/Views/Button/common.js:89;src_jsc/Scene/Beauty/BeautyCell.js:41;src_jsc/Scene/Beauty/BeautyScene.js:233;src_jsc/Scene/Beauty/BeautyScene.js:269;src_jsc/Scene/Copy/CopyScene.js:245;src_jsc/Scene/Copy/DuanWuCopyScene.js:245;src_jsc/Scene/Copy/LabourlCopyScene.js:245;src_jsc/Scene/Copy/MemorialCopyScene.js:245;src_jsc/Scene/Copy/PlantCopyScene.js:243;src_jsc/Scene/Copy/PublicCopyScene.js:255;src_jsc/Scene/Debug/DebugScene.js:318;src_jsc/Tools/UI.js:238;src_jsc/Views/ChangeName.js:19;src_jsc/Views/ChatContentLayer.js:111;src_jsc/Views/Dialog/AnnouncementDialog.js:242;src_jsc/Views/Dialog/ErrorDialog.js:22;src_jsc/Views/Dialog/GeneralTrainingResultDialog.js:150;src_jsc/Views/Dialog/MessagePopView.js:46;src_jsc/Views/Dialog/MessagePopView.js:52;src_jsc/Views/Dialog/SelectSgsChannelDialog.js:32;src_jsc/Views/Dialog/SpecificDialog.js:726;src_jsc/Views/Dialog/SpecificDialog.js:916;src_jsc/Views/Dialog/UnionChgNoticeSignDialog.js:51;src_jsc/Views/Dialog/UnionWarActivePromoteDialog.js:29;src_jsc/Views/Gems/AllGemsListDialog.js:37;src_jsc/Views/Gems/AllGemsListDialog.js:43;src_jsc/Views/Gems/GemsSophisticationReplaceDialog.js:218;src_jsc/Views/Gems/GemsSophisticationReplaceDialog.js:224;src_jsc/Views/MiniTablePage.js:19;src_jsc/Views/MiracleWeapons/ThreeMiracleWeaponsShowLayer.js:101;src_jsc/Views/SkillRefining/RefiningSkillDialog.js:20;src_jsc/Views/SkillRefining/RefiningSkillDialog.js:26;src_jsc/Views/Union/UnionCreate.js:50;src_jsc/Views/Union/UnionCreate.js:79;src_jsc/Views/Union/UnionDepotLayer.js:203;src_jsc/Views/Union/UnionMemberLayer.js:335;src_jsc/Views/Union/UnionMemberManageDialog.js:55;src_jsc/Views/Union/UnionMembershipLayer.js:211;src_jsc/Views/Union/UnionRankingLayer.js:264;src_jsc/Views/Union/UnionSearch.js:116;src_jsc/Views/Union/UnionSearch.js:99,unknown,unknown,unknown,unknown,unknown,unknown,candidate observed statically; scene reachability unverified,stock Cocos/JSB binding or project JS; exact binding not resolved,UNRESOLVED,Recovered/native_api_inventory.json member_uses; reconstructed JS is approximate,not yet selected,not run
js_member_candidate,cc.ScaleTo.create,cc,unknown; resolve against recorded oracle symbol dump,src_jsc/Scene/Awake/AwakeBoxView.js:508;src_jsc/Scene/Awake/AwakeBoxView.js:543;src_jsc/Scene/Awake/AwakeBoxView.js:744;src_jsc/Scene/Awake/AwakeBoxView.js:791;src_jsc/Scene/Awake/AwakeBoxView.js:814;src_jsc/Scene/Awake/AwakeBoxView.js:859;src_jsc/Scene/Combat/CombatCardView.js:335;src_jsc/Scene/Develop/AlchemyView.js:124;src_jsc/Scene/GeneralSelect/GeneralSelectScene.js:205;src_jsc/Scene/Ladder/LadderCardShow.js:422;src_jsc/Views/CardListView.js:393;src_jsc/Views/GeneralCardShow.js:191;src_jsc/Views/GeneralPlayView.js:257;src_jsc/Views/GeneralPlayView.js:259;src_jsc/Views/GeneralPlayView.js:270;src_jsc/Views/GeneralPlayView.js:435;src_jsc/Views/GeneralPlayView.js:466;src_jsc/Views/GeneralPlayView.js:734;src_jsc/Views/GeneralPlayView.js:736;src_jsc/Views/GeneralSwapView.js:159;src_jsc/Views/GeneralSwapView.js:169;src_jsc/Views/GeneralSwapView.js:209;src_jsc/Views/GeneralSwapView.js:219;src_jsc/Views/Goddess/ThreeIconShowView.js:153;src_jsc/Views/Goddess/ThreeIconShowView.js:163;src_jsc/Views/Goddess/ThreeIconShowView.js:205;src_jsc/Views/Goddess/ThreeIconShowView.js:215;src_jsc/Views/Mgr.js:1026;src_jsc/Views/Mgr.js:1102;src_jsc/Views/Mgr.js:969;src_jsc/Views/MultiPagesMenuView.js:349;src_jsc/Views/MultiPagesMenuView.js:351;src_jsc/Views/MultiPagesMenuView.js:86;src_jsc/Views/QuickFight.js:201;src_jsc/Views/SkillRefining/SkillRefiningLayer.js:284;src_jsc/Views/Union/UnionDialog.js:291;src_jsc/Views/Union/UnionDialog.js:293;src_jsc/Views/Union/UnionDonationLayer.js:354,unknown,unknown,unknown,unknown,unknown,unknown,candidate observed statically; scene reachability unverified,stock Cocos/JSB binding or project JS; exact binding not resolved,UNRESOLVED,Recovered/native_api_inventory.json member_uses; reconstructed JS is approximate,not yet selected,not run
js_member_candidate,cc.Scene,cc,unknown; resolve against recorded oracle symbol dump,src_jsc/Scene/Aga/AgaScene.js:1378;src_jsc/Scene/Awake/AwakeBoxScene.js:10;src_jsc/Scene/Awake/AwakeScene.js:11;src_jsc/Scene/Bag/BagScene.js:973;src_jsc/Scene/Beauty/BeautyScene.js:1435;src_jsc/Scene/Buddy/BuddyScene.js:106;src_jsc/Scene/Chaos/ChaosFightScene.js:10;src_jsc/Scene/Chaos/ChaosScene.js:10;src_jsc/Scene/Combat/CombatScene.js:10;src_jsc/Scene/Combat/CombatUpgradeScene.js:607;src_jsc/Scene/Copy/CopyScene.js:740;src_jsc/Scene/Copy/DuanWuCopyScene.js:740;src_jsc/Scene/Copy/LabourlCopyScene.js:740;src_jsc/Scene/Copy/MemorialCopyScene.js:740;src_jsc/Scene/Copy/PlantCopyScene.js:738;src_jsc/Scene/Copy/PublicCopyScene.js:783;src_jsc/Scene/Debug/DebugScene.js:386;src_jsc/Scene/DecisiveBattle/DecisiveBattleMainScene.js:11;src_jsc/Scene/DecisiveBattle/DecisiveBattlePreviewScene.js:11;src_jsc/Scene/DecisiveBattle/SupportAwardScene.js:11;src_jsc/Scene/Develop/DevelopScene.js:64;src_jsc/Scene/Equ/EquipmentScene.js:436;src_jsc/Scene/Fight/FightScene.js:3415;src_jsc/Scene/FightChapter/FightChapters.js:470;src_jsc/Scene/GeneralSelect/GeneralSelectScene.js:385;src_jsc/Scene/Goddess/GoddessMainScene.js:11;src_jsc/Scene/HulaoBattle/HulaoBattleMainScene.js:11;src_jsc/Scene/InterService/InterServiceFightScene.js:11;src_jsc/Scene/InterService/InterServiceRegistrationScene.js:11;src_jsc/Scene/InterService/InterServiceWorshipScene.js:11;src_jsc/Scene/InterService/PopularityRewardScene.js:11;src_jsc/Scene/Ladder/LadderChartScene.js:10;src_jsc/Scene/Ladder/LadderScene.js:11;src_jsc/Scene/LoadingScene.js:14;src_jsc/Scene/Login/LoginScene_AnySdk.js:862;src_jsc/Scene/Login/LoginScene_BfSdk.js:1059;src_jsc/Scene/Login/LoginScene_EasyGuestSdk.js:492;src_jsc/Scene/Login/LoginScene_EasySdk.js:383;src_jsc/Scene/Login/LoginScene_ThirdGuestSdk.js:569;src_jsc/Scene/Login/LoginScene_ThirdSdk.js:489;src_jsc/Scene/Main/MainMenuScene.js:882;src_jsc/Scene/Meridians/MeridiansMainScene.js:11;src_jsc/Scene/Meridians/PracticeMeridiansMainScene.js:11;src_jsc/Scene/MiracleWeapons/MiracleWeaponScene.js:11;src_jsc/Scene/MiracleWeapons/SelectMiracleWeaponsScene.js:11;src_jsc/Scene/NewPlayer/NewPlayerScene.js:129;src_jsc/Scene/Party/WishingScene.js:572;src_jsc/Scene/Setting/ContactGMScene.js:14;src_jsc/Scene/Setting/SettingScene.js:10;src_jsc/Scene/Skill/SkillScene.js:238;src_jsc/Scene/Skill/SkillScene.js:270;src_jsc/Scene/SkillRefining/SkillRefiningScene.js:11;src_jsc/Scene/Social/SocialScene.js:10;src_jsc/Scene/Store/StoreScene.js:10;src_jsc/Scene/SubMenu/ChallengeMenuScene.js:452;src_jsc/Scene/SubMenu/GeneralMenuScene.js:542;src_jsc/Scene/SubMenu/MenuMenuScene.js:245;src_jsc/Scene/SubMenu/PartyMenuScene.js:576;src_jsc/Scene/TeamBuild/TeamBuildScene.js:1624;src_jsc/Scene/TeamBuild/TeamBuildScene_V2.js:1199;src_jsc/Scene/Training/GeneralTraningScene.js:969;src_jsc/Scene/UnionWar/UnionWarBattleScene.js:246;src_jsc/Scene/UnionWar/UnionWarChangeFormationScene.js:316;src_jsc/Scene/UnionWar/UnionWarFightScene.js:319;src_jsc/Scene/Vip/VipScene.js:153;src_jsc/Scene/Worship/WorshipScene.js:356;src_jsc/Update/UpdateScene.js:1009,unknown,unknown,unknown,unknown,unknown,unknown,candidate observed statically; scene reachability unverified,stock Cocos/JSB binding or project JS; exact binding not resolved,UNRESOLVED,Recovered/native_api_inventory.json member_uses; reconstructed JS is approximate,not yet selected,not run
js_member_candidate,cc.Scene.create,cc,unknown; resolve against recorded oracle symbol dump,src_jsc/Core/Cocos2d-x/jsb_cocosbuilder.js:196;src_jsc/Views/Dialog/ErrorDialog.js:159,unknown,unknown,unknown,unknown,unknown,unknown,candidate observed statically; scene reachability unverified,stock Cocos/JSB binding or project JS; exact binding not resolved,UNRESOLVED,Recovered/native_api_inventory.json member_uses; reconstructed JS is approximate,not yet selected,not run
js_member_candidate,cc.Scene.extend,cc,unknown; resolve against recorded oracle symbol dump,src_jsc/Core/Cocos2d-x/jsb_cocos2d.js:866;src_jsc/Scene/Achievement/AchievementScene.js:5;src_jsc/Scene/Aga/AgaScene.js:1373;src_jsc/Scene/Awake/AwakeBoxScene.js:5;src_jsc/Scene/Awake/AwakeScene.js:5;src_jsc/Scene/Bag/BagScene.js:968;src_jsc/Scene/Beauty/BeautyScene.js:1429;src_jsc/Scene/Buddy/BuddyScene.js:101;src_jsc/Scene/Chaos/ChaosFightScene.js:5;src_jsc/Scene/Chaos/ChaosScene.js:5;src_jsc/Scene/Climb/ClimbLadderRankListScene.js:5;src_jsc/Scene/Climb/ClimbLadderScene.js:18;src_jsc/Scene/Combat/CombatScene.js:5;src_jsc/Scene/Combat/CombatUpgradeScene.js:602;src_jsc/Scene/Copy/CopyScene.js:734;src_jsc/Scene/Copy/DuanWuCopyScene.js:734;src_jsc/Scene/Copy/LabourlCopyScene.js:734;src_jsc/Scene/Copy/MemorialCopyScene.js:734;src_jsc/Scene/Copy/PlantCopyScene.js:732;src_jsc/Scene/Copy/PublicCopyScene.js:777;src_jsc/Scene/Debug/DebugScene.js:381;src_jsc/Scene/DecisiveBattle/DecisiveBattleMainScene.js:5;src_jsc/Scene/DecisiveBattle/DecisiveBattlePreviewScene.js:5;src_jsc/Scene/DecisiveBattle/SupportAwardScene.js:5;src_jsc/Scene/Develop/DevelopScene.js:59;src_jsc/Scene/Equ/EquipmentScene.js:431;src_jsc/Scene/Fight/FightScene.js:3409;src_jsc/Scene/FightChapter/FightChapters.js:465;src_jsc/Scene/Gems/GemsScene.js:5;src_jsc/Scene/GeneralSelect/GeneralSelectScene.js:380;src_jsc/Scene/Goddess/GoddessMainScene.js:5;src_jsc/Scene/HulaoBattle/HulaoBattleMainScene.js:5;src_jsc/Scene/InterService/InterServiceFightScene.js:5;src_jsc/Scene/InterService/InterServiceRegistrationScene.js:5;src_jsc/Scene/InterService/InterServiceWorshipScene.js:5;src_jsc/Scene/InterService/PopularityRewardScene.js:5;src_jsc/Scene/Ladder/LadderChartScene.js:5;src_jsc/Scene/Ladder/LadderScene.js:5;src_jsc/Scene/LoadingScene.js:5;src_jsc/Scene/Login/LoginScene_AnySdk.js:857;src_jsc/Scene/Login/LoginScene_BfSdk.js:1054;src_jsc/Scene/Login/LoginScene_EasyGuestSdk.js:487;src_jsc/Scene/Login/LoginScene_EasySdk.js:378;src_jsc/Scene/Login/LoginScene_ThirdGuestSdk.js:564;src_jsc/Scene/Login/LoginScene_ThirdSdk.js:484;src_jsc/Scene/Mail/MailSystemScene.js:5;src_jsc/Scene/Main/MainMenuScene.js:876;src_jsc/Scene/Meridians/MeridiansMainScene.js:5;src_jsc/Scene/Meridians/PracticeMeridiansMainScene.js:5;src_jsc/Scene/MiracleWeapons/MiracleWeaponScene.js:5;src_jsc/Scene/MiracleWeapons/SelectMiracleWeaponsScene.js:5;src_jsc/Scene/NewPlayer/NewPlayerScene.js:124;src_jsc/Scene/Party/WishingScene.js:567;src_jsc/Scene/Rank/RankScene.js:5;src_jsc/Scene/Setting/ContactGMScene.js:9;src_jsc/Scene/Setting/SettingScene.js:5;src_jsc/Scene/Skill/SkillScene.js:233;src_jsc/Scene/Skill/SkillScene.js:265;src_jsc/Scene/SkillRefining/SkillRefiningScene.js:5;src_jsc/Scene/Social/SocialScene.js:5;src_jsc/Scene/Store/StoreScene.js:5;src_jsc/Scene/SubMenu/ChallengeMenuScene.js:447;src_jsc/Scene/SubMenu/GeneralMenuScene.js:537;src_jsc/Scene/SubMenu/MenuMenuScene.js:240;src_jsc/Scene/SubMenu/PartyMenuScene.js:571;src_jsc/Scene/TeamBuild/TeamBuildScene.js:1619;src_jsc/Scene/TeamBuild/TeamBuildScene_V2.js:1194;src_jsc/Scene/Training/GeneralTraningScene.js:964;src_jsc/Scene/UnionWar/UnionWarBattleScene.js:241;src_jsc/Scene/UnionWar/UnionWarChangeFormationScene.js:311;src_jsc/Scene/UnionWar/UnionWarFightScene.js:314;src_jsc/Scene/Vip/VipScene.js:148;src_jsc/Scene/Worship/WorshipScene.js:351,unknown,unknown,unknown,unknown,unknown,unknown,candidate observed statically; scene reachability unverified,stock Cocos/JSB binding or project JS; exact binding not resolved,UNRESOLVED,Recovered/native_api_inventory.json member_uses; reconstructed JS is approximate,not yet selected,not run
js_member_candidate,cc.ScrollView.create,cc,unknown; resolve against recorded oracle symbol dump,src_jsc/Views/DecisiveBattle/DecisiveBattlePreviewView.js:44;src_jsc/Views/Dialog/ErrorDialog.js:54;src_jsc/Views/Dialog/InstructionDialog.js:59;src_jsc/Views/Dialog/UnionEncounterMapDialog.js:56;src_jsc/Views/ScrollView.js:19,unknown,unknown,unknown,unknown,unknown,unknown,candidate observed statically; scene reachability unverified,stock Cocos/JSB binding or project JS; exact binding not resolved,UNRESOLVED,Recovered/native_api_inventory.json member_uses; reconstructed JS is approximate,not yet selected,not run
js_member_candidate,cc.ScrollView.extend,cc,unknown; resolve against recorded oracle symbol dump,src_jsc/Core/Cocos2d-x/jsb_cocos2d_extension.js:121,unknown,unknown,unknown,unknown,unknown,unknown,candidate observed statically; scene reachability unverified,stock Cocos/JSB binding or project JS; exact binding not resolved,UNRESOLVED,Recovered/native_api_inventory.json member_uses; reconstructed JS is approximate,not yet selected,not run
js_member_candidate,cc.Sequence,cc,unknown; resolve against recorded oracle symbol dump,src_jsc/Factorys/Skill/Skill.js:347;src_jsc/Utils/Action.js:58;src_jsc/Utils/Action.js:82;src_jsc/Views/Card/Fight.js:333;src_jsc/Views/MultiPagesMenuView.js:353,unknown,unknown,unknown,unknown,unknown,unknown,candidate observed statically; scene reachability unverified,stock Cocos/JSB binding or project JS; exact binding not resolved,UNRESOLVED,Recovered/native_api_inventory.json member_uses; reconstructed JS is approximate,not yet selected,not run
js_member_candidate,cc.Sequence.create,cc,unknown; resolve against recorded oracle symbol dump,src_jsc/Models/TreasureBox.js:92;src_jsc/Scene/Awake/AwakeBoxView.js:726;src_jsc/Scene/Combat/CombatCardView.js:273;src_jsc/Scene/Combat/CombatCardView.js:275;src_jsc/Scene/Combat/CombatUpgradeScene.js:428;src_jsc/Scene/Develop/AlchemyView.js:113;src_jsc/Scene/FightChapter/DungeonView.js:203;src_jsc/Scene/FightChapter/DungeonView.js:207;src_jsc/Scene/GeneralSelect/GeneralSelectScene.js:207;src_jsc/Scene/Ladder/LadderCardShow.js:438;src_jsc/Update/UpdateScene.js:133;src_jsc/Views/Dialog/CheckOrderDialog.js:183;src_jsc/Views/Dialog/SkillUpDialog.js:502;src_jsc/Views/Dialog/SpecificDialog.js:992;src_jsc/Views/GeneralCardShow.js:234;src_jsc/Views/GeneralSwapView.js:198;src_jsc/Views/GeneralSwapView.js:248;src_jsc/Views/Goddess/ThreeIconShowView.js:194;src_jsc/Views/Goddess/ThreeIconShowView.js:246;src_jsc/Views/HungerLayer.js:224;src_jsc/Views/Meridians/MeridiansMainView.js:258;src_jsc/Views/Meridians/PracticeMeridiansMainView.js:184;src_jsc/Views/MultiPagesMenuView.js:312;src_jsc/Views/MultiPagesMenuView.js:88;src_jsc/Views/SkillRefining/SkillRefiningLayer.js:250;src_jsc/Views/SkillRefining/SkillRefiningLayer.js:253;src_jsc/Views/SkillRefining/SkillRefiningLayer.js:255;src_jsc/Views/SkillRefining/SkillRefiningLayer.js:259;src_jsc/Views/SkillRefining/SkillRefiningLayer.js:263;src_jsc/Views/SkillRefining/SkillRefiningLayer.js:265;src_jsc/Views/SkillRefining/SkillRefiningLayer.js:284;src_jsc/Views/TeamIconButton.js:349;src_jsc/Views/TeamIconButton_Buddy.js:85;src_jsc/Views/UpgradeCard/BaseUpgradeCard.js:182;src_jsc/Views/UpgradeCard/BaseUpgradeCard.js:306,unknown,unknown,unknown,unknown,unknown,unknown,candidate observed statically; scene reachability unverified,stock Cocos/JSB binding or project JS; exact binding not resolved,UNRESOLVED,Recovered/native_api_inventory.json member_uses; reconstructed JS is approximate,not yet selected,not run
js_member_candidate,cc.Sequence.create.apply,cc,unknown; resolve against recorded oracle symbol dump,src_jsc/Views/Card/Fight.js:333;src_jsc/Views/MultiPagesMenuView.js:353,unknown,unknown,unknown,unknown,unknown,unknown,candidate observed statically; scene reachability unverified,stock Cocos/JSB binding or project JS; exact binding not resolved,UNRESOLVED,Recovered/native_api_inventory.json member_uses; reconstructed JS is approximate,not yet selected,not run
js_member_candidate,cc.Show.create,cc,unknown; resolve against recorded oracle symbol dump,src_jsc/Scene/Fight/FightScene.js:1007;src_jsc/Scene/Fight/FightScene.js:1011;src_jsc/Scene/Fight/FightScene.js:1398;src_jsc/Scene/Fight/FightScene.js:1456;src_jsc/Scene/Fight/FightScene.js:2119;src_jsc/Scene/Fight/FightScene.js:2144;src_jsc/Utils/Node.js:672;src_jsc/Views/Card/Fight.js:186;src_jsc/Views/Dialog/Story.js:135;src_jsc/Views/Dialog/Story.js:240;src_jsc/Views/Mgr.js:782;src_jsc/Views/Mgr.js:789;src_jsc/Views/SkillRefining/SkillRefiningLayer.js:250;src_jsc/Views/SkillRefining/SkillRefiningLayer.js:253;src_jsc/Views/SkillRefining/SkillRefiningLayer.js:255;src_jsc/Views/SkillRefining/SkillRefiningLayer.js:259;src_jsc/Views/SkillRefining/SkillRefiningLayer.js:263;src_jsc/Views/SkillRefining/SkillRefiningLayer.js:265,unknown,unknown,unknown,unknown,unknown,unknown,candidate observed statically; scene reachability unverified,stock Cocos/JSB binding or project JS; exact binding not resolved,UNRESOLVED,Recovered/native_api_inventory.json member_uses; reconstructed JS is approximate,not yet selected,not run
js_member_candidate,cc.SizeZero,cc,unknown; resolve against recorded oracle symbol dump,src_jsc/Core/Cocos2d-x/jsb_cocos2d.js:419,unknown,unknown,unknown,unknown,unknown,unknown,candidate observed statically; scene reachability unverified,stock Cocos/JSB binding or project JS; exact binding not resolved,UNRESOLVED,Recovered/native_api_inventory.json member_uses; reconstructed JS is approximate,not yet selected,not run
js_member_candidate,cc.SkewTo.create,cc,unknown; resolve against recorded oracle symbol dump,src_jsc/Views/GeneralCardShow.js:193,unknown,unknown,unknown,unknown,unknown,unknown,candidate observed statically; scene reachability unverified,stock Cocos/JSB binding or project JS; exact binding not resolved,UNRESOLVED,Recovered/native_api_inventory.json member_uses; reconstructed JS is approximate,not yet selected,not run
js_member_candidate,cc.Spawn,cc,unknown; resolve against recorded oracle symbol dump,src_jsc/Factorys/Skill/Skill.js:347;src_jsc/Utils/Action.js:62;src_jsc/Views/Card/Fight.js:319,unknown,unknown,unknown,unknown,unknown,unknown,candidate observed statically; scene reachability unverified,stock Cocos/JSB binding or project JS; exact binding not resolved,UNRESOLVED,Recovered/native_api_inventory.json member_uses; reconstructed JS is approximate,not yet selected,not run
js_member_candidate,cc.Spawn.create,cc,unknown; resolve against recorded oracle symbol dump,src_jsc/Scene/Ladder/LadderCardShow.js:430;src_jsc/Views/GeneralCardShow.js:207;src_jsc/Views/GeneralPlayView.js:437;src_jsc/Views/GeneralPlayView.js:468;src_jsc/Views/GeneralSwapView.js:163;src_jsc/Views/GeneralSwapView.js:173;src_jsc/Views/GeneralSwapView.js:213;src_jsc/Views/GeneralSwapView.js:223;src_jsc/Views/Goddess/ThreeIconShowView.js:157;src_jsc/Views/Goddess/ThreeIconShowView.js:167;src_jsc/Views/Goddess/ThreeIconShowView.js:209;src_jsc/Views/Goddess/ThreeIconShowView.js:219;src_jsc/Views/SkillRefining/SkillRefiningLayer.js:284;src_jsc/Views/UpgradeCard/BaseUpgradeCard.js:256,unknown,unknown,unknown,unknown,unknown,unknown,candidate observed statically; scene reachability unverified,stock Cocos/JSB binding or project JS; exact binding not resolved,UNRESOLVED,Recovered/native_api_inventory.json member_uses; reconstructed JS is approximate,not yet selected,not run
js_member_candidate,cc.Spawn.create.apply,cc,unknown; resolve against recorded oracle symbol dump,src_jsc/Views/Card/Fight.js:319,unknown,unknown,unknown,unknown,unknown,unknown,candidate observed statically; scene reachability unverified,stock Cocos/JSB binding or project JS; exact binding not resolved,UNRESOLVED,Recovered/native_api_inventory.json member_uses; reconstructed JS is approximate,not yet selected,not run
js_member_candidate,cc.Sprite,cc,unknown; resolve against recorded oracle symbol dump,src_jsc/Views/Card/Equ.js:23,unknown,unknown,unknown,unknown,unknown,unknown,candidate observed statically; scene reachability unverified,stock Cocos/JSB binding or project JS; exact binding not resolved,UNRESOLVED,Recovered/native_api_inventory.json member_uses; reconstructed JS is approximate,not yet selected,not run
js_member_candidate,cc.Sprite.create,cc,unknown; resolve against recorded oracle symbol dump,src_jsc/Core/Factorys/headers.js:21;src_jsc/Core/Factorys/headers.js:24;src_jsc/Factorys/Animate.js:36;src_jsc/Factorys/Sprite.js:47;src_jsc/Factorys/Sprite.js:50;src_jsc/Views/SkillSpecView.js:18,unknown,unknown,unknown,unknown,unknown,unknown,candidate observed statically; scene reachability unverified,stock Cocos/JSB binding or project JS; exact binding not resolved,UNRESOLVED,Recovered/native_api_inventory.json member_uses; reconstructed JS is approximate,not yet selected,not run
js_member_candidate,cc.Sprite.createWithSpriteFrameName,cc,unknown; resolve against recorded oracle symbol dump,src_jsc/Core/Factorys/headers.js:44;src_jsc/Factorys/Sprite.js:254;src_jsc/Models/Combat.js:80;src_jsc/Models/Combat.js:84;src_jsc/Models/Combat.js:88;src_jsc/Models/Combat.js:92;src_jsc/Models/GeneralTraining.js:96;src_jsc/Tools/UI.js:246;src_jsc/Tools/UI.js:258;src_jsc/Tools/UI.js:335;src_jsc/Tools/UI.js:350;src_jsc/Views/TableViewCellButton.js:305;src_jsc/Views/TableViewCellButton.js:312;src_jsc/Views/TableViewCellButton.js:319,unknown,unknown,unknown,unknown,unknown,unknown,candidate observed statically; scene reachability unverified,stock Cocos/JSB binding or project JS; exact binding not resolved,UNRESOLVED,Recovered/native_api_inventory.json member_uses; reconstructed JS is approximate,not yet selected,not run
js_member_candidate,cc.Sprite.createWithTexture,cc,unknown; resolve against recorded oracle symbol dump,src_jsc/Utils/Node.js:105;src_jsc/Utils/Node.js:149,unknown,unknown,unknown,unknown,unknown,unknown,candidate observed statically; scene reachability unverified,stock Cocos/JSB binding or project JS; exact binding not resolved,UNRESOLVED,Recovered/native_api_inventory.json member_uses; reconstructed JS is approximate,not yet selected,not run
js_member_candidate,cc.Sprite.extend,cc,unknown; resolve against recorded oracle symbol dump,src_jsc/Core/Cocos2d-x/jsb_cocos2d.js:862,unknown,unknown,unknown,unknown,unknown,unknown,candidate observed statically; scene reachability unverified,stock Cocos/JSB binding or project JS; exact binding not resolved,UNRESOLVED,Recovered/native_api_inventory.json member_uses; reconstructed JS is approximate,not yet selected,not run
js_member_candidate,cc.SpriteBatchNode.create,cc,unknown; resolve against recorded oracle symbol dump,src_jsc/Factorys/Sprite.js:39,unknown,unknown,unknown,unknown,unknown,unknown,candidate observed statically; scene reachability unverified,stock Cocos/JSB binding or project JS; exact binding not resolved,UNRESOLVED,Recovered/native_api_inventory.json member_uses; reconstructed JS is approximate,not yet selected,not run
js_member_candidate,cc.SpriteFrameCache.getInstance,cc,unknown; resolve against recorded oracle symbol dump,src_jsc/Core/Factorys/headers.js:13;src_jsc/Core/Factorys/headers.js:9;src_jsc/Factorys/Armature.js:81;src_jsc/Factorys/Sprite.js:108;src_jsc/Factorys/Sprite.js:197;src_jsc/Factorys/Sprite.js:210;src_jsc/MemoryWarning.js:8;src_jsc/Scene/TeamBuild/TeamBuildScene.js:382;src_jsc/Scene/TeamBuild/TeamBuildScene_V2.js:270;src_jsc/Tools/Sys.js:116;src_jsc/Tools/Sys.js:129,unknown,unknown,unknown,unknown,unknown,unknown,candidate observed statically; scene reachability unverified,stock Cocos/JSB binding or project JS; exact binding not resolved,UNRESOLVED,Recovered/native_api_inventory.json member_uses; reconstructed JS is approximate,not yet selected,not run
js_member_candidate,cc.TABLEVIEW_FILL_BOTTOMUP,cc,unknown; resolve against recorded oracle symbol dump,src_jsc/Core/Cocos2d-x/jsb_cocos2d_extension.js:19,unknown,unknown,unknown,unknown,unknown,unknown,candidate observed statically; scene reachability unverified,stock Cocos/JSB binding or project JS; exact binding not resolved,UNRESOLVED,Recovered/native_api_inventory.json member_uses; reconstructed JS is approximate,not yet selected,not run
js_member_candidate,cc.TABLEVIEW_FILL_TOPDOWN,cc,unknown; resolve against recorded oracle symbol dump,src_jsc/Core/Cocos2d-x/jsb_cocos2d_extension.js:17;src_jsc/Scene/Bag/BagScene.js:60;src_jsc/Scene/Beauty/BeautyScene.js:157;src_jsc/Scene/Copy/CopyScene.js:111;src_jsc/Scene/Copy/DuanWuCopyScene.js:111;src_jsc/Scene/Copy/LabourlCopyScene.js:111;src_jsc/Scene/Copy/MemorialCopyScene.js:111;src_jsc/Scene/Copy/PlantCopyScene.js:109;src_jsc/Scene/Copy/PublicCopyScene.js:111;src_jsc/Scene/Debug/DebugScene.js:189;src_jsc/Scene/Ladder/LadderGiftView.js:44;src_jsc/Scene/Ladder/LadderGiftView_Honor.js:42;src_jsc/Scene/Ladder/LadderTenFightResultDialog.js:44;src_jsc/Scene/Party/RechargeRankDialog.js:373;src_jsc/Scene/Setting/ContactGMScene.js:135;src_jsc/Scene/Setting/SettingScene.js:83;src_jsc/Scene/TeamBuild/TeamBuildScene.js:337;src_jsc/Scene/TeamBuild/TeamBuildScene_V2.js:253;src_jsc/Scene/Training/GeneralTraningScene.js:480;src_jsc/Scene/Vip/VipScene.js:54;src_jsc/Views/ChatContentLayer.js:91;src_jsc/Views/ClimbLadderArtifactStorey.js:53;src_jsc/Views/DecisiveBattle/OneRoundPlayerListDialog.js:280;src_jsc/Views/DecisiveBattle/OutPlayersDialog.js:61;src_jsc/Views/DecisiveBattle/SupportPointsExchangeView.js:51;src_jsc/Views/DecisiveBattle/SupportRankingDialog.js:54;src_jsc/Views/DecisiveBattle/SupportRecordView.js:70;src_jsc/Views/Dialog/AdventureDropDialog.js:97;src_jsc/Views/Dialog/AnnouncementDialog.js:256;src_jsc/Views/Dialog/AnnouncementDialog.js:296;src_jsc/Views/Dialog/AwakeChangeYuanFenDialog.js:84;src_jsc/Views/Dialog/AwakeInfoDialog.js:67;src_jsc/Views/Dialog/BeautyShopDialog.js:299;src_jsc/Views/Dialog/BecomeStrongerDialog.js:176;src_jsc/Views/Dialog/DecisiveSupportDialog.js:327;src_jsc/Views/Dialog/DuanWuDialog.js:305;src_jsc/Views/Dialog/GeneralTrainingResultDialog.js:312;src_jsc/Views/Dialog/JiFenDuiHuanDialog.js:301;src_jsc/Views/Dialog/LabourlDialog.js:301;src_jsc/Views/Dialog/MemorialDialog.js:301;src_jsc/Views/Dialog/MysteryStoreDialog.js:357;src_jsc/Views/Dialog/PlantTreeDlg.js:273;src_jsc/Views/Dialog/PublicCopyDialog.js:307;src_jsc/Views/Dialog/SpiritStoneDialog.js:273;src_jsc/Views/Dialog/UnionActiveDialog.js:218;src_jsc/Views/Dialog/UnionDepotMemberDialog.js:234;src_jsc/Views/Dialog/UnionWarBattleResultDialog.js:197;src_jsc/Views/Gems/AllGemsListDialog.js:74;src_jsc/Views/Gems/GemsBagView.js:218;src_jsc/Views/Gems/GemsSophisticationReplaceDialog.js:258;src_jsc/Views/HulaoBattle/LightenLuckDialog.js:80;src_jsc/Views/InterService/PointsExchangeView.js:47;src_jsc/Views/InterService/PointsRankDialog.js:197;src_jsc/Views/InterService/PopularityRewardView.js:243;src_jsc/Views/ItemShowList.js:224;src_jsc/Views/ListTableView.js:149;src_jsc/Views/MTipsListView.js:35;src_jsc/Views/MainMenuView.js:175;src_jsc/Views/MiracleWeapons/MiracleWeaponInforDialog.js:123;src_jsc/Views/MiracleWeapons/SelectMiracleWeaponLayer.js:124;src_jsc/Views/QueueTeamView.js:160;src_jsc/Views/ReplaceCardList.js:69;src_jsc/Views/ServerSelectView.js:39;src_jsc/Views/ServerSelectView.js:49;src_jsc/Views/ShowTeamView.js:141;src_jsc/Views/StoreItemView.js:40;src_jsc/Views/Table/AgaHeadTableView.js:21;src_jsc/Views/Table/AvoidWarTableView.js:15;src_jsc/Views/Table/BaseTableView.js:34;src_jsc/Views/Table/ChaosTableView.js:17;src_jsc/Views/Table/ChargeItemTableView.js:15;src_jsc/Views/Table/ClimbLadderTableView.js:15;src_jsc/Views/Table/InterServiceRewardPreviewTableView.js:100;src_jsc/Views/Table/InterServiceRewardTableView.js:174;src_jsc/Views/Table/LadderChartTableView.js:15;src_jsc/Views/Table/MailTableView.js:15;src_jsc/Views/Table/MenuTableView.js:129;src_jsc/Views/Table/RankTableView.js:15;src_jsc/Views/Table/SkillPieceTableView.js:19;src_jsc/Views/Table/SocialTableView.js:15;src_jsc/Views/Table/TaskTableView.js:21;src_jsc/Views/Table/UnionLogTableView.js:124;src_jsc/Views/Union/UnionDepotLayer.js:227;src_jsc/Views/Union/UnionMemberLayer.js:351;src_jsc/Views/Union/UnionMembershipLayer.js:229;src_jsc/Views/Union/UnionRankingLayer.js:280;src_jsc/Views/Union/UnionShopLayer.js:258;src_jsc/Views/WorshipWinePopNode.js:265,unknown,unknown,unknown,unknown,unknown,unknown,candidate observed statically; scene reachability unverified,stock Cocos/JSB binding or project JS; exact binding not resolved,UNRESOLVED,Recovered/native_api_inventory.json member_uses; reconstructed JS is approximate,not yet selected,not run
js_member_candidate,cc.TARGET_PLATFORM,cc,unknown; resolve against recorded oracle symbol dump,src_jsc/Core/Cocos2d-x/jsb_cocos2d.js:33,unknown,unknown,unknown,unknown,unknown,unknown,candidate observed statically; scene reachability unverified,stock Cocos/JSB binding or project JS; exact binding not resolved,UNRESOLVED,Recovered/native_api_inventory.json member_uses; reconstructed JS is approximate,not yet selected,not run
js_member_candidate,cc.TEXTURE2_D_PIXEL_FORMAT_A8,cc,unknown; resolve against recorded oracle symbol dump,src_jsc/Core/Cocos2d-x/jsb_cocos2d_constants.js:185,unknown,unknown,unknown,unknown,unknown,unknown,candidate observed statically; scene reachability unverified,stock Cocos/JSB binding or project JS; exact binding not resolved,UNRESOLVED,Recovered/native_api_inventory.json member_uses; reconstructed JS is approximate,not yet selected,not run
js_member_candidate,cc.TEXTURE2_D_PIXEL_FORMAT_A_I88,cc,unknown; resolve against recorded oracle symbol dump,src_jsc/Core/Cocos2d-x/jsb_cocos2d_constants.js:187,unknown,unknown,unknown,unknown,unknown,unknown,candidate observed statically; scene reachability unverified,stock Cocos/JSB binding or project JS; exact binding not resolved,UNRESOLVED,Recovered/native_api_inventory.json member_uses; reconstructed JS is approximate,not yet selected,not run
js_member_candidate,cc.TEXTURE2_D_PIXEL_FORMAT_DEFAULT,cc,unknown; resolve against recorded oracle symbol dump,src_jsc/Core/Cocos2d-x/jsb_cocos2d_constants.js:189,unknown,unknown,unknown,unknown,unknown,unknown,candidate observed statically; scene reachability unverified,stock Cocos/JSB binding or project JS; exact binding not resolved,UNRESOLVED,Recovered/native_api_inventory.json member_uses; reconstructed JS is approximate,not yet selected,not run
js_member_candidate,cc.TEXTURE2_D_PIXEL_FORMAT_I8,cc,unknown; resolve against recorded oracle symbol dump,src_jsc/Core/Cocos2d-x/jsb_cocos2d_constants.js:191,unknown,unknown,unknown,unknown,unknown,unknown,candidate observed statically; scene reachability unverified,stock Cocos/JSB binding or project JS; exact binding not resolved,UNRESOLVED,Recovered/native_api_inventory.json member_uses; reconstructed JS is approximate,not yet selected,not run
js_member_candidate,cc.TEXTURE2_D_PIXEL_FORMAT_PVRTC2,cc,unknown; resolve against recorded oracle symbol dump,src_jsc/Core/Cocos2d-x/jsb_cocos2d_constants.js:193,unknown,unknown,unknown,unknown,unknown,unknown,candidate observed statically; scene reachability unverified,stock Cocos/JSB binding or project JS; exact binding not resolved,UNRESOLVED,Recovered/native_api_inventory.json member_uses; reconstructed JS is approximate,not yet selected,not run
js_member_candidate,cc.TEXTURE2_D_PIXEL_FORMAT_PVRTC4,cc,unknown; resolve against recorded oracle symbol dump,src_jsc/Core/Cocos2d-x/jsb_cocos2d_constants.js:195,unknown,unknown,unknown,unknown,unknown,unknown,candidate observed statically; scene reachability unverified,stock Cocos/JSB binding or project JS; exact binding not resolved,UNRESOLVED,Recovered/native_api_inventory.json member_uses; reconstructed JS is approximate,not yet selected,not run
js_member_candidate,cc.TEXTURE2_D_PIXEL_FORMAT_RGB5_A1,cc,unknown; resolve against recorded oracle symbol dump,src_jsc/Core/Cocos2d-x/jsb_cocos2d_constants.js:199,unknown,unknown,unknown,unknown,unknown,unknown,candidate observed statically; scene reachability unverified,stock Cocos/JSB binding or project JS; exact binding not resolved,UNRESOLVED,Recovered/native_api_inventory.json member_uses; reconstructed JS is approximate,not yet selected,not run
js_member_candidate,cc.TEXTURE2_D_PIXEL_FORMAT_RGB_A4444,cc,unknown; resolve against recorded oracle symbol dump,src_jsc/Core/Cocos2d-x/jsb_cocos2d_constants.js:203,unknown,unknown,unknown,unknown,unknown,unknown,candidate observed statically; scene reachability unverified,stock Cocos/JSB binding or project JS; exact binding not resolved,UNRESOLVED,Recovered/native_api_inventory.json member_uses; reconstructed JS is approximate,not yet selected,not run
js_member_candidate,cc.TEXTURE2_D_PIXEL_FORMAT_RGB_A8888,cc,unknown; resolve against recorded oracle symbol dump,src_jsc/Core/Cocos2d-x/jsb_cocos2d_constants.js:205,unknown,unknown,unknown,unknown,unknown,unknown,candidate observed statically; scene reachability unverified,stock Cocos/JSB binding or project JS; exact binding not resolved,UNRESOLVED,Recovered/native_api_inventory.json member_uses; reconstructed JS is approximate,not yet selected,not run
js_member_candidate,cc.TEXTURE2_D_PIXEL_FORMAT_RG_B565,cc,unknown; resolve against recorded oracle symbol dump,src_jsc/Core/Cocos2d-x/jsb_cocos2d_constants.js:197,unknown,unknown,unknown,unknown,unknown,unknown,candidate observed statically; scene reachability unverified,stock Cocos/JSB binding or project JS; exact binding not resolved,UNRESOLVED,Recovered/native_api_inventory.json member_uses; reconstructed JS is approximate,not yet selected,not run
js_member_candidate,cc.TEXTURE2_D_PIXEL_FORMAT_RG_B888,cc,unknown; resolve against recorded oracle symbol dump,src_jsc/Core/Cocos2d-x/jsb_cocos2d_constants.js:201,unknown,unknown,unknown,unknown,unknown,unknown,candidate observed statically; scene reachability unverified,stock Cocos/JSB binding or project JS; exact binding not resolved,UNRESOLVED,Recovered/native_api_inventory.json member_uses; reconstructed JS is approximate,not yet selected,not run
js_member_candidate,cc.TEXTURE_ATLAS_USE_TRIANGLE_STRIP,cc,unknown; resolve against recorded oracle symbol dump,src_jsc/Core/Cocos2d-x/jsb_cocos2d_constants.js:67,unknown,unknown,unknown,unknown,unknown,unknown,candidate observed statically; scene reachability unverified,stock Cocos/JSB binding or project JS; exact binding not resolved,UNRESOLVED,Recovered/native_api_inventory.json member_uses; reconstructed JS is approximate,not yet selected,not run
js_member_candidate,cc.TEXTURE_ATLAS_USE_VAO,cc,unknown; resolve against recorded oracle symbol dump,src_jsc/Core/Cocos2d-x/jsb_cocos2d_constants.js:69,unknown,unknown,unknown,unknown,unknown,unknown,candidate observed statically; scene reachability unverified,stock Cocos/JSB binding or project JS; exact binding not resolved,UNRESOLVED,Recovered/native_api_inventory.json member_uses; reconstructed JS is approximate,not yet selected,not run
js_member_candidate,cc.TEXTURE_PIXELFORMAT_A8,cc,unknown; resolve against recorded oracle symbol dump,src_jsc/Core/Cocos2d-x/jsb_cocos2d.js:81,unknown,unknown,unknown,unknown,unknown,unknown,candidate observed statically; scene reachability unverified,stock Cocos/JSB binding or project JS; exact binding not resolved,UNRESOLVED,Recovered/native_api_inventory.json member_uses; reconstructed JS is approximate,not yet selected,not run
js_member_candidate,cc.TEXTURE_PIXELFORMAT_AI88,cc,unknown; resolve against recorded oracle symbol dump,src_jsc/Core/Cocos2d-x/jsb_cocos2d.js:85,unknown,unknown,unknown,unknown,unknown,unknown,candidate observed statically; scene reachability unverified,stock Cocos/JSB binding or project JS; exact binding not resolved,UNRESOLVED,Recovered/native_api_inventory.json member_uses; reconstructed JS is approximate,not yet selected,not run
js_member_candidate,cc.TEXTURE_PIXELFORMAT_DEFAULT,cc,unknown; resolve against recorded oracle symbol dump,src_jsc/Core/Cocos2d-x/jsb_cocos2d.js:95,unknown,unknown,unknown,unknown,unknown,unknown,candidate observed statically; scene reachability unverified,stock Cocos/JSB binding or project JS; exact binding not resolved,UNRESOLVED,Recovered/native_api_inventory.json member_uses; reconstructed JS is approximate,not yet selected,not run
js_member_candidate,cc.TEXTURE_PIXELFORMAT_I8,cc,unknown; resolve against recorded oracle symbol dump,src_jsc/Core/Cocos2d-x/jsb_cocos2d.js:83,unknown,unknown,unknown,unknown,unknown,unknown,candidate observed statically; scene reachability unverified,stock Cocos/JSB binding or project JS; exact binding not resolved,UNRESOLVED,Recovered/native_api_inventory.json member_uses; reconstructed JS is approximate,not yet selected,not run
js_member_candidate,cc.TEXTURE_PIXELFORMAT_PVRTC4,cc,unknown; resolve against recorded oracle symbol dump,src_jsc/Core/Cocos2d-x/jsb_cocos2d.js:91;src_jsc/Core/Cocos2d-x/jsb_cocos2d.js:93,unknown,unknown,unknown,unknown,unknown,unknown,candidate observed statically; scene reachability unverified,stock Cocos/JSB binding or project JS; exact binding not resolved,UNRESOLVED,Recovered/native_api_inventory.json member_uses; reconstructed JS is approximate,not yet selected,not run
js_member_candidate,cc.TEXTURE_PIXELFORMAT_RGB565,cc,unknown; resolve against recorded oracle symbol dump,src_jsc/Core/Cocos2d-x/jsb_cocos2d.js:79,unknown,unknown,unknown,unknown,unknown,unknown,candidate observed statically; scene reachability unverified,stock Cocos/JSB binding or project JS; exact binding not resolved,UNRESOLVED,Recovered/native_api_inventory.json member_uses; reconstructed JS is approximate,not yet selected,not run
js_member_candidate,cc.TEXTURE_PIXELFORMAT_RGB5A1,cc,unknown; resolve against recorded oracle symbol dump,src_jsc/Core/Cocos2d-x/jsb_cocos2d.js:89,unknown,unknown,unknown,unknown,unknown,unknown,candidate observed statically; scene reachability unverified,stock Cocos/JSB binding or project JS; exact binding not resolved,UNRESOLVED,Recovered/native_api_inventory.json member_uses; reconstructed JS is approximate,not yet selected,not run
js_member_candidate,cc.TEXTURE_PIXELFORMAT_RGB888,cc,unknown; resolve against recorded oracle symbol dump,src_jsc/Core/Cocos2d-x/jsb_cocos2d.js:77,unknown,unknown,unknown,unknown,unknown,unknown,candidate observed statically; scene reachability unverified,stock Cocos/JSB binding or project JS; exact binding not resolved,UNRESOLVED,Recovered/native_api_inventory.json member_uses; reconstructed JS is approximate,not yet selected,not run
js_member_candidate,cc.TEXTURE_PIXELFORMAT_RGBA4444,cc,unknown; resolve against recorded oracle symbol dump,src_jsc/Core/Cocos2d-x/jsb_cocos2d.js:87,unknown,unknown,unknown,unknown,unknown,unknown,candidate observed statically; scene reachability unverified,stock Cocos/JSB binding or project JS; exact binding not resolved,UNRESOLVED,Recovered/native_api_inventory.json member_uses; reconstructed JS is approximate,not yet selected,not run
js_member_candidate,cc.TEXTURE_PIXELFORMAT_RGBA8888,cc,unknown; resolve against recorded oracle symbol dump,src_jsc/Core/Cocos2d-x/jsb_cocos2d.js:75;src_jsc/Core/Cocos2d-x/jsb_cocos2d.js:95,unknown,unknown,unknown,unknown,unknown,unknown,candidate observed statically; scene reachability unverified,stock Cocos/JSB binding or project JS; exact binding not resolved,UNRESOLVED,Recovered/native_api_inventory.json member_uses; reconstructed JS is approximate,not yet selected,not run
js_member_candidate,cc.TEXT_ALIGNMENT_CENTER,cc,unknown; resolve against recorded oracle symbol dump,src_jsc/Cfg/Label.js:30;src_jsc/Cfg/Label.js:48;src_jsc/Cfg/Label.js:54;src_jsc/Cfg/Label.js:60;src_jsc/Cfg/Label.js:66;src_jsc/Cfg/Label.js:72;src_jsc/Cfg/Label.js:78;src_jsc/Cfg/Label.js:83;src_jsc/Cfg/Label.js:84;src_jsc/Core/Cocos2d-x/jsb_cocos2d.js:99;src_jsc/Core/Cocos2d-x/jsb_cocos2d_constants.js:179;src_jsc/Core/alias.js:7;src_jsc/Factorys/BaseLabel.js:112;src_jsc/Libs/Constant.js:7;src_jsc/Views/Dialog/MessagePopView.js:62;src_jsc/Views/Dialog/MessagePopView.js:72,unknown,unknown,unknown,unknown,unknown,unknown,candidate observed statically; scene reachability unverified,stock Cocos/JSB binding or project JS; exact binding not resolved,UNRESOLVED,Recovered/native_api_inventory.json member_uses; reconstructed JS is approximate,not yet selected,not run
js_member_candidate,cc.TEXT_ALIGNMENT_LEFT,cc,unknown; resolve against recorded oracle symbol dump,src_jsc/Cfg/Label.js:36;src_jsc/Core/Cocos2d-x/jsb_cocos2d.js:97;src_jsc/Core/Cocos2d-x/jsb_cocos2d_constants.js:181;src_jsc/Core/alias.js:5;src_jsc/Libs/Constant.js:5;src_jsc/Models/Chat.js:100;src_jsc/Views/Dialog/AnnouncementDialog.js:140;src_jsc/Views/Dialog/AnnouncementDialog.js:362;src_jsc/Views/Dialog/InstructionDialog.js:39;src_jsc/Views/Dialog/SendMessageDialog.js:62;src_jsc/Views/Dialog/SendMessageDialog.js:74;src_jsc/Views/FeedBack.js:34;src_jsc/Views/Table/UnionLogTableView.js:37;src_jsc/Views/Union/UnionInfoLayer.js:101,unknown,unknown,unknown,unknown,unknown,unknown,candidate observed statically; scene reachability unverified,stock Cocos/JSB binding or project JS; exact binding not resolved,UNRESOLVED,Recovered/native_api_inventory.json member_uses; reconstructed JS is approximate,not yet selected,not run
js_member_candidate,cc.TEXT_ALIGNMENT_RIGHT,cc,unknown; resolve against recorded oracle symbol dump,src_jsc/Cfg/Label.js:42;src_jsc/Core/Cocos2d-x/jsb_cocos2d.js:101;src_jsc/Core/Cocos2d-x/jsb_cocos2d_constants.js:183;src_jsc/Core/alias.js:9;src_jsc/Libs/Constant.js:9,unknown,unknown,unknown,unknown,unknown,unknown,candidate observed statically; scene reachability unverified,stock Cocos/JSB binding or project JS; exact binding not resolved,UNRESOLVED,Recovered/native_api_inventory.json member_uses; reconstructed JS is approximate,not yet selected,not run
js_member_candidate,cc.TMXTiledMap.getPropertiesForGID,cc,unknown; resolve against recorded oracle symbol dump,src_jsc/Core/Cocos2d-x/jsb_deprecated.js:109,unknown,unknown,unknown,unknown,unknown,unknown,candidate observed statically; scene reachability unverified,stock Cocos/JSB binding or project JS; exact binding not resolved,UNRESOLVED,Recovered/native_api_inventory.json member_uses; reconstructed JS is approximate,not yet selected,not run
js_member_candidate,cc.TMXTiledMap.propertiesForGID,cc,unknown; resolve against recorded oracle symbol dump,src_jsc/Core/Cocos2d-x/jsb_deprecated.js:109,unknown,unknown,unknown,unknown,unknown,unknown,candidate observed statically; scene reachability unverified,stock Cocos/JSB binding or project JS; exact binding not resolved,UNRESOLVED,Recovered/native_api_inventory.json member_uses; reconstructed JS is approximate,not yet selected,not run
js_member_candidate,cc.TMXTiledMap.prototype.getPropertiesForGID.apply,cc,unknown; resolve against recorded oracle symbol dump,src_jsc/Core/Cocos2d-x/jsb_deprecated.js:111,unknown,unknown,unknown,unknown,unknown,unknown,candidate observed statically; scene reachability unverified,stock Cocos/JSB binding or project JS; exact binding not resolved,UNRESOLVED,Recovered/native_api_inventory.json member_uses; reconstructed JS is approximate,not yet selected,not run
js_member_candidate,cc.TMXTiledMap.prototype.propertiesForGID,cc,unknown; resolve against recorded oracle symbol dump,src_jsc/Core/Cocos2d-x/jsb_deprecated.js:104,unknown,unknown,unknown,unknown,unknown,unknown,candidate observed statically; scene reachability unverified,stock Cocos/JSB binding or project JS; exact binding not resolved,UNRESOLVED,Recovered/native_api_inventory.json member_uses; reconstructed JS is approximate,not yet selected,not run
js_member_candidate,cc.TMX_ORIENTATION_HEX,cc,unknown; resolve against recorded oracle symbol dump,src_jsc/Core/Cocos2d-x/jsb_cocos2d_constants.js:11,unknown,unknown,unknown,unknown,unknown,unknown,candidate observed statically; scene reachability unverified,stock Cocos/JSB binding or project JS; exact binding not resolved,UNRESOLVED,Recovered/native_api_inventory.json member_uses; reconstructed JS is approximate,not yet selected,not run
js_member_candidate,cc.TMX_ORIENTATION_ISO,cc,unknown; resolve against recorded oracle symbol dump,src_jsc/Core/Cocos2d-x/jsb_cocos2d_constants.js:13,unknown,unknown,unknown,unknown,unknown,unknown,candidate observed statically; scene reachability unverified,stock Cocos/JSB binding or project JS; exact binding not resolved,UNRESOLVED,Recovered/native_api_inventory.json member_uses; reconstructed JS is approximate,not yet selected,not run
js_member_candidate,cc.TMX_ORIENTATION_ORTHO,cc,unknown; resolve against recorded oracle symbol dump,src_jsc/Core/Cocos2d-x/jsb_cocos2d_constants.js:15,unknown,unknown,unknown,unknown,unknown,unknown,candidate observed statically; scene reachability unverified,stock Cocos/JSB binding or project JS; exact binding not resolved,UNRESOLVED,Recovered/native_api_inventory.json member_uses; reconstructed JS is approximate,not yet selected,not run
js_member_candidate,cc.TMX_TILE_DIAGONAL_FLAG,cc,unknown; resolve against recorded oracle symbol dump,src_jsc/Core/Cocos2d-x/jsb_cocos2d.js:141;src_jsc/Core/Cocos2d-x/jsb_cocos2d_constants.js:173,unknown,unknown,unknown,unknown,unknown,unknown,candidate observed statically; scene reachability unverified,stock Cocos/JSB binding or project JS; exact binding not resolved,UNRESOLVED,Recovered/native_api_inventory.json member_uses; reconstructed JS is approximate,not yet selected,not run
js_member_candidate,cc.TMX_TILE_HORIZONTAL_FLAG,cc,unknown; resolve against recorded oracle symbol dump,src_jsc/Core/Cocos2d-x/jsb_cocos2d.js:137;src_jsc/Core/Cocos2d-x/jsb_cocos2d_constants.js:175,unknown,unknown,unknown,unknown,unknown,unknown,candidate observed statically; scene reachability unverified,stock Cocos/JSB binding or project JS; exact binding not resolved,UNRESOLVED,Recovered/native_api_inventory.json member_uses; reconstructed JS is approximate,not yet selected,not run
js_member_candidate,cc.TMX_TILE_VERTICAL_FLAG,cc,unknown; resolve against recorded oracle symbol dump,src_jsc/Core/Cocos2d-x/jsb_cocos2d.js:139;src_jsc/Core/Cocos2d-x/jsb_cocos2d_constants.js:177,unknown,unknown,unknown,unknown,unknown,unknown,candidate observed statically; scene reachability unverified,stock Cocos/JSB binding or project JS; exact binding not resolved,UNRESOLVED,Recovered/native_api_inventory.json member_uses; reconstructed JS is approximate,not yet selected,not run
js_member_candidate,cc.TOUCHES_ALL_AT_ONCE,cc,unknown; resolve against recorded oracle symbol dump,src_jsc/Core/Cocos2d-x/jsb_cocos2d_constants.js:207,unknown,unknown,unknown,unknown,unknown,unknown,candidate observed statically; scene reachability unverified,stock Cocos/JSB binding or project JS; exact binding not resolved,UNRESOLVED,Recovered/native_api_inventory.json member_uses; reconstructed JS is approximate,not yet selected,not run
js_member_candidate,cc.TOUCHES_ONE_BY_ONE,cc,unknown; resolve against recorded oracle symbol dump,src_jsc/Core/Cocos2d-x/jsb_cocos2d_constants.js:209,unknown,unknown,unknown,unknown,unknown,unknown,candidate observed statically; scene reachability unverified,stock Cocos/JSB binding or project JS; exact binding not resolved,UNRESOLVED,Recovered/native_api_inventory.json member_uses; reconstructed JS is approximate,not yet selected,not run
js_member_candidate,cc.TOUCH_ALL_AT_ONCE,cc,unknown; resolve against recorded oracle symbol dump,src_jsc/Core/Cocos2d-x/jsb_cocos2d.js:133;src_jsc/Scene/FightChapter/FightChapters.js:17,unknown,unknown,unknown,unknown,unknown,unknown,candidate observed statically; scene reachability unverified,stock Cocos/JSB binding or project JS; exact binding not resolved,UNRESOLVED,Recovered/native_api_inventory.json member_uses; reconstructed JS is approximate,not yet selected,not run
js_member_candidate,cc.TOUCH_ONE_BY_ONE,cc,unknown; resolve against recorded oracle symbol dump,src_jsc/Core/Cocos2d-x/jsb_cocos2d.js:135;src_jsc/Scene/Chaos/ChaosHomeView.js:33;src_jsc/Scene/Combat/CombatCardView.js:41;src_jsc/Scene/Ladder/LadderTenFightResultDialog.js:20;src_jsc/Scene/Ladder/LadderView.js:19;src_jsc/Scene/Party/WishingScene.js:20;src_jsc/Scene/Store/ToastView.js:18;src_jsc/Scene/TeamBuild/TeamMemberNavigation.js:424;src_jsc/Update/UpdateScene.js:253;src_jsc/Views/CardListView.js:153;src_jsc/Views/CardListView_v2.js:95;src_jsc/Views/Dialog/MulitiFightDialog.js:19;src_jsc/Views/GeneralPlayView.js:70;src_jsc/Views/GeneralSwapView.js:18;src_jsc/Views/Goddess/ThreeIconShowView.js:18;src_jsc/Views/HungerLayer.js:25;src_jsc/Views/Meridians/MeridiansMainView.js:95;src_jsc/Views/MiracleWeapons/ThreeMiracleWeaponsShowLayer.js:21;src_jsc/Views/MultiPagesMenuView.js:48;src_jsc/Views/ServerSelectView.js:224;src_jsc/Views/SortController.js:16;src_jsc/Views/TableViewCellButton.js:38;src_jsc/Views/Union/UnionDonationLayer.js:144,unknown,unknown,unknown,unknown,unknown,unknown,candidate observed statically; scene reachability unverified,stock Cocos/JSB binding or project JS; exact binding not resolved,UNRESOLVED,Recovered/native_api_inventory.json member_uses; reconstructed JS is approximate,not yet selected,not run
js_member_candidate,cc.TRANSITION_ORIENTATION_DOWN_OVER,cc,unknown; resolve against recorded oracle symbol dump,src_jsc/Core/Cocos2d-x/jsb_cocos2d.js:149;src_jsc/Core/Cocos2d-x/jsb_cocos2d_constants.js:211,unknown,unknown,unknown,unknown,unknown,unknown,candidate observed statically; scene reachability unverified,stock Cocos/JSB binding or project JS; exact binding not resolved,UNRESOLVED,Recovered/native_api_inventory.json member_uses; reconstructed JS is approximate,not yet selected,not run
js_member_candidate,cc.TRANSITION_ORIENTATION_LEFT_OVER,cc,unknown; resolve against recorded oracle symbol dump,src_jsc/Core/Cocos2d-x/jsb_cocos2d.js:143;src_jsc/Core/Cocos2d-x/jsb_cocos2d_constants.js:213,unknown,unknown,unknown,unknown,unknown,unknown,candidate observed statically; scene reachability unverified,stock Cocos/JSB binding or project JS; exact binding not resolved,UNRESOLVED,Recovered/native_api_inventory.json member_uses; reconstructed JS is approximate,not yet selected,not run
js_member_candidate,cc.TRANSITION_ORIENTATION_RIGHT_OVER,cc,unknown; resolve against recorded oracle symbol dump,src_jsc/Core/Cocos2d-x/jsb_cocos2d.js:145;src_jsc/Core/Cocos2d-x/jsb_cocos2d_constants.js:215,unknown,unknown,unknown,unknown,unknown,unknown,candidate observed statically; scene reachability unverified,stock Cocos/JSB binding or project JS; exact binding not resolved,UNRESOLVED,Recovered/native_api_inventory.json member_uses; reconstructed JS is approximate,not yet selected,not run
js_member_candidate,cc.TRANSITION_ORIENTATION_UP_OVER,cc,unknown; resolve against recorded oracle symbol dump,src_jsc/Core/Cocos2d-x/jsb_cocos2d.js:147;src_jsc/Core/Cocos2d-x/jsb_cocos2d_constants.js:217,unknown,unknown,unknown,unknown,unknown,unknown,candidate observed statically; scene reachability unverified,stock Cocos/JSB binding or project JS; exact binding not resolved,UNRESOLVED,Recovered/native_api_inventory.json member_uses; reconstructed JS is approximate,not yet selected,not run
js_member_candidate,cc.TableView,cc,unknown; resolve against recorded oracle symbol dump,src_jsc/Scene/Party/RechargeRankDialog.js:117;src_jsc/Scene/Training/GeneralTraningScene.js:118;src_jsc/Scene/Training/GeneralTraningScene.js:361;src_jsc/Views/ClimbLadderArtifactStorey.js:287;src_jsc/Views/DecisiveBattle/OneRoundPlayerListDialog.js:76;src_jsc/Views/DecisiveBattle/OutPlayersDialog.js:185;src_jsc/Views/DecisiveBattle/SupportPointsExchangeView.js:242;src_jsc/Views/DecisiveBattle/SupportRankingDialog.js:184;src_jsc/Views/Dialog/BeautyShopDialog.js:124;src_jsc/Views/Dialog/BecomeStrongerDialog.js:765;src_jsc/Views/Dialog/DecisiveSupportDialog.js:522;src_jsc/Views/Dialog/DuanWuDialog.js:124;src_jsc/Views/Dialog/JiFenDuiHuanDialog.js:122;src_jsc/Views/Dialog/LabourlDialog.js:122;src_jsc/Views/Dialog/MemorialDialog.js:122;src_jsc/Views/Dialog/MysteryStoreDialog.js:155;src_jsc/Views/Dialog/PlantTreeDlg.js:110;src_jsc/Views/Dialog/PublicCopyDialog.js:126;src_jsc/Views/Dialog/SpiritStoneDialog.js:107;src_jsc/Views/Dialog/UnionActiveDialog.js:84;src_jsc/Views/Dialog/UnionDepotMemberDialog.js:109;src_jsc/Views/Dialog/UnionWarBattleResultDialog.js:83;src_jsc/Views/Gems/AllGemsListDialog.js:206;src_jsc/Views/Gems/GemsBagView.js:95;src_jsc/Views/Gems/GemsSophisticationReplaceDialog.js:86;src_jsc/Views/HulaoBattle/LightenLuckDialog.js:301;src_jsc/Views/InterService/PointsRankDialog.js:82;src_jsc/Views/InterService/PopularityRewardView.js:75;src_jsc/Views/ItemCell.js:89;src_jsc/Views/Table/BaseTableView.js:14;src_jsc/Views/Table/Cell/BaseCcbCell.js:43;src_jsc/Views/Table/Cell/BaseCell.js:43;src_jsc/Views/Table/Cell/EquipmentTableViewCell.js:58;src_jsc/Views/Table/Cell/EquipmentTableViewStrengthenCell.js:84;src_jsc/Views/Table/Cell/SkillMeltTableCell.js:58;src_jsc/Views/TableViewCellButton.js:101;src_jsc/Views/Union/UnionDepotLayer.js:93;src_jsc/Views/Union/UnionMemberLayer.js:136;src_jsc/Views/Union/UnionMembershipLayer.js:144;src_jsc/Views/Union/UnionRankingLayer.js:116;src_jsc/Views/Union/UnionShopLayer.js:100;src_jsc/Views/VipCell.js:75;src_jsc/Views/WorshipWinePopNode.js:61,unknown,unknown,unknown,unknown,unknown,unknown,candidate observed statically; scene reachability unverified,stock Cocos/JSB binding or project JS; exact binding not resolved,UNRESOLVED,Recovered/native_api_inventory.json member_uses; reconstructed JS is approximate,not yet selected,not run
js_member_candidate,cc.TableView.create,cc,unknown; resolve against recorded oracle symbol dump,src_jsc/Scene/Bag/BagScene.js:54;src_jsc/Scene/Beauty/BeautyScene.js:151;src_jsc/Scene/Copy/CopyScene.js:105;src_jsc/Scene/Copy/DuanWuCopyScene.js:105;src_jsc/Scene/Copy/LabourlCopyScene.js:105;src_jsc/Scene/Copy/MemorialCopyScene.js:105;src_jsc/Scene/Copy/PlantCopyScene.js:103;src_jsc/Scene/Copy/PublicCopyScene.js:105;src_jsc/Scene/Debug/DebugScene.js:181;src_jsc/Scene/Ladder/LadderGiftView.js:38;src_jsc/Scene/Ladder/LadderGiftView_Honor.js:36;src_jsc/Scene/Ladder/LadderTenFightResultDialog.js:36;src_jsc/Scene/Party/RechargeRankDialog.js:365;src_jsc/Scene/Setting/ContactGMScene.js:129;src_jsc/Scene/Setting/SettingScene.js:77;src_jsc/Scene/TeamBuild/TeamBuildScene.js:333;src_jsc/Scene/TeamBuild/TeamBuildScene_V2.js:249;src_jsc/Scene/Training/GeneralTraningScene.js:476;src_jsc/Scene/Vip/VipScene.js:50;src_jsc/Views/ChatContentLayer.js:87;src_jsc/Views/ClimbLadderArtifactStorey.js:49;src_jsc/Views/DecisiveBattle/OneRoundPlayerListDialog.js:274;src_jsc/Views/DecisiveBattle/OutPlayersDialog.js:53;src_jsc/Views/DecisiveBattle/SupportPointsExchangeView.js:45;src_jsc/Views/DecisiveBattle/SupportRankingDialog.js:46;src_jsc/Views/DecisiveBattle/SupportRecordView.js:64;src_jsc/Views/Dialog/AdventureDropDialog.js:91;src_jsc/Views/Dialog/AnnouncementDialog.js:248;src_jsc/Views/Dialog/AnnouncementDialog.js:288;src_jsc/Views/Dialog/AwakeChangeYuanFenDialog.js:76;src_jsc/Views/Dialog/AwakeInfoDialog.js:59;src_jsc/Views/Dialog/BeautyShopDialog.js:291;src_jsc/Views/Dialog/BecomeStrongerDialog.js:168;src_jsc/Views/Dialog/DecisiveSupportDialog.js:321;src_jsc/Views/Dialog/DuanWuDialog.js:297;src_jsc/Views/Dialog/GeneralTrainingResultDialog.js:306;src_jsc/Views/Dialog/JiFenDuiHuanDialog.js:293;src_jsc/Views/Dialog/LabourlDialog.js:293;src_jsc/Views/Dialog/MemorialDialog.js:293;src_jsc/Views/Dialog/MysteryStoreDialog.js:349;src_jsc/Views/Dialog/PlantTreeDlg.js:265;src_jsc/Views/Dialog/PublicCopyDialog.js:299;src_jsc/Views/Dialog/SpiritStoneDialog.js:265;src_jsc/Views/Dialog/UnionActiveDialog.js:210;src_jsc/Views/Dialog/UnionDepotMemberDialog.js:226;src_jsc/Views/Dialog/UnionWarBattleResultDialog.js:189;src_jsc/Views/Gems/AllGemsListDialog.js:66;src_jsc/Views/Gems/GemsBagView.js:212;src_jsc/Views/Gems/GemsSophisticationReplaceDialog.js:250;src_jsc/Views/HulaoBattle/LightenLuckDialog.js:74;src_jsc/Views/InterService/PointsExchangeView.js:41;src_jsc/Views/InterService/PointsRankDialog.js:189;src_jsc/Views/InterService/PopularityRewardView.js:235;src_jsc/Views/ItemShowList.js:218;src_jsc/Views/ListTableView.js:147;src_jsc/Views/MTipsListView.js:31;src_jsc/Views/MainMenuView.js:171;src_jsc/Views/MiracleWeapons/MiracleWeaponInforDialog.js:115;src_jsc/Views/MiracleWeapons/SelectMiracleWeaponLayer.js:116;src_jsc/Views/QueueTeamView.js:156;src_jsc/Views/ReplaceCardList.js:63;src_jsc/Views/ServerSelectView.js:33;src_jsc/Views/ServerSelectView.js:43;src_jsc/Views/ShowTeamView.js:137;src_jsc/Views/StoreItemView.js:34;src_jsc/Views/Union/UnionDepotLayer.js:219;src_jsc/Views/Union/UnionMemberLayer.js:343;src_jsc/Views/Union/UnionMembershipLayer.js:221;src_jsc/Views/Union/UnionRankingLayer.js:272;src_jsc/Views/Union/UnionShopLayer.js:250;src_jsc/Views/WorshipWinePopNode.js:259,unknown,unknown,unknown,unknown,unknown,unknown,candidate observed statically; scene reachability unverified,stock Cocos/JSB binding or project JS; exact binding not resolved,UNRESOLVED,Recovered/native_api_inventory.json member_uses; reconstructed JS is approximate,not yet selected,not run
js_member_candidate,cc.TableView.extend,cc,unknown; resolve against recorded oracle symbol dump,src_jsc/Core/Cocos2d-x/jsb_cocos2d_extension.js:123;src_jsc/Views/Table/BaseTableView.js:5,unknown,unknown,unknown,unknown,unknown,unknown,candidate observed statically; scene reachability unverified,stock Cocos/JSB binding or project JS; exact binding not resolved,UNRESOLVED,Recovered/native_api_inventory.json member_uses; reconstructed JS is approximate,not yet selected,not run
js_member_candidate,cc.TableViewCell,cc,unknown; resolve against recorded oracle symbol dump,src_jsc/Scene/Beauty/BeautyCell.js:10;src_jsc/Scene/Copy/BossCell.js:10;src_jsc/Scene/Ladder/LadderTenFightResultDialog.js:186;src_jsc/Scene/Party/RechargeRankDialog.js:32;src_jsc/Scene/Setting/ContactGMScene.js:192;src_jsc/Scene/Setting/SettingScene.js:576;src_jsc/Scene/TeamBuild/TeamBuildScene.js:14;src_jsc/Scene/TeamBuild/TeamMemberNavigation.js:11;src_jsc/Scene/TeamBuild/TeamMemberNavigation.js:213;src_jsc/Scene/Training/GeneralTraningScene.js:14;src_jsc/Scene/Training/GeneralTraningScene.js:326;src_jsc/Views/CardNavigateView.js:93;src_jsc/Views/ClimbLadderArtifactStorey.js:200;src_jsc/Views/DecisiveBattle/OneRoundPlayerListDialog.js:23;src_jsc/Views/Dialog/AdventureDropDialog.js:170;src_jsc/Views/Dialog/AwakeChangeYuanFenDialog.js:234;src_jsc/Views/Dialog/AwakeInfoDialog.js:292;src_jsc/Views/Dialog/BeautyShopDialog.js:32;src_jsc/Views/Dialog/BecomeStrongerDialog.js:256;src_jsc/Views/Dialog/DecisiveSupportDialog.js:458;src_jsc/Views/Dialog/DuanWuDialog.js:32;src_jsc/Views/Dialog/GeneralTrainingResultDialog.js:138;src_jsc/Views/Dialog/JiFenDuiHuanDialog.js:32;src_jsc/Views/Dialog/LabourlDialog.js:32;src_jsc/Views/Dialog/MemorialDialog.js:32;src_jsc/Views/Dialog/MysteryStoreDialog.js:30;src_jsc/Views/Dialog/PlantTreeDlg.js:32;src_jsc/Views/Dialog/PublicCopyDialog.js:32;src_jsc/Views/Dialog/SpiritStoneDialog.js:32;src_jsc/Views/Dialog/UnionActiveDialog.js:21;src_jsc/Views/Dialog/UnionDepotMemberDialog.js:36;src_jsc/Views/Dialog/UnionWarBattleResultDialog.js:28;src_jsc/Views/Gems/AllGemsListDialog.js:159;src_jsc/Views/Gems/GemsBagView.js:21;src_jsc/Views/Gems/GemsSophisticationReplaceDialog.js:21;src_jsc/Views/HulaoBattle/LightenLuckDialog.js:183;src_jsc/Views/InterService/PointsRankDialog.js:23;src_jsc/Views/InterService/PopularityRewardView.js:22;src_jsc/Views/ItemCell.js:14;src_jsc/Views/ItemShowList.js:25;src_jsc/Views/MainMenuView.js:14;src_jsc/Views/MiracleWeapons/MiracleWeaponInforDialog.js:281;src_jsc/Views/MiracleWeapons/SelectMiracleWeaponLayer.js:416;src_jsc/Views/ShowTeamView.js:602;src_jsc/Views/Table/Cell/AgaHeadTableViewCell.js:14;src_jsc/Views/Table/Cell/AvoidWarTableViewCell.js:14;src_jsc/Views/Table/Cell/BaseCcbCell.js:14;src_jsc/Views/Table/Cell/BaseCell.js:14;src_jsc/Views/Table/Cell/ChaosTableViewCell.js:14;src_jsc/Views/Table/Cell/ChargeItemCell.js:14;src_jsc/Views/Table/Cell/ChatContentCell.js:14;src_jsc/Views/Table/Cell/ClimbLadderTableViewCell.js:45;src_jsc/Views/Table/Cell/LadderChartTableViewCell.js:14;src_jsc/Views/Table/Cell/MailTableViewCell.js:14;src_jsc/Views/Table/Cell/RankTableViewCell.js:34;src_jsc/Views/Table/Cell/SkillPieceTableViewCell.js:14;src_jsc/Views/Table/Cell/SocialTableViewCell.js:14;src_jsc/Views/Table/Cell/TeamQueueTeamCell.js:14;src_jsc/Views/Table/MenuTableView.js:14;src_jsc/Views/Table/UnionLogTableView.js:74;src_jsc/Views/Table/UnionWarFlowChartTableView.js:14;src_jsc/Views/Union/UnionDepotLayer.js:20;src_jsc/Views/Union/UnionMemberLayer.js:32;src_jsc/Views/Union/UnionMembershipLayer.js:22;src_jsc/Views/Union/UnionRankingLayer.js:22;src_jsc/Views/Union/UnionShopLayer.js:23;src_jsc/Views/VipCell.js:15;src_jsc/Views/WorshipWinePopNode.js:14,unknown,unknown,unknown,unknown,unknown,unknown,candidate observed statically; scene reachability unverified,stock Cocos/JSB binding or project JS; exact binding not resolved,UNRESOLVED,Recovered/native_api_inventory.json member_uses; reconstructed JS is approximate,not yet selected,not run
js_member_candidate,cc.TableViewCell.extend,cc,unknown; resolve against recorded oracle symbol dump,src_jsc/Core/Cocos2d-x/jsb_cocos2d_extension.js:125;src_jsc/Scene/Beauty/BeautyCell.js:5;src_jsc/Scene/Copy/BossCell.js:5;src_jsc/Scene/Ladder/LadderGiftView.js:273;src_jsc/Scene/Ladder/LadderGiftView_Honor.js:329;src_jsc/Scene/Ladder/LadderTenFightResultDialog.js:165;src_jsc/Scene/Party/RechargeRankDialog.js:5;src_jsc/Scene/Setting/ContactGMScene.js:183;src_jsc/Scene/Setting/SettingScene.js:566;src_jsc/Scene/TeamBuild/TeamBuildScene.js:5;src_jsc/Scene/TeamBuild/TeamMemberNavigation.js:206;src_jsc/Scene/TeamBuild/TeamMemberNavigation.js:5;src_jsc/Scene/Training/GeneralTraningScene.js:317;src_jsc/Scene/Training/GeneralTraningScene.js:5;src_jsc/Views/ClimbLadderArtifactStorey.js:191;src_jsc/Views/DecisiveBattle/OneRoundPlayerListDialog.js:5;src_jsc/Views/DecisiveBattle/OutPlayersDialog.js:132;src_jsc/Views/DecisiveBattle/SupportPointsExchangeView.js:192;src_jsc/Views/DecisiveBattle/SupportRankingDialog.js:125;src_jsc/Views/DecisiveBattle/SupportRecordView.js:169;src_jsc/Views/Dialog/AdventureDropDialog.js:158;src_jsc/Views/Dialog/AnnouncementDialog.js:112;src_jsc/Views/Dialog/AwakeChangeYuanFenDialog.js:219;src_jsc/Views/Dialog/AwakeInfoDialog.js:287;src_jsc/Views/Dialog/BeautyShopDialog.js:11;src_jsc/Views/Dialog/BecomeStrongerDialog.js:251;src_jsc/Views/Dialog/DecisiveSupportDialog.js:442;src_jsc/Views/Dialog/DuanWuDialog.js:11;src_jsc/Views/Dialog/GeneralTrainingResultDialog.js:129;src_jsc/Views/Dialog/JiFenDuiHuanDialog.js:11;src_jsc/Views/Dialog/LabourlDialog.js:11;src_jsc/Views/Dialog/MemorialDialog.js:11;src_jsc/Views/Dialog/MysteryStoreDialog.js:9;src_jsc/Views/Dialog/PlantTreeDlg.js:11;src_jsc/Views/Dialog/PublicCopyDialog.js:11;src_jsc/Views/Dialog/SpiritStoneDialog.js:11;src_jsc/Views/Dialog/UnionActiveDialog.js:5;src_jsc/Views/Dialog/UnionDepotMemberDialog.js:5;src_jsc/Views/Dialog/UnionWarBattleResultDialog.js:5;src_jsc/Views/Gems/AllGemsListDialog.js:143;src_jsc/Views/Gems/GemsBagView.js:5;src_jsc/Views/Gems/GemsSophisticationReplaceDialog.js:5;src_jsc/Views/HandbookCell.js:5;src_jsc/Views/HulaoBattle/LightenLuckDialog.js:169;src_jsc/Views/InterService/PointsExchangeView.js:202;src_jsc/Views/InterService/PointsRankDialog.js:5;src_jsc/Views/InterService/PopularityRewardView.js:5;src_jsc/Views/ItemCell.js:5;src_jsc/Views/ItemShowList.js:13;src_jsc/Views/MainMenuView.js:5;src_jsc/Views/MiracleWeapons/MiracleWeaponInforDialog.js:276;src_jsc/Views/MiracleWeapons/SelectMiracleWeaponLayer.js:411;src_jsc/Views/ServerSelectView.js:160;src_jsc/Views/ShowTeamView.js:597;src_jsc/Views/SkillRefining/RefiningSkillShowTableView.js:63;src_jsc/Views/SkillRefining/RefiningSkillTableViewCell.js:5;src_jsc/Views/Table/Cell/AgaHeadTableViewCell.js:5;src_jsc/Views/Table/Cell/BaseCcbCell.js:5;src_jsc/Views/Table/Cell/BaseCell.js:5;src_jsc/Views/Table/Cell/BaseTableViewExtraCell.js:5;src_jsc/Views/Table/Cell/ChatContentCell.js:5;src_jsc/Views/Table/Cell/ClimbLadderTableViewCell.js:5;src_jsc/Views/Table/Cell/LadderChartTableViewCell.js:5;src_jsc/Views/Table/Cell/MulitiFightCell.js:5;src_jsc/Views/Table/Cell/MultiColumnTableViewCell.js:5;src_jsc/Views/Table/Cell/RankTableViewCell.js:5;src_jsc/Views/Table/Cell/SkillTableViewCell.js:5;src_jsc/Views/Table/Cell/TeamQueueTeamCell.js:5;src_jsc/Views/Table/MenuTableView.js:5;src_jsc/Views/Table/UnionLogTableView.js:65;src_jsc/Views/Table/UnionWarFlowChartTableView.js:5;src_jsc/Views/Union/UnionDepotLayer.js:5;src_jsc/Views/Union/UnionMemberLayer.js:5;src_jsc/Views/Union/UnionMembershipLayer.js:5;src_jsc/Views/Union/UnionRankingLayer.js:5;src_jsc/Views/Union/UnionShopLayer.js:5;src_jsc/Views/VipCell.js:5;src_jsc/Views/WorshipWinePopNode.js:5,unknown,unknown,unknown,unknown,unknown,unknown,candidate observed statically; scene reachability unverified,stock Cocos/JSB binding or project JS; exact binding not resolved,UNRESOLVED,Recovered/native_api_inventory.json member_uses; reconstructed JS is approximate,not yet selected,not run
js_member_candidate,cc.TargetedAction.create,cc,unknown; resolve against recorded oracle symbol dump,src_jsc/Factorys/Skill/Item/Timeline.js:354;src_jsc/Scene/Fight/FightScene.js:1007;src_jsc/Scene/Fight/FightScene.js:1011;src_jsc/Scene/Fight/FightScene.js:1071;src_jsc/Scene/Fight/FightScene.js:1086;src_jsc/Scene/Fight/FightScene.js:1164;src_jsc/Scene/Fight/FightScene.js:1229;src_jsc/Scene/Fight/FightScene.js:1231;src_jsc/Scene/Fight/FightScene.js:1406;src_jsc/Scene/Fight/FightScene.js:1464;src_jsc/Scene/Fight/FightScene.js:1624;src_jsc/Scene/Fight/FightScene.js:1686;src_jsc/Scene/Fight/FightScene.js:1836;src_jsc/Scene/Fight/FightScene.js:2119;src_jsc/Scene/Fight/FightScene.js:2129;src_jsc/Scene/Fight/FightScene.js:2144;src_jsc/Scene/Fight/FightScene.js:2145;src_jsc/Scene/Fight/FightScene.js:2155;src_jsc/Utils/Action.js:76;src_jsc/Utils/Node.js:668;src_jsc/Utils/Node.js:672;src_jsc/Utils/Node.js:713;src_jsc/Utils/Node.js:720;src_jsc/Views/Card/Fight.js:163;src_jsc/Views/Card/Fight.js:186;src_jsc/Views/Card/Fight.js:205;src_jsc/Views/Card/Fight.js:320;src_jsc/Views/Card/Fight.js:321;src_jsc/Views/Card/Fight.js:322;src_jsc/Views/CardListView.js:395;src_jsc/Views/CardListView.js:397;src_jsc/Views/Dialog/Story.js:240;src_jsc/Views/HpProgressView.js:222;src_jsc/Views/HpProgressView.js:238;src_jsc/Views/HpProgressView.js:247;src_jsc/Views/Mgr.js:1045;src_jsc/Views/Mgr.js:1121;src_jsc/Views/Mgr.js:873,unknown,unknown,unknown,unknown,unknown,unknown,candidate observed statically; scene reachability unverified,stock Cocos/JSB binding or project JS; exact binding not resolved,UNRESOLVED,Recovered/native_api_inventory.json member_uses; reconstructed JS is approximate,not yet selected,not run
js_member_candidate,cc.TextFieldTTF.textFieldWithPlaceHolder,cc,unknown; resolve against recorded oracle symbol dump,src_jsc/Views/Dialog/SendMessageDialog.js:62;src_jsc/Views/Dialog/SendMessageDialog.js:74;src_jsc/Views/FeedBack.js:34,unknown,unknown,unknown,unknown,unknown,unknown,candidate observed statically; scene reachability unverified,stock Cocos/JSB binding or project JS; exact binding not resolved,UNRESOLVED,Recovered/native_api_inventory.json member_uses; reconstructed JS is approximate,not yet selected,not run
js_member_candidate,cc.TextureCache.getInstance,cc,unknown; resolve against recorded oracle symbol dump,src_jsc/Libs/alias.js:5;src_jsc/MemoryWarning.js:10;src_jsc/Tools/Sys.js:118;src_jsc/Tools/Sys.js:131;src_jsc/Tools/Sys.js:145;src_jsc/Tools/Sys.js:64;src_jsc/Tools/Sys.js:85;src_jsc/Tools/Sys.js:97,unknown,unknown,unknown,unknown,unknown,unknown,candidate observed statically; scene reachability unverified,stock Cocos/JSB binding or project JS; exact binding not resolved,UNRESOLVED,Recovered/native_api_inventory.json member_uses; reconstructed JS is approximate,not yet selected,not run
js_member_candidate,cc.UNIFORM_ALPHA_TEST_VALUE_S,cc,unknown; resolve against recorded oracle symbol dump,src_jsc/Core/Cocos2d-x/jsb_cocos2d_constants.js:317,unknown,unknown,unknown,unknown,unknown,unknown,candidate observed statically; scene reachability unverified,stock Cocos/JSB binding or project JS; exact binding not resolved,UNRESOLVED,Recovered/native_api_inventory.json member_uses; reconstructed JS is approximate,not yet selected,not run
js_member_candidate,cc.UNIFORM_COS_TIME,cc,unknown; resolve against recorded oracle symbol dump,src_jsc/Core/Cocos2d-x/jsb_cocos2d_constants.js:219,unknown,unknown,unknown,unknown,unknown,unknown,candidate observed statically; scene reachability unverified,stock Cocos/JSB binding or project JS; exact binding not resolved,UNRESOLVED,Recovered/native_api_inventory.json member_uses; reconstructed JS is approximate,not yet selected,not run
js_member_candidate,cc.UNIFORM_COS_TIME_S,cc,unknown; resolve against recorded oracle symbol dump,src_jsc/Core/Cocos2d-x/jsb_cocos2d_constants.js:319,unknown,unknown,unknown,unknown,unknown,unknown,candidate observed statically; scene reachability unverified,stock Cocos/JSB binding or project JS; exact binding not resolved,UNRESOLVED,Recovered/native_api_inventory.json member_uses; reconstructed JS is approximate,not yet selected,not run
js_member_candidate,cc.UNIFORM_MAX,cc,unknown; resolve against recorded oracle symbol dump,src_jsc/Core/Cocos2d-x/jsb_cocos2d_constants.js:235,unknown,unknown,unknown,unknown,unknown,unknown,candidate observed statically; scene reachability unverified,stock Cocos/JSB binding or project JS; exact binding not resolved,UNRESOLVED,Recovered/native_api_inventory.json member_uses; reconstructed JS is approximate,not yet selected,not run
js_member_candidate,cc.UNIFORM_MVP_MATRIX,cc,unknown; resolve against recorded oracle symbol dump,src_jsc/Core/Cocos2d-x/jsb_cocos2d_constants.js:223,unknown,unknown,unknown,unknown,unknown,unknown,candidate observed statically; scene reachability unverified,stock Cocos/JSB binding or project JS; exact binding not resolved,UNRESOLVED,Recovered/native_api_inventory.json member_uses; reconstructed JS is approximate,not yet selected,not run
js_member_candidate,cc.UNIFORM_MVP_MATRIX_S,cc,unknown; resolve against recorded oracle symbol dump,src_jsc/Core/Cocos2d-x/jsb_cocos2d_constants.js:323,unknown,unknown,unknown,unknown,unknown,unknown,candidate observed statically; scene reachability unverified,stock Cocos/JSB binding or project JS; exact binding not resolved,UNRESOLVED,Recovered/native_api_inventory.json member_uses; reconstructed JS is approximate,not yet selected,not run
js_member_candidate,cc.UNIFORM_MV_MATRIX,cc,unknown; resolve against recorded oracle symbol dump,src_jsc/Core/Cocos2d-x/jsb_cocos2d_constants.js:221,unknown,unknown,unknown,unknown,unknown,unknown,candidate observed statically; scene reachability unverified,stock Cocos/JSB binding or project JS; exact binding not resolved,UNRESOLVED,Recovered/native_api_inventory.json member_uses; reconstructed JS is approximate,not yet selected,not run
js_member_candidate,cc.UNIFORM_MV_MATRIX_S,cc,unknown; resolve against recorded oracle symbol dump,src_jsc/Core/Cocos2d-x/jsb_cocos2d_constants.js:321,unknown,unknown,unknown,unknown,unknown,unknown,candidate observed statically; scene reachability unverified,stock Cocos/JSB binding or project JS; exact binding not resolved,UNRESOLVED,Recovered/native_api_inventory.json member_uses; reconstructed JS is approximate,not yet selected,not run
js_member_candidate,cc.UNIFORM_P_MATRIX,cc,unknown; resolve against recorded oracle symbol dump,src_jsc/Core/Cocos2d-x/jsb_cocos2d_constants.js:225,unknown,unknown,unknown,unknown,unknown,unknown,candidate observed statically; scene reachability unverified,stock Cocos/JSB binding or project JS; exact binding not resolved,UNRESOLVED,Recovered/native_api_inventory.json member_uses; reconstructed JS is approximate,not yet selected,not run
js_member_candidate,cc.UNIFORM_P_MATRIX_S,cc,unknown; resolve against recorded oracle symbol dump,src_jsc/Core/Cocos2d-x/jsb_cocos2d_constants.js:325,unknown,unknown,unknown,unknown,unknown,unknown,candidate observed statically; scene reachability unverified,stock Cocos/JSB binding or project JS; exact binding not resolved,UNRESOLVED,Recovered/native_api_inventory.json member_uses; reconstructed JS is approximate,not yet selected,not run
js_member_candidate,cc.UNIFORM_RANDOM01,cc,unknown; resolve against recorded oracle symbol dump,src_jsc/Core/Cocos2d-x/jsb_cocos2d_constants.js:227,unknown,unknown,unknown,unknown,unknown,unknown,candidate observed statically; scene reachability unverified,stock Cocos/JSB binding or project JS; exact binding not resolved,UNRESOLVED,Recovered/native_api_inventory.json member_uses; reconstructed JS is approximate,not yet selected,not run
js_member_candidate,cc.UNIFORM_RANDOM01_S,cc,unknown; resolve against recorded oracle symbol dump,src_jsc/Core/Cocos2d-x/jsb_cocos2d_constants.js:327,unknown,unknown,unknown,unknown,unknown,unknown,candidate observed statically; scene reachability unverified,stock Cocos/JSB binding or project JS; exact binding not resolved,UNRESOLVED,Recovered/native_api_inventory.json member_uses; reconstructed JS is approximate,not yet selected,not run
js_member_candidate,cc.UNIFORM_SAMPLER,cc,unknown; resolve against recorded oracle symbol dump,src_jsc/Core/Cocos2d-x/jsb_cocos2d_constants.js:229,unknown,unknown,unknown,unknown,unknown,unknown,candidate observed statically; scene reachability unverified,stock Cocos/JSB binding or project JS; exact binding not resolved,UNRESOLVED,Recovered/native_api_inventory.json member_uses; reconstructed JS is approximate,not yet selected,not run
js_member_candidate,cc.UNIFORM_SAMPLER_S,cc,unknown; resolve against recorded oracle symbol dump,src_jsc/Core/Cocos2d-x/jsb_cocos2d_constants.js:329,unknown,unknown,unknown,unknown,unknown,unknown,candidate observed statically; scene reachability unverified,stock Cocos/JSB binding or project JS; exact binding not resolved,UNRESOLVED,Recovered/native_api_inventory.json member_uses; reconstructed JS is approximate,not yet selected,not run
js_member_candidate,cc.UNIFORM_SIN_TIME,cc,unknown; resolve against recorded oracle symbol dump,src_jsc/Core/Cocos2d-x/jsb_cocos2d_constants.js:231,unknown,unknown,unknown,unknown,unknown,unknown,candidate observed statically; scene reachability unverified,stock Cocos/JSB binding or project JS; exact binding not resolved,UNRESOLVED,Recovered/native_api_inventory.json member_uses; reconstructed JS is approximate,not yet selected,not run
js_member_candidate,cc.UNIFORM_SIN_TIME_S,cc,unknown; resolve against recorded oracle symbol dump,src_jsc/Core/Cocos2d-x/jsb_cocos2d_constants.js:331,unknown,unknown,unknown,unknown,unknown,unknown,candidate observed statically; scene reachability unverified,stock Cocos/JSB binding or project JS; exact binding not resolved,UNRESOLVED,Recovered/native_api_inventory.json member_uses; reconstructed JS is approximate,not yet selected,not run
js_member_candidate,cc.UNIFORM_TIME,cc,unknown; resolve against recorded oracle symbol dump,src_jsc/Core/Cocos2d-x/jsb_cocos2d_constants.js:233,unknown,unknown,unknown,unknown,unknown,unknown,candidate observed statically; scene reachability unverified,stock Cocos/JSB binding or project JS; exact binding not resolved,UNRESOLVED,Recovered/native_api_inventory.json member_uses; reconstructed JS is approximate,not yet selected,not run
js_member_candidate,cc.UNIFORM_TIME_S,cc,unknown; resolve against recorded oracle symbol dump,src_jsc/Core/Cocos2d-x/jsb_cocos2d_constants.js:333,unknown,unknown,unknown,unknown,unknown,unknown,candidate observed statically; scene reachability unverified,stock Cocos/JSB binding or project JS; exact binding not resolved,UNRESOLVED,Recovered/native_api_inventory.json member_uses; reconstructed JS is approximate,not yet selected,not run
js_member_candidate,cc.USE_L_A88_LABELS,cc,unknown; resolve against recorded oracle symbol dump,src_jsc/Core/Cocos2d-x/jsb_cocos2d_constants.js:71,unknown,unknown,unknown,unknown,unknown,unknown,candidate observed statically; scene reachability unverified,stock Cocos/JSB binding or project JS; exact binding not resolved,UNRESOLVED,Recovered/native_api_inventory.json member_uses; reconstructed JS is approximate,not yet selected,not run
js_member_candidate,cc.VERTEX_ATTRIB_COLOR,cc,unknown; resolve against recorded oracle symbol dump,src_jsc/Core/Cocos2d-x/jsb_cocos2d_constants.js:247,unknown,unknown,unknown,unknown,unknown,unknown,candidate observed statically; scene reachability unverified,stock Cocos/JSB binding or project JS; exact binding not resolved,UNRESOLVED,Recovered/native_api_inventory.json member_uses; reconstructed JS is approximate,not yet selected,not run
js_member_candidate,cc.VERTEX_ATTRIB_FLAG_COLOR,cc,unknown; resolve against recorded oracle symbol dump,src_jsc/Core/Cocos2d-x/jsb_cocos2d_constants.js:237,unknown,unknown,unknown,unknown,unknown,unknown,candidate observed statically; scene reachability unverified,stock Cocos/JSB binding or project JS; exact binding not resolved,UNRESOLVED,Recovered/native_api_inventory.json member_uses; reconstructed JS is approximate,not yet selected,not run
js_member_candidate,cc.VERTEX_ATTRIB_FLAG_NONE,cc,unknown; resolve against recorded oracle symbol dump,src_jsc/Core/Cocos2d-x/jsb_cocos2d_constants.js:239,unknown,unknown,unknown,unknown,unknown,unknown,candidate observed statically; scene reachability unverified,stock Cocos/JSB binding or project JS; exact binding not resolved,UNRESOLVED,Recovered/native_api_inventory.json member_uses; reconstructed JS is approximate,not yet selected,not run
js_member_candidate,cc.VERTEX_ATTRIB_FLAG_POSITION,cc,unknown; resolve against recorded oracle symbol dump,src_jsc/Core/Cocos2d-x/jsb_cocos2d_constants.js:243,unknown,unknown,unknown,unknown,unknown,unknown,candidate observed statically; scene reachability unverified,stock Cocos/JSB binding or project JS; exact binding not resolved,UNRESOLVED,Recovered/native_api_inventory.json member_uses; reconstructed JS is approximate,not yet selected,not run
js_member_candidate,cc.VERTEX_ATTRIB_FLAG_POS_COLOR_TEX,cc,unknown; resolve against recorded oracle symbol dump,src_jsc/Core/Cocos2d-x/jsb_cocos2d_constants.js:241,unknown,unknown,unknown,unknown,unknown,unknown,candidate observed statically; scene reachability unverified,stock Cocos/JSB binding or project JS; exact binding not resolved,UNRESOLVED,Recovered/native_api_inventory.json member_uses; reconstructed JS is approximate,not yet selected,not run
js_member_candidate,cc.VERTEX_ATTRIB_FLAG_TEX_COORDS,cc,unknown; resolve against recorded oracle symbol dump,src_jsc/Core/Cocos2d-x/jsb_cocos2d_constants.js:245,unknown,unknown,unknown,unknown,unknown,unknown,candidate observed statically; scene reachability unverified,stock Cocos/JSB binding or project JS; exact binding not resolved,UNRESOLVED,Recovered/native_api_inventory.json member_uses; reconstructed JS is approximate,not yet selected,not run
js_member_candidate,cc.VERTEX_ATTRIB_MAX,cc,unknown; resolve against recorded oracle symbol dump,src_jsc/Core/Cocos2d-x/jsb_cocos2d_constants.js:249,unknown,unknown,unknown,unknown,unknown,unknown,candidate observed statically; scene reachability unverified,stock Cocos/JSB binding or project JS; exact binding not resolved,UNRESOLVED,Recovered/native_api_inventory.json member_uses; reconstructed JS is approximate,not yet selected,not run
js_member_candidate,cc.VERTEX_ATTRIB_POSITION,cc,unknown; resolve against recorded oracle symbol dump,src_jsc/Core/Cocos2d-x/jsb_cocos2d_constants.js:251,unknown,unknown,unknown,unknown,unknown,unknown,candidate observed statically; scene reachability unverified,stock Cocos/JSB binding or project JS; exact binding not resolved,UNRESOLVED,Recovered/native_api_inventory.json member_uses; reconstructed JS is approximate,not yet selected,not run
js_member_candidate,cc.VERTEX_ATTRIB_TEX_COORDS,cc,unknown; resolve against recorded oracle symbol dump,src_jsc/Core/Cocos2d-x/jsb_cocos2d_constants.js:253,unknown,unknown,unknown,unknown,unknown,unknown,candidate observed statically; scene reachability unverified,stock Cocos/JSB binding or project JS; exact binding not resolved,UNRESOLVED,Recovered/native_api_inventory.json member_uses; reconstructed JS is approximate,not yet selected,not run
js_member_candidate,cc.VERTICAL_TEXT_ALIGNMENT_BOTTOM,cc,unknown; resolve against recorded oracle symbol dump,src_jsc/Cfg/Label.js:49;src_jsc/Core/Cocos2d-x/jsb_cocos2d.js:107;src_jsc/Core/Cocos2d-x/jsb_cocos2d_constants.js:255;src_jsc/Core/alias.js:15;src_jsc/Libs/Constant.js:15,unknown,unknown,unknown,unknown,unknown,unknown,candidate observed statically; scene reachability unverified,stock Cocos/JSB binding or project JS; exact binding not resolved,UNRESOLVED,Recovered/native_api_inventory.json member_uses; reconstructed JS is approximate,not yet selected,not run
js_member_candidate,cc.VERTICAL_TEXT_ALIGNMENT_CENTER,cc,unknown; resolve against recorded oracle symbol dump,src_jsc/Cfg/Label.js:31;src_jsc/Cfg/Label.js:37;src_jsc/Cfg/Label.js:43;src_jsc/Cfg/Label.js:55;src_jsc/Cfg/Label.js:61;src_jsc/Cfg/Label.js:67;src_jsc/Cfg/Label.js:73;src_jsc/Cfg/Label.js:79;src_jsc/Cfg/Label.js:88;src_jsc/Core/Cocos2d-x/jsb_cocos2d.js:105;src_jsc/Core/Cocos2d-x/jsb_cocos2d_constants.js:257;src_jsc/Core/alias.js:13;src_jsc/Factorys/BaseLabel.js:116;src_jsc/Libs/Constant.js:13;src_jsc/Views/Dialog/MessagePopView.js:64;src_jsc/Views/Dialog/MessagePopView.js:74,unknown,unknown,unknown,unknown,unknown,unknown,candidate observed statically; scene reachability unverified,stock Cocos/JSB binding or project JS; exact binding not resolved,UNRESOLVED,Recovered/native_api_inventory.json member_uses; reconstructed JS is approximate,not yet selected,not run
js_member_candidate,cc.VERTICAL_TEXT_ALIGNMENT_TOP,cc,unknown; resolve against recorded oracle symbol dump,src_jsc/Core/Cocos2d-x/jsb_cocos2d.js:103;src_jsc/Core/Cocos2d-x/jsb_cocos2d_constants.js:259;src_jsc/Core/alias.js:11;src_jsc/Libs/Constant.js:11,unknown,unknown,unknown,unknown,unknown,unknown,candidate observed statically; scene reachability unverified,stock Cocos/JSB binding or project JS; exact binding not resolved,UNRESOLVED,Recovered/native_api_inventory.json member_uses; reconstructed JS is approximate,not yet selected,not run
js_member_candidate,cc.Views.SettingLayer,cc,unknown; resolve against recorded oracle symbol dump,src_jsc/Scene/Setting/SettingScene.js:561,unknown,unknown,unknown,unknown,unknown,unknown,candidate observed statically; scene reachability unverified,stock Cocos/JSB binding or project JS; exact binding not resolved,UNRESOLVED,Recovered/native_api_inventory.json member_uses; reconstructed JS is approximate,not yet selected,not run
js_member_candidate,cc.VisibleRect,cc,unknown; resolve against recorded oracle symbol dump,src_jsc/Core/Cocos2d-x/jsb_cocos2d.js:539;src_jsc/Core/Cocos2d-x/jsb_cocos2d.js:905,unknown,unknown,unknown,unknown,unknown,unknown,candidate observed statically; scene reachability unverified,stock Cocos/JSB binding or project JS; exact binding not resolved,UNRESOLVED,Recovered/native_api_inventory.json member_uses; reconstructed JS is approximate,not yet selected,not run
js_member_candidate,cc.WHITE,cc,unknown; resolve against recorded oracle symbol dump,src_jsc/Core/Cocos2d-x/jsb_cocos2d.js:159,unknown,unknown,unknown,unknown,unknown,unknown,candidate observed statically; scene reachability unverified,stock Cocos/JSB binding or project JS; exact binding not resolved,UNRESOLVED,Recovered/native_api_inventory.json member_uses; reconstructed JS is approximate,not yet selected,not run
js_member_candidate,cc.YELLOW,cc,unknown; resolve against recorded oracle symbol dump,src_jsc/Core/Cocos2d-x/jsb_cocos2d.js:161,unknown,unknown,unknown,unknown,unknown,unknown,candidate observed statically; scene reachability unverified,stock Cocos/JSB binding or project JS; exact binding not resolved,UNRESOLVED,Recovered/native_api_inventory.json member_uses; reconstructed JS is approximate,not yet selected,not run
js_member_candidate,cc.Z_COMPRESSION_BZIP2,cc,unknown; resolve against recorded oracle symbol dump,src_jsc/Core/Cocos2d-x/jsb_cocos2d_constants.js:17,unknown,unknown,unknown,unknown,unknown,unknown,candidate observed statically; scene reachability unverified,stock Cocos/JSB binding or project JS; exact binding not resolved,UNRESOLVED,Recovered/native_api_inventory.json member_uses; reconstructed JS is approximate,not yet selected,not run
js_member_candidate,cc.Z_COMPRESSION_GZIP,cc,unknown; resolve against recorded oracle symbol dump,src_jsc/Core/Cocos2d-x/jsb_cocos2d_constants.js:19,unknown,unknown,unknown,unknown,unknown,unknown,candidate observed statically; scene reachability unverified,stock Cocos/JSB binding or project JS; exact binding not resolved,UNRESOLVED,Recovered/native_api_inventory.json member_uses; reconstructed JS is approximate,not yet selected,not run
js_member_candidate,cc.Z_COMPRESSION_NONE,cc,unknown; resolve against recorded oracle symbol dump,src_jsc/Core/Cocos2d-x/jsb_cocos2d_constants.js:21,unknown,unknown,unknown,unknown,unknown,unknown,candidate observed statically; scene reachability unverified,stock Cocos/JSB binding or project JS; exact binding not resolved,UNRESOLVED,Recovered/native_api_inventory.json member_uses; reconstructed JS is approximate,not yet selected,not run
js_member_candidate,cc.Z_COMPRESSION_ZLIB,cc,unknown; resolve against recorded oracle symbol dump,src_jsc/Core/Cocos2d-x/jsb_cocos2d_constants.js:23,unknown,unknown,unknown,unknown,unknown,unknown,candidate observed statically; scene reachability unverified,stock Cocos/JSB binding or project JS; exact binding not resolved,UNRESOLVED,Recovered/native_api_inventory.json member_uses; reconstructed JS is approximate,not yet selected,not run
js_member_candidate,cc._Reader.create,cc,unknown; resolve against recorded oracle symbol dump,src_jsc/Core/Cocos2d-x/jsb_cocosbuilder.js:21;src_jsc/Libs/CCExt.js:14,unknown,unknown,unknown,unknown,unknown,unknown,candidate observed statically; scene reachability unverified,stock Cocos/JSB binding or project JS; exact binding not resolved,UNRESOLVED,Recovered/native_api_inventory.json member_uses; reconstructed JS is approximate,not yet selected,not run
js_member_candidate,cc._c3b,cc,unknown; resolve against recorded oracle symbol dump,src_jsc/Core/Cocos2d-x/jsb_cocos2d.js:236,unknown,unknown,unknown,unknown,unknown,unknown,candidate observed statically; scene reachability unverified,stock Cocos/JSB binding or project JS; exact binding not resolved,UNRESOLVED,Recovered/native_api_inventory.json member_uses; reconstructed JS is approximate,not yet selected,not run
js_member_candidate,cc._c4,cc,unknown; resolve against recorded oracle symbol dump,src_jsc/Core/Cocos2d-x/jsb_cocos2d.js:317,unknown,unknown,unknown,unknown,unknown,unknown,candidate observed statically; scene reachability unverified,stock Cocos/JSB binding or project JS; exact binding not resolved,UNRESOLVED,Recovered/native_api_inventory.json member_uses; reconstructed JS is approximate,not yet selected,not run
js_member_candidate,cc._c4b,cc,unknown; resolve against recorded oracle symbol dump,src_jsc/Core/Cocos2d-x/jsb_cocos2d.js:302;src_jsc/Core/Cocos2d-x/jsb_cocos2d.js:317,unknown,unknown,unknown,unknown,unknown,unknown,candidate observed statically; scene reachability unverified,stock Cocos/JSB binding or project JS; exact binding not resolved,UNRESOLVED,Recovered/native_api_inventory.json member_uses; reconstructed JS is approximate,not yet selected,not run
js_member_candidate,cc._cocosplayerLog,cc,unknown; resolve against recorded oracle symbol dump,src_jsc/Core/Cocos2d-x/jsb_cocos2d.js:187,unknown,unknown,unknown,unknown,unknown,unknown,candidate observed statically; scene reachability unverified,stock Cocos/JSB binding or project JS; exact binding not resolved,UNRESOLVED,Recovered/native_api_inventory.json member_uses; reconstructed JS is approximate,not yet selected,not run
js_member_candidate,cc._g,cc,unknown; resolve against recorded oracle symbol dump,src_jsc/Core/Cocos2d-x/jsb_cocos2d.js:391,unknown,unknown,unknown,unknown,unknown,unknown,candidate observed statically; scene reachability unverified,stock Cocos/JSB binding or project JS; exact binding not resolved,UNRESOLVED,Recovered/native_api_inventory.json member_uses; reconstructed JS is approximate,not yet selected,not run
js_member_candidate,cc._p,cc,unknown; resolve against recorded oracle symbol dump,src_jsc/Core/Cocos2d-x/jsb_chipmunk.js:11;src_jsc/Core/Cocos2d-x/jsb_cocos2d.js:363,unknown,unknown,unknown,unknown,unknown,unknown,candidate observed statically; scene reachability unverified,stock Cocos/JSB binding or project JS; exact binding not resolved,UNRESOLVED,Recovered/native_api_inventory.json member_uses; reconstructed JS is approximate,not yet selected,not run
js_member_candidate,cc._rect,cc,unknown; resolve against recorded oracle symbol dump,src_jsc/Core/Cocos2d-x/jsb_cocos2d.js:429,unknown,unknown,unknown,unknown,unknown,unknown,candidate observed statically; scene reachability unverified,stock Cocos/JSB binding or project JS; exact binding not resolved,UNRESOLVED,Recovered/native_api_inventory.json member_uses; reconstructed JS is approximate,not yet selected,not run
js_member_candidate,cc._reuse_color3b,cc,unknown; resolve against recorded oracle symbol dump,src_jsc/Core/Cocos2d-x/jsb_cocos2d.js:183;src_jsc/Core/Cocos2d-x/jsb_cocos2d.js:244,unknown,unknown,unknown,unknown,unknown,unknown,candidate observed statically; scene reachability unverified,stock Cocos/JSB binding or project JS; exact binding not resolved,UNRESOLVED,Recovered/native_api_inventory.json member_uses; reconstructed JS is approximate,not yet selected,not run
js_member_candidate,cc._reuse_color3b.b,cc,unknown; resolve against recorded oracle symbol dump,src_jsc/Core/Cocos2d-x/jsb_cocos2d.js:242,unknown,unknown,unknown,unknown,unknown,unknown,candidate observed statically; scene reachability unverified,stock Cocos/JSB binding or project JS; exact binding not resolved,UNRESOLVED,Recovered/native_api_inventory.json member_uses; reconstructed JS is approximate,not yet selected,not run
js_member_candidate,cc._reuse_color3b.g,cc,unknown; resolve against recorded oracle symbol dump,src_jsc/Core/Cocos2d-x/jsb_cocos2d.js:240,unknown,unknown,unknown,unknown,unknown,unknown,candidate observed statically; scene reachability unverified,stock Cocos/JSB binding or project JS; exact binding not resolved,UNRESOLVED,Recovered/native_api_inventory.json member_uses; reconstructed JS is approximate,not yet selected,not run
js_member_candidate,cc._reuse_color3b.r,cc,unknown; resolve against recorded oracle symbol dump,src_jsc/Core/Cocos2d-x/jsb_cocos2d.js:238,unknown,unknown,unknown,unknown,unknown,unknown,candidate observed statically; scene reachability unverified,stock Cocos/JSB binding or project JS; exact binding not resolved,UNRESOLVED,Recovered/native_api_inventory.json member_uses; reconstructed JS is approximate,not yet selected,not run
js_member_candidate,cc._reuse_color4b,cc,unknown; resolve against recorded oracle symbol dump,src_jsc/Core/Cocos2d-x/jsb_cocos2d.js:185;src_jsc/Core/Cocos2d-x/jsb_cocos2d.js:312,unknown,unknown,unknown,unknown,unknown,unknown,candidate observed statically; scene reachability unverified,stock Cocos/JSB binding or project JS; exact binding not resolved,UNRESOLVED,Recovered/native_api_inventory.json member_uses; reconstructed JS is approximate,not yet selected,not run
js_member_candidate,cc._reuse_color4b.a,cc,unknown; resolve against recorded oracle symbol dump,src_jsc/Core/Cocos2d-x/jsb_cocos2d.js:310,unknown,unknown,unknown,unknown,unknown,unknown,candidate observed statically; scene reachability unverified,stock Cocos/JSB binding or project JS; exact binding not resolved,UNRESOLVED,Recovered/native_api_inventory.json member_uses; reconstructed JS is approximate,not yet selected,not run
js_member_candidate,cc._reuse_color4b.b,cc,unknown; resolve against recorded oracle symbol dump,src_jsc/Core/Cocos2d-x/jsb_cocos2d.js:308,unknown,unknown,unknown,unknown,unknown,unknown,candidate observed statically; scene reachability unverified,stock Cocos/JSB binding or project JS; exact binding not resolved,UNRESOLVED,Recovered/native_api_inventory.json member_uses; reconstructed JS is approximate,not yet selected,not run
js_member_candidate,cc._reuse_color4b.g,cc,unknown; resolve against recorded oracle symbol dump,src_jsc/Core/Cocos2d-x/jsb_cocos2d.js:306,unknown,unknown,unknown,unknown,unknown,unknown,candidate observed statically; scene reachability unverified,stock Cocos/JSB binding or project JS; exact binding not resolved,UNRESOLVED,Recovered/native_api_inventory.json member_uses; reconstructed JS is approximate,not yet selected,not run
js_member_candidate,cc._reuse_color4b.r,cc,unknown; resolve against recorded oracle symbol dump,src_jsc/Core/Cocos2d-x/jsb_cocos2d.js:304,unknown,unknown,unknown,unknown,unknown,unknown,candidate observed statically; scene reachability unverified,stock Cocos/JSB binding or project JS; exact binding not resolved,UNRESOLVED,Recovered/native_api_inventory.json member_uses; reconstructed JS is approximate,not yet selected,not run
js_member_candidate,cc._reuse_grid,cc,unknown; resolve against recorded oracle symbol dump,src_jsc/Core/Cocos2d-x/jsb_cocos2d.js:397,unknown,unknown,unknown,unknown,unknown,unknown,candidate observed statically; scene reachability unverified,stock Cocos/JSB binding or project JS; exact binding not resolved,UNRESOLVED,Recovered/native_api_inventory.json member_uses; reconstructed JS is approximate,not yet selected,not run
js_member_candidate,cc._reuse_grid.x,cc,unknown; resolve against recorded oracle symbol dump,src_jsc/Core/Cocos2d-x/jsb_cocos2d.js:393,unknown,unknown,unknown,unknown,unknown,unknown,candidate observed statically; scene reachability unverified,stock Cocos/JSB binding or project JS; exact binding not resolved,UNRESOLVED,Recovered/native_api_inventory.json member_uses; reconstructed JS is approximate,not yet selected,not run
js_member_candidate,cc._reuse_grid.y,cc,unknown; resolve against recorded oracle symbol dump,src_jsc/Core/Cocos2d-x/jsb_cocos2d.js:395,unknown,unknown,unknown,unknown,unknown,unknown,candidate observed statically; scene reachability unverified,stock Cocos/JSB binding or project JS; exact binding not resolved,UNRESOLVED,Recovered/native_api_inventory.json member_uses; reconstructed JS is approximate,not yet selected,not run
js_member_candidate,cc._reuse_p,cc,unknown; resolve against recorded oracle symbol dump,src_jsc/Core/Cocos2d-x/jsb_cocos2d.js:175;src_jsc/Core/Cocos2d-x/jsb_cocos2d.js:370,unknown,unknown,unknown,unknown,unknown,unknown,candidate observed statically; scene reachability unverified,stock Cocos/JSB binding or project JS; exact binding not resolved,UNRESOLVED,Recovered/native_api_inventory.json member_uses; reconstructed JS is approximate,not yet selected,not run
js_member_candidate,cc._reuse_p.length,cc,unknown; resolve against recorded oracle symbol dump,src_jsc/Core/Cocos2d-x/jsb_cocos2d.js:365,unknown,unknown,unknown,unknown,unknown,unknown,candidate observed statically; scene reachability unverified,stock Cocos/JSB binding or project JS; exact binding not resolved,UNRESOLVED,Recovered/native_api_inventory.json member_uses; reconstructed JS is approximate,not yet selected,not run
js_member_candidate,cc._reuse_p_index,cc,unknown; resolve against recorded oracle symbol dump,src_jsc/Core/Cocos2d-x/jsb_cocos2d.js:177;src_jsc/Core/Cocos2d-x/jsb_cocos2d.js:365;src_jsc/Core/Cocos2d-x/jsb_cocos2d.js:367;src_jsc/Core/Cocos2d-x/jsb_cocos2d.js:370;src_jsc/Core/Cocos2d-x/jsb_cocos2d.js:372,unknown,unknown,unknown,unknown,unknown,unknown,candidate observed statically; scene reachability unverified,stock Cocos/JSB binding or project JS; exact binding not resolved,UNRESOLVED,Recovered/native_api_inventory.json member_uses; reconstructed JS is approximate,not yet selected,not run
js_member_candidate,cc._reuse_rect,cc,unknown; resolve against recorded oracle symbol dump,src_jsc/Core/Cocos2d-x/jsb_cocos2d.js:181;src_jsc/Core/Cocos2d-x/jsb_cocos2d.js:439,unknown,unknown,unknown,unknown,unknown,unknown,candidate observed statically; scene reachability unverified,stock Cocos/JSB binding or project JS; exact binding not resolved,UNRESOLVED,Recovered/native_api_inventory.json member_uses; reconstructed JS is approximate,not yet selected,not run
js_member_candidate,cc._reuse_rect.height,cc,unknown; resolve against recorded oracle symbol dump,src_jsc/Core/Cocos2d-x/jsb_cocos2d.js:437,unknown,unknown,unknown,unknown,unknown,unknown,candidate observed statically; scene reachability unverified,stock Cocos/JSB binding or project JS; exact binding not resolved,UNRESOLVED,Recovered/native_api_inventory.json member_uses; reconstructed JS is approximate,not yet selected,not run
js_member_candidate,cc._reuse_rect.width,cc,unknown; resolve against recorded oracle symbol dump,src_jsc/Core/Cocos2d-x/jsb_cocos2d.js:435,unknown,unknown,unknown,unknown,unknown,unknown,candidate observed statically; scene reachability unverified,stock Cocos/JSB binding or project JS; exact binding not resolved,UNRESOLVED,Recovered/native_api_inventory.json member_uses; reconstructed JS is approximate,not yet selected,not run
js_member_candidate,cc._reuse_rect.x,cc,unknown; resolve against recorded oracle symbol dump,src_jsc/Core/Cocos2d-x/jsb_cocos2d.js:431,unknown,unknown,unknown,unknown,unknown,unknown,candidate observed statically; scene reachability unverified,stock Cocos/JSB binding or project JS; exact binding not resolved,UNRESOLVED,Recovered/native_api_inventory.json member_uses; reconstructed JS is approximate,not yet selected,not run
js_member_candidate,cc._reuse_rect.y,cc,unknown; resolve against recorded oracle symbol dump,src_jsc/Core/Cocos2d-x/jsb_cocos2d.js:433,unknown,unknown,unknown,unknown,unknown,unknown,candidate observed statically; scene reachability unverified,stock Cocos/JSB binding or project JS; exact binding not resolved,UNRESOLVED,Recovered/native_api_inventory.json member_uses; reconstructed JS is approximate,not yet selected,not run
js_member_candidate,cc._reuse_size,cc,unknown; resolve against recorded oracle symbol dump,src_jsc/Core/Cocos2d-x/jsb_cocos2d.js:179;src_jsc/Core/Cocos2d-x/jsb_cocos2d.js:411,unknown,unknown,unknown,unknown,unknown,unknown,candidate observed statically; scene reachability unverified,stock Cocos/JSB binding or project JS; exact binding not resolved,UNRESOLVED,Recovered/native_api_inventory.json member_uses; reconstructed JS is approximate,not yet selected,not run
js_member_candidate,cc._reuse_size.height,cc,unknown; resolve against recorded oracle symbol dump,src_jsc/Core/Cocos2d-x/jsb_cocos2d.js:409,unknown,unknown,unknown,unknown,unknown,unknown,candidate observed statically; scene reachability unverified,stock Cocos/JSB binding or project JS; exact binding not resolved,UNRESOLVED,Recovered/native_api_inventory.json member_uses; reconstructed JS is approximate,not yet selected,not run
js_member_candidate,cc._reuse_size.width,cc,unknown; resolve against recorded oracle symbol dump,src_jsc/Core/Cocos2d-x/jsb_cocos2d.js:407,unknown,unknown,unknown,unknown,unknown,unknown,candidate observed statically; scene reachability unverified,stock Cocos/JSB binding or project JS; exact binding not resolved,UNRESOLVED,Recovered/native_api_inventory.json member_uses; reconstructed JS is approximate,not yet selected,not run
js_member_candidate,cc._size,cc,unknown; resolve against recorded oracle symbol dump,src_jsc/Core/Cocos2d-x/jsb_cocos2d.js:405;src_jsc/Scene/Party/PartyDialog.js:1674;src_jsc/Scene/Party/PartyDialog.js:57;src_jsc/Scene/Party/PartyDialogExt.js:58;src_jsc/Views/Icon/IconPackage.js:19,unknown,unknown,unknown,unknown,unknown,unknown,candidate observed statically; scene reachability unverified,stock Cocos/JSB binding or project JS; exact binding not resolved,UNRESOLVED,Recovered/native_api_inventory.json member_uses; reconstructed JS is approximate,not yet selected,not run
js_member_candidate,cc.associateWithNative,cc,unknown; resolve against recorded oracle symbol dump,src_jsc/Core/Cocos2d-x/jsb_cocos2d.js:737;src_jsc/Libs/Views/Armature/BaseArmature.js:15;src_jsc/Libs/Views/Layer/BaseLayer.js:11;src_jsc/Models/Fight/FightRoundList.js:10;src_jsc/Scene/Aga/AgaScene.js:11;src_jsc/Scene/Aga/AgaScene.js:1257;src_jsc/Scene/Aga/AgaScene.js:1378;src_jsc/Scene/Aga/AgaScene.js:342;src_jsc/Scene/Aga/AgaScene.js:738;src_jsc/Scene/Awake/AwakeBoxScene.js:10;src_jsc/Scene/Awake/AwakeBoxView.js:20;src_jsc/Scene/Awake/AwakeBoxView.js:484;src_jsc/Scene/Awake/AwakeBoxView.js:690;src_jsc/Scene/Awake/AwakeScene.js:11;src_jsc/Scene/Bag/BagScene.js:973;src_jsc/Scene/Beauty/BeautyCell.js:10;src_jsc/Scene/Beauty/BeautyScene.js:11;src_jsc/Scene/Beauty/BeautyScene.js:1435;src_jsc/Scene/Buddy/BuddyScene.js:106;src_jsc/Scene/Chaos/ChaosFight.js:10;src_jsc/Scene/Chaos/ChaosFightScene.js:10;src_jsc/Scene/Chaos/ChaosHomeView.js:10;src_jsc/Scene/Chaos/ChaosScene.js:10;src_jsc/Scene/Climb/ClimbLadderRankListScene.js:10;src_jsc/Scene/Combat/CombatCardView.js:12;src_jsc/Scene/Combat/CombatScene.js:10;src_jsc/Scene/Combat/CombatUpgradeScene.js:15;src_jsc/Scene/Combat/CombatUpgradeScene.js:607;src_jsc/Scene/Copy/BossCell.js:10;src_jsc/Scene/Copy/CopyScene.js:11;src_jsc/Scene/Copy/CopyScene.js:740;src_jsc/Scene/Copy/DuanWuCopyScene.js:11;src_jsc/Scene/Copy/DuanWuCopyScene.js:740;src_jsc/Scene/Copy/LabourlCopyScene.js:11;src_jsc/Scene/Copy/LabourlCopyScene.js:740;src_jsc/Scene/Copy/MemorialCopyScene.js:11;src_jsc/Scene/Copy/MemorialCopyScene.js:740;src_jsc/Scene/Copy/PlantCopyScene.js:11;src_jsc/Scene/Copy/PlantCopyScene.js:738;src_jsc/Scene/Copy/PublicCopyScene.js:11;src_jsc/Scene/Copy/PublicCopyScene.js:783;src_jsc/Scene/Debug/DebugScene.js:172;src_jsc/Scene/Debug/DebugScene.js:256;src_jsc/Scene/Debug/DebugScene.js:386;src_jsc/Scene/DecisiveBattle/DecisiveBattleMainScene.js:11;src_jsc/Scene/DecisiveBattle/DecisiveBattlePreviewScene.js:11;src_jsc/Scene/DecisiveBattle/SupportAwardScene.js:11;src_jsc/Scene/Develop/AlchemyView.js:10;src_jsc/Scene/Develop/AlchemyView.js:287;src_jsc/Scene/Develop/AlchemyView.js:535;src_jsc/Scene/Develop/DevelopScene.js:10;src_jsc/Scene/Develop/DevelopScene.js:64;src_jsc/Scene/Equ/EquipmentScene.js:10;src_jsc/Scene/Equ/EquipmentScene.js:436;src_jsc/Scene/Fight/FightScene.js:3415;src_jsc/Scene/FightChapter/DungeonView.js:10;src_jsc/Scene/FightChapter/FightChapters.js:10;src_jsc/Scene/FightChapter/FightChapters.js:470;src_jsc/Scene/Gems/GemsScene.js:11;src_jsc/Scene/GeneralSelect/GeneralSelectScene.js:10;src_jsc/Scene/GeneralSelect/GeneralSelectScene.js:289;src_jsc/Scene/GeneralSelect/GeneralSelectScene.js:385;src_jsc/Scene/Goddess/GoddessMainScene.js:11;src_jsc/Scene/HulaoBattle/HulaoBattleMainScene.js:11;src_jsc/Scene/InterService/InterServiceFightScene.js:11;src_jsc/Scene/InterService/InterServiceRegistrationScene.js:11;src_jsc/Scene/InterService/InterServiceWorshipScene.js:11;src_jsc/Scene/InterService/PopularityRewardScene.js:11;src_jsc/Scene/Ladder/LadderCardShow.js:10;src_jsc/Scene/Ladder/LadderChartScene.js:10;src_jsc/Scene/Ladder/LadderChartView.js:10;src_jsc/Scene/Ladder/LadderGiftView.js:14;src_jsc/Scene/Ladder/LadderGiftView_Honor.js:14;src_jsc/Scene/Ladder/LadderScene.js:11;src_jsc/Scene/Ladder/LadderTenFightResultDialog.js:11;src_jsc/Scene/Ladder/LadderTenFightResultDialog.js:186;src_jsc/Scene/Ladder/LadderView.js:10;src_jsc/Scene/LoadingScene.js:14;src_jsc/Scene/Login/LoginScene_AnySdk.js:10;src_jsc/Scene/Login/LoginScene_AnySdk.js:862;src_jsc/Scene/Login/LoginScene_BfSdk.js:10;src_jsc/Scene/Login/LoginScene_BfSdk.js:1059;src_jsc/Scene/Login/LoginScene_EasyGuestSdk.js:10;src_jsc/Scene/Login/LoginScene_EasyGuestSdk.js:492;src_jsc/Scene/Login/LoginScene_EasySdk.js:10;src_jsc/Scene/Login/LoginScene_EasySdk.js:383;src_jsc/Scene/Login/LoginScene_ThirdGuestSdk.js:10;src_jsc/Scene/Login/LoginScene_ThirdGuestSdk.js:569;src_jsc/Scene/Login/LoginScene_ThirdSdk.js:10;src_jsc/Scene/Login/LoginScene_ThirdSdk.js:489;src_jsc/Scene/Mail/MailSystemScene.js:10;src_jsc/Scene/Mail/MailView.js:10;src_jsc/Scene/Main/MainMenuScene.js:11;src_jsc/Scene/Main/MainMenuScene.js:882;src_jsc/Scene/Meridians/MeridiansMainScene.js:11;src_jsc/Scene/Meridians/PracticeMeridiansMainScene.js:11;src_jsc/Scene/MiracleWeapons/MiracleWeaponScene.js:11;src_jsc/Scene/MiracleWeapons/SelectMiracleWeaponsScene.js:11;src_jsc/Scene/NewPlayer/NewPlayerScene.js:10;src_jsc/Scene/NewPlayer/NewPlayerScene.js:129;src_jsc/Scene/Party/LadderCompetitionDialog.js:29;src_jsc/Scene/Party/PartyDialog.js:1646;src_jsc/Scene/Party/PartyDialog.js:27;src_jsc/Scene/Party/PartyDialogExt.js:27;src_jsc/Scene/Party/RechargeRankDialog.js:293;src_jsc/Scene/Party/RechargeRankDialog.js:32;src_jsc/Scene/Party/WishingScene.js:11;src_jsc/Scene/Party/WishingScene.js:572;src_jsc/Scene/Rank/RankScene.js:11;src_jsc/Scene/Setting/ContactGMScene.js:121;src_jsc/Scene/Setting/ContactGMScene.js:14;src_jsc/Scene/Setting/ContactGMScene.js:192;src_jsc/Scene/Setting/ContactGMScene.js:50;src_jsc/Scene/Setting/SettingScene.js:10;src_jsc/Scene/Setting/SettingScene.js:576;src_jsc/Scene/Setting/SettingScene.js:66;src_jsc/Scene/Skill/SkillScene.js:10;src_jsc/Scene/Skill/SkillScene.js:238;src_jsc/Scene/Skill/SkillScene.js:270;src_jsc/Scene/SkillRefining/SkillRefiningScene.js:11;src_jsc/Scene/Social/SocialScene.js:10;src_jsc/Scene/Social/SocialView.js:16;src_jsc/Scene/Store/StoreScene.js:10;src_jsc/Scene/Store/ToastView.js:11;src_jsc/Scene/Store/ToastView.js:455;src_jsc/Scene/Store/ToastView.js:670;src_jsc/Scene/SubMenu/ChallengeMenuScene.js:452;src_jsc/Scene/SubMenu/GeneralMenuScene.js:10;src_jsc/Scene/SubMenu/GeneralMenuScene.js:542;src_jsc/Scene/SubMenu/MenuMenuScene.js:10;src_jsc/Scene/SubMenu/MenuMenuScene.js:245;src_jsc/Scene/SubMenu/PartyMenuScene.js:576;src_jsc/Scene/TeamBuild/TeamBuildScene.js:14;src_jsc/Scene/TeamBuild/TeamBuildScene.js:1624;src_jsc/Scene/TeamBuild/TeamBuildScene.js:244;src_jsc/Scene/TeamBuild/TeamBuildScene_V2.js:11;src_jsc/Scene/TeamBuild/TeamBuildScene_V2.js:1199;src_jsc/Scene/TeamBuild/TeamMemberNavigation.js:11;src_jsc/Scene/TeamBuild/TeamMemberNavigation.js:213;src_jsc/Scene/TeamBuild/TeamMemberNavigation.js:416;src_jsc/Scene/TeamBuild/TeamMemberNavigation.js:641;src_jsc/Scene/TeamBuild/TeamMemberNavigation.js:887;src_jsc/Scene/Training/GeneralTraningScene.js:14;src_jsc/Scene/Training/GeneralTraningScene.js:326;src_jsc/Scene/Training/GeneralTraningScene.js:969;src_jsc/Scene/UnionWar/UnionWarBattleScene.js:246;src_jsc/Scene/UnionWar/UnionWarChangeFormationScene.js:316;src_jsc/Scene/UnionWar/UnionWarFightScene.js:319;src_jsc/Scene/Vip/VipScene.js:153;src_jsc/Scene/Worship/WorshipScene.js:356;src_jsc/Update/UpdateScene.js:49;src_jsc/Views/ActivitiesShow.js:11;src_jsc/Views/ActivitiesShow6Icon.js:19;src_jsc/Views/Awake/AwakeLayer.js:24;src_jsc/Views/BaseView.js:13;src_jsc/Views/BeautyIconButton.js:10;src_jsc/Views/Card/Equ.js:23;src_jsc/Views/Card/Fight.js:85;src_jsc/Views/Card/General.js:28;src_jsc/Views/Card/OtherPlayer.js:17;src_jsc/Views/CardListView.js:10;src_jsc/Views/CardListView_v2.js:20;src_jsc/Views/CardNavigateView.js:11;src_jsc/Views/ChatContentLayer.js:10;src_jsc/Views/ClimbLadderArtifactStorey.js:10;src_jsc/Views/ClimbLadderArtifactStorey.js:200;src_jsc/Views/ClimbLadderPFKGView.js:20;src_jsc/Views/DecisiveBattle/DecisiveBattleMainView.js:28;src_jsc/Views/DecisiveBattle/DecisiveBattlePreviewView.js:11;src_jsc/Views/DecisiveBattle/OneRoundPlayerListDialog.js:23;src_jsc/Views/DecisiveBattle/SupportPointsExchangeView.js:11;src_jsc/Views/DecisiveBattle/SupportRecordView.js:28;src_jsc/Views/Dialog/AchieveDialog.js:11;src_jsc/Views/Dialog/AdventureDropDialog.js:170;src_jsc/Views/Dialog/AdventureDropDialog.js:69;src_jsc/Views/Dialog/AdvertisementDialog.js:47;src_jsc/Views/Dialog/AdvertisementDialogGuide.js:11;src_jsc/Views/Dialog/AnnouncementDialog.js:196;src_jsc/Views/Dialog/AutoMultiKillSelectDialog.js:10;src_jsc/Views/Dialog/AutoPracticeDialog.js:11;src_jsc/Views/Dialog/AutoPracticeResultDialog.js:11;src_jsc/Views/Dialog/AvoidWarDialog.js:10;src_jsc/Views/Dialog/AwakeChangeYuanFenDialog.js:234;src_jsc/Views/Dialog/AwakeInfoDialog.js:292;src_jsc/Views/Dialog/BeautyShopDialog.js:32;src_jsc/Views/Dialog/BecomeStrongerDialog.js:256;src_jsc/Views/Dialog/DecisiveSupportDialog.js:11;src_jsc/Views/Dialog/DecisiveSupportDialog.js:280;src_jsc/Views/Dialog/DecisiveSupportDialog.js:458;src_jsc/Views/Dialog/DevelopInstruction.js:11;src_jsc/Views/Dialog/Dialog.js:215;src_jsc/Views/Dialog/DuanWuDialog.js:32;src_jsc/Views/Dialog/ErrorDialog.js:12;src_jsc/Views/Dialog/ExchangeCDKey.js:10;src_jsc/Views/Dialog/FriendOperationDialog.js:10;src_jsc/Views/Dialog/GeneralTrainingResultDialog.js:10;src_jsc/Views/Dialog/GeneralTrainingResultDialog.js:138;src_jsc/Views/Dialog/GoldDrawDialog.js:11;src_jsc/Views/Dialog/InstructionDialog.js:11;src_jsc/Views/Dialog/JiFenDuiHuanDialog.js:32;src_jsc/Views/Dialog/LabourlDialog.js:32;src_jsc/Views/Dialog/MemorialDialog.js:32;src_jsc/Views/Dialog/MulitiFightDialog.js:11;src_jsc/Views/Dialog/MultiItemBuyDialog.js:10;src_jsc/Views/Dialog/MultiItemExchangeDialog.js:10;src_jsc/Views/Dialog/MysteryStoreDialog.js:30;src_jsc/Views/Dialog/PlantTreeDlg.js:32;src_jsc/Views/Dialog/PublicCopyDialog.js:32;src_jsc/Views/Dialog/PublicNotice.js:12;src_jsc/Views/Dialog/RandEvent.js:11;src_jsc/Views/Dialog/RefineEquipmentDialog.js:10;src_jsc/Views/Dialog/SelectOpenBoxNumDialog.js:10;src_jsc/Views/Dialog/SelectResolveNumDialog.js:10;src_jsc/Views/Dialog/SelectSgsChannelDialog.js:19;src_jsc/Views/Dialog/SkillUpDialog.js:666;src_jsc/Views/Dialog/SlotMachinesActivities.js:38;src_jsc/Views/Dialog/SpiritStoneDialog.js:32;src_jsc/Views/Dialog/Story.js:25;src_jsc/Views/Dialog/UnionActiveDialog.js:199;src_jsc/Views/Dialog/UnionActiveDialog.js:21;src_jsc/Views/Dialog/UnionDepotMemberDialog.js:218;src_jsc/Views/Dialog/UnionDepotMemberDialog.js:36;src_jsc/Views/Dialog/UnionDepotNumChooseDialog.js:22;src_jsc/Views/Dialog/UnionWarActivePromoteDialog.js:17;src_jsc/Views/Dialog/UnionWarBattleResultDialog.js:179;src_jsc/Views/Dialog/UnionWarBattleResultDialog.js:28;src_jsc/Views/Gems/AllGemsListDialog.js:10;src_jsc/Views/Gems/AllGemsListDialog.js:159;src_jsc/Views/Gems/GemsBagView.js:197;src_jsc/Views/Gems/GemsBagView.js:21;src_jsc/Views/Gems/GemsComposeView.js:16;src_jsc/Views/Gems/GemsEquipmentAdd.js:10;src_jsc/Views/Gems/GemsPunchView.js:79;src_jsc/Views/Gems/GemsSophisticationReplaceDialog.js:199;src_jsc/Views/Gems/GemsSophisticationReplaceDialog.js:21;src_jsc/Views/Gems/GemsSophisticationView.js:17;src_jsc/Views/GeneralCardShow.js:10;src_jsc/Views/GeneralPlayView.js:14;src_jsc/Views/GeneralSwapView.js:10;src_jsc/Views/Goddess/GoddessAchievementDialog.js:16;src_jsc/Views/Goddess/GoddessAchievementDialog.js:259;src_jsc/Views/Goddess/GoddessMainView.js:30;src_jsc/Views/Goddess/ThreeIconShowView.js:10;src_jsc/Views/HpProgressView.js:71;src_jsc/Views/HulaoBattle/GarrisonLayoutDialog.js:11;src_jsc/Views/HulaoBattle/HulaoBattleMainView.js:23;src_jsc/Views/HulaoBattle/HulaoBattleSelectDifficulty.js:27;src_jsc/Views/HulaoBattle/LightenLuckDialog.js:11;src_jsc/Views/HulaoBattle/LightenLuckDialog.js:183;src_jsc/Views/HungerLayer.js:13;src_jsc/Views/Icon/BaseIcon.js:28;src_jsc/Views/Icon/IconPackage.js:11;src_jsc/Views/Icon/IconStyleA.js:11;src_jsc/Views/InterService/InterServiceFightView.js:33;src_jsc/Views/InterService/InterServiceRegistrationView.js:20;src_jsc/Views/InterService/InterServiceRewardDialog.js:11;src_jsc/Views/InterService/InterServiceRewardPreviewDialog.js:15;src_jsc/Views/InterService/InterServiceWorshipView.js:11;src_jsc/Views/InterService/PointsExchangeView.js:11;src_jsc/Views/InterService/PointsRankDialog.js:155;src_jsc/Views/InterService/PointsRankDialog.js:23;src_jsc/Views/InterService/PopularityRewardView.js:200;src_jsc/Views/InterService/PopularityRewardView.js:22;src_jsc/Views/InterService/PromptFrameDialog.js:10;src_jsc/Views/ItemCell.js:14;src_jsc/Views/ItemShowList.js:194;src_jsc/Views/ItemShowList.js:25;src_jsc/Views/LoadingView.js:11;src_jsc/Views/MTipsListView.js:10;src_jsc/Views/MainMenuBtnView.js:11;src_jsc/Views/MainMenuView.js:136;src_jsc/Views/MainMenuView.js:14;src_jsc/Views/Meridians/AcupointListView.js:10;src_jsc/Views/Meridians/AcupointListView.js:97;src_jsc/Views/Meridians/DetailsListView.js:10;src_jsc/Views/Meridians/DetailsListView.js:127;src_jsc/Views/Meridians/MeridiansMainView.js:11;src_jsc/Views/Meridians/PracticeMeridiansMainView.js:11;src_jsc/Views/MiniTablePage.js:10;src_jsc/Views/MiracleWeapons/MiracleWeaponInforDialog.js:21;src_jsc/Views/MiracleWeapons/MiracleWeaponInforDialog.js:281;src_jsc/Views/MiracleWeapons/MiracleWeaponLayer.js:61;src_jsc/Views/MiracleWeapons/SelectMiracleWeaponLayer.js:23;src_jsc/Views/MiracleWeapons/SelectMiracleWeaponLayer.js:416;src_jsc/Views/MiracleWeapons/ThreeMiracleWeaponsShowLayer.js:12;src_jsc/Views/MultiPagesMenuView.js:10;src_jsc/Views/NotificationNode.js:10;src_jsc/Views/PlayerInfoBannerView.js:11;src_jsc/Views/PlayerInfoBannerView.js:111;src_jsc/Views/PlayerInfoBannerView.js:248;src_jsc/Views/PlayerInfoBannerView.js:357;src_jsc/Views/ProgressTimer/BlueProgressTimer.js:10;src_jsc/Views/ProgressTimer/NormalProgressTimer.js:10;src_jsc/Views/QuickFight.js:11;src_jsc/Views/ReincarnationView.js:10;src_jsc/Views/ReplaceCardList.js:10;src_jsc/Views/ReplaceCardPanel.js:10;src_jsc/Views/RoundClippingNode.js:13;src_jsc/Views/SceneTitleView.js:10;src_jsc/Views/ServerSelectView.js:214;src_jsc/Views/ShowTeamView.js:602;src_jsc/Views/SkillCompoundView.js:10;src_jsc/Views/SkillPieceIconShow.js:10;src_jsc/Views/SkillRefining/RefiningSkillDialog.js:10;src_jsc/Views/SkillRefining/SkillRefiningLayer.js:28;src_jsc/Views/SkillSpecView.js:11;src_jsc/Views/SortController.js:10;src_jsc/Views/SpeakerView.js:10;src_jsc/Views/SplitLabelTTF.js:10;src_jsc/Views/SpriteClippingNode.js:12;src_jsc/Views/Table/BaseTableView.js:14;src_jsc/Views/Table/Cell/AgaHeadTableViewCell.js:14;src_jsc/Views/Table/Cell/AvoidWarTableViewCell.js:14;src_jsc/Views/Table/Cell/BaseCcbCell.js:14;src_jsc/Views/Table/Cell/BaseCell.js:14;src_jsc/Views/Table/Cell/ChaosTableViewCell.js:14;src_jsc/Views/Table/Cell/ChargeItemCell.js:14;src_jsc/Views/Table/Cell/ChatContentCell.js:14;src_jsc/Views/Table/Cell/ClimbLadderTableViewCell.js:45;src_jsc/Views/Table/Cell/LadderChartTableViewCell.js:14;src_jsc/Views/Table/Cell/MailTableViewCell.js:14;src_jsc/Views/Table/Cell/RankTableViewCell.js:34;src_jsc/Views/Table/Cell/SkillPieceTableViewCell.js:14;src_jsc/Views/Table/Cell/SocialTableViewCell.js:14;src_jsc/Views/Table/Cell/TeamQueueTeamCell.js:14;src_jsc/Views/Table/MenuTableView.js:14;src_jsc/Views/Table/UnionLogTableView.js:74;src_jsc/Views/Table/UnionWarFlowChartTableView.js:14;src_jsc/Views/TablePageView.js:10;src_jsc/Views/TableViewCellButton.js:10;src_jsc/Views/TeamCntPopView.js:10;src_jsc/Views/TeamGeneralFightAndStrikeView.js:10;src_jsc/Views/TeamIconButton.js:10;src_jsc/Views/TextProgressView.js:13;src_jsc/Views/Union/UnionBaseLayer.js:11;src_jsc/Views/Union/UnionDepotLayer.js:190;src_jsc/Views/Union/UnionDepotLayer.js:20;src_jsc/Views/Union/UnionMemberLayer.js:318;src_jsc/Views/Union/UnionMemberLayer.js:32;src_jsc/Views/Union/UnionMemberManageDialog.js:38;src_jsc/Views/Union/UnionMembershipLayer.js:198;src_jsc/Views/Union/UnionMembershipLayer.js:22;src_jsc/Views/Union/UnionRankingLayer.js:22;src_jsc/Views/Union/UnionRankingLayer.js:251;src_jsc/Views/Union/UnionShopLayer.js:214;src_jsc/Views/Union/UnionShopLayer.js:23;src_jsc/Views/UnionWarBattleView.js:10;src_jsc/Views/UnionWarFightView.js:10;src_jsc/Views/UnionWarPlayerHeadFightView.js:10;src_jsc/Views/UnionWarPlayerHeadView.js:10;src_jsc/Views/UpgradeCard/BaseUpgradeCard.js:10;src_jsc/Views/UpgradeCard/CardAwakeInfoView.js:24;src_jsc/Views/UpgradeCard/CardAwakeView.js:10;src_jsc/Views/UpgradeGuideInMainView.js:16;src_jsc/Views/UserLevelUp.js:10;src_jsc/Views/VipCell.js:15;src_jsc/Views/WorshipCardAdd.js:10;src_jsc/Views/WorshipDescView.js:10;src_jsc/Views/WorshipInfoView.js:10;src_jsc/Views/WorshipWinePopNode.js:14;src_jsc/Views/WorshipWinePopNode.js:235,unknown,unknown,unknown,unknown,unknown,unknown,candidate observed statically; scene reachability unverified,stock Cocos/JSB binding or project JS; exact binding not resolved,UNRESOLVED,Recovered/native_api_inventory.json member_uses; reconstructed JS is approximate,not yet selected,not run
js_member_candidate,cc.base,cc,unknown; resolve against recorded oracle symbol dump,src_jsc/Core/Cocos2d-x/jsb_cocos2d.js:755;src_jsc/Core/Cocos2d-x/jsb_cocos2d.js:791,unknown,unknown,unknown,unknown,unknown,unknown,candidate observed statically; scene reachability unverified,stock Cocos/JSB binding or project JS; exact binding not resolved,UNRESOLVED,Recovered/native_api_inventory.json member_uses; reconstructed JS is approximate,not yet selected,not run
js_member_candidate,cc.black,cc,unknown; resolve against recorded oracle symbol dump,src_jsc/Core/Cocos2d-x/jsb_cocos2d.js:282,unknown,unknown,unknown,unknown,unknown,unknown,candidate observed statically; scene reachability unverified,stock Cocos/JSB binding or project JS; exact binding not resolved,UNRESOLVED,Recovered/native_api_inventory.json member_uses; reconstructed JS is approximate,not yet selected,not run
js_member_candidate,cc.blue,cc,unknown; resolve against recorded oracle symbol dump,src_jsc/Core/Cocos2d-x/jsb_cocos2d.js:262,unknown,unknown,unknown,unknown,unknown,unknown,candidate observed statically; scene reachability unverified,stock Cocos/JSB binding or project JS; exact binding not resolved,UNRESOLVED,Recovered/native_api_inventory.json member_uses; reconstructed JS is approximate,not yet selected,not run
js_member_candidate,cc.c3BEqual,cc,unknown; resolve against recorded oracle symbol dump,src_jsc/Core/Cocos2d-x/jsb_cocos2d.js:247,unknown,unknown,unknown,unknown,unknown,unknown,candidate observed statically; scene reachability unverified,stock Cocos/JSB binding or project JS; exact binding not resolved,UNRESOLVED,Recovered/native_api_inventory.json member_uses; reconstructed JS is approximate,not yet selected,not run
js_member_candidate,cc.c3b,cc,unknown; resolve against recorded oracle symbol dump,data_cn_jsc/art/sgs_config_ttf.js:10;data_cn_jsc/art/sgs_config_ttf.js:102;data_cn_jsc/art/sgs_config_ttf.js:104;data_cn_jsc/art/sgs_config_ttf.js:107;data_cn_jsc/art/sgs_config_ttf.js:111;data_cn_jsc/art/sgs_config_ttf.js:114;data_cn_jsc/art/sgs_config_ttf.js:118;data_cn_jsc/art/sgs_config_ttf.js:121;data_cn_jsc/art/sgs_config_ttf.js:125;data_cn_jsc/art/sgs_config_ttf.js:128;data_cn_jsc/art/sgs_config_ttf.js:13;data_cn_jsc/art/sgs_config_ttf.js:132;data_cn_jsc/art/sgs_config_ttf.js:135;data_cn_jsc/art/sgs_config_ttf.js:139;data_cn_jsc/art/sgs_config_ttf.js:146;data_cn_jsc/art/sgs_config_ttf.js:149;data_cn_jsc/art/sgs_config_ttf.js:15;data_cn_jsc/art/sgs_config_ttf.js:152;data_cn_jsc/art/sgs_config_ttf.js:153;data_cn_jsc/art/sgs_config_ttf.js:154;data_cn_jsc/art/sgs_config_ttf.js:156;data_cn_jsc/art/sgs_config_ttf.js:159;data_cn_jsc/art/sgs_config_ttf.js:163;data_cn_jsc/art/sgs_config_ttf.js:166;data_cn_jsc/art/sgs_config_ttf.js:170;data_cn_jsc/art/sgs_config_ttf.js:173;data_cn_jsc/art/sgs_config_ttf.js:176;data_cn_jsc/art/sgs_config_ttf.js:178;data_cn_jsc/art/sgs_config_ttf.js:18;data_cn_jsc/art/sgs_config_ttf.js:181;data_cn_jsc/art/sgs_config_ttf.js:185;data_cn_jsc/art/sgs_config_ttf.js:188;data_cn_jsc/art/sgs_config_ttf.js:192;data_cn_jsc/art/sgs_config_ttf.js:195;data_cn_jsc/art/sgs_config_ttf.js:199;data_cn_jsc/art/sgs_config_ttf.js:202;data_cn_jsc/art/sgs_config_ttf.js:206;data_cn_jsc/art/sgs_config_ttf.js:209;data_cn_jsc/art/sgs_config_ttf.js:213;data_cn_jsc/art/sgs_config_ttf.js:216;data_cn_jsc/art/sgs_config_ttf.js:22;data_cn_jsc/art/sgs_config_ttf.js:220;data_cn_jsc/art/sgs_config_ttf.js:223;data_cn_jsc/art/sgs_config_ttf.js:227;data_cn_jsc/art/sgs_config_ttf.js:230;data_cn_jsc/art/sgs_config_ttf.js:234;data_cn_jsc/art/sgs_config_ttf.js:237;data_cn_jsc/art/sgs_config_ttf.js:241;data_cn_jsc/art/sgs_config_ttf.js:244;data_cn_jsc/art/sgs_config_ttf.js:248;data_cn_jsc/art/sgs_config_ttf.js:25;data_cn_jsc/art/sgs_config_ttf.js:251;data_cn_jsc/art/sgs_config_ttf.js:255;data_cn_jsc/art/sgs_config_ttf.js:258;data_cn_jsc/art/sgs_config_ttf.js:261;data_cn_jsc/art/sgs_config_ttf.js:263;data_cn_jsc/art/sgs_config_ttf.js:266;data_cn_jsc/art/sgs_config_ttf.js:270;data_cn_jsc/art/sgs_config_ttf.js:273;data_cn_jsc/art/sgs_config_ttf.js:276;data_cn_jsc/art/sgs_config_ttf.js:278;data_cn_jsc/art/sgs_config_ttf.js:28;data_cn_jsc/art/sgs_config_ttf.js:281;data_cn_jsc/art/sgs_config_ttf.js:285;data_cn_jsc/art/sgs_config_ttf.js:288;data_cn_jsc/art/sgs_config_ttf.js:29;data_cn_jsc/art/sgs_config_ttf.js:291;data_cn_jsc/art/sgs_config_ttf.js:292;data_cn_jsc/art/sgs_config_ttf.js:293;data_cn_jsc/art/sgs_config_ttf.js:295;data_cn_jsc/art/sgs_config_ttf.js:298;data_cn_jsc/art/sgs_config_ttf.js:301;data_cn_jsc/art/sgs_config_ttf.js:302;data_cn_jsc/art/sgs_config_ttf.js:303;data_cn_jsc/art/sgs_config_ttf.js:305;data_cn_jsc/art/sgs_config_ttf.js:308;data_cn_jsc/art/sgs_config_ttf.js:31;data_cn_jsc/art/sgs_config_ttf.js:312;data_cn_jsc/art/sgs_config_ttf.js:315;data_cn_jsc/art/sgs_config_ttf.js:319;data_cn_jsc/art/sgs_config_ttf.js:322;data_cn_jsc/art/sgs_config_ttf.js:325;data_cn_jsc/art/sgs_config_ttf.js:326;data_cn_jsc/art/sgs_config_ttf.js:327;data_cn_jsc/art/sgs_config_ttf.js:329;data_cn_jsc/art/sgs_config_ttf.js:332;data_cn_jsc/art/sgs_config_ttf.js:336;data_cn_jsc/art/sgs_config_ttf.js:339;data_cn_jsc/art/sgs_config_ttf.js:343;data_cn_jsc/art/sgs_config_ttf.js:350;data_cn_jsc/art/sgs_config_ttf.js:353;data_cn_jsc/art/sgs_config_ttf.js:357;data_cn_jsc/art/sgs_config_ttf.js:360;data_cn_jsc/art/sgs_config_ttf.js:364;data_cn_jsc/art/sgs_config_ttf.js:367;data_cn_jsc/art/sgs_config_ttf.js:37;data_cn_jsc/art/sgs_config_ttf.js:370;data_cn_jsc/art/sgs_config_ttf.js:372;data_cn_jsc/art/sgs_config_ttf.js:375;data_cn_jsc/art/sgs_config_ttf.js:379;data_cn_jsc/art/sgs_config_ttf.js:382;data_cn_jsc/art/sgs_config_ttf.js:386;data_cn_jsc/art/sgs_config_ttf.js:389;data_cn_jsc/art/sgs_config_ttf.js:39;data_cn_jsc/art/sgs_config_ttf.js:393;data_cn_jsc/art/sgs_config_ttf.js:396;data_cn_jsc/art/sgs_config_ttf.js:400;data_cn_jsc/art/sgs_config_ttf.js:403;data_cn_jsc/art/sgs_config_ttf.js:407;data_cn_jsc/art/sgs_config_ttf.js:410;data_cn_jsc/art/sgs_config_ttf.js:414;data_cn_jsc/art/sgs_config_ttf.js:421;data_cn_jsc/art/sgs_config_ttf.js:428;data_cn_jsc/art/sgs_config_ttf.js:431;data_cn_jsc/art/sgs_config_ttf.js:435;data_cn_jsc/art/sgs_config_ttf.js:442;data_cn_jsc/art/sgs_config_ttf.js:445;data_cn_jsc/art/sgs_config_ttf.js:449;data_cn_jsc/art/sgs_config_ttf.js:452;data_cn_jsc/art/sgs_config_ttf.js:456;data_cn_jsc/art/sgs_config_ttf.js:459;data_cn_jsc/art/sgs_config_ttf.js:46;data_cn_jsc/art/sgs_config_ttf.js:463;data_cn_jsc/art/sgs_config_ttf.js:466;data_cn_jsc/art/sgs_config_ttf.js:470;data_cn_jsc/art/sgs_config_ttf.js:473;data_cn_jsc/art/sgs_config_ttf.js:477;data_cn_jsc/art/sgs_config_ttf.js:480;data_cn_jsc/art/sgs_config_ttf.js:49;data_cn_jsc/art/sgs_config_ttf.js:53;data_cn_jsc/art/sgs_config_ttf.js:56;data_cn_jsc/art/sgs_config_ttf.js:60;data_cn_jsc/art/sgs_config_ttf.js:63;data_cn_jsc/art/sgs_config_ttf.js:66;data_cn_jsc/art/sgs_config_ttf.js:67;data_cn_jsc/art/sgs_config_ttf.js:68;data_cn_jsc/art/sgs_config_ttf.js:69;data_cn_jsc/art/sgs_config_ttf.js:7;data_cn_jsc/art/sgs_config_ttf.js:71;data_cn_jsc/art/sgs_config_ttf.js:74;data_cn_jsc/art/sgs_config_ttf.js:77;data_cn_jsc/art/sgs_config_ttf.js:78;data_cn_jsc/art/sgs_config_ttf.js:79;data_cn_jsc/art/sgs_config_ttf.js:81;data_cn_jsc/art/sgs_config_ttf.js:84;data_cn_jsc/art/sgs_config_ttf.js:87;data_cn_jsc/art/sgs_config_ttf.js:89;data_cn_jsc/art/sgs_config_ttf.js:92;data_cn_jsc/art/sgs_config_ttf.js:96;data_cn_jsc/art/sgs_config_ttf.js:99;src_jsc/Cfg/Font.js:12;src_jsc/Cfg/Font.js:16;src_jsc/Cfg/Font.js:19;src_jsc/Cfg/Font.js:23;src_jsc/Cfg/Font.js:26;src_jsc/Cfg/Font.js:30;src_jsc/Cfg/Font.js:33;src_jsc/Cfg/Font.js:37;src_jsc/Cfg/Font.js:40;src_jsc/Cfg/Font.js:44;src_jsc/Cfg/Font.js:47;src_jsc/Cfg/Font.js:50;src_jsc/Cfg/Font.js:51;src_jsc/Cfg/Font.js:7;src_jsc/Core/Cocos2d-x/jsb_cocos2d.js:189;src_jsc/Core/Cocos2d-x/jsb_cocos2d.js:199;src_jsc/Core/Cocos2d-x/jsb_cocos2d.js:254;src_jsc/Core/Cocos2d-x/jsb_cocos2d.js:259;src_jsc/Core/Cocos2d-x/jsb_cocos2d.js:264;src_jsc/Core/Cocos2d-x/jsb_cocos2d.js:269;src_jsc/Core/Cocos2d-x/jsb_cocos2d.js:274;src_jsc/Core/Cocos2d-x/jsb_cocos2d.js:279;src_jsc/Core/Cocos2d-x/jsb_cocos2d.js:284;src_jsc/Core/Cocos2d-x/jsb_cocos2d.js:289;src_jsc/Core/Cocos2d-x/jsb_cocos2d.js:294;src_jsc/Scene/Debug/DebugScene.js:328;src_jsc/Scene/Debug/DebugScene.js:330;src_jsc/Scene/Fight/FightScene.js:934;src_jsc/Scene/Fight/FightScene.js:937;src_jsc/Scene/Fight/FightScene.js:958;src_jsc/Scene/Login/LoginScene_AnySdk.js:550;src_jsc/Scene/Login/LoginScene_AnySdk.js:552;src_jsc/Scene/Login/LoginScene_AnySdk.js:586;src_jsc/Scene/Login/LoginScene_AnySdk.js:588;src_jsc/Scene/Login/LoginScene_BfSdk.js:410;src_jsc/Scene/Login/LoginScene_BfSdk.js:412;src_jsc/Scene/Login/LoginScene_BfSdk.js:446;src_jsc/Scene/Login/LoginScene_BfSdk.js:448;src_jsc/Scene/Login/LoginScene_BfSdk.js:851;src_jsc/Scene/Login/LoginScene_BfSdk.js:853;src_jsc/Scene/Login/LoginScene_BfSdk.js:887;src_jsc/Scene/Login/LoginScene_BfSdk.js:889;src_jsc/Scene/Social/SocialView.js:70;src_jsc/Scene/Social/SocialView.js:72;src_jsc/Skill/TemplateItem.js:72;src_jsc/Update/UpdateScene.js:129;src_jsc/Update/UpdateScene.js:131;src_jsc/Update/UpdateScene.js:139;src_jsc/Update/UpdateScene.js:141;src_jsc/Update/UpdateScene.js:183;src_jsc/Views/ChangeName.js:25;src_jsc/Views/ChangeName.js:29;src_jsc/Views/ChatContentLayer.js:119;src_jsc/Views/ChatContentLayer.js:127;src_jsc/Views/Dialog/BindingDialog.js:46;src_jsc/Views/Dialog/BindingDialog.js:48;src_jsc/Views/Dialog/BindingDialog.js:82;src_jsc/Views/Dialog/BindingDialog.js:84;src_jsc/Views/Dialog/BindingTelDialog.js:40;src_jsc/Views/Dialog/BindingTelDialog.js:42;src_jsc/Views/Dialog/BindingTelDialog.js:76;src_jsc/Views/Dialog/BindingTelDialog.js:78;src_jsc/Views/Dialog/EquipmentStrengthenDialog.js:331;src_jsc/Views/Dialog/EquipmentStrengthenDialog.js:339;src_jsc/Views/Dialog/EquipmentStrengthenDialog.js:347;src_jsc/Views/Dialog/ErrorDialog.js:40;src_jsc/Views/Dialog/IdCardBindingDialog.js:50;src_jsc/Views/Dialog/IdCardBindingDialog.js:52;src_jsc/Views/Dialog/IdCardBindingDialog.js:86;src_jsc/Views/Dialog/IdCardBindingDialog.js:88;src_jsc/Views/Dialog/SendMessageDialog.js:64;src_jsc/Views/Dialog/SendMessageDialog.js:76;src_jsc/Views/Dialog/SpecificDialog.js:732;src_jsc/Views/Dialog/SpecificDialog.js:734;src_jsc/Views/Dialog/SpecificDialog.js:924;src_jsc/Views/Dialog/SpecificDialog.js:926;src_jsc/Views/Dialog/UnionChgNoticeSignDialog.js:61;src_jsc/Views/Dialog/UnionChgNoticeSignDialog.js:63;src_jsc/Views/Dialog/VerificationTelDialog.js:40;src_jsc/Views/Dialog/VerificationTelDialog.js:42;src_jsc/Views/Dialog/VerificationTelDialog.js:76;src_jsc/Views/Dialog/VerificationTelDialog.js:78;src_jsc/Views/Mgr.js:1231;src_jsc/Views/Union/UnionCreate.js:56;src_jsc/Views/Union/UnionCreate.js:58;src_jsc/Views/Union/UnionCreate.js:85;src_jsc/Views/Union/UnionCreate.js:87;src_jsc/Views/Union/UnionSearch.js:122;src_jsc/Views/Union/UnionSearch.js:124,unknown,unknown,unknown,unknown,unknown,unknown,candidate observed statically; scene reachability unverified,stock Cocos/JSB binding or project JS; exact binding not resolved,UNRESOLVED,Recovered/native_api_inventory.json member_uses; reconstructed JS is approximate,not yet selected,not run
js_member_candidate,cc.c4,cc,unknown; resolve against recorded oracle symbol dump,src_jsc/Core/Cocos2d-x/jsb_cocos2d.js:315,unknown,unknown,unknown,unknown,unknown,unknown,candidate observed statically; scene reachability unverified,stock Cocos/JSB binding or project JS; exact binding not resolved,UNRESOLVED,Recovered/native_api_inventory.json member_uses; reconstructed JS is approximate,not yet selected,not run
js_member_candidate,cc.c4BFromccc4F,cc,unknown; resolve against recorded oracle symbol dump,src_jsc/Core/Cocos2d-x/jsb_cocos2d.js:334,unknown,unknown,unknown,unknown,unknown,unknown,candidate observed statically; scene reachability unverified,stock Cocos/JSB binding or project JS; exact binding not resolved,UNRESOLVED,Recovered/native_api_inventory.json member_uses; reconstructed JS is approximate,not yet selected,not run
js_member_candidate,cc.c4FEqual,cc,unknown; resolve against recorded oracle symbol dump,src_jsc/Core/Cocos2d-x/jsb_cocos2d.js:339,unknown,unknown,unknown,unknown,unknown,unknown,candidate observed statically; scene reachability unverified,stock Cocos/JSB binding or project JS; exact binding not resolved,UNRESOLVED,Recovered/native_api_inventory.json member_uses; reconstructed JS is approximate,not yet selected,not run
js_member_candidate,cc.c4FFromccc3B,cc,unknown; resolve against recorded oracle symbol dump,src_jsc/Core/Cocos2d-x/jsb_cocos2d.js:324,unknown,unknown,unknown,unknown,unknown,unknown,candidate observed statically; scene reachability unverified,stock Cocos/JSB binding or project JS; exact binding not resolved,UNRESOLVED,Recovered/native_api_inventory.json member_uses; reconstructed JS is approximate,not yet selected,not run
js_member_candidate,cc.c4FFromccc4B,cc,unknown; resolve against recorded oracle symbol dump,src_jsc/Core/Cocos2d-x/jsb_cocos2d.js:329,unknown,unknown,unknown,unknown,unknown,unknown,candidate observed statically; scene reachability unverified,stock Cocos/JSB binding or project JS; exact binding not resolved,UNRESOLVED,Recovered/native_api_inventory.json member_uses; reconstructed JS is approximate,not yet selected,not run
js_member_candidate,cc.c4b,cc,unknown; resolve against recorded oracle symbol dump,src_jsc/Core/Cocos2d-x/jsb_cocos2d.js:297;src_jsc/Core/Cocos2d-x/jsb_cocos2d.js:315;src_jsc/Factorys/Skill/Item/Item.js:852;src_jsc/Scene/Fight/FightScene.js:312;src_jsc/Scene/Fight/FightScene.js:439;src_jsc/Scene/Fight/FightScene.js:451;src_jsc/Scene/UnionWar/UnionWarBattleScene.js:45;src_jsc/Scene/UnionWar/UnionWarChangeFormationScene.js:44;src_jsc/Scene/UnionWar/UnionWarFightScene.js:227;src_jsc/Scene/UnionWar/UnionWarFightScene.js:56;src_jsc/Views/Dialog/Dialog.js:231;src_jsc/Views/Dialog/Story.js:38;src_jsc/Views/HDShowViews.js:17,unknown,unknown,unknown,unknown,unknown,unknown,candidate observed statically; scene reachability unverified,stock Cocos/JSB binding or project JS; exact binding not resolved,UNRESOLVED,Recovered/native_api_inventory.json member_uses; reconstructed JS is approximate,not yet selected,not run
js_member_candidate,cc.c4f,cc,unknown; resolve against recorded oracle symbol dump,src_jsc/Core/Cocos2d-x/jsb_cocos2d.js:319;src_jsc/Core/Cocos2d-x/jsb_cocos2d.js:326;src_jsc/Core/Cocos2d-x/jsb_cocos2d.js:331;src_jsc/Core/Cocos2d-x/jsb_cocos2d.js:336;src_jsc/Factorys/Skill/Item/Item.js:553;src_jsc/Scene/Fight/FightScene.js:292;src_jsc/Scene/Fight/FightScene.js:302;src_jsc/Utils/Node.js:160;src_jsc/Utils/Node.js:162;src_jsc/Utils/Node.js:196;src_jsc/Utils/Node.js:198;src_jsc/Views/RoundClippingNode.js:25,unknown,unknown,unknown,unknown,unknown,unknown,candidate observed statically; scene reachability unverified,stock Cocos/JSB binding or project JS; exact binding not resolved,UNRESOLVED,Recovered/native_api_inventory.json member_uses; reconstructed JS is approximate,not yet selected,not run
js_member_candidate,cc.convertColor3BtoHexString,cc,unknown; resolve against recorded oracle symbol dump,src_jsc/Core/Cocos2d-x/jsb_cocos2d.js:344,unknown,unknown,unknown,unknown,unknown,unknown,candidate observed statically; scene reachability unverified,stock Cocos/JSB binding or project JS; exact binding not resolved,UNRESOLVED,Recovered/native_api_inventory.json member_uses; reconstructed JS is approximate,not yet selected,not run
js_member_candidate,cc.dump,cc,unknown; resolve against recorded oracle symbol dump,src_jsc/Core/Cocos2d-x/jsb_cocos2d.js:667;src_jsc/Core/Cocos2d-x/jsb_cocos2d.js:680;src_jsc/Core/Cocos2d-x/jsb_cocos2d.js:682;src_jsc/Core/Debug/headers.js:22,unknown,unknown,unknown,unknown,unknown,unknown,candidate observed statically; scene reachability unverified,stock Cocos/JSB binding or project JS; exact binding not resolved,UNRESOLVED,Recovered/native_api_inventory.json member_uses; reconstructed JS is approximate,not yet selected,not run
js_member_candidate,cc.dumpConfig,cc,unknown; resolve against recorded oracle symbol dump,src_jsc/Core/Cocos2d-x/jsb_cocos2d.js:677,unknown,unknown,unknown,unknown,unknown,unknown,candidate observed statically; scene reachability unverified,stock Cocos/JSB binding or project JS; exact binding not resolved,UNRESOLVED,Recovered/native_api_inventory.json member_uses; reconstructed JS is approximate,not yet selected,not run
js_member_candidate,cc.gray,cc,unknown; resolve against recorded oracle symbol dump,src_jsc/Core/Cocos2d-x/jsb_cocos2d.js:292,unknown,unknown,unknown,unknown,unknown,unknown,candidate observed statically; scene reachability unverified,stock Cocos/JSB binding or project JS; exact binding not resolved,UNRESOLVED,Recovered/native_api_inventory.json member_uses; reconstructed JS is approximate,not yet selected,not run
js_member_candidate,cc.green,cc,unknown; resolve against recorded oracle symbol dump,src_jsc/Core/Cocos2d-x/jsb_cocos2d.js:267,unknown,unknown,unknown,unknown,unknown,unknown,candidate observed statically; scene reachability unverified,stock Cocos/JSB binding or project JS; exact binding not resolved,UNRESOLVED,Recovered/native_api_inventory.json member_uses; reconstructed JS is approximate,not yet selected,not run
js_member_candidate,cc.inherits,cc,unknown; resolve against recorded oracle symbol dump,src_jsc/Core/Cocos2d-x/jsb_cocos2d.js:740,unknown,unknown,unknown,unknown,unknown,unknown,candidate observed statically; scene reachability unverified,stock Cocos/JSB binding or project JS; exact binding not resolved,UNRESOLVED,Recovered/native_api_inventory.json member_uses; reconstructed JS is approximate,not yet selected,not run
js_member_candidate,cc.integerToColor3B,cc,unknown; resolve against recorded oracle symbol dump,src_jsc/Core/Cocos2d-x/jsb_cocos2d.js:218,unknown,unknown,unknown,unknown,unknown,unknown,candidate observed statically; scene reachability unverified,stock Cocos/JSB binding or project JS; exact binding not resolved,UNRESOLVED,Recovered/native_api_inventory.json member_uses; reconstructed JS is approximate,not yet selected,not run
js_member_candidate,cc.log,cc,unknown; resolve against recorded oracle symbol dump,src_jsc/AnySdk/AnySdkCallback.js:119;src_jsc/AnySdk/AnySdkCallback.js:8;src_jsc/Cfg/Url.js:269;src_jsc/Core/Cocos2d-x/jsb_cocos2d.js:187;src_jsc/Core/Cocos2d-x/jsb_cocos2d.js:671;src_jsc/Core/Cocos2d-x/jsb_cocos2d_studio.js:457;src_jsc/Core/Cocos2d-x/jsb_cocos2d_studio.js:484;src_jsc/Core/Cocos2d-x/jsb_cocosbuilder.js:115;src_jsc/Core/Cocos2d-x/jsb_cocosbuilder.js:45;src_jsc/Core/Cocos2d-x/jsb_deprecated.js:14;src_jsc/Core/Cocos2d-x/main.debug.js:12;src_jsc/Core/Cocos2d-x/main.debug.js:17;src_jsc/Core/Debug/headers.js:12;src_jsc/Core/Debug/headers.js:16;src_jsc/Core/Debug/headers.js:19;src_jsc/Core/Debug/headers.js:25;src_jsc/Core/Debug/headers.js:8;src_jsc/Debug/Debug.js:101;src_jsc/Debug/Debug.js:112;src_jsc/Debug/Debug.js:123;src_jsc/Debug/Debug.js:137;src_jsc/Debug/Debug.js:148;src_jsc/Debug/Debug.js:91;src_jsc/Debug/Debug.js:96;src_jsc/Debug/Logger.js:108;src_jsc/Debug/Logger.js:72;src_jsc/Debug/Logger.js:86;src_jsc/Libs/CCExt.js:110;src_jsc/Libs/CCExt.js:40;src_jsc/Models/Fight/FightRoundList.js:32;src_jsc/Models/Mail.js:114;src_jsc/Scene/Achievement/AchievementScene.js:345;src_jsc/Scene/Debug/DebugScene.js:219;src_jsc/Scene/SubMenu/PartyMenuScene.js:834;src_jsc/Utils/headers.js:13;src_jsc/Views/ChangeName.js:63;src_jsc/Views/ChangeName.js:70;src_jsc/Views/ChangeName.js:72;src_jsc/Views/ChangeName.js:84;src_jsc/Views/ChangeName.js:91;src_jsc/Views/Dialog/UnionActiveDialog.js:277;src_jsc/Views/Dialog/UnionDepotMemberDialog.js:317;src_jsc/Views/Gems/GemsSophisticationReplaceDialog.js:326;src_jsc/Views/Table/ChargeItemTableView.js:180;src_jsc/Views/Table/ChargeItemTableView.js:57;src_jsc/Views/Union/UnionDepotLayer.js:306;src_jsc/Views/Union/UnionMemberLayer.js:536;src_jsc/Views/Union/UnionMembershipLayer.js:320;src_jsc/Views/Union/UnionRankingLayer.js:355;src_jsc/cfg.js:5;src_jsc/cfg.js:97;src_jsc/headers.js:56;src_jsc/headers.js:9;src_jsc/main.js:188;src_jsc/main.js:255;src_jsc/main.js:260;src_jsc/main.js:287;src_jsc/main.js:9,unknown,unknown,unknown,unknown,unknown,unknown,candidate observed statically; scene reachability unverified,stock Cocos/JSB binding or project JS; exact binding not resolved,UNRESOLVED,Recovered/native_api_inventory.json member_uses; reconstructed JS is approximate,not yet selected,not run
js_member_candidate,cc.magenta,cc,unknown; resolve against recorded oracle symbol dump,src_jsc/Core/Cocos2d-x/jsb_cocos2d.js:277,unknown,unknown,unknown,unknown,unknown,unknown,candidate observed statically; scene reachability unverified,stock Cocos/JSB binding or project JS; exact binding not resolved,UNRESOLVED,Recovered/native_api_inventory.json member_uses; reconstructed JS is approximate,not yet selected,not run
js_member_candidate,cc.orange,cc,unknown; resolve against recorded oracle symbol dump,src_jsc/Core/Cocos2d-x/jsb_cocos2d.js:287,unknown,unknown,unknown,unknown,unknown,unknown,candidate observed statically; scene reachability unverified,stock Cocos/JSB binding or project JS; exact binding not resolved,UNRESOLVED,Recovered/native_api_inventory.json member_uses; reconstructed JS is approximate,not yet selected,not run
js_member_candidate,cc.p,cc,unknown; resolve against recorded oracle symbol dump,src_jsc/Cfg/Btn.js:477;src_jsc/Cfg/Btn.js:485;src_jsc/Cfg/Guide.js:710;src_jsc/Cfg/Scene.js:13;src_jsc/Cfg/Scene.js:14;src_jsc/Cfg/Scene.js:15;src_jsc/Cfg/Scene.js:38;src_jsc/Cfg/Scene.js:39;src_jsc/Core/Cocos2d-x/jsb_chipmunk.js:9;src_jsc/Core/Cocos2d-x/jsb_cocos2d.js:358;src_jsc/Core/Cocos2d-x/jsb_cocos2d.js:388;src_jsc/Core/Cocos2d-x/jsb_cocos2d.js:540;src_jsc/Core/Cocos2d-x/jsb_cocos2d.js:541;src_jsc/Core/Cocos2d-x/jsb_cocos2d.js:542;src_jsc/Core/Cocos2d-x/jsb_cocos2d.js:543;src_jsc/Core/Cocos2d-x/jsb_cocos2d.js:544;src_jsc/Core/Cocos2d-x/jsb_cocos2d.js:545;src_jsc/Core/Cocos2d-x/jsb_cocos2d.js:546;src_jsc/Core/Cocos2d-x/jsb_cocos2d.js:547;src_jsc/Core/Cocos2d-x/jsb_cocos2d.js:548;src_jsc/Core/Cocos2d-x/jsb_cocos2d.js:906;src_jsc/Core/Cocos2d-x/jsb_cocos2d.js:907;src_jsc/Core/Cocos2d-x/jsb_cocos2d.js:908;src_jsc/Core/Cocos2d-x/jsb_cocos2d.js:909;src_jsc/Core/Cocos2d-x/jsb_cocos2d.js:910;src_jsc/Core/Cocos2d-x/jsb_cocos2d.js:911;src_jsc/Core/Cocos2d-x/jsb_cocos2d.js:912;src_jsc/Core/Cocos2d-x/jsb_cocos2d.js:913;src_jsc/Core/Cocos2d-x/jsb_cocos2d.js:914;src_jsc/Core/Constant.js:13;src_jsc/Core/Constant.js:15;src_jsc/Core/Constant.js:17;src_jsc/Core/Constant.js:19;src_jsc/Core/Constant.js:21;src_jsc/Core/Constant.js:23;src_jsc/Core/Constant.js:25;src_jsc/Core/Constant.js:27;src_jsc/Core/Constant.js:29;src_jsc/Core/Constant.js:33;src_jsc/Core/Constant.js:35;src_jsc/Core/Constant.js:37;src_jsc/Core/Constant.js:39;src_jsc/Core/Constant.js:41;src_jsc/Core/Constant.js:43;src_jsc/Core/Constant.js:45;src_jsc/Core/Constant.js:47;src_jsc/Core/Utils/headers.js:102;src_jsc/Core/Utils/headers.js:106;src_jsc/Core/Utils/headers.js:110;src_jsc/Core/Utils/headers.js:129;src_jsc/Core/Utils/headers.js:14;src_jsc/Core/Utils/headers.js:24;src_jsc/Core/Utils/headers.js:28;src_jsc/Core/Utils/headers.js:32;src_jsc/Core/Utils/headers.js:36;src_jsc/Core/Utils/headers.js:40;src_jsc/Core/Utils/headers.js:44;src_jsc/Core/Utils/headers.js:48;src_jsc/Core/Utils/headers.js:52;src_jsc/Core/Utils/headers.js:56;src_jsc/Core/Utils/headers.js:70;src_jsc/Core/Utils/headers.js:78;src_jsc/Core/Utils/headers.js:82;src_jsc/Core/Utils/headers.js:86;src_jsc/Core/Utils/headers.js:90;src_jsc/Core/Utils/headers.js:94;src_jsc/Core/Utils/headers.js:98;src_jsc/Factorys/LabelBMFont.js:54;src_jsc/Factorys/LabelBMFont.js:68;src_jsc/Factorys/LabelBMFont.js:75;src_jsc/Factorys/LabelBMFont.js:81;src_jsc/Factorys/Skill/Item/Item.js:549;src_jsc/Factorys/Skill/Item/Timeline.js:374;src_jsc/Factorys/Skill/Item/Timeline.js:423;src_jsc/Factorys/Skill/Item/Timeline.js:429;src_jsc/Factorys/Skill/Item/Timeline.js:444;src_jsc/Factorys/Skill/Item/Timeline.js:459;src_jsc/Guide/GuideStepPlugin.js:127;src_jsc/Models/Chat.js:102;src_jsc/Models/Chat.js:104;src_jsc/Models/Chat.js:114;src_jsc/Models/Chat.js:116;src_jsc/Models/Chat.js:134;src_jsc/Models/Chat.js:136;src_jsc/Models/Dungeon.js:110;src_jsc/Models/Dungeon.js:116;src_jsc/Models/Dungeon.js:118;src_jsc/Models/Dungeon.js:135;src_jsc/Models/Dungeon.js:137;src_jsc/Models/Dungeon.js:160;src_jsc/Models/Dungeon.js:162;src_jsc/Models/Dungeon.js:222;src_jsc/Models/Dungeon.js:250;src_jsc/Models/Dungeon.js:264;src_jsc/Models/Dungeon.js:278;src_jsc/Models/Dungeon.js:290;src_jsc/Models/Dungeon.js:318;src_jsc/Models/Dungeon.js:320;src_jsc/Models/Dungeon.js:322;src_jsc/Models/Dungeon.js:326;src_jsc/Models/Dungeon.js:328;src_jsc/Models/Dungeon.js:332;src_jsc/Models/General.js:980;src_jsc/Models/Resource.js:186;src_jsc/Models/Resource.js:42;src_jsc/Models/Resource.js:51;src_jsc/Models/TreasureBox.js:145;src_jsc/Models/TreasureBox.js:168;src_jsc/Models/TreasureBox.js:182;src_jsc/Models/TreasureBox.js:196;src_jsc/Models/TreasureBox.js:208;src_jsc/Models/TreasureBox.js:227;src_jsc/Models/TreasureBox.js:229;src_jsc/Models/TreasureBox.js:237;src_jsc/Models/TreasureBox.js:54;src_jsc/Models/TreasureBox.js:56;src_jsc/Models/TreasureBox.js:96;src_jsc/Scene/Achievement/AchievementScene.js:165;src_jsc/Scene/Achievement/AchievementScene.js:301;src_jsc/Scene/Achievement/AchievementScene.js:470;src_jsc/Scene/Achievement/AchievementScene.js:71;src_jsc/Scene/Aga/AgaScene.js:1272;src_jsc/Scene/Aga/AgaScene.js:1276;src_jsc/Scene/Aga/AgaScene.js:1278;src_jsc/Scene/Aga/AgaScene.js:1286;src_jsc/Scene/Aga/AgaScene.js:1288;src_jsc/Scene/Aga/AgaScene.js:1299;src_jsc/Scene/Aga/AgaScene.js:1301;src_jsc/Scene/Aga/AgaScene.js:1313;src_jsc/Scene/Aga/AgaScene.js:1315;src_jsc/Scene/Aga/AgaScene.js:1331;src_jsc/Scene/Aga/AgaScene.js:1333;src_jsc/Scene/Aga/AgaScene.js:162;src_jsc/Scene/Aga/AgaScene.js:166;src_jsc/Scene/Aga/AgaScene.js:305;src_jsc/Scene/Aga/AgaScene.js:390;src_jsc/Scene/Aga/AgaScene.js:396;src_jsc/Scene/Aga/AgaScene.js:398;src_jsc/Scene/Aga/AgaScene.js:424;src_jsc/Scene/Aga/AgaScene.js:48;src_jsc/Scene/Aga/AgaScene.js:497;src_jsc/Scene/Aga/AgaScene.js:501;src_jsc/Scene/Aga/AgaScene.js:54;src_jsc/Scene/Aga/AgaScene.js:56;src_jsc/Scene/Aga/AgaScene.js:775;src_jsc/Scene/Aga/AgaScene.js:781;src_jsc/Scene/Aga/AgaScene.js:783;src_jsc/Scene/Aga/AgaScene.js:805;src_jsc/Scene/Aga/AgaScene.js:919;src_jsc/Scene/Aga/AgaScene.js:923;src_jsc/Scene/Awake/AwakeBoxScene.js:23;src_jsc/Scene/Awake/AwakeBoxView.js:117;src_jsc/Scene/Awake/AwakeBoxView.js:123;src_jsc/Scene/Awake/AwakeBoxView.js:127;src_jsc/Scene/Awake/AwakeBoxView.js:131;src_jsc/Scene/Awake/AwakeBoxView.js:135;src_jsc/Scene/Awake/AwakeBoxView.js:139;src_jsc/Scene/Awake/AwakeBoxView.js:143;src_jsc/Scene/Awake/AwakeBoxView.js:147;src_jsc/Scene/Awake/AwakeBoxView.js:149;src_jsc/Scene/Awake/AwakeBoxView.js:369;src_jsc/Scene/Awake/AwakeBoxView.js:388;src_jsc/Scene/Awake/AwakeBoxView.js:506;src_jsc/Scene/Awake/AwakeBoxView.js:523;src_jsc/Scene/Awake/AwakeBoxView.js:530;src_jsc/Scene/Awake/AwakeBoxView.js:541;src_jsc/Scene/Awake/AwakeBoxView.js:554;src_jsc/Scene/Awake/AwakeBoxView.js:612;src_jsc/Scene/Awake/AwakeBoxView.js:631;src_jsc/Scene/Awake/AwakeBoxView.js:656;src_jsc/Scene/Awake/AwakeBoxView.js:658;src_jsc/Scene/Awake/AwakeBoxView.js:660;src_jsc/Scene/Awake/AwakeBoxView.js:67;src_jsc/Scene/Awake/AwakeBoxView.js:69;src_jsc/Scene/Awake/AwakeBoxView.js:702;src_jsc/Scene/Awake/AwakeBoxView.js:703;src_jsc/Scene/Awake/AwakeBoxView.js:704;src_jsc/Scene/Awake/AwakeBoxView.js:705;src_jsc/Scene/Awake/AwakeBoxView.js:706;src_jsc/Scene/Awake/AwakeBoxView.js:707;src_jsc/Scene/Awake/AwakeBoxView.js:708;src_jsc/Scene/Awake/AwakeBoxView.js:709;src_jsc/Scene/Awake/AwakeBoxView.js:710;src_jsc/Scene/Awake/AwakeBoxView.js:711;src_jsc/Scene/Awake/AwakeBoxView.js:712;src_jsc/Scene/Awake/AwakeBoxView.js:766;src_jsc/Scene/Awake/AwakeBoxView.js:774;src_jsc/Scene/Awake/AwakeBoxView.js:785;src_jsc/Scene/Awake/AwakeBoxView.js:81;src_jsc/Scene/Awake/AwakeBoxView.js:83;src_jsc/Scene/Awake/AwakeBoxView.js:834;src_jsc/Scene/Awake/AwakeBoxView.js:839;src_jsc/Scene/Awake/AwakeBoxView.js:846;src_jsc/Scene/Awake/AwakeBoxView.js:877;src_jsc/Scene/Awake/AwakeBoxView.js:935;src_jsc/Scene/Awake/AwakeBoxView.js:954;src_jsc/Scene/Awake/AwakeBoxView.js:979;src_jsc/Scene/Awake/AwakeBoxView.js:981;src_jsc/Scene/Awake/AwakeBoxView.js:983;src_jsc/Scene/Awake/AwakeScene.js:32;src_jsc/Scene/Awake/AwakeScene.js:50;src_jsc/Scene/Bag/BagScene.js:191;src_jsc/Scene/Bag/BagScene.js:44;src_jsc/Scene/Bag/BagScene.js:62;src_jsc/Scene/Beauty/BeautyCell.js:36;src_jsc/Scene/Beauty/BeautyCell.js:43;src_jsc/Scene/Beauty/BeautyCell.js:58;src_jsc/Scene/Beauty/BeautyScene.js:1250;src_jsc/Scene/Beauty/BeautyScene.js:1273;src_jsc/Scene/Beauty/BeautyScene.js:129;src_jsc/Scene/Beauty/BeautyScene.js:1303;src_jsc/Scene/Beauty/BeautyScene.js:1452;src_jsc/Scene/Beauty/BeautyScene.js:175;src_jsc/Scene/Beauty/BeautyScene.js:177;src_jsc/Scene/Beauty/BeautyScene.js:183;src_jsc/Scene/Beauty/BeautyScene.js:189;src_jsc/Scene/Beauty/BeautyScene.js:195;src_jsc/Scene/Beauty/BeautyScene.js:197;src_jsc/Scene/Beauty/BeautyScene.js:209;src_jsc/Scene/Beauty/BeautyScene.js:215;src_jsc/Scene/Beauty/BeautyScene.js:219;src_jsc/Scene/Beauty/BeautyScene.js:225;src_jsc/Scene/Beauty/BeautyScene.js:235;src_jsc/Scene/Beauty/BeautyScene.js:255;src_jsc/Scene/Beauty/BeautyScene.js:265;src_jsc/Scene/Beauty/BeautyScene.js:271;src_jsc/Scene/Beauty/BeautyScene.js:638;src_jsc/Scene/Beauty/BeautyScene.js:89;src_jsc/Scene/Buddy/BuddyScene.js:30;src_jsc/Scene/Buddy/BuddyView.js:218;src_jsc/Scene/Buddy/BuddyView.js:220;src_jsc/Scene/Buddy/BuddyView.js:236;src_jsc/Scene/Buddy/BuddyView.js:246;src_jsc/Scene/Chaos/ChaosFight.js:189;src_jsc/Scene/Chaos/ChaosFight.js:41;src_jsc/Scene/Chaos/ChaosFightScene.js:23;src_jsc/Scene/Chaos/ChaosHomeView.js:149;src_jsc/Scene/Chaos/ChaosHomeView.js:21;src_jsc/Scene/Chaos/ChaosHomeView.js:240;src_jsc/Scene/Chaos/ChaosHomeView.js:267;src_jsc/Scene/Chaos/ChaosScene.js:25;src_jsc/Scene/Climb/ClimbLadderRankListScene.js:138;src_jsc/Scene/Climb/ClimbLadderRankListScene.js:159;src_jsc/Scene/Climb/ClimbLadderRankListScene.js:180;src_jsc/Scene/Climb/ClimbLadderRankListScene.js:201;src_jsc/Scene/Climb/ClimbLadderRankListScene.js:59;src_jsc/Scene/Climb/ClimbLadderRankListScene.js:67;src_jsc/Scene/Climb/StartBattleScene.js:1079;src_jsc/Scene/Climb/StartBattleScene.js:111;src_jsc/Scene/Climb/StartBattleScene.js:119;src_jsc/Scene/Climb/StartBattleScene.js:151;src_jsc/Scene/Climb/StartBattleScene.js:159;src_jsc/Scene/Climb/StartBattleScene.js:469;src_jsc/Scene/Climb/StartBattleScene.js:597;src_jsc/Scene/Climb/StartBattleScene.js:617;src_jsc/Scene/Climb/StartBattleScene.js:645;src_jsc/Scene/Climb/StartBattleScene.js:83;src_jsc/Scene/Climb/StartBattleScene.js:91;src_jsc/Scene/Combat/CombatCardView.js:101;src_jsc/Scene/Combat/CombatCardView.js:109;src_jsc/Scene/Combat/CombatCardView.js:111;src_jsc/Scene/Combat/CombatCardView.js:51;src_jsc/Scene/Combat/CombatCardView.js:59;src_jsc/Scene/Combat/CombatCardView.js:67;src_jsc/Scene/Combat/CombatCardView.js:75;src_jsc/Scene/Combat/CombatCardView.js:82;src_jsc/Scene/Combat/CombatCardView.js:84;src_jsc/Scene/Combat/CombatCardView.js:97;src_jsc/Scene/Combat/CombatScene.js:21;src_jsc/Scene/Combat/CombatScene.js:35;src_jsc/Scene/Combat/CombatUpgradeScene.js:30;src_jsc/Scene/Combat/CombatUpgradeScene.js:54;src_jsc/Scene/Combat/CombatUpgradeScene.js:58;src_jsc/Scene/Combat/CombatUpgradeScene.js:618;src_jsc/Scene/Combat/CombatUpgradeScene.js:70;src_jsc/Scene/Combat/CombatUpgradeScene.js:78;src_jsc/Scene/Copy/CopyScene.js:121;src_jsc/Scene/Copy/CopyScene.js:123;src_jsc/Scene/Copy/CopyScene.js:129;src_jsc/Scene/Copy/CopyScene.js:137;src_jsc/Scene/Copy/CopyScene.js:149;src_jsc/Scene/Copy/CopyScene.js:153;src_jsc/Scene/Copy/CopyScene.js:207;src_jsc/Scene/Copy/CopyScene.js:241;src_jsc/Scene/Copy/CopyScene.js:247;src_jsc/Scene/Copy/CopyScene.js:304;src_jsc/Scene/Copy/CopyScene.js:565;src_jsc/Scene/Copy/CopyScene.js:588;src_jsc/Scene/Copy/CopyScene.js:618;src_jsc/Scene/Copy/CopyScene.js:757;src_jsc/Scene/Copy/CopyScene.js:85;src_jsc/Scene/Copy/DuanWuCopyScene.js:121;src_jsc/Scene/Copy/DuanWuCopyScene.js:123;src_jsc/Scene/Copy/DuanWuCopyScene.js:129;src_jsc/Scene/Copy/DuanWuCopyScene.js:137;src_jsc/Scene/Copy/DuanWuCopyScene.js:149;src_jsc/Scene/Copy/DuanWuCopyScene.js:153;src_jsc/Scene/Copy/DuanWuCopyScene.js:207;src_jsc/Scene/Copy/DuanWuCopyScene.js:241;src_jsc/Scene/Copy/DuanWuCopyScene.js:247;src_jsc/Scene/Copy/DuanWuCopyScene.js:304;src_jsc/Scene/Copy/DuanWuCopyScene.js:565;src_jsc/Scene/Copy/DuanWuCopyScene.js:588;src_jsc/Scene/Copy/DuanWuCopyScene.js:618;src_jsc/Scene/Copy/DuanWuCopyScene.js:757;src_jsc/Scene/Copy/DuanWuCopyScene.js:85;src_jsc/Scene/Copy/LabourlCopyScene.js:121;src_jsc/Scene/Copy/LabourlCopyScene.js:123;src_jsc/Scene/Copy/LabourlCopyScene.js:129;src_jsc/Scene/Copy/LabourlCopyScene.js:137;src_jsc/Scene/Copy/LabourlCopyScene.js:149;src_jsc/Scene/Copy/LabourlCopyScene.js:153;src_jsc/Scene/Copy/LabourlCopyScene.js:207;src_jsc/Scene/Copy/LabourlCopyScene.js:241;src_jsc/Scene/Copy/LabourlCopyScene.js:247;src_jsc/Scene/Copy/LabourlCopyScene.js:304;src_jsc/Scene/Copy/LabourlCopyScene.js:565;src_jsc/Scene/Copy/LabourlCopyScene.js:588;src_jsc/Scene/Copy/LabourlCopyScene.js:618;src_jsc/Scene/Copy/LabourlCopyScene.js:757;src_jsc/Scene/Copy/LabourlCopyScene.js:85;src_jsc/Scene/Copy/MemorialCopyScene.js:121;src_jsc/Scene/Copy/MemorialCopyScene.js:123;src_jsc/Scene/Copy/MemorialCopyScene.js:129;src_jsc/Scene/Copy/MemorialCopyScene.js:137;src_jsc/Scene/Copy/MemorialCopyScene.js:149;src_jsc/Scene/Copy/MemorialCopyScene.js:153;src_jsc/Scene/Copy/MemorialCopyScene.js:207;src_jsc/Scene/Copy/MemorialCopyScene.js:241;src_jsc/Scene/Copy/MemorialCopyScene.js:247;src_jsc/Scene/Copy/MemorialCopyScene.js:304;src_jsc/Scene/Copy/MemorialCopyScene.js:565;src_jsc/Scene/Copy/MemorialCopyScene.js:588;src_jsc/Scene/Copy/MemorialCopyScene.js:618;src_jsc/Scene/Copy/MemorialCopyScene.js:757;src_jsc/Scene/Copy/MemorialCopyScene.js:85;src_jsc/Scene/Copy/PlantCopyScene.js:119;src_jsc/Scene/Copy/PlantCopyScene.js:121;src_jsc/Scene/Copy/PlantCopyScene.js:127;src_jsc/Scene/Copy/PlantCopyScene.js:135;src_jsc/Scene/Copy/PlantCopyScene.js:147;src_jsc/Scene/Copy/PlantCopyScene.js:151;src_jsc/Scene/Copy/PlantCopyScene.js:205;src_jsc/Scene/Copy/PlantCopyScene.js:239;src_jsc/Scene/Copy/PlantCopyScene.js:245;src_jsc/Scene/Copy/PlantCopyScene.js:302;src_jsc/Scene/Copy/PlantCopyScene.js:563;src_jsc/Scene/Copy/PlantCopyScene.js:586;src_jsc/Scene/Copy/PlantCopyScene.js:616;src_jsc/Scene/Copy/PlantCopyScene.js:755;src_jsc/Scene/Copy/PlantCopyScene.js:83;src_jsc/Scene/Copy/PublicCopyScene.js:121;src_jsc/Scene/Copy/PublicCopyScene.js:123;src_jsc/Scene/Copy/PublicCopyScene.js:129;src_jsc/Scene/Copy/PublicCopyScene.js:137;src_jsc/Scene/Copy/PublicCopyScene.js:149;src_jsc/Scene/Copy/PublicCopyScene.js:153;src_jsc/Scene/Copy/PublicCopyScene.js:217;src_jsc/Scene/Copy/PublicCopyScene.js:251;src_jsc/Scene/Copy/PublicCopyScene.js:257;src_jsc/Scene/Copy/PublicCopyScene.js:314;src_jsc/Scene/Copy/PublicCopyScene.js:608;src_jsc/Scene/Copy/PublicCopyScene.js:631;src_jsc/Scene/Copy/PublicCopyScene.js:661;src_jsc/Scene/Copy/PublicCopyScene.js:800;src_jsc/Scene/Copy/PublicCopyScene.js:85;src_jsc/Scene/Debug/DebugScene.js:185;src_jsc/Scene/Debug/DebugScene.js:275;src_jsc/Scene/Debug/DebugScene.js:277;src_jsc/Scene/Debug/DebugScene.js:314;src_jsc/Scene/Debug/DebugScene.js:324;src_jsc/Scene/Debug/DebugScene.js:348;src_jsc/Scene/Debug/DebugScene.js:375;src_jsc/Scene/DecisiveBattle/DecisiveBattleMainScene.js:26;src_jsc/Scene/Develop/AlchemyView.js:100;src_jsc/Scene/Develop/AlchemyView.js:137;src_jsc/Scene/Develop/AlchemyView.js:147;src_jsc/Scene/Develop/AlchemyView.js:151;src_jsc/Scene/Develop/AlchemyView.js:21;src_jsc/Scene/Develop/AlchemyView.js:27;src_jsc/Scene/Develop/AlchemyView.js:296;src_jsc/Scene/Develop/AlchemyView.js:298;src_jsc/Scene/Develop/AlchemyView.js:31;src_jsc/Scene/Develop/AlchemyView.js:71;src_jsc/Scene/Develop/AlchemyView.js:75;src_jsc/Scene/Develop/AlchemyView.js:83;src_jsc/Scene/Develop/DevelopScene.js:23;src_jsc/Scene/Equ/EquipmentScene.js:100;src_jsc/Scene/Equ/EquipmentScene.js:114;src_jsc/Scene/Equ/EquipmentScene.js:130;src_jsc/Scene/Equ/EquipmentScene.js:140;src_jsc/Scene/Equ/EquipmentScene.js:37;src_jsc/Scene/Equ/EquipmentScene.js:49;src_jsc/Scene/Equ/EquipmentScene.js:59;src_jsc/Scene/Equ/EquipmentScene.js:69;src_jsc/Scene/Equ/EquipmentScene.js:79;src_jsc/Scene/Equ/EquipmentScene.js:85;src_jsc/Scene/Fight/FightScene.js:1072;src_jsc/Scene/Fight/FightScene.js:1073;src_jsc/Scene/Fight/FightScene.js:1074;src_jsc/Scene/Fight/FightScene.js:1075;src_jsc/Scene/Fight/FightScene.js:1087;src_jsc/Scene/Fight/FightScene.js:1088;src_jsc/Scene/Fight/FightScene.js:1089;src_jsc/Scene/Fight/FightScene.js:1090;src_jsc/Scene/Fight/FightScene.js:1396;src_jsc/Scene/Fight/FightScene.js:1400;src_jsc/Scene/Fight/FightScene.js:1402;src_jsc/Scene/Fight/FightScene.js:1404;src_jsc/Scene/Fight/FightScene.js:1454;src_jsc/Scene/Fight/FightScene.js:1458;src_jsc/Scene/Fight/FightScene.js:1460;src_jsc/Scene/Fight/FightScene.js:1462;src_jsc/Scene/Fight/FightScene.js:1731;src_jsc/Scene/Fight/FightScene.js:1836;src_jsc/Scene/Fight/FightScene.js:2481;src_jsc/Scene/Fight/FightScene.js:2503;src_jsc/Scene/Fight/FightScene.js:2591;src_jsc/Scene/Fight/FightScene.js:354;src_jsc/Scene/Fight/FightScene.js:356;src_jsc/Scene/Fight/FightScene.js:364;src_jsc/Scene/Fight/FightScene.js:371;src_jsc/Scene/Fight/FightScene.js:471;src_jsc/Scene/Fight/FightScene.js:480;src_jsc/Scene/Fight/FightScene.js:486;src_jsc/Scene/Fight/FightScene.js:492;src_jsc/Scene/Fight/FightScene.js:574;src_jsc/Scene/Fight/FightScene.js:733;src_jsc/Scene/Fight/FightScene.js:737;src_jsc/Scene/Fight/FightScene.js:741;src_jsc/Scene/Fight/FightScene.js:760;src_jsc/Scene/Fight/FightScene.js:763;src_jsc/Scene/Fight/FightScene.js:770;src_jsc/Scene/FightChapter/DungeonView.js:121;src_jsc/Scene/FightChapter/DungeonView.js:65;src_jsc/Scene/FightChapter/DungeonView.js:69;src_jsc/Scene/FightChapter/DungeonView.js:81;src_jsc/Scene/FightChapter/FightChapters.js:25;src_jsc/Scene/FightChapter/FightChapters.js:395;src_jsc/Scene/FightChapter/FightChapters.js:411;src_jsc/Scene/FightChapter/FightChapters.js:55;src_jsc/Scene/FightChapter/FightChapters.js:64;src_jsc/Scene/FightChapter/FightChapters.js:70;src_jsc/Scene/FightChapter/FightChapters.js:72;src_jsc/Scene/FightChapter/FightChapters.js:84;src_jsc/Scene/FightChapter/FightChapters.js:88;src_jsc/Scene/FightChapter/FightChapters.js:90;src_jsc/Scene/Gems/GemsScene.js:30;src_jsc/Scene/GeneralSelect/GeneralSelectScene.js:175;src_jsc/Scene/GeneralSelect/GeneralSelectScene.js:193;src_jsc/Scene/GeneralSelect/GeneralSelectScene.js:311;src_jsc/Scene/GeneralSelect/GeneralSelectScene.js:45;src_jsc/Scene/GeneralSelect/GeneralSelectScene.js:77;src_jsc/Scene/GeneralSelect/GeneralSelectScene.js:79;src_jsc/Scene/GeneralSelect/GeneralSelectScene.js:81;src_jsc/Scene/GeneralSelect/GeneralSelectScene.js:83;src_jsc/Scene/Goddess/GoddessMainScene.js:26;src_jsc/Scene/HulaoBattle/HulaoBattleMainScene.js:32;src_jsc/Scene/InterService/InterServiceFightScene.js:30;src_jsc/Scene/InterService/InterServiceWorshipScene.js:34;src_jsc/Scene/Ladder/LadderCardShow.js:152;src_jsc/Scene/Ladder/LadderCardShow.js:156;src_jsc/Scene/Ladder/LadderCardShow.js:180;src_jsc/Scene/Ladder/LadderCardShow.js:214;src_jsc/Scene/Ladder/LadderCardShow.js:218;src_jsc/Scene/Ladder/LadderCardShow.js:229;src_jsc/Scene/Ladder/LadderCardShow.js:23;src_jsc/Scene/Ladder/LadderCardShow.js:237;src_jsc/Scene/Ladder/LadderCardShow.js:24;src_jsc/Scene/Ladder/LadderCardShow.js:25;src_jsc/Scene/Ladder/LadderCardShow.js:256;src_jsc/Scene/Ladder/LadderCardShow.js:26;src_jsc/Scene/Ladder/LadderCardShow.js:260;src_jsc/Scene/Ladder/LadderCardShow.js:27;src_jsc/Scene/Ladder/LadderCardShow.js:28;src_jsc/Scene/Ladder/LadderCardShow.js:29;src_jsc/Scene/Ladder/LadderCardShow.js:30;src_jsc/Scene/Ladder/LadderCardShow.js:31;src_jsc/Scene/Ladder/LadderCardShow.js:32;src_jsc/Scene/Ladder/LadderCardShow.js:33;src_jsc/Scene/Ladder/LadderChartView.js:25;src_jsc/Scene/Ladder/LadderChartView.js:42;src_jsc/Scene/Ladder/LadderGiftView.js:24;src_jsc/Scene/Ladder/LadderGiftView.js:32;src_jsc/Scene/Ladder/LadderGiftView.js:34;src_jsc/Scene/Ladder/LadderGiftView.js:364;src_jsc/Scene/Ladder/LadderGiftView.js:366;src_jsc/Scene/Ladder/LadderGiftView_Honor.js:162;src_jsc/Scene/Ladder/LadderGiftView_Honor.js:30;src_jsc/Scene/Ladder/LadderGiftView_Honor.js:391;src_jsc/Scene/Ladder/LadderGiftView_Honor.js:437;src_jsc/Scene/Ladder/LadderGiftView_Honor.js:439;src_jsc/Scene/Ladder/LadderGiftView_Honor.js:48;src_jsc/Scene/Ladder/LadderScene.js:53;src_jsc/Scene/Ladder/LadderTenFightResultDialog.js:210;src_jsc/Scene/Ladder/LadderTenFightResultDialog.js:212;src_jsc/Scene/Ladder/LadderTenFightResultDialog.js:28;src_jsc/Scene/Ladder/LadderTenFightResultDialog.js:30;src_jsc/Scene/Ladder/LadderTenFightResultDialog.js:40;src_jsc/Scene/Ladder/LadderView.js:147;src_jsc/Scene/Ladder/LadderView.js:29;src_jsc/Scene/Ladder/LadderView.js:37;src_jsc/Scene/Ladder/LadderView.js:41;src_jsc/Scene/Ladder/LadderView.js:72;src_jsc/Scene/Login/LoginScene_AnySdk.js:105;src_jsc/Scene/Login/LoginScene_AnySdk.js:149;src_jsc/Scene/Login/LoginScene_AnySdk.js:150;src_jsc/Scene/Login/LoginScene_AnySdk.js:151;src_jsc/Scene/Login/LoginScene_AnySdk.js:152;src_jsc/Scene/Login/LoginScene_AnySdk.js:153;src_jsc/Scene/Login/LoginScene_AnySdk.js:154;src_jsc/Scene/Login/LoginScene_AnySdk.js:187;src_jsc/Scene/Login/LoginScene_AnySdk.js:44;src_jsc/Scene/Login/LoginScene_AnySdk.js:50;src_jsc/Scene/Login/LoginScene_AnySdk.js:52;src_jsc/Scene/Login/LoginScene_AnySdk.js:522;src_jsc/Scene/Login/LoginScene_AnySdk.js:544;src_jsc/Scene/Login/LoginScene_AnySdk.js:580;src_jsc/Scene/Login/LoginScene_BfSdk.js:141;src_jsc/Scene/Login/LoginScene_BfSdk.js:142;src_jsc/Scene/Login/LoginScene_BfSdk.js:143;src_jsc/Scene/Login/LoginScene_BfSdk.js:144;src_jsc/Scene/Login/LoginScene_BfSdk.js:145;src_jsc/Scene/Login/LoginScene_BfSdk.js:146;src_jsc/Scene/Login/LoginScene_BfSdk.js:179;src_jsc/Scene/Login/LoginScene_BfSdk.js:382;src_jsc/Scene/Login/LoginScene_BfSdk.js:404;src_jsc/Scene/Login/LoginScene_BfSdk.js:42;src_jsc/Scene/Login/LoginScene_BfSdk.js:440;src_jsc/Scene/Login/LoginScene_BfSdk.js:48;src_jsc/Scene/Login/LoginScene_BfSdk.js:50;src_jsc/Scene/Login/LoginScene_BfSdk.js:817;src_jsc/Scene/Login/LoginScene_BfSdk.js:845;src_jsc/Scene/Login/LoginScene_BfSdk.js:881;src_jsc/Scene/Login/LoginScene_EasyGuestSdk.js:35;src_jsc/Scene/Login/LoginScene_EasyGuestSdk.js:41;src_jsc/Scene/Login/LoginScene_EasyGuestSdk.js:43;src_jsc/Scene/Login/LoginScene_EasySdk.js:35;src_jsc/Scene/Login/LoginScene_EasySdk.js:37;src_jsc/Scene/Login/LoginScene_ThirdGuestSdk.js:44;src_jsc/Scene/Login/LoginScene_ThirdGuestSdk.js:46;src_jsc/Scene/Login/LoginScene_ThirdSdk.js:103;src_jsc/Scene/Login/LoginScene_ThirdSdk.js:44;src_jsc/Scene/Login/LoginScene_ThirdSdk.js:50;src_jsc/Scene/Login/LoginScene_ThirdSdk.js:52;src_jsc/Scene/Mail/MailSystemScene.js:25;src_jsc/Scene/Main/MainMenuScene.js:188;src_jsc/Scene/Main/MainMenuScene.js:190;src_jsc/Scene/Main/MainMenuScene.js:563;src_jsc/Scene/Main/MainMenuScene.js:68;src_jsc/Scene/Main/MainMenuScene.js:78;src_jsc/Scene/Main/MainMenuScene.js:92;src_jsc/Scene/Main/MainMenuScene.js:98;src_jsc/Scene/Meridians/MeridiansMainScene.js:26;src_jsc/Scene/Meridians/PracticeMeridiansMainScene.js:28;src_jsc/Scene/MiracleWeapons/MiracleWeaponScene.js:30;src_jsc/Scene/MiracleWeapons/MiracleWeaponScene.js:36;src_jsc/Scene/MiracleWeapons/SelectMiracleWeaponsScene.js:32;src_jsc/Scene/MiracleWeapons/SelectMiracleWeaponsScene.js:38;src_jsc/Scene/Party/Double11Dialog.js:127;src_jsc/Scene/Party/Double11Dialog.js:377;src_jsc/Scene/Party/Double11Dialog.js:379;src_jsc/Scene/Party/LadderCompetitionDialog.js:155;src_jsc/Scene/Party/LadderCompetitionDialog.js:80;src_jsc/Scene/Party/LadderCompetitionDialog.js:88;src_jsc/Scene/Party/MonthLegendDialog.js:43;src_jsc/Scene/Party/MonthLegendDialog.js:49;src_jsc/Scene/Party/PartyDialog.js:1009;src_jsc/Scene/Party/PartyDialog.js:101;src_jsc/Scene/Party/PartyDialog.js:1013;src_jsc/Scene/Party/PartyDialog.js:1019;src_jsc/Scene/Party/PartyDialog.js:1021;src_jsc/Scene/Party/PartyDialog.js:1073;src_jsc/Scene/Party/PartyDialog.js:1087;src_jsc/Scene/Party/PartyDialog.js:1089;src_jsc/Scene/Party/PartyDialog.js:109;src_jsc/Scene/Party/PartyDialog.js:1136;src_jsc/Scene/Party/PartyDialog.js:1142;src_jsc/Scene/Party/PartyDialog.js:1147;src_jsc/Scene/Party/PartyDialog.js:1162;src_jsc/Scene/Party/PartyDialog.js:1188;src_jsc/Scene/Party/PartyDialog.js:1198;src_jsc/Scene/Party/PartyDialog.js:1298;src_jsc/Scene/Party/PartyDialog.js:1420;src_jsc/Scene/Party/PartyDialog.js:1500;src_jsc/Scene/Party/PartyDialog.js:1580;src_jsc/Scene/Party/PartyDialog.js:1785;src_jsc/Scene/Party/PartyDialog.js:1798;src_jsc/Scene/Party/PartyDialog.js:502;src_jsc/Scene/Party/PartyDialog.js:564;src_jsc/Scene/Party/PartyDialog.js:695;src_jsc/Scene/Party/PartyDialog.js:838;src_jsc/Scene/Party/PartyDialog.js:981;src_jsc/Scene/Party/PartyDialogExt.js:102;src_jsc/Scene/Party/PartyDialogExt.js:1116;src_jsc/Scene/Party/PartyDialogExt.js:1257;src_jsc/Scene/Party/PartyDialogExt.js:129;src_jsc/Scene/Party/PartyDialogExt.js:137;src_jsc/Scene/Party/PartyDialogExt.js:1398;src_jsc/Scene/Party/PartyDialogExt.js:1521;src_jsc/Scene/Party/PartyDialogExt.js:1527;src_jsc/Scene/Party/PartyDialogExt.js:1532;src_jsc/Scene/Party/PartyDialogExt.js:1547;src_jsc/Scene/Party/PartyDialogExt.js:1573;src_jsc/Scene/Party/PartyDialogExt.js:1583;src_jsc/Scene/Party/PartyDialogExt.js:1682;src_jsc/Scene/Party/PartyDialogExt.js:1790;src_jsc/Scene/Party/PartyDialogExt.js:1933;src_jsc/Scene/Party/PartyDialogExt.js:374;src_jsc/Scene/Party/PartyDialogExt.js:534;src_jsc/Scene/Party/PartyDialogExt.js:594;src_jsc/Scene/Party/PartyDialogExt.js:598;src_jsc/Scene/Party/PartyDialogExt.js:601;src_jsc/Scene/Party/PartyDialogExt.js:631;src_jsc/Scene/Party/PartyDialogExt.js:635;src_jsc/Scene/Party/PartyDialogExt.js:641;src_jsc/Scene/Party/PartyDialogExt.js:643;src_jsc/Scene/Party/PartyDialogExt.js:695;src_jsc/Scene/Party/PartyDialogExt.js:709;src_jsc/Scene/Party/PartyDialogExt.js:711;src_jsc/Scene/Party/PartyDialogExt.js:753;src_jsc/Scene/Party/PartyDialogExt.js:833;src_jsc/Scene/Party/PartyDialogExt.js:913;src_jsc/Scene/Party/PartyDialogExt.js:993;src_jsc/Scene/Party/PictureActivityDialog.js:16;src_jsc/Scene/Party/PictureActivityDialog.js:17;src_jsc/Scene/Party/PictureActivityDialog.js:23;src_jsc/Scene/Party/PictureActivityDialog.js:24;src_jsc/Scene/Party/PictureActivityDialog.js:47;src_jsc/Scene/Party/PictureActivityDialog.js:64;src_jsc/Scene/Party/RechargeAwardDialog.js:27;src_jsc/Scene/Party/RechargeAwardDialog.js:38;src_jsc/Scene/Party/RechargeAwardDialog.js:52;src_jsc/Scene/Party/RechargeAwardDialog.js:62;src_jsc/Scene/Party/RechargeRankDialog.js:184;src_jsc/Scene/Party/RechargeRankDialog.js:186;src_jsc/Scene/Party/RechargeRankDialog.js:191;src_jsc/Scene/Party/RechargeRankDialog.js:196;src_jsc/Scene/Party/RechargeRankDialog.js:322;src_jsc/Scene/Party/RechargeRankDialog.js:369;src_jsc/Scene/Party/RechargeRankDialog.js:64;src_jsc/Scene/Party/WishingScene.js:104;src_jsc/Scene/Party/WishingScene.js:125;src_jsc/Scene/Party/WishingScene.js:206;src_jsc/Scene/Party/WishingScene.js:214;src_jsc/Scene/Party/WishingScene.js:228;src_jsc/Scene/Party/WishingScene.js:313;src_jsc/Scene/Party/WishingScene.js:315;src_jsc/Scene/Party/WishingScene.js:366;src_jsc/Scene/Party/WishingScene.js:380;src_jsc/Scene/Party/WishingScene.js:587;src_jsc/Scene/Party/WishingScene.js:90;src_jsc/Scene/Party/WishingScene.js:92;src_jsc/Scene/Rank/RankScene.js:102;src_jsc/Scene/Rank/RankScene.js:213;src_jsc/Scene/Rank/RankScene.js:52;src_jsc/Scene/Rank/RankScene.js:60;src_jsc/Scene/Rank/RankScene.js:70;src_jsc/Scene/Rank/RankScene.js:84;src_jsc/Scene/Rank/RankScene.js:92;src_jsc/Scene/Setting/ContactGMScene.js:67;src_jsc/Scene/Setting/SettingScene.js:25;src_jsc/Scene/Skill/SkillScene.js:33;src_jsc/Scene/Skill/SkillScene.js:47;src_jsc/Scene/Skill/SkillScene.js:55;src_jsc/Scene/Skill/SkillScene.js:63;src_jsc/Scene/Skill/SkillScene.js:74;src_jsc/Scene/Skill/SkillScene.js:90;src_jsc/Scene/SkillRefining/SkillRefiningScene.js:30;src_jsc/Scene/SkillRefining/SkillRefiningScene.js:36;src_jsc/Scene/Social/SocialScene.js:25;src_jsc/Scene/Social/SocialView.js:177;src_jsc/Scene/Social/SocialView.js:38;src_jsc/Scene/Social/SocialView.js:42;src_jsc/Scene/Social/SocialView.js:62;src_jsc/Scene/Store/StoreScene.js:100;src_jsc/Scene/Store/StoreScene.js:102;src_jsc/Scene/Store/StoreScene.js:37;src_jsc/Scene/Store/StoreScene.js:59;src_jsc/Scene/Store/StoreScene.js:61;src_jsc/Scene/Store/StoreScene.js:72;src_jsc/Scene/Store/StoreScene.js:74;src_jsc/Scene/Store/ToastView.js:26;src_jsc/Scene/Store/ToastView.js:32;src_jsc/Scene/Store/ToastView.js:34;src_jsc/Scene/Store/ToastView.js:42;src_jsc/Scene/Store/ToastView.js:484;src_jsc/Scene/Store/ToastView.js:490;src_jsc/Scene/Store/ToastView.js:504;src_jsc/Scene/Store/ToastView.js:522;src_jsc/Scene/Store/ToastView.js:564;src_jsc/Scene/Store/ToastView.js:572;src_jsc/Scene/Store/ToastView.js:575;src_jsc/Scene/Store/ToastView.js:585;src_jsc/Scene/Store/ToastView.js:603;src_jsc/Scene/Store/ToastView.js:681;src_jsc/Scene/Store/ToastView.js:731;src_jsc/Scene/Store/ToastView.js:774;src_jsc/Scene/Store/ToastView.js:810;src_jsc/Scene/SubMenu/ChallengeMenuScene.js:105;src_jsc/Scene/SubMenu/ChallengeMenuScene.js:348;src_jsc/Scene/SubMenu/ChallengeMenuScene.js:35;src_jsc/Scene/SubMenu/ChallengeMenuScene.js:356;src_jsc/Scene/SubMenu/ChallengeMenuScene.js:364;src_jsc/Scene/SubMenu/ChallengeMenuScene.js:372;src_jsc/Scene/SubMenu/ChallengeMenuScene.js:380;src_jsc/Scene/SubMenu/ChallengeMenuScene.js:388;src_jsc/Scene/SubMenu/ChallengeMenuScene.js:396;src_jsc/Scene/SubMenu/ChallengeMenuScene.js:404;src_jsc/Scene/SubMenu/ChallengeMenuScene.js:414;src_jsc/Scene/SubMenu/ChallengeMenuScene.js:422;src_jsc/Scene/SubMenu/ChallengeMenuScene.js:430;src_jsc/Scene/SubMenu/ChallengeMenuScene.js:438;src_jsc/Scene/SubMenu/GeneralMenuScene.js:105;src_jsc/Scene/SubMenu/GeneralMenuScene.js:35;src_jsc/Scene/SubMenu/GeneralMenuScene.js:583;src_jsc/Scene/SubMenu/GeneralMenuScene.js:592;src_jsc/Scene/SubMenu/GeneralMenuScene.js:601;src_jsc/Scene/SubMenu/GeneralMenuScene.js:610;src_jsc/Scene/SubMenu/GeneralMenuScene.js:619;src_jsc/Scene/SubMenu/GeneralMenuScene.js:628;src_jsc/Scene/SubMenu/GeneralMenuScene.js:637;src_jsc/Scene/SubMenu/GeneralMenuScene.js:646;src_jsc/Scene/SubMenu/GeneralMenuScene.js:655;src_jsc/Scene/SubMenu/GeneralMenuScene.js:664;src_jsc/Scene/SubMenu/GeneralMenuScene.js:673;src_jsc/Scene/SubMenu/GeneralMenuScene.js:682;src_jsc/Scene/SubMenu/MenuMenuScene.js:113;src_jsc/Scene/SubMenu/MenuMenuScene.js:305;src_jsc/Scene/SubMenu/MenuMenuScene.js:35;src_jsc/Scene/SubMenu/PartyMenuScene.js:259;src_jsc/Scene/SubMenu/PartyMenuScene.js:324;src_jsc/Scene/SubMenu/PartyMenuScene.js:37;src_jsc/Scene/TeamBuild/TeamBuildScene.js:137;src_jsc/Scene/TeamBuild/TeamBuildScene.js:207;src_jsc/Scene/TeamBuild/TeamBuildScene.js:388;src_jsc/Scene/TeamBuild/TeamBuildScene.js:411;src_jsc/Scene/TeamBuild/TeamBuildScene.js:424;src_jsc/Scene/TeamBuild/TeamBuildScene.js:784;src_jsc/Scene/TeamBuild/TeamBuildScene.js:827;src_jsc/Scene/TeamBuild/TeamBuildScene_V2.js:101;src_jsc/Scene/TeamBuild/TeamBuildScene_V2.js:279;src_jsc/Scene/TeamBuild/TeamBuildScene_V2.js:346;src_jsc/Scene/TeamBuild/TeamMemberNavigation.js:1028;src_jsc/Scene/TeamBuild/TeamMemberNavigation.js:1095;src_jsc/Scene/TeamBuild/TeamMemberNavigation.js:1122;src_jsc/Scene/TeamBuild/TeamMemberNavigation.js:1126;src_jsc/Scene/TeamBuild/TeamMemberNavigation.js:128;src_jsc/Scene/TeamBuild/TeamMemberNavigation.js:332;src_jsc/Scene/TeamBuild/TeamMemberNavigation.js:440;src_jsc/Scene/TeamBuild/TeamMemberNavigation.js:488;src_jsc/Scene/TeamBuild/TeamMemberNavigation.js:516;src_jsc/Scene/TeamBuild/TeamMemberNavigation.js:525;src_jsc/Scene/TeamBuild/TeamMemberNavigation.js:527;src_jsc/Scene/TeamBuild/TeamMemberNavigation.js:529;src_jsc/Scene/TeamBuild/TeamMemberNavigation.js:718;src_jsc/Scene/TeamBuild/TeamMemberNavigation.js:720;src_jsc/Scene/TeamBuild/TeamMemberNavigation.js:929;src_jsc/Scene/TeamBuild/TeamMemberNavigation.js:935;src_jsc/Scene/TeamBuild/TeamMemberNavigation.js:941;src_jsc/Scene/Training/GeneralTraningScene.js:107;src_jsc/Scene/Training/GeneralTraningScene.js:468;src_jsc/Scene/Training/GeneralTraningScene.js:484;src_jsc/Scene/Training/GeneralTraningScene.js:498;src_jsc/Scene/Training/GeneralTraningScene.js:510;src_jsc/Scene/Training/GeneralTraningScene.js:514;src_jsc/Scene/UnionWar/UnionWarBattleScene.js:122;src_jsc/Scene/Vip/VipScene.js:58;src_jsc/Scene/Worship/WorshipScene.js:51;src_jsc/Scene/Worship/WorshipScene.js:57;src_jsc/Scene/Worship/WorshipScene.js:63;src_jsc/Scene/Worship/WorshipScene.js:73;src_jsc/Scene/Worship/WorshipScene.js:95;src_jsc/Skill/Impl.js:30;src_jsc/Skill/Impl.js:35;src_jsc/Skill/Part.js:522;src_jsc/Skill/Part.js:523;src_jsc/Skill/Part.js:535;src_jsc/Skill/Part.js:536;src_jsc/Skill/Part.js:537;src_jsc/Skill/Part.js:538;src_jsc/Skill/Part.js:550;src_jsc/Skill/Part.js:551;src_jsc/Skill/Part.js:600;src_jsc/Skill/PartEffect.js:1312;src_jsc/Skill/PartEffect.js:2494;src_jsc/Skill/PartEffect.js:39;src_jsc/Skill/PartEffect.js:49;src_jsc/Skill/PartEffectGhost.js:9;src_jsc/Skill/PartHurt.js:24;src_jsc/Skill/PartHurt.js:25;src_jsc/Skill/PartHurt.js:33;src_jsc/Skill/PartHurt.js:38;src_jsc/Skill/PartHurt.js:43;src_jsc/Skill/PartHurt.js:48;src_jsc/Skill/PartOpen.js:100;src_jsc/Skill/PartOpen.js:101;src_jsc/Skill/PartOpen.js:102;src_jsc/Skill/PartOpen.js:110;src_jsc/Skill/PartOpen.js:112;src_jsc/Skill/PartOpen.js:113;src_jsc/Skill/PartOpen.js:114;src_jsc/Skill/PartOpen.js:32;src_jsc/Skill/PartOpen.js:34;src_jsc/Skill/PartOpen.js:35;src_jsc/Skill/PartOpen.js:36;src_jsc/Skill/PartOpen.js:98;src_jsc/Skill/TemplateItem.js:254;src_jsc/Skill/TemplateItem.js:258;src_jsc/Skill/TemplateItem.js:262;src_jsc/Skill/TemplateItem.js:267;src_jsc/Skill/TemplateItem.js:271;src_jsc/Skill/TemplateItem.js:276;src_jsc/Skill/TemplateItem.js:55;src_jsc/Skill/TemplateItem.js:56;src_jsc/Skill/TemplateItem.js:96;src_jsc/Skill/TemplateItem.js:97;src_jsc/Skill/TemplateItem.js:98;src_jsc/Skill/TemplateItemText.js:65;src_jsc/Skill/TemplateItemText.js:86;src_jsc/Skill/TemplatePart.js:128;src_jsc/Skill/TemplatePart.js:98;src_jsc/Tools/Card.js:559;src_jsc/Tools/Card.js:566;src_jsc/Tools/UI.js:220;src_jsc/Tools/UI.js:242;src_jsc/Tools/UI.js:254;src_jsc/Tools/UI.js:266;src_jsc/Tools/UI.js:278;src_jsc/Tools/UI.js:288;src_jsc/Tools/UI.js:74;src_jsc/Tools/UI.js:86;src_jsc/Update/UpdateScene.js:159;src_jsc/Update/UpdateScene.js:161;src_jsc/Update/UpdateScene.js:169;src_jsc/Utils/Node.js:129;src_jsc/Utils/Node.js:135;src_jsc/Utils/Node.js:137;src_jsc/Utils/Node.js:141;src_jsc/Utils/Node.js:143;src_jsc/Utils/Node.js:168;src_jsc/Utils/Node.js:178;src_jsc/Utils/Node.js:184;src_jsc/Utils/Node.js:207;src_jsc/Utils/Node.js:208;src_jsc/Utils/Node.js:209;src_jsc/Utils/Node.js:210;src_jsc/Utils/Node.js:238;src_jsc/Utils/Node.js:249;src_jsc/Utils/Node.js:253;src_jsc/Utils/Node.js:257;src_jsc/Utils/Node.js:261;src_jsc/Utils/Node.js:265;src_jsc/Utils/Node.js:269;src_jsc/Utils/Node.js:273;src_jsc/Utils/Node.js:277;src_jsc/Utils/Node.js:281;src_jsc/Utils/Node.js:295;src_jsc/Utils/Node.js:303;src_jsc/Utils/Node.js:311;src_jsc/Utils/Node.js:319;src_jsc/Utils/Node.js:327;src_jsc/Utils/Node.js:335;src_jsc/Utils/Node.js:343;src_jsc/Utils/Node.js:348;src_jsc/Utils/Node.js:356;src_jsc/Utils/Node.js:364;src_jsc/Utils/Node.js:448;src_jsc/Utils/Node.js:713;src_jsc/Utils/Node.js:73;src_jsc/Utils/Node.js:75;src_jsc/Utils/Node.js:81;src_jsc/Utils/Node.js:87;src_jsc/Utils/Node.js:93;src_jsc/Utils/Node.js:97;src_jsc/Utils/Node.js:99;src_jsc/Utils/UI.js:214;src_jsc/Views/ActivitiesShow6Icon.js:29;src_jsc/Views/Awake/AwakeLayer.js:134;src_jsc/Views/Awake/AwakeLayer.js:140;src_jsc/Views/BeautyIconButton.js:148;src_jsc/Views/BeautyIconButton.js:154;src_jsc/Views/BeautyIconButton.js:178;src_jsc/Views/BeautyIconButton.js:222;src_jsc/Views/BeautyIconButton.js:249;src_jsc/Views/BeautyIconButton.js:54;src_jsc/Views/BeautyIconButton.js:60;src_jsc/Views/BeautyIconButton.js:66;src_jsc/Views/BeautyIconButton.js:72;src_jsc/Views/Button/ChangeNumBtn.js:42;src_jsc/Views/Card/Equ.js:185;src_jsc/Views/Card/Equ.js:206;src_jsc/Views/Card/Equ.js:233;src_jsc/Views/Card/Equ.js:262;src_jsc/Views/Card/Equ.js:301;src_jsc/Views/Card/Equ.js:332;src_jsc/Views/Card/Equ.js:334;src_jsc/Views/Card/Equ.js:365;src_jsc/Views/Card/Equ.js:367;src_jsc/Views/Card/Equ.js:392;src_jsc/Views/Card/Fight.js:148;src_jsc/Views/Card/Fight.js:150;src_jsc/Views/Card/General.js:225;src_jsc/Views/Card/General.js:250;src_jsc/Views/Card/General.js:269;src_jsc/Views/Card/General.js:284;src_jsc/Views/Card/General.js:292;src_jsc/Views/Card/General.js:311;src_jsc/Views/Card/General.js:328;src_jsc/Views/Card/General.js:42;src_jsc/Views/Card/OtherPlayer.js:111;src_jsc/Views/Card/OtherPlayer.js:216;src_jsc/Views/Card/OtherPlayer.js:220;src_jsc/Views/Card/OtherPlayer.js:291;src_jsc/Views/Card/OtherPlayer.js:92;src_jsc/Views/CardListView.js:391;src_jsc/Views/CardListView.js:91;src_jsc/Views/CardListView_v2.js:122;src_jsc/Views/CardListView_v2.js:138;src_jsc/Views/CardListView_v2.js:207;src_jsc/Views/CardListView_v2.js:219;src_jsc/Views/CardListView_v2.js:316;src_jsc/Views/CardListView_v2.js:350;src_jsc/Views/CardListView_v2.js:372;src_jsc/Views/CardListView_v2.js:62;src_jsc/Views/CardNavigateView.js:50;src_jsc/Views/CardNavigateView.js:56;src_jsc/Views/CardNavigateView.js:70;src_jsc/Views/CardNavigateView.js:80;src_jsc/Views/CardNavigateView.js:96;src_jsc/Views/ChatContentLayer.js:100;src_jsc/Views/ChatContentLayer.js:115;src_jsc/Views/ChatContentLayer.js:117;src_jsc/Views/ChatContentLayer.js:152;src_jsc/Views/ChatContentLayer.js:173;src_jsc/Views/ChatContentLayer.js:343;src_jsc/Views/ChatContentLayer.js:353;src_jsc/Views/ChatContentLayer.js:364;src_jsc/Views/ChatContentLayer.js:77;src_jsc/Views/ChatContentLayer.js:95;src_jsc/Views/ChatTablePageView.js:11;src_jsc/Views/ChatTablePageView.js:29;src_jsc/Views/ChatTablePageView.js:36;src_jsc/Views/ChatTablePageView.js:48;src_jsc/Views/ClimbLadderArtifactStorey.js:380;src_jsc/Views/ClimbLadderArtifactStorey.js:382;src_jsc/Views/ClimbLadderArtifactStorey.js:384;src_jsc/Views/ClimbLadderArtifactStorey.js:387;src_jsc/Views/ClimbLadderArtifactStorey.js:389;src_jsc/Views/ClimbLadderArtifactStorey.js:391;src_jsc/Views/ClimbLadderArtifactStorey.js:57;src_jsc/Views/ClimbLadderPFKGView.js:110;src_jsc/Views/ClimbLadderPFKGView.js:140;src_jsc/Views/ClimbLadderPFKGView.js:39;src_jsc/Views/ClimbLadderPFKGView.js:49;src_jsc/Views/DecisiveBattle/DecisiveBattleMainView.js:153;src_jsc/Views/DecisiveBattle/DecisiveBattleMainView.js:201;src_jsc/Views/DecisiveBattle/DecisiveBattleMainView.js:385;src_jsc/Views/DecisiveBattle/DecisiveBattleMainView.js:426;src_jsc/Views/DecisiveBattle/DecisiveBattleMainView.js:433;src_jsc/Views/DecisiveBattle/DecisiveBattleMainView.js:79;src_jsc/Views/DecisiveBattle/DecisiveBattlePreviewView.js:279;src_jsc/Views/DecisiveBattle/DecisiveBattlePreviewView.js:289;src_jsc/Views/DecisiveBattle/DecisiveBattlePreviewView.js:308;src_jsc/Views/DecisiveBattle/DecisiveBattlePreviewView.js:355;src_jsc/Views/DecisiveBattle/DecisiveBattlePreviewView.js:357;src_jsc/Views/DecisiveBattle/DecisiveBattlePreviewView.js:359;src_jsc/Views/DecisiveBattle/DecisiveBattlePreviewView.js:379;src_jsc/Views/DecisiveBattle/DecisiveBattlePreviewView.js:389;src_jsc/Views/DecisiveBattle/DecisiveBattlePreviewView.js:399;src_jsc/Views/DecisiveBattle/DecisiveBattlePreviewView.js:42;src_jsc/Views/DecisiveBattle/DecisiveBattlePreviewView.js:54;src_jsc/Views/DecisiveBattle/DecisiveBattlePreviewView.js:68;src_jsc/Views/DecisiveBattle/DecisiveBattlePreviewView.js:74;src_jsc/Views/DecisiveBattle/OneRoundPlayerListDialog.js:140;src_jsc/Views/DecisiveBattle/OneRoundPlayerListDialog.js:255;src_jsc/Views/DecisiveBattle/OneRoundPlayerListDialog.js:282;src_jsc/Views/DecisiveBattle/OneRoundPlayerListDialog.js:318;src_jsc/Views/DecisiveBattle/OneRoundPlayerListDialog.js:55;src_jsc/Views/DecisiveBattle/OneRoundPlayerListDialog.js:59;src_jsc/Views/DecisiveBattle/OneRoundPlayerListDialog.js:61;src_jsc/Views/DecisiveBattle/OutPlayersDialog.js:162;src_jsc/Views/DecisiveBattle/OutPlayersDialog.js:34;src_jsc/Views/DecisiveBattle/OutPlayersDialog.js:57;src_jsc/Views/DecisiveBattle/SupportPointsExchangeView.js:276;src_jsc/Views/DecisiveBattle/SupportPointsExchangeView.js:37;src_jsc/Views/DecisiveBattle/SupportRankingDialog.js:159;src_jsc/Views/DecisiveBattle/SupportRankingDialog.js:33;src_jsc/Views/DecisiveBattle/SupportRankingDialog.js:50;src_jsc/Views/DecisiveBattle/SupportRecordView.js:52;src_jsc/Views/Dialog/AchieveDialog.js:48;src_jsc/Views/Dialog/AchieveDialog.js:50;src_jsc/Views/Dialog/AchieveDialog.js:74;src_jsc/Views/Dialog/AchieveDialog.js:76;src_jsc/Views/Dialog/AchieveDialog.js:80;src_jsc/Views/Dialog/AchieveDialog.js:84;src_jsc/Views/Dialog/Adventure.js:414;src_jsc/Views/Dialog/Adventure.js:424;src_jsc/Views/Dialog/Adventure.js:59;src_jsc/Views/Dialog/AdventureDropDialog.js:246;src_jsc/Views/Dialog/AdventureDropDialog.js:99;src_jsc/Views/Dialog/AdvertisementDialog.js:120;src_jsc/Views/Dialog/AdvertisementDialog.js:128;src_jsc/Views/Dialog/AdvertisementDialog.js:39;src_jsc/Views/Dialog/AdvertisementDialog.js:40;src_jsc/Views/Dialog/AdvertisementDialogGuide.js:32;src_jsc/Views/Dialog/AdvertisementDialogGuide.js:34;src_jsc/Views/Dialog/AdvertisementDialogGuide.js:52;src_jsc/Views/Dialog/AgaSurrenderDialog.js:248;src_jsc/Views/Dialog/AgaSurrenderDialog.js:332;src_jsc/Views/Dialog/AgaSurrenderDialog.js:340;src_jsc/Views/Dialog/AgaSurrenderDialog.js:60;src_jsc/Views/Dialog/AgaSurrenderDialog.js:70;src_jsc/Views/Dialog/AnnouncementDialog.js:150;src_jsc/Views/Dialog/AnnouncementDialog.js:154;src_jsc/Views/Dialog/AnnouncementDialog.js:244;src_jsc/Views/Dialog/AnnouncementDialog.js:252;src_jsc/Views/Dialog/AnnouncementDialog.js:292;src_jsc/Views/Dialog/AnnouncementDialog.js:364;src_jsc/Views/Dialog/AnnouncementExt.js:36;src_jsc/Views/Dialog/AutoMultiKillSelectDialog.js:103;src_jsc/Views/Dialog/AutoPracticeDialog.js:24;src_jsc/Views/Dialog/AutoPracticeDialog.js:26;src_jsc/Views/Dialog/AutoPracticeResultDialog.js:30;src_jsc/Views/Dialog/AutoPracticeResultDialog.js:32;src_jsc/Views/Dialog/AwakeChangeYuanFenDialog.js:277;src_jsc/Views/Dialog/AwakeChangeYuanFenDialog.js:289;src_jsc/Views/Dialog/AwakeChangeYuanFenDialog.js:80;src_jsc/Views/Dialog/AwakeConfirmDialog.js:144;src_jsc/Views/Dialog/AwakeConfirmDialog.js:172;src_jsc/Views/Dialog/AwakeConfirmDialog.js:45;src_jsc/Views/Dialog/AwakeInfoDialog.js:305;src_jsc/Views/Dialog/AwakeInfoDialog.js:309;src_jsc/Views/Dialog/AwakeInfoDialog.js:311;src_jsc/Views/Dialog/AwakeInfoDialog.js:319;src_jsc/Views/Dialog/AwakeInfoDialog.js:321;src_jsc/Views/Dialog/AwakeInfoDialog.js:385;src_jsc/Views/Dialog/AwakeInfoDialog.js:387;src_jsc/Views/Dialog/AwakeInfoDialog.js:397;src_jsc/Views/Dialog/AwakeInfoDialog.js:399;src_jsc/Views/Dialog/AwakeInfoDialog.js:63;src_jsc/Views/Dialog/BeautyShopDialog.js:19;src_jsc/Views/Dialog/BeautyShopDialog.js:21;src_jsc/Views/Dialog/BeautyShopDialog.js:22;src_jsc/Views/Dialog/BeautyShopDialog.js:259;src_jsc/Views/Dialog/BeautyShopDialog.js:279;src_jsc/Views/Dialog/BeautyShopDialog.js:283;src_jsc/Views/Dialog/BeautyShopDialog.js:287;src_jsc/Views/Dialog/BeautyShopDialog.js:295;src_jsc/Views/Dialog/BeautyShopDialog.js:63;src_jsc/Views/Dialog/BeautyShopDialog.js:75;src_jsc/Views/Dialog/BeautyShopDialog.js:79;src_jsc/Views/Dialog/BeautyShopDialog.js:85;src_jsc/Views/Dialog/BeautyTipsDialog.js:31;src_jsc/Views/Dialog/BecomeStrongerDialog.js:137;src_jsc/Views/Dialog/BecomeStrongerDialog.js:172;src_jsc/Views/Dialog/BecomeStrongerDialog.js:281;src_jsc/Views/Dialog/BecomeStrongerDialog.js:283;src_jsc/Views/Dialog/BecomeStrongerDialog.js:735;src_jsc/Views/Dialog/BecomeStrongerDialog.js:739;src_jsc/Views/Dialog/BindingDialog.js:22;src_jsc/Views/Dialog/BindingDialog.js:40;src_jsc/Views/Dialog/BindingDialog.js:76;src_jsc/Views/Dialog/BindingTelDialog.js:18;src_jsc/Views/Dialog/BindingTelDialog.js:34;src_jsc/Views/Dialog/BindingTelDialog.js:70;src_jsc/Views/Dialog/BreachResult.js:109;src_jsc/Views/Dialog/BreachResult.js:22;src_jsc/Views/Dialog/BreachResult.js:95;src_jsc/Views/Dialog/ChargeDialog.js:17;src_jsc/Views/Dialog/ChargeDialog.js:42;src_jsc/Views/Dialog/ChargePrivilegeDialog.js:71;src_jsc/Views/Dialog/ChargePrivilegeDialog.js:81;src_jsc/Views/Dialog/ChatDialog.js:26;src_jsc/Views/Dialog/ChatDialog.js:40;src_jsc/Views/Dialog/ClimbLaddersFailDialog.js:35;src_jsc/Views/Dialog/CommonDialog.js:161;src_jsc/Views/Dialog/CommonDialog.js:338;src_jsc/Views/Dialog/CommonDialog.js:346;src_jsc/Views/Dialog/CommonDialog.js:350;src_jsc/Views/Dialog/CommonDialog.js:367;src_jsc/Views/Dialog/CommonDialog.js:425;src_jsc/Views/Dialog/DailyTaskDialog.js:33;src_jsc/Views/Dialog/DailyTaskDialog.js:45;src_jsc/Views/Dialog/DecisiveSupportDialog.js:308;src_jsc/Views/Dialog/DecisiveSupportDialog.js:76;src_jsc/Views/Dialog/DetailDialogComponent.js:1254;src_jsc/Views/Dialog/DetailDialogComponent.js:1319;src_jsc/Views/Dialog/DetailDialogComponent.js:1684;src_jsc/Views/Dialog/DetailDialogComponent.js:1774;src_jsc/Views/Dialog/DetailDialogComponent.js:1996;src_jsc/Views/Dialog/DetailDialogComponent.js:2260;src_jsc/Views/Dialog/DetailDialogComponent.js:2383;src_jsc/Views/Dialog/DetailDialogComponent.js:2502;src_jsc/Views/Dialog/DetailDialogComponent.js:751;src_jsc/Views/Dialog/DetailDialogComponent.js:755;src_jsc/Views/Dialog/DetailDialogComponent.js:768;src_jsc/Views/Dialog/DetailDialogEquip.js:157;src_jsc/Views/Dialog/DetailDialogEquip.js:176;src_jsc/Views/Dialog/DetailDialogEquip.js:188;src_jsc/Views/Dialog/DetailDialogEquip.js:200;src_jsc/Views/Dialog/DetailDialogEquip.js:39;src_jsc/Views/Dialog/DetailDialogEquip.js:47;src_jsc/Views/Dialog/DetailDialogEquip.js:58;src_jsc/Views/Dialog/DetailDialogEquip.js:71;src_jsc/Views/Dialog/DetailDialogEquip.js:77;src_jsc/Views/Dialog/DetailDialogEquip.js:90;src_jsc/Views/Dialog/DetailDialogGeneral.js:102;src_jsc/Views/Dialog/DetailDialogGeneral.js:117;src_jsc/Views/Dialog/DetailDialogGeneral.js:206;src_jsc/Views/Dialog/DetailDialogGeneral.js:218;src_jsc/Views/Dialog/DetailDialogGeneral.js:230;src_jsc/Views/Dialog/DetailDialogGeneral.js:45;src_jsc/Views/Dialog/DetailDialogGeneral.js:53;src_jsc/Views/Dialog/DetailDialogGeneral.js:64;src_jsc/Views/Dialog/DetailDialogGeneral.js:664;src_jsc/Views/Dialog/DetailDialogGeneral.js:77;src_jsc/Views/Dialog/DetailDialogGeneral.js:83;src_jsc/Views/Dialog/DetailDialogGeneral.js:96;src_jsc/Views/Dialog/DetailDialogSkill.js:108;src_jsc/Views/Dialog/DetailDialogSkill.js:122;src_jsc/Views/Dialog/DetailDialogSkill.js:255;src_jsc/Views/Dialog/DetailDialogSkill.js:267;src_jsc/Views/Dialog/DetailDialogSkill.js:279;src_jsc/Views/Dialog/DetailDialogSkill.js:37;src_jsc/Views/Dialog/DetailDialogSkill.js:45;src_jsc/Views/Dialog/DetailDialogSkill.js:56;src_jsc/Views/Dialog/DetailDialogSkill.js:69;src_jsc/Views/Dialog/DetailDialogSkill.js:75;src_jsc/Views/Dialog/DetailDialogSkill.js:88;src_jsc/Views/Dialog/DevelopInstruction.js:21;src_jsc/Views/Dialog/Dialog.js:148;src_jsc/Views/Dialog/Dialog.js:91;src_jsc/Views/Dialog/Dialog.js:98;src_jsc/Views/Dialog/DuanWuDialog.js:19;src_jsc/Views/Dialog/DuanWuDialog.js:21;src_jsc/Views/Dialog/DuanWuDialog.js:22;src_jsc/Views/Dialog/DuanWuDialog.js:265;src_jsc/Views/Dialog/DuanWuDialog.js:285;src_jsc/Views/Dialog/DuanWuDialog.js:289;src_jsc/Views/Dialog/DuanWuDialog.js:293;src_jsc/Views/Dialog/DuanWuDialog.js:301;src_jsc/Views/Dialog/DuanWuDialog.js:63;src_jsc/Views/Dialog/DuanWuDialog.js:75;src_jsc/Views/Dialog/DuanWuDialog.js:79;src_jsc/Views/Dialog/DuanWuDialog.js:85;src_jsc/Views/Dialog/EquipmentStrengthenDialog.js:335;src_jsc/Views/Dialog/EquipmentStrengthenDialog.js:343;src_jsc/Views/Dialog/EquipmentStrengthenDialog.js:351;src_jsc/Views/Dialog/ErrorDialog.js:177;src_jsc/Views/Dialog/ErrorDialog.js:36;src_jsc/Views/Dialog/ErrorDialog.js:62;src_jsc/Views/Dialog/ErrorDialog.js:99;src_jsc/Views/Dialog/ExchangeCDKey.js:21;src_jsc/Views/Dialog/FGLoginDialog.js:23;src_jsc/Views/Dialog/FacebookLoginDialog.js:28;src_jsc/Views/Dialog/FightResult.js:145;src_jsc/Views/Dialog/FightResult.js:167;src_jsc/Views/Dialog/FightResult.js:169;src_jsc/Views/Dialog/FightResult.js:173;src_jsc/Views/Dialog/FightResult.js:175;src_jsc/Views/Dialog/FightResult.js:325;src_jsc/Views/Dialog/FightResult.js:514;src_jsc/Views/Dialog/FightResult.js:522;src_jsc/Views/Dialog/FightResult.js:530;src_jsc/Views/Dialog/FightResult.js:539;src_jsc/Views/Dialog/FirstChargeDialog.js:18;src_jsc/Views/Dialog/FriendOperationDialog.js:26;src_jsc/Views/Dialog/GeneralPreviewDialog.js:214;src_jsc/Views/Dialog/GeneralPreviewDialog.js:25;src_jsc/Views/Dialog/GeneralPreviewDialog.js:276;src_jsc/Views/Dialog/GeneralPreviewDialog.js:52;src_jsc/Views/Dialog/GeneralPreviewDialog.js:54;src_jsc/Views/Dialog/GeneralTrainingResultDialog.js:100;src_jsc/Views/Dialog/GeneralTrainingResultDialog.js:160;src_jsc/Views/Dialog/GeneralTrainingResultDialog.js:162;src_jsc/Views/Dialog/GeneralTrainingResultDialog.js:258;src_jsc/Views/Dialog/GeneralTrainingResultDialog.js:416;src_jsc/Views/Dialog/GeneralTrainingResultDialog.js:448;src_jsc/Views/Dialog/GoldDrawDialog.js:24;src_jsc/Views/Dialog/GoldDrawDialog.js:26;src_jsc/Views/Dialog/IdCardBindingDialog.js:110;src_jsc/Views/Dialog/IdCardBindingDialog.js:112;src_jsc/Views/Dialog/IdCardBindingDialog.js:132;src_jsc/Views/Dialog/IdCardBindingDialog.js:30;src_jsc/Views/Dialog/IdCardBindingDialog.js:44;src_jsc/Views/Dialog/IdCardBindingDialog.js:80;src_jsc/Views/Dialog/InstructionDialog.js:23;src_jsc/Views/Dialog/InstructionDialog.js:41;src_jsc/Views/Dialog/InstructionDialog.js:43;src_jsc/Views/Dialog/InstructionDialog.js:67;src_jsc/Views/Dialog/InstructionDialog.js:71;src_jsc/Views/Dialog/JiFenDuiHuanDialog.js:19;src_jsc/Views/Dialog/JiFenDuiHuanDialog.js:21;src_jsc/Views/Dialog/JiFenDuiHuanDialog.js:22;src_jsc/Views/Dialog/JiFenDuiHuanDialog.js:263;src_jsc/Views/Dialog/JiFenDuiHuanDialog.js:281;src_jsc/Views/Dialog/JiFenDuiHuanDialog.js:285;src_jsc/Views/Dialog/JiFenDuiHuanDialog.js:289;src_jsc/Views/Dialog/JiFenDuiHuanDialog.js:297;src_jsc/Views/Dialog/JiFenDuiHuanDialog.js:63;src_jsc/Views/Dialog/JiFenDuiHuanDialog.js:75;src_jsc/Views/Dialog/JiFenDuiHuanDialog.js:79;src_jsc/Views/Dialog/JiFenDuiHuanDialog.js:85;src_jsc/Views/Dialog/LabourlDialog.js:19;src_jsc/Views/Dialog/LabourlDialog.js:21;src_jsc/Views/Dialog/LabourlDialog.js:22;src_jsc/Views/Dialog/LabourlDialog.js:263;src_jsc/Views/Dialog/LabourlDialog.js:281;src_jsc/Views/Dialog/LabourlDialog.js:285;src_jsc/Views/Dialog/LabourlDialog.js:289;src_jsc/Views/Dialog/LabourlDialog.js:297;src_jsc/Views/Dialog/LabourlDialog.js:63;src_jsc/Views/Dialog/LabourlDialog.js:75;src_jsc/Views/Dialog/LabourlDialog.js:79;src_jsc/Views/Dialog/LabourlDialog.js:85;src_jsc/Views/Dialog/MemorialDialog.js:19;src_jsc/Views/Dialog/MemorialDialog.js:21;src_jsc/Views/Dialog/MemorialDialog.js:22;src_jsc/Views/Dialog/MemorialDialog.js:263;src_jsc/Views/Dialog/MemorialDialog.js:281;src_jsc/Views/Dialog/MemorialDialog.js:285;src_jsc/Views/Dialog/MemorialDialog.js:289;src_jsc/Views/Dialog/MemorialDialog.js:297;src_jsc/Views/Dialog/MemorialDialog.js:63;src_jsc/Views/Dialog/MemorialDialog.js:75;src_jsc/Views/Dialog/MemorialDialog.js:79;src_jsc/Views/Dialog/MemorialDialog.js:85;src_jsc/Views/Dialog/MessagePopView.js:139;src_jsc/Views/Dialog/MessagePopView.js:141;src_jsc/Views/Dialog/MessagePopView.js:145;src_jsc/Views/Dialog/MessagePopView.js:158;src_jsc/Views/Dialog/MessagePopView.js:161;src_jsc/Views/Dialog/MessagePopView.js:165;src_jsc/Views/Dialog/MessagePopView.js:169;src_jsc/Views/Dialog/MessagePopView.js:184;src_jsc/Views/Dialog/MessagePopView.js:60;src_jsc/Views/Dialog/MessagePopView.js:70;src_jsc/Views/Dialog/MulitiFightDialog.js:31;src_jsc/Views/Dialog/MulitiFightDialog.js:35;src_jsc/Views/Dialog/MulitiFightDialog.js:37;src_jsc/Views/Dialog/MultiItemBuyDialog.js:30;src_jsc/Views/Dialog/MultiItemExchangeDialog.js:45;src_jsc/Views/Dialog/MysteryStoreDialog.js:101;src_jsc/Views/Dialog/MysteryStoreDialog.js:17;src_jsc/Views/Dialog/MysteryStoreDialog.js:19;src_jsc/Views/Dialog/MysteryStoreDialog.js:20;src_jsc/Views/Dialog/MysteryStoreDialog.js:329;src_jsc/Views/Dialog/MysteryStoreDialog.js:337;src_jsc/Views/Dialog/MysteryStoreDialog.js:341;src_jsc/Views/Dialog/MysteryStoreDialog.js:345;src_jsc/Views/Dialog/MysteryStoreDialog.js:353;src_jsc/Views/Dialog/MysteryStoreDialog.js:63;src_jsc/Views/Dialog/MysteryStoreDialog.js:75;src_jsc/Views/Dialog/MysteryStoreDialog.js:79;src_jsc/Views/Dialog/MysteryStoreDialog.js:85;src_jsc/Views/Dialog/MysteryStoreDialog.js:93;src_jsc/Views/Dialog/PlantTreeDlg.js:19;src_jsc/Views/Dialog/PlantTreeDlg.js:21;src_jsc/Views/Dialog/PlantTreeDlg.js:22;src_jsc/Views/Dialog/PlantTreeDlg.js:241;src_jsc/Views/Dialog/PlantTreeDlg.js:249;src_jsc/Views/Dialog/PlantTreeDlg.js:255;src_jsc/Views/Dialog/PlantTreeDlg.js:259;src_jsc/Views/Dialog/PlantTreeDlg.js:269;src_jsc/Views/Dialog/PlantTreeDlg.js:61;src_jsc/Views/Dialog/PlantTreeDlg.js:73;src_jsc/Views/Dialog/PlayerInfoDialog.js:115;src_jsc/Views/Dialog/PlayerInfoDialog.js:117;src_jsc/Views/Dialog/PlayerInfoDialog.js:133;src_jsc/Views/Dialog/PlayerInfoDialog.js:299;src_jsc/Views/Dialog/PublicCopyDialog.js:19;src_jsc/Views/Dialog/PublicCopyDialog.js:21;src_jsc/Views/Dialog/PublicCopyDialog.js:22;src_jsc/Views/Dialog/PublicCopyDialog.js:267;src_jsc/Views/Dialog/PublicCopyDialog.js:287;src_jsc/Views/Dialog/PublicCopyDialog.js:291;src_jsc/Views/Dialog/PublicCopyDialog.js:295;src_jsc/Views/Dialog/PublicCopyDialog.js:303;src_jsc/Views/Dialog/PublicCopyDialog.js:63;src_jsc/Views/Dialog/PublicCopyDialog.js:75;src_jsc/Views/Dialog/PublicCopyDialog.js:79;src_jsc/Views/Dialog/PublicCopyDialog.js:89;src_jsc/Views/Dialog/PublicNotice.js:22;src_jsc/Views/Dialog/PublicNotice.js:38;src_jsc/Views/Dialog/PublicNotice.js:40;src_jsc/Views/Dialog/RefineEquipmentDialog.js:41;src_jsc/Views/Dialog/RefineEquipmentDialog.js:72;src_jsc/Views/Dialog/ReplaceCardDialog.js:1040;src_jsc/Views/Dialog/ReplaceCardDialog.js:1179;src_jsc/Views/Dialog/ReplaceCardDialog.js:1272;src_jsc/Views/Dialog/SelectOpenBoxNumDialog.js:48;src_jsc/Views/Dialog/SelectResolveNumDialog.js:48;src_jsc/Views/Dialog/SelectSgsChannelDialog.js:106;src_jsc/Views/Dialog/SelectSgsChannelDialog.js:34;src_jsc/Views/Dialog/SelectSgsChannelDialog.js:50;src_jsc/Views/Dialog/SelectSgsChannelDialog.js:74;src_jsc/Views/Dialog/SendMessageDialog.js:47;src_jsc/Views/Dialog/SkillUpDialog.js:107;src_jsc/Views/Dialog/SkillUpDialog.js:261;src_jsc/Views/Dialog/SkillUpDialog.js:265;src_jsc/Views/Dialog/SkillUpDialog.js:500;src_jsc/Views/Dialog/SkillUpDialog.js:529;src_jsc/Views/Dialog/SkillUpDialog.js:55;src_jsc/Views/Dialog/SkillUpDialog.js:677;src_jsc/Views/Dialog/SkillUpDialog.js:77;src_jsc/Views/Dialog/SkillUpDialog.js:87;src_jsc/Views/Dialog/SkillUpDialog.js:97;src_jsc/Views/Dialog/SlotMachinesActivities.js:113;src_jsc/Views/Dialog/SlotMachinesActivities.js:419;src_jsc/Views/Dialog/SpecificDialog.js:223;src_jsc/Views/Dialog/SpecificDialog.js:582;src_jsc/Views/Dialog/SpecificDialog.js:722;src_jsc/Views/Dialog/SpecificDialog.js:914;src_jsc/Views/Dialog/SpiritStoneDialog.js:19;src_jsc/Views/Dialog/SpiritStoneDialog.js:21;src_jsc/Views/Dialog/SpiritStoneDialog.js:22;src_jsc/Views/Dialog/SpiritStoneDialog.js:235;src_jsc/Views/Dialog/SpiritStoneDialog.js:253;src_jsc/Views/Dialog/SpiritStoneDialog.js:257;src_jsc/Views/Dialog/SpiritStoneDialog.js:261;src_jsc/Views/Dialog/SpiritStoneDialog.js:269;src_jsc/Views/Dialog/SpiritStoneDialog.js:60;src_jsc/Views/Dialog/SpiritStoneDialog.js:70;src_jsc/Views/Dialog/Story.js:100;src_jsc/Views/Dialog/Story.js:102;src_jsc/Views/Dialog/UnionActiveDialog.js:214;src_jsc/Views/Dialog/UnionActiveDialog.js:341;src_jsc/Views/Dialog/UnionActiveDialog.js:356;src_jsc/Views/Dialog/UnionChgNoticeSignDialog.js:43;src_jsc/Views/Dialog/UnionChgNoticeSignDialog.js:55;src_jsc/Views/Dialog/UnionChgNoticeSignDialog.js:59;src_jsc/Views/Dialog/UnionDepotMemberDialog.js:230;src_jsc/Views/Dialog/UnionDepotMemberDialog.js:383;src_jsc/Views/Dialog/UnionDepotMemberDialog.js:399;src_jsc/Views/Dialog/UnionDepotNumChooseDialog.js:58;src_jsc/Views/Dialog/UnionEncounterMapDialog.js:254;src_jsc/Views/Dialog/UnionEncounterMapDialog.js:54;src_jsc/Views/Dialog/UnionEncounterMapDialog.js:66;src_jsc/Views/Dialog/UnionEncounterMapDialog.js:70;src_jsc/Views/Dialog/UnionEncounterMapDialog.js:703;src_jsc/Views/Dialog/UnionEncounterMapDialog.js:724;src_jsc/Views/Dialog/UnionEncounterMapDialog.js:780;src_jsc/Views/Dialog/UnionEncounterMapDialog.js:782;src_jsc/Views/Dialog/UnionEncounterMapDialog.js:784;src_jsc/Views/Dialog/UnionEncounterMapDialog.js:788;src_jsc/Views/Dialog/UnionEncounterMapDialog.js:89;src_jsc/Views/Dialog/UnionWarActivePromoteDialog.js:31;src_jsc/Views/Dialog/UnionWarActivePromoteDialog.js:54;src_jsc/Views/Dialog/UnionWarActivePromoteDialog.js:69;src_jsc/Views/Dialog/UnionWarBattleResultDialog.js:193;src_jsc/Views/Dialog/UnionWarBattleResultDialog.js:278;src_jsc/Views/Dialog/UnionWarBattleResultDialog.js:295;src_jsc/Views/Dialog/UnionWarFlowChartDialog.js:159;src_jsc/Views/Dialog/UnionWarFlowChartDialog.js:169;src_jsc/Views/Dialog/UnionWarFlowChartDialog.js:217;src_jsc/Views/Dialog/UsrUpgradeWillOpen.js:34;src_jsc/Views/Dialog/VerificationTelDialog.js:18;src_jsc/Views/Dialog/VerificationTelDialog.js:34;src_jsc/Views/Dialog/VerificationTelDialog.js:70;src_jsc/Views/EquipmentReinforceView.js:70;src_jsc/Views/EquipmentReinforceView.js:80;src_jsc/Views/FeedBack.js:18;src_jsc/Views/Gems/AllGemsListDialog.js:70;src_jsc/Views/Gems/GemsBagView.js:159;src_jsc/Views/Gems/GemsBagView.js:302;src_jsc/Views/Gems/GemsComposeView.js:104;src_jsc/Views/Gems/GemsHoleextendView.js:43;src_jsc/Views/Gems/GemsHoleextendView.js:53;src_jsc/Views/Gems/GemsPunchView.js:101;src_jsc/Views/Gems/GemsPunchView.js:134;src_jsc/Views/Gems/GemsPunchView.js:14;src_jsc/Views/Gems/GemsPunchView.js:173;src_jsc/Views/Gems/GemsPunchView.js:35;src_jsc/Views/Gems/GemsPunchView.js:486;src_jsc/Views/Gems/GemsPunchView.js:50;src_jsc/Views/Gems/GemsPunchView.js:59;src_jsc/Views/Gems/GemsSophisticationReplaceDialog.js:254;src_jsc/Views/Gems/GemsSophisticationView.js:103;src_jsc/Views/Gems/GemsSophisticationView.js:153;src_jsc/Views/Gems/GemsSophisticationView.js:179;src_jsc/Views/Gems/GemsSophisticationView.js:189;src_jsc/Views/Gems/GemsSophisticationView.js:205;src_jsc/Views/Gems/GemsSophisticationView.js:35;src_jsc/Views/Gems/GemsSophisticationView.js:388;src_jsc/Views/Gems/GemsSophisticationView.js:49;src_jsc/Views/Gems/GemsSophisticationView.js:57;src_jsc/Views/Gems/GemsSophisticationView.js:652;src_jsc/Views/Gems/GemsSophisticationView.js:72;src_jsc/Views/Gems/GemsSophisticationView.js:737;src_jsc/Views/Gems/GemsSophisticationView.js:87;src_jsc/Views/Gems/GemsSophisticationView.js:902;src_jsc/Views/Gems/GemsSophisticationView.js:96;src_jsc/Views/GeneralCardShow.js:22;src_jsc/Views/GeneralCardShow.js:31;src_jsc/Views/GeneralCardShow.js:37;src_jsc/Views/GeneralCardShow.js:41;src_jsc/Views/GeneralPlayView.js:150;src_jsc/Views/GeneralPlayView.js:153;src_jsc/Views/GeneralPlayView.js:38;src_jsc/Views/GeneralPlayView.js:40;src_jsc/Views/GeneralPlayView.js:433;src_jsc/Views/GeneralPlayView.js:439;src_jsc/Views/GeneralPlayView.js:445;src_jsc/Views/GeneralPlayView.js:464;src_jsc/Views/GeneralPlayView.js:470;src_jsc/Views/GeneralPlayView.js:476;src_jsc/Views/GeneralPlayView.js:489;src_jsc/Views/GeneralPlayView.js:504;src_jsc/Views/GeneralPlayView.js:513;src_jsc/Views/GeneralPlayView.js:528;src_jsc/Views/GeneralPlayView.js:77;src_jsc/Views/GeneralPlayView.js:81;src_jsc/Views/GeneralSwapView.js:157;src_jsc/Views/GeneralSwapView.js:167;src_jsc/Views/GeneralSwapView.js:179;src_jsc/Views/GeneralSwapView.js:194;src_jsc/Views/GeneralSwapView.js:196;src_jsc/Views/GeneralSwapView.js:207;src_jsc/Views/GeneralSwapView.js:217;src_jsc/Views/GeneralSwapView.js:229;src_jsc/Views/GeneralSwapView.js:244;src_jsc/Views/GeneralSwapView.js:246;src_jsc/Views/GeneralSwapView.js:290;src_jsc/Views/GeneralSwapView.js:34;src_jsc/Views/GeneralSwapView.js:84;src_jsc/Views/GeneralSwapView.js:93;src_jsc/Views/GeneralSwapView.js:95;src_jsc/Views/GeneralSwapView.js:97;src_jsc/Views/Goddess/GoddessAchievementDialog.js:312;src_jsc/Views/Goddess/GoddessAchievementDialog.js:325;src_jsc/Views/Goddess/GoddessAchievementDialog.js:329;src_jsc/Views/Goddess/GoddessAchievementDialog.js:333;src_jsc/Views/Goddess/GoddessAchievementDialog.js:55;src_jsc/Views/Goddess/GoddessMainView.js:143;src_jsc/Views/Goddess/GoddessMainView.js:242;src_jsc/Views/Goddess/GoddessMainView.js:302;src_jsc/Views/Goddess/GoddessMainView.js:393;src_jsc/Views/Goddess/GoddessMainView.js:397;src_jsc/Views/Goddess/GoddessMainView.js:401;src_jsc/Views/Goddess/ThreeIconShowView.js:151;src_jsc/Views/Goddess/ThreeIconShowView.js:161;src_jsc/Views/Goddess/ThreeIconShowView.js:173;src_jsc/Views/Goddess/ThreeIconShowView.js:190;src_jsc/Views/Goddess/ThreeIconShowView.js:192;src_jsc/Views/Goddess/ThreeIconShowView.js:203;src_jsc/Views/Goddess/ThreeIconShowView.js:213;src_jsc/Views/Goddess/ThreeIconShowView.js:225;src_jsc/Views/Goddess/ThreeIconShowView.js:242;src_jsc/Views/Goddess/ThreeIconShowView.js:244;src_jsc/Views/Goddess/ThreeIconShowView.js:288;src_jsc/Views/Goddess/ThreeIconShowView.js:34;src_jsc/Views/Goddess/ThreeIconShowView.js:84;src_jsc/Views/Goddess/ThreeIconShowView.js:93;src_jsc/Views/Goddess/ThreeIconShowView.js:95;src_jsc/Views/Goddess/ThreeIconShowView.js:97;src_jsc/Views/HDShowViews.js:37;src_jsc/Views/HornView.js:23;src_jsc/Views/HornView.js:35;src_jsc/Views/HornView.js:37;src_jsc/Views/HpProgressView.js:140;src_jsc/Views/HpProgressView.js:142;src_jsc/Views/HpProgressView.js:144;src_jsc/Views/HpProgressView.js:146;src_jsc/Views/HpProgressView.js:169;src_jsc/Views/HpProgressView.js:171;src_jsc/Views/HpProgressView.js:173;src_jsc/Views/HpProgressView.js:175;src_jsc/Views/HpProgressView.js:364;src_jsc/Views/HpProgressView.js:84;src_jsc/Views/HulaoBattle/GarrisonLayoutDialog.js:467;src_jsc/Views/HulaoBattle/GarrisonLayoutDialog.js:469;src_jsc/Views/HulaoBattle/GarrisonLayoutDialog.js:88;src_jsc/Views/HulaoBattle/HulaoBattleMainView.js:304;src_jsc/Views/HulaoBattle/HulaoBattleMainView.js:52;src_jsc/Views/HulaoBattle/HulaoBattleMainView.js:56;src_jsc/Views/HulaoBattle/HulaoBattleSelectDifficulty.js:52;src_jsc/Views/HulaoBattle/LightenLuckDialog.js:209;src_jsc/Views/HulaoBattle/LightenLuckDialog.js:58;src_jsc/Views/HulaoBattle/LightenLuckDialog.js:82;src_jsc/Views/HungerLayer.js:266;src_jsc/Views/Icon/BaseIcon.js:207;src_jsc/Views/Icon/BaseIcon.js:222;src_jsc/Views/Icon/BaseIcon.js:267;src_jsc/Views/Icon/IconStyleA.js:188;src_jsc/Views/Icon/IconStyleA.js:206;src_jsc/Views/Icon/IconStyleA.js:221;src_jsc/Views/Icon/IconStyleA.js:243;src_jsc/Views/Icon/IconStyleA.js:245;src_jsc/Views/Icon/IconStyleA.js:279;src_jsc/Views/Icon/IconStyleA.js:281;src_jsc/Views/Icon/IconStyleA.js:310;src_jsc/Views/Icon/IconStyleA.js:336;src_jsc/Views/Icon/IconStyleA.js:362;src_jsc/Views/Icon/IconStyleA.js:379;src_jsc/Views/Icon/IconStyleA.js:402;src_jsc/Views/Icon/IconStyleA.js:424;src_jsc/Views/Icon/IconStyleA.js:442;src_jsc/Views/Icon/IconStyleA.js:471;src_jsc/Views/Icon/IconStyleA.js:497;src_jsc/Views/Icon/IconStyleA.js:530;src_jsc/Views/Icon/IconStyleA.js:550;src_jsc/Views/Icon/IconStyleA.js:567;src_jsc/Views/Icon/IconStyleA.js:594;src_jsc/Views/Icon/IconStyleA.js:601;src_jsc/Views/Icon/IconStyleA.js:620;src_jsc/Views/Icon/IconStyleA.js:630;src_jsc/Views/Icon/IconStyleA.js:657;src_jsc/Views/Icon/IconStyleA.js:674;src_jsc/Views/Icon/IconStyleA.js:725;src_jsc/Views/Icon/IconStyleA.js:727;src_jsc/Views/Icon/IconStyleB.js:23;src_jsc/Views/Icon/IconStyleB.js:44;src_jsc/Views/Icon/IconStyleC.js:26;src_jsc/Views/Icon/IconWrapped.js:82;src_jsc/Views/InterService/InterServiceFightView.js:104;src_jsc/Views/InterService/InterServiceFightView.js:110;src_jsc/Views/InterService/InterServiceRegistrationView.js:141;src_jsc/Views/InterService/InterServiceRegistrationView.js:221;src_jsc/Views/InterService/InterServiceRegistrationView.js:241;src_jsc/Views/InterService/InterServiceRegistrationView.js:57;src_jsc/Views/InterService/InterServiceRegistrationView.js:67;src_jsc/Views/InterService/InterServiceRewardDialog.js:33;src_jsc/Views/InterService/InterServiceRewardPreviewDialog.js:52;src_jsc/Views/InterService/InterServiceWorshipView.js:44;src_jsc/Views/InterService/PointsExchangeView.js:116;src_jsc/Views/InterService/PointsExchangeView.js:270;src_jsc/Views/InterService/PointsExchangeView.js:33;src_jsc/Views/InterService/PointsRankDialog.js:178;src_jsc/Views/InterService/PointsRankDialog.js:193;src_jsc/Views/InterService/PointsRankDialog.js:51;src_jsc/Views/InterService/PopularityRewardView.js:239;src_jsc/Views/InterService/PopularityRewardView.js:251;src_jsc/Views/InterService/PopularityRewardView.js:46;src_jsc/Views/ItemCell.js:260;src_jsc/Views/ItemCell.js:287;src_jsc/Views/ItemCell.js:318;src_jsc/Views/ItemCell.js:562;src_jsc/Views/ItemCell.js:577;src_jsc/Views/ItemCell.js:588;src_jsc/Views/ItemCell.js:600;src_jsc/Views/ItemCell.js:606;src_jsc/Views/ItemCell.js:612;src_jsc/Views/ItemShowList.js:163;src_jsc/Views/ItemShowList.js:226;src_jsc/Views/Label/LabelExt.js:322;src_jsc/Views/Label/LabelExt.js:91;src_jsc/Views/ListTableView.js:77;src_jsc/Views/MainMenuBtnView.js:40;src_jsc/Views/MainMenuView.js:106;src_jsc/Views/MainMenuView.js:159;src_jsc/Views/MainMenuView.js:43;src_jsc/Views/MainMenuView.js:87;src_jsc/Views/Meridians/AcupointListView.js:132;src_jsc/Views/Meridians/AcupointListView.js:41;src_jsc/Views/Meridians/AcupointListView.js:52;src_jsc/Views/Meridians/DetailsListView.js:164;src_jsc/Views/Meridians/DetailsListView.js:32;src_jsc/Views/Meridians/DetailsListView.js:69;src_jsc/Views/Meridians/DetailsListView.js:78;src_jsc/Views/Meridians/MeridiansDetailDialog.js:103;src_jsc/Views/Meridians/MeridiansDetailDialog.js:116;src_jsc/Views/Meridians/MeridiansDetailDialog.js:33;src_jsc/Views/Meridians/MeridiansDetailDialog.js:52;src_jsc/Views/Meridians/MeridiansDetailDialog.js:54;src_jsc/Views/Meridians/MeridiansDetailDialog.js:83;src_jsc/Views/Meridians/MeridiansMainView.js:111;src_jsc/Views/Meridians/MeridiansMainView.js:218;src_jsc/Views/Meridians/MeridiansMainView.js:230;src_jsc/Views/Meridians/MeridiansMainView.js:339;src_jsc/Views/Meridians/PracticeMeridiansMainView.js:101;src_jsc/Views/Meridians/PracticeMeridiansMainView.js:103;src_jsc/Views/Meridians/PracticeMeridiansMainView.js:358;src_jsc/Views/Mgr.js:1013;src_jsc/Views/Mgr.js:1024;src_jsc/Views/Mgr.js:1087;src_jsc/Views/Mgr.js:1089;src_jsc/Views/Mgr.js:1100;src_jsc/Views/Mgr.js:788;src_jsc/Views/Mgr.js:790;src_jsc/Views/Mgr.js:791;src_jsc/Views/Mgr.js:792;src_jsc/Views/Mgr.js:793;src_jsc/Views/Mgr.js:794;src_jsc/Views/Mgr.js:829;src_jsc/Views/Mgr.js:830;src_jsc/Views/Mgr.js:845;src_jsc/Views/Mgr.js:846;src_jsc/Views/MiniTablePage.js:23;src_jsc/Views/MiniTablePage.js:27;src_jsc/Views/MiniTablePage.js:35;src_jsc/Views/MiniTablePage.js:44;src_jsc/Views/MiniTablePage.js:68;src_jsc/Views/MiniTablePage.js:75;src_jsc/Views/MiracleWeapons/MiracleWeaponInforDialog.js:119;src_jsc/Views/MiracleWeapons/MiracleWeaponInforDialog.js:297;src_jsc/Views/MiracleWeapons/MiracleWeaponInforDialog.js:303;src_jsc/Views/MiracleWeapons/MiracleWeaponInforDialog.js:309;src_jsc/Views/MiracleWeapons/MiracleWeaponInforDialog.js:415;src_jsc/Views/MiracleWeapons/MiracleWeaponInforDialog.js:64;src_jsc/Views/MiracleWeapons/MiracleWeaponInforDialog.js:66;src_jsc/Views/MiracleWeapons/MiracleWeaponLayer.js:170;src_jsc/Views/MiracleWeapons/MiracleWeaponLayer.js:178;src_jsc/Views/MiracleWeapons/MiracleWeaponLayer.js:323;src_jsc/Views/MiracleWeapons/SelectMiracleWeaponLayer.js:109;src_jsc/Views/MiracleWeapons/SelectMiracleWeaponLayer.js:120;src_jsc/Views/MiracleWeapons/SelectMiracleWeaponLayer.js:239;src_jsc/Views/MiracleWeapons/SelectMiracleWeaponLayer.js:258;src_jsc/Views/MiracleWeapons/SelectMiracleWeaponLayer.js:283;src_jsc/Views/MiracleWeapons/SelectMiracleWeaponLayer.js:432;src_jsc/Views/MiracleWeapons/SelectMiracleWeaponLayer.js:438;src_jsc/Views/MiracleWeapons/SelectMiracleWeaponLayer.js:444;src_jsc/Views/MiracleWeapons/SelectMiracleWeaponLayer.js:93;src_jsc/Views/MiracleWeapons/ThreeMiracleWeaponsShowLayer.js:112;src_jsc/Views/MiracleWeapons/ThreeMiracleWeaponsShowLayer.js:125;src_jsc/Views/MiracleWeapons/ThreeMiracleWeaponsShowLayer.js:137;src_jsc/Views/MiracleWeapons/ThreeMiracleWeaponsShowLayer.js:153;src_jsc/Views/MiracleWeapons/ThreeMiracleWeaponsShowLayer.js:45;src_jsc/Views/MiracleWeapons/ThreeMiracleWeaponsShowLayer.js:47;src_jsc/Views/MiracleWeapons/ThreeMiracleWeaponsShowLayer.js:49;src_jsc/Views/MultiLineUpView.js:153;src_jsc/Views/MultiLineUpView.js:49;src_jsc/Views/MultiPagesMenuView.js:137;src_jsc/Views/MultiPagesMenuView.js:20;src_jsc/Views/MultiPagesMenuView.js:281;src_jsc/Views/MultiPagesMenuView.js:305;src_jsc/Views/MultiPagesMenuView.js:340;src_jsc/Views/MultiPagesMenuView.js:80;src_jsc/Views/MultiPagesMenuView.js:84;src_jsc/Views/MultiPagesMenuView.js:90;src_jsc/Views/MultiPagesMenuView.js:92;src_jsc/Views/PlayerInfoBannerView.js:160;src_jsc/Views/PlayerInfoBannerView.js:162;src_jsc/Views/PlayerInfoBannerView.js:273;src_jsc/Views/PlayerInfoBannerView.js:301;src_jsc/Views/PlayerInfoBannerView.js:303;src_jsc/Views/PlayerInfoBannerView.js:378;src_jsc/Views/ProgressTimer/BlueProgressTimer.js:25;src_jsc/Views/ProgressTimer/BlueProgressTimer.js:39;src_jsc/Views/ProgressTimer/BlueProgressTimer.js:41;src_jsc/Views/ProgressTimer/NormalProgressTimer.js:25;src_jsc/Views/ProgressTimer/NormalProgressTimer.js:39;src_jsc/Views/ProgressTimer/NormalProgressTimer.js:41;src_jsc/Views/QueueTeamView.js:164;src_jsc/Views/QueueTeamView.js:182;src_jsc/Views/QueueTeamView.js:242;src_jsc/Views/QueueTeamView.js:545;src_jsc/Views/QueueTeamView.js:91;src_jsc/Views/QuickFight.js:102;src_jsc/Views/QuickFight.js:104;src_jsc/Views/QuickFight.js:158;src_jsc/Views/QuickFight.js:199;src_jsc/Views/ReincarnationView.js:23;src_jsc/Views/ReincarnationView.js:35;src_jsc/Views/ReincarnationView.js:41;src_jsc/Views/ReincarnationView.js:55;src_jsc/Views/ReplaceCardList.js:71;src_jsc/Views/ReplaceCardList.js:83;src_jsc/Views/RoundClippingNode.js:19;src_jsc/Views/RoundClippingNode.js:25;src_jsc/Views/RoundClippingNode.js:29;src_jsc/Views/SceneTitleView.js:24;src_jsc/Views/ScrollView.js:173;src_jsc/Views/ServerSelectView.js:253;src_jsc/Views/ServerSelectView.js:255;src_jsc/Views/ServerSelectView.js:27;src_jsc/Views/ServerSelectView.js:41;src_jsc/Views/ServerSelectView.js:51;src_jsc/Views/ShowTeamView.js:145;src_jsc/Views/ShowTeamView.js:513;src_jsc/Views/SkillCompoundView.js:21;src_jsc/Views/SkillCompoundView.js:33;src_jsc/Views/SkillCompoundView.js:39;src_jsc/Views/SkillCompoundView.js:48;src_jsc/Views/SkillPieceIconShow.js:66;src_jsc/Views/SkillPieceIconShow.js:68;src_jsc/Views/SkillPieceIconShow.js:88;src_jsc/Views/SkillRefining/SkillRefiningLayer.js:105;src_jsc/Views/SkillRefining/SkillRefiningLayer.js:121;src_jsc/Views/SkillRefining/SkillRefiningLayer.js:171;src_jsc/Views/SkillRefining/SkillRefiningLayer.js:602;src_jsc/Views/SkillRefining/SkillRefiningLayer.js:97;src_jsc/Views/SkillSpecView.js:20;src_jsc/Views/SkillSpecView.js:24;src_jsc/Views/SkillSpecView.js:36;src_jsc/Views/SkillSpecView.js:38;src_jsc/Views/SortController.js:28;src_jsc/Views/SortController.js:30;src_jsc/Views/SortController.js:47;src_jsc/Views/SortController.js:49;src_jsc/Views/SplitLabelTTF.js:90;src_jsc/Views/SplitLabelTTF.js:92;src_jsc/Views/SpriteClippingNode.js:21;src_jsc/Views/SpriteClippingNode.js:23;src_jsc/Views/SurrenderReachView.js:21;src_jsc/Views/SurrenderReachView.js:64;src_jsc/Views/Table/BaseTableView.js:233;src_jsc/Views/Table/BaseTableView.js:239;src_jsc/Views/Table/BaseTableView.js:242;src_jsc/Views/Table/Cell/AgaHeadTableViewCell.js:34;src_jsc/Views/Table/Cell/AgaHeadTableViewCell.js:38;src_jsc/Views/Table/Cell/ChaosTableViewCell.js:26;src_jsc/Views/Table/Cell/ChaosTableViewCell.js:28;src_jsc/Views/Table/Cell/ChargeItemCell.js:22;src_jsc/Views/Table/Cell/ChargeItemCell.js:24;src_jsc/Views/Table/Cell/ClimbLadderTableViewCell.js:276;src_jsc/Views/Table/Cell/ClimbLadderTableViewCell.js:278;src_jsc/Views/Table/Cell/ClimbLadderTableViewCell.js:71;src_jsc/Views/Table/Cell/ClimbLadderTableViewCell.js:73;src_jsc/Views/Table/Cell/EquipmentFragmentJoinTableViewCell.js:31;src_jsc/Views/Table/Cell/EquipmentFragmentTableViewCell.js:43;src_jsc/Views/Table/Cell/EquipmentTableViewCell.js:306;src_jsc/Views/Table/Cell/EquipmentTableViewCell.js:35;src_jsc/Views/Table/Cell/EquipmentTableViewStrengthenCell.js:35;src_jsc/Views/Table/Cell/LadderChartTableViewCell.js:26;src_jsc/Views/Table/Cell/LadderChartTableViewCell.js:28;src_jsc/Views/Table/Cell/MulitiFightCell.js:15;src_jsc/Views/Table/Cell/MulitiFightCell.js:67;src_jsc/Views/Table/Cell/MulitiFightCell.js:97;src_jsc/Views/Table/Cell/RankTableViewCell.js:194;src_jsc/Views/Table/Cell/RankTableViewCell.js:199;src_jsc/Views/Table/Cell/RankTableViewCell.js:207;src_jsc/Views/Table/Cell/RankTableViewCell.js:64;src_jsc/Views/Table/Cell/RankTableViewCell.js:66;src_jsc/Views/Table/Cell/ReplaceCardCell.js:1259;src_jsc/Views/Table/Cell/ReplaceCardCell.js:739;src_jsc/Views/Table/Cell/SkillMeltTableCell.js:232;src_jsc/Views/Table/Cell/SkillMeltTableCell.js:246;src_jsc/Views/Table/Cell/SkillMeltTableCell.js:260;src_jsc/Views/Table/Cell/SkillMeltTableCell.js:35;src_jsc/Views/Table/Cell/SkillPieceTableViewCell.js:22;src_jsc/Views/Table/Cell/SkillTableViewCell.js:26;src_jsc/Views/Table/Cell/TaskCell.js:139;src_jsc/Views/Table/Cell/TaskCell.js:141;src_jsc/Views/Table/Cell/TaskCell.js:146;src_jsc/Views/Table/Cell/TaskCell.js:151;src_jsc/Views/Table/Cell/TaskCell.js:23;src_jsc/Views/Table/Cell/TaskCell.js:57;src_jsc/Views/Table/Cell/TaskCell.js:59;src_jsc/Views/Table/Cell/TeamQueueTeamCell.js:36;src_jsc/Views/Table/Cell/UnionSearchTableViewCell.js:17;src_jsc/Views/Table/InterServiceRewardPreviewTableView.js:31;src_jsc/Views/Table/InterServiceRewardTableView.js:49;src_jsc/Views/Table/InterServiceRewardTableView.js:92;src_jsc/Views/Table/InterServiceRewardTableView.js:96;src_jsc/Views/Table/MenuTableView.js:275;src_jsc/Views/Table/MenuTableView.js:50;src_jsc/Views/Table/MenuTableView.js:60;src_jsc/Views/Table/MenuTableView.js:70;src_jsc/Views/Table/MenuTableView.js:80;src_jsc/Views/Table/SkillPieceTableView.js:57;src_jsc/Views/Table/SkillPieceTableView.js:66;src_jsc/Views/Table/SkillPieceTableView.js:80;src_jsc/Views/Table/UnionLogTableView.js:39;src_jsc/Views/Table/UnionLogTableView.js:41;src_jsc/Views/TablePageView.js:197;src_jsc/Views/TablePageView.js:272;src_jsc/Views/TablePageView.js:279;src_jsc/Views/TablePageView.js:286;src_jsc/Views/TablePageView.js:526;src_jsc/Views/TableViewCellButton.js:272;src_jsc/Views/TableViewCellButton.js:284;src_jsc/Views/TableViewCellButton.js:296;src_jsc/Views/TeamCntPopView.js:79;src_jsc/Views/TeamCntPopView.js:81;src_jsc/Views/TeamCntPopView.js:95;src_jsc/Views/TeamIconButton.js:166;src_jsc/Views/TeamIconButton.js:233;src_jsc/Views/TeamIconButton.js:274;src_jsc/Views/TeamIconButton.js:330;src_jsc/Views/TeamIconButton.js:334;src_jsc/Views/TeamIconButton.js:342;src_jsc/Views/TeamIconButton.js:51;src_jsc/Views/TeamIconButton.js:57;src_jsc/Views/TeamIconButton.js:63;src_jsc/Views/TeamIconButton.js:69;src_jsc/Views/TeamIconButton_Buddy.js:14;src_jsc/Views/TeamIconButton_Buddy.js:35;src_jsc/Views/TeamIconButton_Buddy.js:66;src_jsc/Views/TeamIconButton_Buddy.js:70;src_jsc/Views/TeamIconButton_Buddy.js:78;src_jsc/Views/Union/UnionCombatMainLayer.js:108;src_jsc/Views/Union/UnionCombatMainLayer.js:13;src_jsc/Views/Union/UnionCombatMainLayer.js:139;src_jsc/Views/Union/UnionCombatMainLayer.js:15;src_jsc/Views/Union/UnionCombatMainLayer.js:163;src_jsc/Views/Union/UnionCombatMainLayer.js:460;src_jsc/Views/Union/UnionCombatMainLayer.js:481;src_jsc/Views/Union/UnionDepotLayer.js:205;src_jsc/Views/Union/UnionDepotLayer.js:215;src_jsc/Views/Union/UnionDepotLayer.js:223;src_jsc/Views/Union/UnionDialog.js:184;src_jsc/Views/Union/UnionDialog.js:221;src_jsc/Views/Union/UnionDialog.js:235;src_jsc/Views/Union/UnionDialog.js:239;src_jsc/Views/Union/UnionDialog.js:248;src_jsc/Views/Union/UnionDonationLayer.js:103;src_jsc/Views/Union/UnionDonationLayer.js:127;src_jsc/Views/Union/UnionDonationLayer.js:348;src_jsc/Views/Union/UnionInfoLayer.js:103;src_jsc/Views/Union/UnionInfoLayer.js:105;src_jsc/Views/Union/UnionInfoLayer.js:113;src_jsc/Views/Union/UnionInfoLayer.js:83;src_jsc/Views/Union/UnionMemberLayer.js:100;src_jsc/Views/Union/UnionMemberLayer.js:208;src_jsc/Views/Union/UnionMemberLayer.js:337;src_jsc/Views/Union/UnionMemberLayer.js:347;src_jsc/Views/Union/UnionMemberManageDialog.js:132;src_jsc/Views/Union/UnionMemberManageDialog.js:57;src_jsc/Views/Union/UnionMemberManageDialog.js:61;src_jsc/Views/Union/UnionMembershipLayer.js:213;src_jsc/Views/Union/UnionMembershipLayer.js:225;src_jsc/Views/Union/UnionRankingLayer.js:10;src_jsc/Views/Union/UnionRankingLayer.js:11;src_jsc/Views/Union/UnionRankingLayer.js:266;src_jsc/Views/Union/UnionRankingLayer.js:276;src_jsc/Views/Union/UnionRankingLayer.js:65;src_jsc/Views/Union/UnionRankingLayer.js:7;src_jsc/Views/Union/UnionRankingLayer.js:75;src_jsc/Views/Union/UnionRankingLayer.js:85;src_jsc/Views/Union/UnionRankingLayer.js:9;src_jsc/Views/Union/UnionSearch.js:101;src_jsc/Views/Union/UnionSearch.js:105;src_jsc/Views/Union/UnionSearch.js:193;src_jsc/Views/Union/UnionSearch.js:36;src_jsc/Views/Union/UnionShopLayer.js:242;src_jsc/Views/Union/UnionShopLayer.js:254;src_jsc/Views/Union/UnionShopLayer.js:57;src_jsc/Views/UnionWarBattleView.js:130;src_jsc/Views/UnionWarBattleView.js:132;src_jsc/Views/UnionWarFightView.js:178;src_jsc/Views/UnionWarFightView.js:180;src_jsc/Views/UnionWarFightView.js:249;src_jsc/Views/UnionWarPlayerHeadFightView.js:93;src_jsc/Views/UpgradeCard/BaseUpgradeCard.js:243;src_jsc/Views/UpgradeCard/BaseUpgradeCard.js:251;src_jsc/Views/UpgradeCard/BaseUpgradeCard.js:27;src_jsc/Views/UpgradeCard/BaseUpgradeCard.js:304;src_jsc/Views/UpgradeCard/BaseUpgradeCard.js:313;src_jsc/Views/UpgradeCard/BaseUpgradeCard.js:47;src_jsc/Views/UpgradeCard/BaseUpgradeCard.js:49;src_jsc/Views/UpgradeCard/CardAwakeInfoView.js:41;src_jsc/Views/UpgradeCard/CardAwakeView.js:29;src_jsc/Views/UpgradeCard/CardAwakeView.js:39;src_jsc/Views/UpgradeCard/CardAwakeView.js:50;src_jsc/Views/UpgradeCard/CombatUpgradeCard.js:14;src_jsc/Views/UpgradeGuideInMainView.js:39;src_jsc/Views/VipCell.js:120;src_jsc/Views/VipCell.js:122;src_jsc/Views/VipCell.js:134;src_jsc/Views/VipCell.js:148;src_jsc/Views/WorshipInfoView.js:324;src_jsc/Views/WorshipInfoView.js:330;src_jsc/Views/WorshipWinePopNode.js:127;src_jsc/Views/WorshipWinePopNode.js:133;src_jsc/Views/WorshipWinePopNode.js:167;src_jsc/Views/WorshipWinePopNode.js:267,unknown,unknown,unknown,unknown,unknown,unknown,candidate observed statically; scene reachability unverified,stock Cocos/JSB binding or project JS; exact binding not resolved,UNRESOLVED,Recovered/native_api_inventory.json member_uses; reconstructed JS is approximate,not yet selected,not run
js_member_candidate,cc.pAdd,cc,unknown; resolve against recorded oracle symbol dump,src_jsc/Factorys/Skill/Item/Timeline.js:450;src_jsc/Skill/Impl.js:41,unknown,unknown,unknown,unknown,unknown,unknown,candidate observed statically; scene reachability unverified,stock Cocos/JSB binding or project JS; exact binding not resolved,UNRESOLVED,Recovered/native_api_inventory.json member_uses; reconstructed JS is approximate,not yet selected,not run
js_member_candidate,cc.pSub,cc,unknown; resolve against recorded oracle symbol dump,src_jsc/Factorys/Skill/Item/Timeline.js:535,unknown,unknown,unknown,unknown,unknown,unknown,candidate observed statically; scene reachability unverified,stock Cocos/JSB binding or project JS; exact binding not resolved,UNRESOLVED,Recovered/native_api_inventory.json member_uses; reconstructed JS is approximate,not yet selected,not run
js_member_candidate,cc.pointEqualToPoint,cc,unknown; resolve against recorded oracle symbol dump,src_jsc/Core/Cocos2d-x/jsb_cocos2d.js:381,unknown,unknown,unknown,unknown,unknown,unknown,candidate observed statically; scene reachability unverified,stock Cocos/JSB binding or project JS; exact binding not resolved,UNRESOLVED,Recovered/native_api_inventory.json member_uses; reconstructed JS is approximate,not yet selected,not run
js_member_candidate,cc.rect,cc,unknown; resolve against recorded oracle symbol dump,src_jsc/Cfg/Sprite.js:6;src_jsc/Core/Cocos2d-x/jsb_cocos2d.js:424;src_jsc/Core/Cocos2d-x/jsb_cocos2d.js:509;src_jsc/Core/Cocos2d-x/jsb_cocos2d.js:525;src_jsc/Core/Cocos2d-x/jsb_cocos2d.js:536;src_jsc/Guide/GuideStepPlugin.js:170;src_jsc/Guide/GuideStepPlugin.js:206;src_jsc/Guide/GuideStepPlugin.js:277;src_jsc/Guide/GuideStepPlugin.js:39;src_jsc/Models/Resource.js:168;src_jsc/Scene/Awake/AwakeBoxScene.js:59;src_jsc/Scene/Awake/AwakeBoxScene.js:81;src_jsc/Scene/Store/StoreScene.js:170;src_jsc/Scene/Store/StoreScene.js:194;src_jsc/Views/HungerLayer.js:209;src_jsc/Views/ServerSelectView.js:383;src_jsc/Views/SortController.js:176,unknown,unknown,unknown,unknown,unknown,unknown,candidate observed statically; scene reachability unverified,stock Cocos/JSB binding or project JS; exact binding not resolved,UNRESOLVED,Recovered/native_api_inventory.json member_uses; reconstructed JS is approximate,not yet selected,not run
js_member_candidate,cc.rectContainsPoint,cc,unknown; resolve against recorded oracle symbol dump,src_jsc/Core/Cocos2d-x/jsb_cocos2d.js:486;src_jsc/Scene/Chaos/ChaosHomeView.js:317;src_jsc/Scene/Combat/CombatCardView.js:229;src_jsc/Scene/Combat/CombatCardView.js:233;src_jsc/Scene/Party/WishingScene.js:513;src_jsc/Views/Dialog/SendMessageDialog.js:135;src_jsc/Views/FeedBack.js:65;src_jsc/Views/HornView.js:59;src_jsc/Views/ServerSelectView.js:388;src_jsc/Views/ServerSelectView.js:392;src_jsc/Views/SortController.js:177;src_jsc/Views/Union/UnionDonationLayer.js:182;src_jsc/Views/Union/UnionDonationLayer.js:186;src_jsc/Views/Union/UnionDonationLayer.js:190,unknown,unknown,unknown,unknown,unknown,unknown,candidate observed statically; scene reachability unverified,stock Cocos/JSB binding or project JS; exact binding not resolved,UNRESOLVED,Recovered/native_api_inventory.json member_uses; reconstructed JS is approximate,not yet selected,not run
js_member_candidate,cc.rectContainsRect,cc,unknown; resolve against recorded oracle symbol dump,src_jsc/Core/Cocos2d-x/jsb_cocos2d.js:447,unknown,unknown,unknown,unknown,unknown,unknown,candidate observed statically; scene reachability unverified,stock Cocos/JSB binding or project JS; exact binding not resolved,UNRESOLVED,Recovered/native_api_inventory.json member_uses; reconstructed JS is approximate,not yet selected,not run
js_member_candidate,cc.rectEqualToRect,cc,unknown; resolve against recorded oracle symbol dump,src_jsc/Core/Cocos2d-x/jsb_cocos2d.js:442,unknown,unknown,unknown,unknown,unknown,unknown,candidate observed statically; scene reachability unverified,stock Cocos/JSB binding or project JS; exact binding not resolved,UNRESOLVED,Recovered/native_api_inventory.json member_uses; reconstructed JS is approximate,not yet selected,not run
js_member_candidate,cc.rectGetMaxX,cc,unknown; resolve against recorded oracle symbol dump,src_jsc/Core/Cocos2d-x/jsb_cocos2d.js:456,unknown,unknown,unknown,unknown,unknown,unknown,candidate observed statically; scene reachability unverified,stock Cocos/JSB binding or project JS; exact binding not resolved,UNRESOLVED,Recovered/native_api_inventory.json member_uses; reconstructed JS is approximate,not yet selected,not run
js_member_candidate,cc.rectGetMaxY,cc,unknown; resolve against recorded oracle symbol dump,src_jsc/Core/Cocos2d-x/jsb_cocos2d.js:471,unknown,unknown,unknown,unknown,unknown,unknown,candidate observed statically; scene reachability unverified,stock Cocos/JSB binding or project JS; exact binding not resolved,UNRESOLVED,Recovered/native_api_inventory.json member_uses; reconstructed JS is approximate,not yet selected,not run
js_member_candidate,cc.rectGetMidX,cc,unknown; resolve against recorded oracle symbol dump,src_jsc/Core/Cocos2d-x/jsb_cocos2d.js:461,unknown,unknown,unknown,unknown,unknown,unknown,candidate observed statically; scene reachability unverified,stock Cocos/JSB binding or project JS; exact binding not resolved,UNRESOLVED,Recovered/native_api_inventory.json member_uses; reconstructed JS is approximate,not yet selected,not run
js_member_candidate,cc.rectGetMidY,cc,unknown; resolve against recorded oracle symbol dump,src_jsc/Core/Cocos2d-x/jsb_cocos2d.js:476,unknown,unknown,unknown,unknown,unknown,unknown,candidate observed statically; scene reachability unverified,stock Cocos/JSB binding or project JS; exact binding not resolved,UNRESOLVED,Recovered/native_api_inventory.json member_uses; reconstructed JS is approximate,not yet selected,not run
js_member_candidate,cc.rectGetMinX,cc,unknown; resolve against recorded oracle symbol dump,src_jsc/Core/Cocos2d-x/jsb_cocos2d.js:466,unknown,unknown,unknown,unknown,unknown,unknown,candidate observed statically; scene reachability unverified,stock Cocos/JSB binding or project JS; exact binding not resolved,UNRESOLVED,Recovered/native_api_inventory.json member_uses; reconstructed JS is approximate,not yet selected,not run
js_member_candidate,cc.rectGetMinY,cc,unknown; resolve against recorded oracle symbol dump,src_jsc/Core/Cocos2d-x/jsb_cocos2d.js:481,unknown,unknown,unknown,unknown,unknown,unknown,candidate observed statically; scene reachability unverified,stock Cocos/JSB binding or project JS; exact binding not resolved,UNRESOLVED,Recovered/native_api_inventory.json member_uses; reconstructed JS is approximate,not yet selected,not run
js_member_candidate,cc.rectIntersection,cc,unknown; resolve against recorded oracle symbol dump,src_jsc/Core/Cocos2d-x/jsb_cocos2d.js:522,unknown,unknown,unknown,unknown,unknown,unknown,candidate observed statically; scene reachability unverified,stock Cocos/JSB binding or project JS; exact binding not resolved,UNRESOLVED,Recovered/native_api_inventory.json member_uses; reconstructed JS is approximate,not yet selected,not run
js_member_candidate,cc.rectIntersectsRect,cc,unknown; resolve against recorded oracle symbol dump,src_jsc/Core/Cocos2d-x/jsb_cocos2d.js:498,unknown,unknown,unknown,unknown,unknown,unknown,candidate observed statically; scene reachability unverified,stock Cocos/JSB binding or project JS; exact binding not resolved,UNRESOLVED,Recovered/native_api_inventory.json member_uses; reconstructed JS is approximate,not yet selected,not run
js_member_candidate,cc.rectUnion,cc,unknown; resolve against recorded oracle symbol dump,src_jsc/Core/Cocos2d-x/jsb_cocos2d.js:506,unknown,unknown,unknown,unknown,unknown,unknown,candidate observed statically; scene reachability unverified,stock Cocos/JSB binding or project JS; exact binding not resolved,UNRESOLVED,Recovered/native_api_inventory.json member_uses; reconstructed JS is approximate,not yet selected,not run
js_member_candidate,cc.red,cc,unknown; resolve against recorded oracle symbol dump,src_jsc/Core/Cocos2d-x/jsb_cocos2d.js:272,unknown,unknown,unknown,unknown,unknown,unknown,candidate observed statically; scene reachability unverified,stock Cocos/JSB binding or project JS; exact binding not resolved,UNRESOLVED,Recovered/native_api_inventory.json member_uses; reconstructed JS is approximate,not yet selected,not run
js_member_candidate,cc.registerTargetedDelegate,cc,unknown; resolve against recorded oracle symbol dump,src_jsc/Core/Cocos2d-x/jsb_deprecated.js:119,unknown,unknown,unknown,unknown,unknown,unknown,candidate observed statically; scene reachability unverified,stock Cocos/JSB binding or project JS; exact binding not resolved,UNRESOLVED,Recovered/native_api_inventory.json member_uses; reconstructed JS is approximate,not yet selected,not run
js_member_candidate,cc.registerTargetedDelegate.apply,cc,unknown; resolve against recorded oracle symbol dump,src_jsc/Core/Cocos2d-x/jsb_deprecated.js:121,unknown,unknown,unknown,unknown,unknown,unknown,candidate observed statically; scene reachability unverified,stock Cocos/JSB binding or project JS; exact binding not resolved,UNRESOLVED,Recovered/native_api_inventory.json member_uses; reconstructed JS is approximate,not yet selected,not run
js_member_candidate,cc.registerTargettedDelegate,cc,unknown; resolve against recorded oracle symbol dump,src_jsc/Core/Cocos2d-x/jsb_deprecated.js:114;src_jsc/Core/Cocos2d-x/jsb_deprecated.js:119,unknown,unknown,unknown,unknown,unknown,unknown,candidate observed statically; scene reachability unverified,stock Cocos/JSB binding or project JS; exact binding not resolved,UNRESOLVED,Recovered/native_api_inventory.json member_uses; reconstructed JS is approximate,not yet selected,not run
js_member_candidate,cc.s_sharedNotificationCenter,cc,unknown; resolve against recorded oracle symbol dump,src_jsc/Core/Cocos2d-x/CCNotificationCenter.js:110;src_jsc/Core/Cocos2d-x/CCNotificationCenter.js:112;src_jsc/Core/Cocos2d-x/CCNotificationCenter.js:115;src_jsc/Core/Cocos2d-x/CCNotificationCenter.js:5,unknown,unknown,unknown,unknown,unknown,unknown,candidate observed statically; scene reachability unverified,stock Cocos/JSB binding or project JS; exact binding not resolved,UNRESOLVED,Recovered/native_api_inventory.json member_uses; reconstructed JS is approximate,not yet selected,not run
js_member_candidate,cc.size,cc,unknown; resolve against recorded oracle symbol dump,src_jsc/Cfg/Btn.js:176;src_jsc/Cfg/Btn.js:183;src_jsc/Cfg/Btn.js:190;src_jsc/Cfg/Btn.js:197;src_jsc/Cfg/Btn.js:204;src_jsc/Cfg/Btn.js:211;src_jsc/Cfg/Btn.js:218;src_jsc/Cfg/Btn.js:225;src_jsc/Cfg/Btn.js:231;src_jsc/Cfg/Btn.js:238;src_jsc/Cfg/Btn.js:245;src_jsc/Cfg/Btn.js:251;src_jsc/Cfg/Btn.js:257;src_jsc/Cfg/Btn.js:264;src_jsc/Cfg/Btn.js:271;src_jsc/Cfg/Btn.js:278;src_jsc/Cfg/Btn.js:285;src_jsc/Cfg/Btn.js:292;src_jsc/Cfg/Btn.js:299;src_jsc/Cfg/Btn.js:306;src_jsc/Cfg/Btn.js:313;src_jsc/Cfg/Btn.js:320;src_jsc/Cfg/Btn.js:326;src_jsc/Cfg/Btn.js:333;src_jsc/Cfg/Btn.js:339;src_jsc/Cfg/Btn.js:345;src_jsc/Cfg/Btn.js:351;src_jsc/Cfg/Btn.js:357;src_jsc/Cfg/Btn.js:363;src_jsc/Cfg/Btn.js:369;src_jsc/Cfg/Btn.js:375;src_jsc/Cfg/Btn.js:381;src_jsc/Cfg/Btn.js:387;src_jsc/Cfg/Btn.js:393;src_jsc/Cfg/Btn.js:400;src_jsc/Cfg/Btn.js:407;src_jsc/Cfg/Btn.js:414;src_jsc/Cfg/Btn.js:421;src_jsc/Cfg/Btn.js:428;src_jsc/Cfg/Btn.js:435;src_jsc/Cfg/Btn.js:454;src_jsc/Cfg/Btn.js:461;src_jsc/Cfg/Btn.js:468;src_jsc/Cfg/Btn.js:475;src_jsc/Cfg/Btn.js:484;src_jsc/Cfg/Btn.js:491;src_jsc/Cfg/Btn.js:497;src_jsc/Cfg/Btn.js:503;src_jsc/Cfg/Btn.js:510;src_jsc/Cfg/Btn.js:523;src_jsc/Cfg/Btn.js:529;src_jsc/Cfg/Btn.js:539;src_jsc/Cfg/Btn.js:545;src_jsc/Cfg/Btn.js:551;src_jsc/Cfg/Btn.js:557;src_jsc/Cfg/Btn.js:564;src_jsc/Cfg/Btn.js:571;src_jsc/Cfg/Btn.js:578;src_jsc/Cfg/Btn.js:585;src_jsc/Cfg/Btn.js:592;src_jsc/Cfg/Btn.js:599;src_jsc/Cfg/Btn.js:606;src_jsc/Cfg/Btn.js:613;src_jsc/Cfg/Btn.js:619;src_jsc/Cfg/Btn.js:625;src_jsc/Cfg/Btn.js:631;src_jsc/Cfg/Btn.js:637;src_jsc/Cfg/Btn.js:643;src_jsc/Cfg/Btn.js:679;src_jsc/Cfg/Btn.js:685;src_jsc/Cfg/Btn.js:692;src_jsc/Cfg/Btn.js:698;src_jsc/Cfg/Btn.js:704;src_jsc/Cfg/Btn.js:710;src_jsc/Cfg/Btn.js:716;src_jsc/Cfg/Btn.js:722;src_jsc/Cfg/Btn.js:728;src_jsc/Cfg/Btn.js:734;src_jsc/Cfg/Btn.js:740;src_jsc/Cfg/Btn.js:746;src_jsc/Cfg/Btn.js:752;src_jsc/Cfg/Btn.js:758;src_jsc/Cfg/Btn.js:765;src_jsc/Cfg/Btn.js:772;src_jsc/Core/Cocos2d-x/jsb_cocos2d.js:400;src_jsc/Core/Cocos2d-x/jsb_cocos2d.js:421;src_jsc/Libs/Views/Button/Factory.js:7;src_jsc/Models/Chat.js:98;src_jsc/Models/Dungeon.js:220;src_jsc/Models/ToastModel.js:104;src_jsc/Models/TreasureBox.js:58;src_jsc/Scene/Achievement/AchievementScene.js:126;src_jsc/Scene/Achievement/AchievementScene.js:189;src_jsc/Scene/Achievement/AchievementScene.js:226;src_jsc/Scene/Achievement/AchievementScene.js:261;src_jsc/Scene/Achievement/AchievementScene.js:297;src_jsc/Scene/Achievement/AchievementScene.js:75;src_jsc/Scene/Aga/AgaScene.js:1270;src_jsc/Scene/Aga/AgaScene.js:1389;src_jsc/Scene/Aga/AgaScene.js:394;src_jsc/Scene/Aga/AgaScene.js:52;src_jsc/Scene/Aga/AgaScene.js:779;src_jsc/Scene/Awake/AwakeBoxScene.js:29;src_jsc/Scene/Awake/AwakeBoxView.js:65;src_jsc/Scene/Awake/AwakeBoxView.js:79;src_jsc/Scene/Awake/AwakeScene.js:38;src_jsc/Scene/Bag/BagScene.js:206;src_jsc/Scene/Bag/BagScene.js:22;src_jsc/Scene/Bag/BagScene.js:48;src_jsc/Scene/Bag/BagScene.js:52;src_jsc/Scene/Beauty/BeautyCell.js:24;src_jsc/Scene/Beauty/BeautyCell.js:45;src_jsc/Scene/Beauty/BeautyScene.js:1365;src_jsc/Scene/Beauty/BeautyScene.js:137;src_jsc/Scene/Beauty/BeautyScene.js:1458;src_jsc/Scene/Beauty/BeautyScene.js:237;src_jsc/Scene/Beauty/BeautyScene.js:273;src_jsc/Scene/Beauty/BeautyScene.js:85;src_jsc/Scene/Buddy/BuddyScene.js:36;src_jsc/Scene/Buddy/BuddyView.js:250;src_jsc/Scene/Buddy/BuddyView.js:50;src_jsc/Scene/Chaos/ChaosFightScene.js:27;src_jsc/Scene/Chaos/ChaosScene.js:33;src_jsc/Scene/Climb/ClimbLadderRankListScene.js:29;src_jsc/Scene/Climb/StartBattleScene.js:353;src_jsc/Scene/Combat/CombatCardView.js:107;src_jsc/Scene/Combat/CombatCardView.js:95;src_jsc/Scene/Combat/CombatScene.js:27;src_jsc/Scene/Combat/CombatUpgradeScene.js:622;src_jsc/Scene/Combat/CombatUpgradeScene.js:64;src_jsc/Scene/Combat/CombatUpgradeScene.js:68;src_jsc/Scene/Copy/BossCell.js:22;src_jsc/Scene/Copy/CopyScene.js:249;src_jsc/Scene/Copy/CopyScene.js:676;src_jsc/Scene/Copy/CopyScene.js:763;src_jsc/Scene/Copy/CopyScene.js:81;src_jsc/Scene/Copy/CopyScene.js:91;src_jsc/Scene/Copy/DuanWuCopyScene.js:249;src_jsc/Scene/Copy/DuanWuCopyScene.js:676;src_jsc/Scene/Copy/DuanWuCopyScene.js:763;src_jsc/Scene/Copy/DuanWuCopyScene.js:81;src_jsc/Scene/Copy/DuanWuCopyScene.js:91;src_jsc/Scene/Copy/LabourlCopyScene.js:249;src_jsc/Scene/Copy/LabourlCopyScene.js:676;src_jsc/Scene/Copy/LabourlCopyScene.js:763;src_jsc/Scene/Copy/LabourlCopyScene.js:81;src_jsc/Scene/Copy/LabourlCopyScene.js:91;src_jsc/Scene/Copy/MemorialCopyScene.js:249;src_jsc/Scene/Copy/MemorialCopyScene.js:676;src_jsc/Scene/Copy/MemorialCopyScene.js:763;src_jsc/Scene/Copy/MemorialCopyScene.js:81;src_jsc/Scene/Copy/MemorialCopyScene.js:91;src_jsc/Scene/Copy/PlantCopyScene.js:247;src_jsc/Scene/Copy/PlantCopyScene.js:674;src_jsc/Scene/Copy/PlantCopyScene.js:761;src_jsc/Scene/Copy/PlantCopyScene.js:79;src_jsc/Scene/Copy/PlantCopyScene.js:89;src_jsc/Scene/Copy/PublicCopyScene.js:259;src_jsc/Scene/Copy/PublicCopyScene.js:719;src_jsc/Scene/Copy/PublicCopyScene.js:806;src_jsc/Scene/Copy/PublicCopyScene.js:81;src_jsc/Scene/Copy/PublicCopyScene.js:91;src_jsc/Scene/Debug/DebugScene.js:181;src_jsc/Scene/Debug/DebugScene.js:214;src_jsc/Scene/Debug/DebugScene.js:285;src_jsc/Scene/Debug/DebugScene.js:316;src_jsc/Scene/DecisiveBattle/DecisiveBattleMainScene.js:39;src_jsc/Scene/DecisiveBattle/SupportAwardScene.js:24;src_jsc/Scene/Develop/AlchemyView.js:145;src_jsc/Scene/Develop/AlchemyView.js:25;src_jsc/Scene/Develop/AlchemyView.js:294;src_jsc/Scene/Develop/AlchemyView.js:69;src_jsc/Scene/Develop/DevelopScene.js:27;src_jsc/Scene/Equ/EquipmentScene.js:149;src_jsc/Scene/Fight/FightScene.js:443;src_jsc/Scene/Fight/FightScene.js:455;src_jsc/Scene/Fight/FightScene.js:508;src_jsc/Scene/FightChapter/DungeonView.js:63;src_jsc/Scene/FightChapter/DungeonView.js:79;src_jsc/Scene/FightChapter/FightChapters.js:173;src_jsc/Scene/FightChapter/FightChapters.js:179;src_jsc/Scene/FightChapter/FightChapters.js:186;src_jsc/Scene/FightChapter/FightChapters.js:192;src_jsc/Scene/Gems/GemsScene.js:34;src_jsc/Scene/Goddess/GoddessMainScene.js:30;src_jsc/Scene/HulaoBattle/HulaoBattleMainScene.js:36;src_jsc/Scene/InterService/InterServiceFightScene.js:34;src_jsc/Scene/InterService/InterServiceRegistrationScene.js:28;src_jsc/Scene/InterService/InterServiceWorshipScene.js:38;src_jsc/Scene/InterService/PopularityRewardScene.js:30;src_jsc/Scene/Ladder/LadderCardShow.js:150;src_jsc/Scene/Ladder/LadderCardShow.js:212;src_jsc/Scene/Ladder/LadderChartScene.js:17;src_jsc/Scene/Ladder/LadderChartView.js:15;src_jsc/Scene/Ladder/LadderGiftView.js:18;src_jsc/Scene/Ladder/LadderGiftView.js:22;src_jsc/Scene/Ladder/LadderGiftView_Honor.js:18;src_jsc/Scene/Ladder/LadderGiftView_Honor.js:28;src_jsc/Scene/Ladder/LadderScene.js:28;src_jsc/Scene/Ladder/LadderTenFightResultDialog.js:107;src_jsc/Scene/Ladder/LadderTenFightResultDialog.js:26;src_jsc/Scene/Ladder/LadderTenFightResultDialog.js:36;src_jsc/Scene/Ladder/LadderView.js:35;src_jsc/Scene/Login/LoginScene_AnySdk.js:48;src_jsc/Scene/Login/LoginScene_AnySdk.js:520;src_jsc/Scene/Login/LoginScene_AnySdk.js:542;src_jsc/Scene/Login/LoginScene_AnySdk.js:578;src_jsc/Scene/Login/LoginScene_BfSdk.js:380;src_jsc/Scene/Login/LoginScene_BfSdk.js:402;src_jsc/Scene/Login/LoginScene_BfSdk.js:438;src_jsc/Scene/Login/LoginScene_BfSdk.js:46;src_jsc/Scene/Login/LoginScene_BfSdk.js:815;src_jsc/Scene/Login/LoginScene_BfSdk.js:843;src_jsc/Scene/Login/LoginScene_BfSdk.js:879;src_jsc/Scene/Login/LoginScene_EasyGuestSdk.js:39;src_jsc/Scene/Login/LoginScene_EasySdk.js:33;src_jsc/Scene/Login/LoginScene_ThirdGuestSdk.js:42;src_jsc/Scene/Login/LoginScene_ThirdSdk.js:48;src_jsc/Scene/Mail/MailSystemScene.js:29;src_jsc/Scene/Main/MainMenuScene.js:252;src_jsc/Scene/Meridians/MeridiansMainScene.js:30;src_jsc/Scene/Meridians/PracticeMeridiansMainScene.js:32;src_jsc/Scene/Party/PartyDialog.js:1075;src_jsc/Scene/Party/PartyDialogExt.js:697;src_jsc/Scene/Party/RechargeRankDialog.js:365;src_jsc/Scene/Party/RechargeRankDialog.js:419;src_jsc/Scene/Party/WishingScene.js:44;src_jsc/Scene/Party/WishingScene.js:591;src_jsc/Scene/Party/WishingScene.js:86;src_jsc/Scene/Party/WishingScene.js:88;src_jsc/Scene/Rank/RankScene.js:20;src_jsc/Scene/Setting/ContactGMScene.js:145;src_jsc/Scene/Setting/ContactGMScene.js:71;src_jsc/Scene/Setting/SettingScene.js:29;src_jsc/Scene/Setting/SettingScene.js:312;src_jsc/Scene/Skill/SkillScene.js:99;src_jsc/Scene/Social/SocialScene.js:29;src_jsc/Scene/Social/SocialView.js:36;src_jsc/Scene/Social/SocialView.js:60;src_jsc/Scene/Store/StoreScene.js:43;src_jsc/Scene/Store/ToastView.js:581;src_jsc/Scene/Store/ToastView.js:599;src_jsc/Scene/Store/ToastView.js:789;src_jsc/Scene/SubMenu/ChallengeMenuScene.js:84;src_jsc/Scene/SubMenu/GeneralMenuScene.js:84;src_jsc/Scene/SubMenu/MenuMenuScene.js:92;src_jsc/Scene/SubMenu/PartyMenuScene.js:296;src_jsc/Scene/TeamBuild/TeamBuildScene.js:325;src_jsc/Scene/TeamBuild/TeamBuildScene.js:329;src_jsc/Scene/TeamBuild/TeamBuildScene.js:331;src_jsc/Scene/TeamBuild/TeamBuildScene.js:375;src_jsc/Scene/TeamBuild/TeamBuildScene.js:397;src_jsc/Scene/TeamBuild/TeamBuildScene_V2.js:243;src_jsc/Scene/TeamBuild/TeamBuildScene_V2.js:247;src_jsc/Scene/TeamBuild/TeamBuildScene_V2.js:263;src_jsc/Scene/TeamBuild/TeamBuildScene_V2.js:334;src_jsc/Scene/TeamBuild/TeamMemberNavigation.js:682;src_jsc/Scene/TeamBuild/TeamMemberNavigation.js:921;src_jsc/Scene/Training/GeneralTraningScene.js:342;src_jsc/Scene/Training/GeneralTraningScene.js:474;src_jsc/Scene/Training/GeneralTraningScene.js:476;src_jsc/Scene/Training/GeneralTraningScene.js:71;src_jsc/Scene/Training/GeneralTraningScene.js:848;src_jsc/Scene/UnionWar/UnionWarBattleScene.js:51;src_jsc/Scene/UnionWar/UnionWarBattleScene.js:71;src_jsc/Scene/UnionWar/UnionWarChangeFormationScene.js:50;src_jsc/Scene/UnionWar/UnionWarFightScene.js:62;src_jsc/Scene/UnionWar/UnionWarFightScene.js:74;src_jsc/Scene/Vip/VipScene.js:50;src_jsc/Scene/Vip/VipScene.js:99;src_jsc/Scene/Worship/WorshipScene.js:85;src_jsc/Tools/UI.js:240;src_jsc/Tools/UI.js:411;src_jsc/Tools/UI.js:414;src_jsc/Tools/UI.js:424;src_jsc/Tools/UI.js:431;src_jsc/Utils/Node.js:166;src_jsc/Utils/Node.js:176;src_jsc/Utils/Node.js:53;src_jsc/Views/Awake/AwakeLayer.js:138;src_jsc/Views/BeautyIconButton.js:46;src_jsc/Views/Card/Equ.js:64;src_jsc/Views/Card/Fight.js:870;src_jsc/Views/Card/General.js:10;src_jsc/Views/Card/General.js:139;src_jsc/Views/Card/General.js:61;src_jsc/Views/Card/OtherPlayer.js:10;src_jsc/Views/Card/OtherPlayer.js:21;src_jsc/Views/Card/OtherPlayer.js:214;src_jsc/Views/CardNavigateView.js:142;src_jsc/Views/CardNavigateView.js:32;src_jsc/Views/ChangeName.js:21;src_jsc/Views/ChatContentLayer.js:32;src_jsc/Views/ChatContentLayer.js:383;src_jsc/Views/ChatContentLayer.js:41;src_jsc/Views/ChatContentLayer.js:75;src_jsc/Views/ChatContentLayer.js:85;src_jsc/Views/ClimbLadderArtifactStorey.js:134;src_jsc/Views/ClimbLadderArtifactStorey.js:47;src_jsc/Views/ClimbLadderPFKGView.js:55;src_jsc/Views/DecisiveBattle/DecisiveBattleMainView.js:77;src_jsc/Views/DecisiveBattle/DecisiveBattlePreviewView.js:40;src_jsc/Views/DecisiveBattle/DecisiveBattlePreviewView.js:48;src_jsc/Views/DecisiveBattle/DecisiveBattlePreviewView.js:50;src_jsc/Views/DecisiveBattle/DecisiveBattlePreviewView.js:62;src_jsc/Views/DecisiveBattle/OneRoundPlayerListDialog.js:237;src_jsc/Views/DecisiveBattle/OneRoundPlayerListDialog.js:253;src_jsc/Views/DecisiveBattle/OneRoundPlayerListDialog.js:274;src_jsc/Views/DecisiveBattle/OneRoundPlayerListDialog.js:340;src_jsc/Views/DecisiveBattle/OutPlayersDialog.js:32;src_jsc/Views/DecisiveBattle/OutPlayersDialog.js:53;src_jsc/Views/DecisiveBattle/OutPlayersDialog.js:93;src_jsc/Views/DecisiveBattle/SupportPointsExchangeView.js:133;src_jsc/Views/DecisiveBattle/SupportPointsExchangeView.js:35;src_jsc/Views/DecisiveBattle/SupportRankingDialog.js:31;src_jsc/Views/DecisiveBattle/SupportRankingDialog.js:46;src_jsc/Views/DecisiveBattle/SupportRankingDialog.js:86;src_jsc/Views/DecisiveBattle/SupportRecordView.js:151;src_jsc/Views/DecisiveBattle/SupportRecordView.js:50;src_jsc/Views/Dialog/AdventureDropDialog.js:119;src_jsc/Views/Dialog/AdventureDropDialog.js:194;src_jsc/Views/Dialog/AdventureDropDialog.js:89;src_jsc/Views/Dialog/AdventureDropDialog.js:91;src_jsc/Views/Dialog/AgaSurrenderDialog.js:246;src_jsc/Views/Dialog/AgaSurrenderDialog.js:58;src_jsc/Views/Dialog/AnnouncementDialog.js:104;src_jsc/Views/Dialog/AnnouncementDialog.js:109;src_jsc/Views/Dialog/AnnouncementDialog.js:138;src_jsc/Views/Dialog/AnnouncementDialog.js:156;src_jsc/Views/Dialog/AnnouncementDialog.js:246;src_jsc/Views/Dialog/AnnouncementDialog.js:248;src_jsc/Views/Dialog/AnnouncementDialog.js:288;src_jsc/Views/Dialog/AnnouncementDialog.js:360;src_jsc/Views/Dialog/AnnouncementDialog.js:368;src_jsc/Views/Dialog/AnnouncementDialog.js:375;src_jsc/Views/Dialog/AnnouncementExt.js:32;src_jsc/Views/Dialog/AutoMultiKillSelectDialog.js:101;src_jsc/Views/Dialog/AwakeChangeYuanFenDialog.js:142;src_jsc/Views/Dialog/AwakeChangeYuanFenDialog.js:265;src_jsc/Views/Dialog/AwakeChangeYuanFenDialog.js:267;src_jsc/Views/Dialog/AwakeChangeYuanFenDialog.js:273;src_jsc/Views/Dialog/AwakeChangeYuanFenDialog.js:285;src_jsc/Views/Dialog/AwakeChangeYuanFenDialog.js:76;src_jsc/Views/Dialog/AwakeConfirmDialog.js:43;src_jsc/Views/Dialog/AwakeInfoDialog.js:237;src_jsc/Views/Dialog/AwakeInfoDialog.js:303;src_jsc/Views/Dialog/AwakeInfoDialog.js:59;src_jsc/Views/Dialog/BeautyShopDialog.js:257;src_jsc/Views/Dialog/BeautyShopDialog.js:289;src_jsc/Views/Dialog/BeautyShopDialog.js:420;src_jsc/Views/Dialog/BeautyTipsDialog.js:29;src_jsc/Views/Dialog/BecomeStrongerDialog.js:135;src_jsc/Views/Dialog/BecomeStrongerDialog.js:168;src_jsc/Views/Dialog/BecomeStrongerDialog.js:208;src_jsc/Views/Dialog/BindingDialog.js:20;src_jsc/Views/Dialog/BindingDialog.js:38;src_jsc/Views/Dialog/BindingDialog.js:74;src_jsc/Views/Dialog/BindingTelDialog.js:16;src_jsc/Views/Dialog/BindingTelDialog.js:32;src_jsc/Views/Dialog/BindingTelDialog.js:68;src_jsc/Views/Dialog/BreachResult.js:20;src_jsc/Views/Dialog/ChargeDialog.js:15;src_jsc/Views/Dialog/ChargePrivilegeDialog.js:69;src_jsc/Views/Dialog/ChatDialog.js:24;src_jsc/Views/Dialog/ChatDialog.js:32;src_jsc/Views/Dialog/ClimbLaddersFailDialog.js:33;src_jsc/Views/Dialog/CommonDialog.js:149;src_jsc/Views/Dialog/CommonDialog.js:159;src_jsc/Views/Dialog/CommonDialog.js:314;src_jsc/Views/Dialog/CommonDialog.js:326;src_jsc/Views/Dialog/CommonDialog.js:330;src_jsc/Views/Dialog/CommonDialog.js:356;src_jsc/Views/Dialog/DailyTaskDialog.js:31;src_jsc/Views/Dialog/DecisiveSupportDialog.js:306;src_jsc/Views/Dialog/DecisiveSupportDialog.js:319;src_jsc/Views/Dialog/DecisiveSupportDialog.js:398;src_jsc/Views/Dialog/DecisiveSupportDialog.js:74;src_jsc/Views/Dialog/DetailDialogComponent.js:1313;src_jsc/Views/Dialog/DetailDialogComponent.js:1326;src_jsc/Views/Dialog/DetailDialogComponent.js:1535;src_jsc/Views/Dialog/DetailDialogComponent.js:1617;src_jsc/Views/Dialog/DetailDialogComponent.js:1992;src_jsc/Views/Dialog/DetailDialogComponent.js:2184;src_jsc/Views/Dialog/DetailDialogComponent.js:2256;src_jsc/Views/Dialog/DetailDialogComponent.js:2316;src_jsc/Views/Dialog/DetailDialogComponent.js:2379;src_jsc/Views/Dialog/DetailDialogComponent.js:2507;src_jsc/Views/Dialog/DetailDialogComponent.js:2548;src_jsc/Views/Dialog/DetailDialogComponent.js:696;src_jsc/Views/Dialog/DetailDialogComponent.js:720;src_jsc/Views/Dialog/DetailDialogComponent.js:780;src_jsc/Views/Dialog/DetailDialogEquip.js:153;src_jsc/Views/Dialog/DetailDialogEquip.js:172;src_jsc/Views/Dialog/DetailDialogEquip.js:184;src_jsc/Views/Dialog/DetailDialogEquip.js:196;src_jsc/Views/Dialog/DetailDialogEquip.js:54;src_jsc/Views/Dialog/DetailDialogEquip.js:73;src_jsc/Views/Dialog/DetailDialogEquip.js:92;src_jsc/Views/Dialog/DetailDialogGeneral.js:119;src_jsc/Views/Dialog/DetailDialogGeneral.js:202;src_jsc/Views/Dialog/DetailDialogGeneral.js:214;src_jsc/Views/Dialog/DetailDialogGeneral.js:226;src_jsc/Views/Dialog/DetailDialogGeneral.js:60;src_jsc/Views/Dialog/DetailDialogGeneral.js:662;src_jsc/Views/Dialog/DetailDialogGeneral.js:79;src_jsc/Views/Dialog/DetailDialogGeneral.js:98;src_jsc/Views/Dialog/DetailDialogSkill.js:251;src_jsc/Views/Dialog/DetailDialogSkill.js:263;src_jsc/Views/Dialog/DetailDialogSkill.js:275;src_jsc/Views/Dialog/DetailDialogSkill.js:52;src_jsc/Views/Dialog/DetailDialogSkill.js:71;src_jsc/Views/Dialog/DetailDialogSkill.js:90;src_jsc/Views/Dialog/DevelopInstruction.js:19;src_jsc/Views/Dialog/Dialog.js:237;src_jsc/Views/Dialog/Dialog.js:96;src_jsc/Views/Dialog/DuanWuDialog.js:263;src_jsc/Views/Dialog/DuanWuDialog.js:295;src_jsc/Views/Dialog/DuanWuDialog.js:426;src_jsc/Views/Dialog/DungeonDetail.js:44;src_jsc/Views/Dialog/DungeonDetailB.js:42;src_jsc/Views/Dialog/ErrorDialog.js:26;src_jsc/Views/Dialog/ErrorDialog.js:38;src_jsc/Views/Dialog/ErrorDialog.js:56;src_jsc/Views/Dialog/ErrorDialog.js:58;src_jsc/Views/Dialog/ExchangeCDKey.js:19;src_jsc/Views/Dialog/ExchangeCDKey.js:45;src_jsc/Views/Dialog/FGLoginDialog.js:21;src_jsc/Views/Dialog/FacebookLoginDialog.js:26;src_jsc/Views/Dialog/FightResult.js:143;src_jsc/Views/Dialog/FirstChargeDialog.js:16;src_jsc/Views/Dialog/FriendOperationDialog.js:24;src_jsc/Views/Dialog/GeneralPreviewDialog.js:212;src_jsc/Views/Dialog/GeneralPreviewDialog.js:218;src_jsc/Views/Dialog/GeneralPreviewDialog.js:23;src_jsc/Views/Dialog/GeneralPreviewDialog.js:44;src_jsc/Views/Dialog/GeneralPreviewDialog.js:48;src_jsc/Views/Dialog/GeneralTrainingResultDialog.js:148;src_jsc/Views/Dialog/GeneralTrainingResultDialog.js:152;src_jsc/Views/Dialog/GeneralTrainingResultDialog.js:256;src_jsc/Views/Dialog/GeneralTrainingResultDialog.js:306;src_jsc/Views/Dialog/GeneralTrainingResultDialog.js:322;src_jsc/Views/Dialog/GoldDrawDialog.js:22;src_jsc/Views/Dialog/IdCardBindingDialog.js:28;src_jsc/Views/Dialog/IdCardBindingDialog.js:42;src_jsc/Views/Dialog/IdCardBindingDialog.js:78;src_jsc/Views/Dialog/InstructionDialog.js:21;src_jsc/Views/Dialog/InstructionDialog.js:37;src_jsc/Views/Dialog/InstructionDialog.js:61;src_jsc/Views/Dialog/InstructionDialog.js:65;src_jsc/Views/Dialog/JiFenDuiHuanDialog.js:261;src_jsc/Views/Dialog/JiFenDuiHuanDialog.js:291;src_jsc/Views/Dialog/JiFenDuiHuanDialog.js:422;src_jsc/Views/Dialog/LabourlDialog.js:261;src_jsc/Views/Dialog/LabourlDialog.js:291;src_jsc/Views/Dialog/LabourlDialog.js:422;src_jsc/Views/Dialog/MemorialDialog.js:261;src_jsc/Views/Dialog/MemorialDialog.js:291;src_jsc/Views/Dialog/MemorialDialog.js:422;src_jsc/Views/Dialog/MessagePopView.js:152;src_jsc/Views/Dialog/MessagePopView.js:243;src_jsc/Views/Dialog/MessagePopView.js:42;src_jsc/Views/Dialog/MessagePopView.js:54;src_jsc/Views/Dialog/MulitiFightDialog.js:33;src_jsc/Views/Dialog/MultiItemBuyDialog.js:28;src_jsc/Views/Dialog/MultiItemExchangeDialog.js:43;src_jsc/Views/Dialog/MysteryStoreDialog.js:327;src_jsc/Views/Dialog/MysteryStoreDialog.js:347;src_jsc/Views/Dialog/MysteryStoreDialog.js:556;src_jsc/Views/Dialog/PlantTreeDlg.js:239;src_jsc/Views/Dialog/PlantTreeDlg.js:263;src_jsc/Views/Dialog/PlantTreeDlg.js:420;src_jsc/Views/Dialog/PublicCopyDialog.js:265;src_jsc/Views/Dialog/PublicCopyDialog.js:297;src_jsc/Views/Dialog/PublicCopyDialog.js:428;src_jsc/Views/Dialog/PublicNotice.js:20;src_jsc/Views/Dialog/PublicNotice.js:36;src_jsc/Views/Dialog/RefineEquipmentDialog.js:39;src_jsc/Views/Dialog/SelectOpenBoxNumDialog.js:46;src_jsc/Views/Dialog/SelectResolveNumDialog.js:46;src_jsc/Views/Dialog/SelectSgsChannelDialog.js:36;src_jsc/Views/Dialog/SendMessageDialog.js:45;src_jsc/Views/Dialog/SendMessageDialog.js:62;src_jsc/Views/Dialog/SendMessageDialog.js:74;src_jsc/Views/Dialog/SkillUpDialog.js:257;src_jsc/Views/Dialog/SkillUpDialog.js:267;src_jsc/Views/Dialog/SkillUpDialog.js:270;src_jsc/Views/Dialog/SkillUpDialog.js:276;src_jsc/Views/Dialog/SkillUpDialog.js:53;src_jsc/Views/Dialog/SkillUpDialog.js:683;src_jsc/Views/Dialog/SpecificDialog.js:730;src_jsc/Views/Dialog/SpiritStoneDialog.js:233;src_jsc/Views/Dialog/SpiritStoneDialog.js:263;src_jsc/Views/Dialog/SpiritStoneDialog.js:394;src_jsc/Views/Dialog/Story.js:78;src_jsc/Views/Dialog/Story.js:90;src_jsc/Views/Dialog/UnionActiveDialog.js:210;src_jsc/Views/Dialog/UnionActiveDialog.js:272;src_jsc/Views/Dialog/UnionActiveDialog.js:333;src_jsc/Views/Dialog/UnionActiveDialog.js:339;src_jsc/Views/Dialog/UnionChgNoticeSignDialog.js:41;src_jsc/Views/Dialog/UnionChgNoticeSignDialog.js:53;src_jsc/Views/Dialog/UnionDepotMemberDialog.js:226;src_jsc/Views/Dialog/UnionDepotMemberDialog.js:312;src_jsc/Views/Dialog/UnionDepotMemberDialog.js:377;src_jsc/Views/Dialog/UnionDepotMemberDialog.js:381;src_jsc/Views/Dialog/UnionDepotNumChooseDialog.js:56;src_jsc/Views/Dialog/UnionEncounterMapDialog.js:52;src_jsc/Views/Dialog/UnionEncounterMapDialog.js:60;src_jsc/Views/Dialog/UnionEncounterMapDialog.js:62;src_jsc/Views/Dialog/UnionEncounterMapDialog.js:697;src_jsc/Views/Dialog/UnionWarActivePromoteDialog.js:33;src_jsc/Views/Dialog/UnionWarBattleResultDialog.js:189;src_jsc/Views/Dialog/UnionWarBattleResultDialog.js:207;src_jsc/Views/Dialog/UnionWarBattleResultDialog.js:270;src_jsc/Views/Dialog/UnionWarBattleResultDialog.js:276;src_jsc/Views/Dialog/UnionWarFlowChartDialog.js:157;src_jsc/Views/Dialog/UsrUpgradeNew.js:306;src_jsc/Views/Dialog/UsrUpgradeNew.js:338;src_jsc/Views/Dialog/UsrUpgradeNew.js:370;src_jsc/Views/Dialog/UsrUpgradeNew.js:402;src_jsc/Views/Dialog/VerificationTelDialog.js:16;src_jsc/Views/Dialog/VerificationTelDialog.js:32;src_jsc/Views/Dialog/VerificationTelDialog.js:68;src_jsc/Views/FeedBack.js:16;src_jsc/Views/FeedBack.js:34;src_jsc/Views/Gems/AllGemsListDialog.js:108;src_jsc/Views/Gems/AllGemsListDialog.js:35;src_jsc/Views/Gems/AllGemsListDialog.js:47;src_jsc/Views/Gems/AllGemsListDialog.js:66;src_jsc/Views/Gems/GemsBagView.js:210;src_jsc/Views/Gems/GemsBagView.js:331;src_jsc/Views/Gems/GemsComposeView.js:112;src_jsc/Views/Gems/GemsComposeView.js:120;src_jsc/Views/Gems/GemsEquipmentAdd.js:46;src_jsc/Views/Gems/GemsSophisticationReplaceDialog.js:216;src_jsc/Views/Gems/GemsSophisticationReplaceDialog.js:228;src_jsc/Views/Gems/GemsSophisticationReplaceDialog.js:250;src_jsc/Views/Gems/GemsSophisticationReplaceDialog.js:321;src_jsc/Views/Gems/GemsSophisticationView.js:731;src_jsc/Views/GeneralPlayView.js:66;src_jsc/Views/Goddess/GoddessAchievementDialog.js:373;src_jsc/Views/Goddess/GoddessAchievementDialog.js:53;src_jsc/Views/Goddess/GoddessAchievementDialog.js:81;src_jsc/Views/Goddess/GoddessMainView.js:125;src_jsc/Views/Goddess/GoddessMainView.js:139;src_jsc/Views/Goddess/GoddessMainView.js:90;src_jsc/Views/HornView.js:31;src_jsc/Views/HulaoBattle/GarrisonLayoutDialog.js:86;src_jsc/Views/HulaoBattle/HulaoBattleSelectDifficulty.js:50;src_jsc/Views/HulaoBattle/LightenLuckDialog.js:124;src_jsc/Views/HulaoBattle/LightenLuckDialog.js:56;src_jsc/Views/HulaoBattle/LightenLuckDialog.js:74;src_jsc/Views/Icon/IconStyleA.js:15;src_jsc/Views/Icon/IconWrappedWithLabel.js:60;src_jsc/Views/InterService/InterServiceFightView.js:120;src_jsc/Views/InterService/InterServiceFightView.js:472;src_jsc/Views/InterService/InterServiceRegistrationView.js:219;src_jsc/Views/InterService/InterServiceRewardDialog.js:31;src_jsc/Views/InterService/InterServiceRewardPreviewDialog.js:50;src_jsc/Views/InterService/InterServiceRewardPreviewDialog.js:75;src_jsc/Views/InterService/InterServiceWorshipView.js:42;src_jsc/Views/InterService/PointsExchangeView.js:143;src_jsc/Views/InterService/PointsExchangeView.js:31;src_jsc/Views/InterService/PointsRankDialog.js:176;src_jsc/Views/InterService/PointsRankDialog.js:189;src_jsc/Views/InterService/PointsRankDialog.js:221;src_jsc/Views/InterService/PopularityRewardView.js:235;src_jsc/Views/InterService/PopularityRewardView.js:259;src_jsc/Views/ItemShowList.js:216;src_jsc/Views/ItemShowList.js:218;src_jsc/Views/ItemShowList.js:272;src_jsc/Views/ItemShowList.js:49;src_jsc/Views/Label/LabelExt.js:306;src_jsc/Views/Label/LabelExt.js:315;src_jsc/Views/Label/LabelExt.js:75;src_jsc/Views/Label/LabelExt.js:84;src_jsc/Views/MTipsListView.js:29;src_jsc/Views/MTipsListView.js:60;src_jsc/Views/MainMenuBtnView.js:44;src_jsc/Views/MainMenuView.js:153;src_jsc/Views/MainMenuView.js:171;src_jsc/Views/MainMenuView.js:241;src_jsc/Views/MainMenuView.js:27;src_jsc/Views/Meridians/AcupointListView.js:126;src_jsc/Views/Meridians/AcupointListView.js:130;src_jsc/Views/Meridians/AcupointListView.js:30;src_jsc/Views/Meridians/DetailsListView.js:158;src_jsc/Views/Meridians/DetailsListView.js:162;src_jsc/Views/Meridians/DetailsListView.js:30;src_jsc/Views/Meridians/DetailsListView.js:90;src_jsc/Views/Meridians/MeridiansDetailDialog.js:31;src_jsc/Views/Meridians/MeridiansDetailDialog.js:48;src_jsc/Views/Meridians/MeridiansMainView.js:109;src_jsc/Views/MiniTablePage.js:21;src_jsc/Views/MiniTablePage.js:25;src_jsc/Views/MiracleWeapons/MiracleWeaponInforDialog.js:115;src_jsc/Views/MiracleWeapons/MiracleWeaponInforDialog.js:207;src_jsc/Views/MiracleWeapons/MiracleWeaponInforDialog.js:62;src_jsc/Views/MiracleWeapons/MiracleWeaponLayer.js:176;src_jsc/Views/MiracleWeapons/SelectMiracleWeaponLayer.js:116;src_jsc/Views/MiracleWeapons/SelectMiracleWeaponLayer.js:139;src_jsc/Views/MiracleWeapons/SelectMiracleWeaponLayer.js:91;src_jsc/Views/MiracleWeapons/ThreeMiracleWeaponsShowLayer.js:103;src_jsc/Views/MiracleWeapons/ThreeMiracleWeaponsShowLayer.js:41;src_jsc/Views/MultiLineUpView.js:47;src_jsc/Views/PlayerInfoBannerView.js:226;src_jsc/Views/ProgressTimer/BlueProgressTimer.js:23;src_jsc/Views/ProgressTimer/NormalProgressTimer.js:23;src_jsc/Views/QueueTeamView.js:109;src_jsc/Views/QueueTeamView.js:154;src_jsc/Views/QueueTeamView.js:232;src_jsc/Views/QueueTeamView.js:584;src_jsc/Views/QueueTeamView.js:89;src_jsc/Views/QuickFight.js:45;src_jsc/Views/QuickFight.js:55;src_jsc/Views/QuickFight.js:62;src_jsc/Views/QuickFight.js:70;src_jsc/Views/QuickFight.js:82;src_jsc/Views/ReincarnationView.js:39;src_jsc/Views/ReplaceCardList.js:313;src_jsc/Views/ReplaceCardList.js:51;src_jsc/Views/ReplaceCardList.js:63;src_jsc/Views/ReplaceCardPanel.js:44;src_jsc/Views/SceneTitleView.js:28;src_jsc/Views/ScrollView.js:48;src_jsc/Views/ScrollView.js:66;src_jsc/Views/ServerSelectView.js:133;src_jsc/Views/ServerSelectView.js:249;src_jsc/Views/ServerSelectView.js:25;src_jsc/Views/ServerSelectView.js:251;src_jsc/Views/ServerSelectView.js:33;src_jsc/Views/ServerSelectView.js:43;src_jsc/Views/ShowTeamView.js:135;src_jsc/Views/ShowTeamView.js:545;src_jsc/Views/ShowTeamView.js:614;src_jsc/Views/ShowTeamView.js:73;src_jsc/Views/SkillCompoundView.js:37;src_jsc/Views/SkillPieceIconShow.js:19;src_jsc/Views/SkillPieceIconShow.js:62;src_jsc/Views/SkillPieceIconShow.js:64;src_jsc/Views/SkillRefining/RefiningSkillDialog.js:18;src_jsc/Views/SkillRefining/RefiningSkillDialog.js:30;src_jsc/Views/SkillRefining/RefiningSkillShowTableView.js:45;src_jsc/Views/SkillRefining/SkillRefiningLayer.js:103;src_jsc/Views/SkillRefining/SkillRefiningLayer.js:119;src_jsc/Views/SortController.js:26;src_jsc/Views/SplitLabelTTF.js:107;src_jsc/Views/SplitLabelTTF.js:58;src_jsc/Views/StoreItemView.js:155;src_jsc/Views/Table/AgaHeadTableView.js:83;src_jsc/Views/Table/AgaHeadTableView.js:87;src_jsc/Views/Table/AvoidWarTableView.js:117;src_jsc/Views/Table/AvoidWarTableView.js:121;src_jsc/Views/Table/AvoidWarTableView.js:17;src_jsc/Views/Table/BaseTableView.js:135;src_jsc/Views/Table/Cell/ChaosTableViewCell.js:24;src_jsc/Views/Table/Cell/ChargeItemCell.js:20;src_jsc/Views/Table/Cell/ChatContentCell.js:34;src_jsc/Views/Table/Cell/ClimbLadderTableViewCell.js:274;src_jsc/Views/Table/Cell/ClimbLadderTableViewCell.js:69;src_jsc/Views/Table/Cell/EquipmentFragmentJoinTableViewCell.js:29;src_jsc/Views/Table/Cell/EquipmentFragmentTableViewCell.js:41;src_jsc/Views/Table/Cell/EquipmentTableViewCell.js:33;src_jsc/Views/Table/Cell/EquipmentTableViewStrengthenCell.js:33;src_jsc/Views/Table/Cell/LadderChartTableViewCell.js:24;src_jsc/Views/Table/Cell/RankTableViewCell.js:62;src_jsc/Views/Table/Cell/SkillMeltTableCell.js:33;src_jsc/Views/Table/Cell/SkillTableViewCell.js:24;src_jsc/Views/Table/Cell/TeamQueueTeamCell.js:32;src_jsc/Views/Table/ChaosTableView.js:32;src_jsc/Views/Table/ChaosTableView.js:36;src_jsc/Views/Table/ChargeItemTableView.js:88;src_jsc/Views/Table/ChargeItemTableView.js:92;src_jsc/Views/Table/ClimbLadderTableView.js:71;src_jsc/Views/Table/ClimbLadderTableView.js:75;src_jsc/Views/Table/CombatTableView.js:70;src_jsc/Views/Table/EquipRefineTableView.js:67;src_jsc/Views/Table/InterServiceRewardPreviewTableView.js:131;src_jsc/Views/Table/InterServiceRewardPreviewTableView.js:135;src_jsc/Views/Table/InterServiceRewardTableView.js:205;src_jsc/Views/Table/InterServiceRewardTableView.js:209;src_jsc/Views/Table/LadderChartTableView.js:32;src_jsc/Views/Table/LadderChartTableView.js:36;src_jsc/Views/Table/MenuTableView.js:199;src_jsc/Views/Table/MenuTableView.js:203;src_jsc/Views/Table/MulitiFightResultTableView.js:36;src_jsc/Views/Table/MulitiFightResultTableView.js:40;src_jsc/Views/Table/MultiColumnTableView.js:25;src_jsc/Views/Table/RankTableView.js:51;src_jsc/Views/Table/RankTableView.js:55;src_jsc/Views/Table/SkillListTableView.js:52;src_jsc/Views/Table/SkillPieceTableView.js:37;src_jsc/Views/Table/TaskTableView.js:89;src_jsc/Views/Table/TaskTableView.js:93;src_jsc/Views/Table/UnionLogTableView.js:187;src_jsc/Views/Table/UnionLogTableView.js:191;src_jsc/Views/Table/UnionLogTableView.js:35;src_jsc/Views/Table/UnionSearchTableView.js:26;src_jsc/Views/Table/UnionSearchTableView.js:30;src_jsc/Views/Table/UnionSearchTableView.js:38;src_jsc/Views/Table/UnionWarFlowChartTableView.js:236;src_jsc/Views/Table/UnionWarFlowChartTableView.js:241;src_jsc/Views/Table/UnionWarFlowChartTableView.js:48;src_jsc/Views/TablePageView.js:195;src_jsc/Views/TablePageView.js:516;src_jsc/Views/TeamCntPopView.js:57;src_jsc/Views/TeamGeneralFightAndStrikeView.js:28;src_jsc/Views/TeamIconButton.js:43;src_jsc/Views/Union/UnionCombatMainLayer.js:104;src_jsc/Views/Union/UnionCreate.js:54;src_jsc/Views/Union/UnionCreate.js:83;src_jsc/Views/Union/UnionDepotLayer.js:201;src_jsc/Views/Union/UnionDepotLayer.js:219;src_jsc/Views/Union/UnionDepotLayer.js:301;src_jsc/Views/Union/UnionDialog.js:182;src_jsc/Views/Union/UnionDialog.js:192;src_jsc/Views/Union/UnionDonationLayer.js:101;src_jsc/Views/Union/UnionInfoLayer.js:81;src_jsc/Views/Union/UnionInfoLayer.js:99;src_jsc/Views/Union/UnionMemberLayer.js:333;src_jsc/Views/Union/UnionMemberLayer.js:343;src_jsc/Views/Union/UnionMemberLayer.js:531;src_jsc/Views/Union/UnionMemberManageDialog.js:103;src_jsc/Views/Union/UnionMembershipLayer.js:209;src_jsc/Views/Union/UnionMembershipLayer.js:221;src_jsc/Views/Union/UnionMembershipLayer.js:315;src_jsc/Views/Union/UnionRankingLayer.js:262;src_jsc/Views/Union/UnionRankingLayer.js:272;src_jsc/Views/Union/UnionRankingLayer.js:350;src_jsc/Views/Union/UnionSearch.js:103;src_jsc/Views/Union/UnionSearch.js:120;src_jsc/Views/Union/UnionShopLayer.js:240;src_jsc/Views/Union/UnionShopLayer.js:250;src_jsc/Views/Union/UnionShopLayer.js:312;src_jsc/Views/UnionWarBattleView.js:72;src_jsc/Views/UnionWarBattleView.js:74;src_jsc/Views/UnionWarFightView.js:122;src_jsc/Views/UnionWarFightView.js:124;src_jsc/Views/UnionWarPlayerHeadFightView.js:38;src_jsc/Views/UnionWarPlayerHeadView.js:41;src_jsc/Views/UpgradeCard/BaseUpgradeCard.js:25;src_jsc/Views/UpgradeCard/BaseUpgradeCard.js:71;src_jsc/Views/UpgradeCard/CardAwakeInfoView.js:39;src_jsc/Views/VipCell.js:46;src_jsc/Views/WorshipCardAdd.js:30;src_jsc/Views/WorshipDescView.js:26;src_jsc/Views/WorshipInfoView.js:76;src_jsc/Views/WorshipInfoView.js:80;src_jsc/Views/WorshipInfoView.js:96;src_jsc/Views/WorshipWinePopNode.js:257;src_jsc/Views/WorshipWinePopNode.js:259;src_jsc/Views/WorshipWinePopNode.js:456;src_jsc/main.js:25,unknown,unknown,unknown,unknown,unknown,unknown,candidate observed statically; scene reachability unverified,stock Cocos/JSB binding or project JS; exact binding not resolved,UNRESOLVED,Recovered/native_api_inventory.json member_uses; reconstructed JS is approximate,not yet selected,not run
js_member_candidate,cc.sizeEqualToSize,cc,unknown; resolve against recorded oracle symbol dump,src_jsc/Core/Cocos2d-x/jsb_cocos2d.js:414,unknown,unknown,unknown,unknown,unknown,unknown,candidate observed statically; scene reachability unverified,stock Cocos/JSB binding or project JS; exact binding not resolved,UNRESOLVED,Recovered/native_api_inventory.json member_uses; reconstructed JS is approximate,not yet selected,not run
js_member_candidate,cc.white,cc,unknown; resolve against recorded oracle symbol dump,src_jsc/Core/Cocos2d-x/jsb_cocos2d.js:252,unknown,unknown,unknown,unknown,unknown,unknown,candidate observed statically; scene reachability unverified,stock Cocos/JSB binding or project JS; exact binding not resolved,UNRESOLVED,Recovered/native_api_inventory.json member_uses; reconstructed JS is approximate,not yet selected,not run
js_member_candidate,cc.yellow,cc,unknown; resolve against recorded oracle symbol dump,src_jsc/Core/Cocos2d-x/jsb_cocos2d.js:257,unknown,unknown,unknown,unknown,unknown,unknown,candidate observed statically; scene reachability unverified,stock Cocos/JSB binding or project JS; exact binding not resolved,UNRESOLVED,Recovered/native_api_inventory.json member_uses; reconstructed JS is approximate,not yet selected,not run
js_member_candidate,ccs.Armature,ccs,unknown; resolve against recorded oracle symbol dump,src_jsc/Core/Cocos2d-x/jsb_cocos2d_studio.js:189,unknown,unknown,unknown,unknown,unknown,unknown,candidate observed statically; scene reachability unverified,stock Cocos/JSB binding or project JS; exact binding not resolved,UNRESOLVED,Recovered/native_api_inventory.json member_uses; reconstructed JS is approximate,not yet selected,not run
js_member_candidate,ccs.Armature.extend,ccs,unknown; resolve against recorded oracle symbol dump,src_jsc/Core/Cocos2d-x/jsb_cocos2d_studio.js:221;src_jsc/Libs/Views/Armature/BaseArmature.js:5,unknown,unknown,unknown,unknown,unknown,unknown,candidate observed statically; scene reachability unverified,stock Cocos/JSB binding or project JS; exact binding not resolved,UNRESOLVED,Recovered/native_api_inventory.json member_uses; reconstructed JS is approximate,not yet selected,not run
js_member_candidate,ccs.Armature.prototype.setBody,ccs,unknown; resolve against recorded oracle symbol dump,src_jsc/Core/Cocos2d-x/jsb_cocos2d_studio.js:191,unknown,unknown,unknown,unknown,unknown,unknown,candidate observed statically; scene reachability unverified,stock Cocos/JSB binding or project JS; exact binding not resolved,UNRESOLVED,Recovered/native_api_inventory.json member_uses; reconstructed JS is approximate,not yet selected,not run
js_member_candidate,ccs.ArmatureAnimation.prototype.playWithArray.apply,ccs,unknown; resolve against recorded oracle symbol dump,src_jsc/Core/Cocos2d-x/jsb_cocos2d_studio.js:208,unknown,unknown,unknown,unknown,unknown,unknown,candidate observed statically; scene reachability unverified,stock Cocos/JSB binding or project JS; exact binding not resolved,UNRESOLVED,Recovered/native_api_inventory.json member_uses; reconstructed JS is approximate,not yet selected,not run
js_member_candidate,ccs.ArmatureAnimation.prototype.playWithIndexArray.apply,ccs,unknown; resolve against recorded oracle symbol dump,src_jsc/Core/Cocos2d-x/jsb_cocos2d_studio.js:216,unknown,unknown,unknown,unknown,unknown,unknown,candidate observed statically; scene reachability unverified,stock Cocos/JSB binding or project JS; exact binding not resolved,UNRESOLVED,Recovered/native_api_inventory.json member_uses; reconstructed JS is approximate,not yet selected,not run
js_member_candidate,ccs.ArmatureAnimation.prototype.playWithIndexes,ccs,unknown; resolve against recorded oracle symbol dump,src_jsc/Core/Cocos2d-x/jsb_cocos2d_studio.js:211,unknown,unknown,unknown,unknown,unknown,unknown,candidate observed statically; scene reachability unverified,stock Cocos/JSB binding or project JS; exact binding not resolved,UNRESOLVED,Recovered/native_api_inventory.json member_uses; reconstructed JS is approximate,not yet selected,not run
js_member_candidate,ccs.ArmatureAnimation.prototype.playWithNames,ccs,unknown; resolve against recorded oracle symbol dump,src_jsc/Core/Cocos2d-x/jsb_cocos2d_studio.js:203,unknown,unknown,unknown,unknown,unknown,unknown,candidate observed statically; scene reachability unverified,stock Cocos/JSB binding or project JS; exact binding not resolved,UNRESOLVED,Recovered/native_api_inventory.json member_uses; reconstructed JS is approximate,not yet selected,not run
js_member_candidate,ccs.ArmatureDataManager,ccs,unknown; resolve against recorded oracle symbol dump,src_jsc/Libs/Views/Armature/alias.js:5,unknown,unknown,unknown,unknown,unknown,unknown,candidate observed statically; scene reachability unverified,stock Cocos/JSB binding or project JS; exact binding not resolved,UNRESOLVED,Recovered/native_api_inventory.json member_uses; reconstructed JS is approximate,not yet selected,not run
js_member_candidate,ccs.ArmatureMovementDispatcher,ccs,unknown; resolve against recorded oracle symbol dump,src_jsc/Core/Cocos2d-x/jsb_cocos2d_studio.js:747,unknown,unknown,unknown,unknown,unknown,unknown,candidate observed statically; scene reachability unverified,stock Cocos/JSB binding or project JS; exact binding not resolved,UNRESOLVED,Recovered/native_api_inventory.json member_uses; reconstructed JS is approximate,not yet selected,not run
js_member_candidate,ccs.BaseTriggerAction,ccs,unknown; resolve against recorded oracle symbol dump,src_jsc/Core/Cocos2d-x/jsb_cocos2d_studio.js:326,unknown,unknown,unknown,unknown,unknown,unknown,candidate observed statically; scene reachability unverified,stock Cocos/JSB binding or project JS; exact binding not resolved,UNRESOLVED,Recovered/native_api_inventory.json member_uses; reconstructed JS is approximate,not yet selected,not run
js_member_candidate,ccs.BaseTriggerCondition,ccs,unknown; resolve against recorded oracle symbol dump,src_jsc/Core/Cocos2d-x/jsb_cocos2d_studio.js:311,unknown,unknown,unknown,unknown,unknown,unknown,candidate observed statically; scene reachability unverified,stock Cocos/JSB binding or project JS; exact binding not resolved,UNRESOLVED,Recovered/native_api_inventory.json member_uses; reconstructed JS is approximate,not yet selected,not run
js_member_candidate,ccs.BrightStyle,ccs,unknown; resolve against recorded oracle symbol dump,src_jsc/Core/Cocos2d-x/jsb_cocos2d_studio.js:13,unknown,unknown,unknown,unknown,unknown,unknown,candidate observed statically; scene reachability unverified,stock Cocos/JSB binding or project JS; exact binding not resolved,UNRESOLVED,Recovered/native_api_inventory.json member_uses; reconstructed JS is approximate,not yet selected,not run
js_member_candidate,ccs.Button,ccs,unknown; resolve against recorded oracle symbol dump,src_jsc/Core/Cocos2d-x/jsb_cocos2d_studio.js:124;src_jsc/Core/Cocos2d-x/jsb_cocos2d_studio.js:96,unknown,unknown,unknown,unknown,unknown,unknown,candidate observed statically; scene reachability unverified,stock Cocos/JSB binding or project JS; exact binding not resolved,UNRESOLVED,Recovered/native_api_inventory.json member_uses; reconstructed JS is approximate,not yet selected,not run
js_member_candidate,ccs.CheckBox,ccs,unknown; resolve against recorded oracle symbol dump,src_jsc/Core/Cocos2d-x/jsb_cocos2d_studio.js:126,unknown,unknown,unknown,unknown,unknown,unknown,candidate observed statically; scene reachability unverified,stock Cocos/JSB binding or project JS; exact binding not resolved,UNRESOLVED,Recovered/native_api_inventory.json member_uses; reconstructed JS is approximate,not yet selected,not run
js_member_candidate,ccs.CheckBoxEventType,ccs,unknown; resolve against recorded oracle symbol dump,src_jsc/Core/Cocos2d-x/jsb_cocos2d_studio.js:25,unknown,unknown,unknown,unknown,unknown,unknown,candidate observed statically; scene reachability unverified,stock Cocos/JSB binding or project JS; exact binding not resolved,UNRESOLVED,Recovered/native_api_inventory.json member_uses; reconstructed JS is approximate,not yet selected,not run
js_member_candidate,ccs.Class,ccs,unknown; resolve against recorded oracle symbol dump,src_jsc/Core/Cocos2d-x/jsb_cocos2d_studio.js:9,unknown,unknown,unknown,unknown,unknown,unknown,candidate observed statically; scene reachability unverified,stock Cocos/JSB binding or project JS; exact binding not resolved,UNRESOLVED,Recovered/native_api_inventory.json member_uses; reconstructed JS is approximate,not yet selected,not run
js_member_candidate,ccs.Class.extend,ccs,unknown; resolve against recorded oracle symbol dump,src_jsc/Core/Cocos2d-x/jsb_cocos2d_studio.js:246;src_jsc/Core/Cocos2d-x/jsb_cocos2d_studio.js:286;src_jsc/Core/Cocos2d-x/jsb_cocos2d_studio.js:311;src_jsc/Core/Cocos2d-x/jsb_cocos2d_studio.js:326;src_jsc/Core/Cocos2d-x/jsb_cocos2d_studio.js:339;src_jsc/Core/Cocos2d-x/jsb_cocos2d_studio.js:540,unknown,unknown,unknown,unknown,unknown,unknown,candidate observed statically; scene reachability unverified,stock Cocos/JSB binding or project JS; exact binding not resolved,UNRESOLVED,Recovered/native_api_inventory.json member_uses; reconstructed JS is approximate,not yet selected,not run
js_member_candidate,ccs.ComController.extend,ccs,unknown; resolve against recorded oracle symbol dump,src_jsc/Core/Cocos2d-x/jsb_cocos2d_studio.js:219,unknown,unknown,unknown,unknown,unknown,unknown,candidate observed statically; scene reachability unverified,stock Cocos/JSB binding or project JS; exact binding not resolved,UNRESOLVED,Recovered/native_api_inventory.json member_uses; reconstructed JS is approximate,not yet selected,not run
js_member_candidate,ccs.ImageView,ccs,unknown; resolve against recorded oracle symbol dump,src_jsc/Core/Cocos2d-x/jsb_cocos2d_studio.js:128,unknown,unknown,unknown,unknown,unknown,unknown,candidate observed statically; scene reachability unverified,stock Cocos/JSB binding or project JS; exact binding not resolved,UNRESOLVED,Recovered/native_api_inventory.json member_uses; reconstructed JS is approximate,not yet selected,not run
js_member_candidate,ccs.Label,ccs,unknown; resolve against recorded oracle symbol dump,src_jsc/Core/Cocos2d-x/jsb_cocos2d_studio.js:130;src_jsc/Core/Cocos2d-x/jsb_cocos2d_studio.js:92,unknown,unknown,unknown,unknown,unknown,unknown,candidate observed statically; scene reachability unverified,stock Cocos/JSB binding or project JS; exact binding not resolved,UNRESOLVED,Recovered/native_api_inventory.json member_uses; reconstructed JS is approximate,not yet selected,not run
js_member_candidate,ccs.LabelAtlas,ccs,unknown; resolve against recorded oracle symbol dump,src_jsc/Core/Cocos2d-x/jsb_cocos2d_studio.js:132,unknown,unknown,unknown,unknown,unknown,unknown,candidate observed statically; scene reachability unverified,stock Cocos/JSB binding or project JS; exact binding not resolved,UNRESOLVED,Recovered/native_api_inventory.json member_uses; reconstructed JS is approximate,not yet selected,not run
js_member_candidate,ccs.LabelBMFont,ccs,unknown; resolve against recorded oracle symbol dump,src_jsc/Core/Cocos2d-x/jsb_cocos2d_studio.js:134,unknown,unknown,unknown,unknown,unknown,unknown,candidate observed statically; scene reachability unverified,stock Cocos/JSB binding or project JS; exact binding not resolved,UNRESOLVED,Recovered/native_api_inventory.json member_uses; reconstructed JS is approximate,not yet selected,not run
js_member_candidate,ccs.Layout,ccs,unknown; resolve against recorded oracle symbol dump,src_jsc/Core/Cocos2d-x/jsb_cocos2d_studio.js:90;src_jsc/Core/Cocos2d-x/jsb_cocos2d_studio.js:94,unknown,unknown,unknown,unknown,unknown,unknown,candidate observed statically; scene reachability unverified,stock Cocos/JSB binding or project JS; exact binding not resolved,UNRESOLVED,Recovered/native_api_inventory.json member_uses; reconstructed JS is approximate,not yet selected,not run
js_member_candidate,ccs.LayoutBackGroundColorType,ccs,unknown; resolve against recorded oracle symbol dump,src_jsc/Core/Cocos2d-x/jsb_cocos2d_studio.js:100;src_jsc/Core/Cocos2d-x/jsb_cocos2d_studio.js:29,unknown,unknown,unknown,unknown,unknown,unknown,candidate observed statically; scene reachability unverified,stock Cocos/JSB binding or project JS; exact binding not resolved,UNRESOLVED,Recovered/native_api_inventory.json member_uses; reconstructed JS is approximate,not yet selected,not run
js_member_candidate,ccs.LayoutClippingType,ccs,unknown; resolve against recorded oracle symbol dump,src_jsc/Core/Cocos2d-x/jsb_cocos2d_studio.js:33,unknown,unknown,unknown,unknown,unknown,unknown,candidate observed statically; scene reachability unverified,stock Cocos/JSB binding or project JS; exact binding not resolved,UNRESOLVED,Recovered/native_api_inventory.json member_uses; reconstructed JS is approximate,not yet selected,not run
js_member_candidate,ccs.LayoutParameter,ccs,unknown; resolve against recorded oracle symbol dump,src_jsc/Core/Cocos2d-x/jsb_cocos2d_studio.js:104,unknown,unknown,unknown,unknown,unknown,unknown,candidate observed statically; scene reachability unverified,stock Cocos/JSB binding or project JS; exact binding not resolved,UNRESOLVED,Recovered/native_api_inventory.json member_uses; reconstructed JS is approximate,not yet selected,not run
js_member_candidate,ccs.LayoutParameterType,ccs,unknown; resolve against recorded oracle symbol dump,src_jsc/Core/Cocos2d-x/jsb_cocos2d_studio.js:35,unknown,unknown,unknown,unknown,unknown,unknown,candidate observed statically; scene reachability unverified,stock Cocos/JSB binding or project JS; exact binding not resolved,UNRESOLVED,Recovered/native_api_inventory.json member_uses; reconstructed JS is approximate,not yet selected,not run
js_member_candidate,ccs.LayoutType,ccs,unknown; resolve against recorded oracle symbol dump,src_jsc/Core/Cocos2d-x/jsb_cocos2d_studio.js:31,unknown,unknown,unknown,unknown,unknown,unknown,candidate observed statically; scene reachability unverified,stock Cocos/JSB binding or project JS; exact binding not resolved,UNRESOLVED,Recovered/native_api_inventory.json member_uses; reconstructed JS is approximate,not yet selected,not run
js_member_candidate,ccs.LinearGravity,ccs,unknown; resolve against recorded oracle symbol dump,src_jsc/Core/Cocos2d-x/jsb_cocos2d_studio.js:110;src_jsc/Core/Cocos2d-x/jsb_cocos2d_studio.js:37,unknown,unknown,unknown,unknown,unknown,unknown,candidate observed statically; scene reachability unverified,stock Cocos/JSB binding or project JS; exact binding not resolved,UNRESOLVED,Recovered/native_api_inventory.json member_uses; reconstructed JS is approximate,not yet selected,not run
js_member_candidate,ccs.LinearLayoutParameter,ccs,unknown; resolve against recorded oracle symbol dump,src_jsc/Core/Cocos2d-x/jsb_cocos2d_studio.js:106,unknown,unknown,unknown,unknown,unknown,unknown,candidate observed statically; scene reachability unverified,stock Cocos/JSB binding or project JS; exact binding not resolved,UNRESOLVED,Recovered/native_api_inventory.json member_uses; reconstructed JS is approximate,not yet selected,not run
js_member_candidate,ccs.ListView,ccs,unknown; resolve against recorded oracle symbol dump,src_jsc/Core/Cocos2d-x/jsb_cocos2d_studio.js:118,unknown,unknown,unknown,unknown,unknown,unknown,candidate observed statically; scene reachability unverified,stock Cocos/JSB binding or project JS; exact binding not resolved,UNRESOLVED,Recovered/native_api_inventory.json member_uses; reconstructed JS is approximate,not yet selected,not run
js_member_candidate,ccs.ListViewEventType,ccs,unknown; resolve against recorded oracle symbol dump,src_jsc/Core/Cocos2d-x/jsb_cocos2d_studio.js:82,unknown,unknown,unknown,unknown,unknown,unknown,candidate observed statically; scene reachability unverified,stock Cocos/JSB binding or project JS; exact binding not resolved,UNRESOLVED,Recovered/native_api_inventory.json member_uses; reconstructed JS is approximate,not yet selected,not run
js_member_candidate,ccs.ListViewGravity,ccs,unknown; resolve against recorded oracle symbol dump,src_jsc/Core/Cocos2d-x/jsb_cocos2d_studio.js:84,unknown,unknown,unknown,unknown,unknown,unknown,candidate observed statically; scene reachability unverified,stock Cocos/JSB binding or project JS; exact binding not resolved,UNRESOLVED,Recovered/native_api_inventory.json member_uses; reconstructed JS is approximate,not yet selected,not run
js_member_candidate,ccs.LoadingBar,ccs,unknown; resolve against recorded oracle symbol dump,src_jsc/Core/Cocos2d-x/jsb_cocos2d_studio.js:136,unknown,unknown,unknown,unknown,unknown,unknown,candidate observed statically; scene reachability unverified,stock Cocos/JSB binding or project JS; exact binding not resolved,UNRESOLVED,Recovered/native_api_inventory.json member_uses; reconstructed JS is approximate,not yet selected,not run
js_member_candidate,ccs.LoadingBarType,ccs,unknown; resolve against recorded oracle symbol dump,src_jsc/Core/Cocos2d-x/jsb_cocos2d_studio.js:66,unknown,unknown,unknown,unknown,unknown,unknown,candidate observed statically; scene reachability unverified,stock Cocos/JSB binding or project JS; exact binding not resolved,UNRESOLVED,Recovered/native_api_inventory.json member_uses; reconstructed JS is approximate,not yet selected,not run
js_member_candidate,ccs.Margin,ccs,unknown; resolve against recorded oracle symbol dump,src_jsc/Core/Cocos2d-x/jsb_cocos2d_studio.js:114;src_jsc/Core/Cocos2d-x/jsb_cocos2d_studio.js:142,unknown,unknown,unknown,unknown,unknown,unknown,candidate observed statically; scene reachability unverified,stock Cocos/JSB binding or project JS; exact binding not resolved,UNRESOLVED,Recovered/native_api_inventory.json member_uses; reconstructed JS is approximate,not yet selected,not run
js_member_candidate,ccs.MarginZero,ccs,unknown; resolve against recorded oracle symbol dump,src_jsc/Core/Cocos2d-x/jsb_cocos2d_studio.js:116,unknown,unknown,unknown,unknown,unknown,unknown,candidate observed statically; scene reachability unverified,stock Cocos/JSB binding or project JS; exact binding not resolved,UNRESOLVED,Recovered/native_api_inventory.json member_uses; reconstructed JS is approximate,not yet selected,not run
js_member_candidate,ccs.MovementEventType,ccs,unknown; resolve against recorded oracle symbol dump,src_jsc/Core/Cocos2d-x/jsb_cocos2d_studio.js:11,unknown,unknown,unknown,unknown,unknown,unknown,candidate observed statically; scene reachability unverified,stock Cocos/JSB binding or project JS; exact binding not resolved,UNRESOLVED,Recovered/native_api_inventory.json member_uses; reconstructed JS is approximate,not yet selected,not run
js_member_candidate,ccs.ObjectFactory,ccs,unknown; resolve against recorded oracle symbol dump,src_jsc/Core/Cocos2d-x/jsb_cocos2d_studio.js:246;src_jsc/Core/Cocos2d-x/jsb_cocos2d_studio.js:280,unknown,unknown,unknown,unknown,unknown,unknown,candidate observed statically; scene reachability unverified,stock Cocos/JSB binding or project JS; exact binding not resolved,UNRESOLVED,Recovered/native_api_inventory.json member_uses; reconstructed JS is approximate,not yet selected,not run
js_member_candidate,ccs.ObjectFactory._sharedFactory,ccs,unknown; resolve against recorded oracle symbol dump,src_jsc/Core/Cocos2d-x/jsb_cocos2d_studio.js:275,unknown,unknown,unknown,unknown,unknown,unknown,candidate observed statically; scene reachability unverified,stock Cocos/JSB binding or project JS; exact binding not resolved,UNRESOLVED,Recovered/native_api_inventory.json member_uses; reconstructed JS is approximate,not yet selected,not run
js_member_candidate,ccs.ObjectFactory.getInstance,ccs,unknown; resolve against recorded oracle symbol dump,src_jsc/Core/Cocos2d-x/jsb_cocos2d_studio.js:277;src_jsc/Core/Cocos2d-x/jsb_cocos2d_studio.js:302;src_jsc/Core/Cocos2d-x/jsb_cocos2d_studio.js:454;src_jsc/Core/Cocos2d-x/jsb_cocos2d_studio.js:481,unknown,unknown,unknown,unknown,unknown,unknown,candidate observed statically; scene reachability unverified,stock Cocos/JSB binding or project JS; exact binding not resolved,UNRESOLVED,Recovered/native_api_inventory.json member_uses; reconstructed JS is approximate,not yet selected,not run
js_member_candidate,ccs.PVTouchDir,ccs,unknown; resolve against recorded oracle symbol dump,src_jsc/Core/Cocos2d-x/jsb_cocos2d_studio.js:88,unknown,unknown,unknown,unknown,unknown,unknown,candidate observed statically; scene reachability unverified,stock Cocos/JSB binding or project JS; exact binding not resolved,UNRESOLVED,Recovered/native_api_inventory.json member_uses; reconstructed JS is approximate,not yet selected,not run
js_member_candidate,ccs.PageView,ccs,unknown; resolve against recorded oracle symbol dump,src_jsc/Core/Cocos2d-x/jsb_cocos2d_studio.js:120,unknown,unknown,unknown,unknown,unknown,unknown,candidate observed statically; scene reachability unverified,stock Cocos/JSB binding or project JS; exact binding not resolved,UNRESOLVED,Recovered/native_api_inventory.json member_uses; reconstructed JS is approximate,not yet selected,not run
js_member_candidate,ccs.PageViewEventType,ccs,unknown; resolve against recorded oracle symbol dump,src_jsc/Core/Cocos2d-x/jsb_cocos2d_studio.js:86,unknown,unknown,unknown,unknown,unknown,unknown,candidate observed statically; scene reachability unverified,stock Cocos/JSB binding or project JS; exact binding not resolved,UNRESOLVED,Recovered/native_api_inventory.json member_uses; reconstructed JS is approximate,not yet selected,not run
js_member_candidate,ccs.PanelColorType,ccs,unknown; resolve against recorded oracle symbol dump,src_jsc/Core/Cocos2d-x/jsb_cocos2d_studio.js:100,unknown,unknown,unknown,unknown,unknown,unknown,candidate observed statically; scene reachability unverified,stock Cocos/JSB binding or project JS; exact binding not resolved,UNRESOLVED,Recovered/native_api_inventory.json member_uses; reconstructed JS is approximate,not yet selected,not run
js_member_candidate,ccs.PositionType,ccs,unknown; resolve against recorded oracle symbol dump,src_jsc/Core/Cocos2d-x/jsb_cocos2d_studio.js:23,unknown,unknown,unknown,unknown,unknown,unknown,candidate observed statically; scene reachability unverified,stock Cocos/JSB binding or project JS; exact binding not resolved,UNRESOLVED,Recovered/native_api_inventory.json member_uses; reconstructed JS is approximate,not yet selected,not run
js_member_candidate,ccs.RelativeAlign,ccs,unknown; resolve against recorded oracle symbol dump,src_jsc/Core/Cocos2d-x/jsb_cocos2d_studio.js:112;src_jsc/Core/Cocos2d-x/jsb_cocos2d_studio.js:39,unknown,unknown,unknown,unknown,unknown,unknown,candidate observed statically; scene reachability unverified,stock Cocos/JSB binding or project JS; exact binding not resolved,UNRESOLVED,Recovered/native_api_inventory.json member_uses; reconstructed JS is approximate,not yet selected,not run
js_member_candidate,ccs.RelativeLayoutParameter,ccs,unknown; resolve against recorded oracle symbol dump,src_jsc/Core/Cocos2d-x/jsb_cocos2d_studio.js:108,unknown,unknown,unknown,unknown,unknown,unknown,candidate observed statically; scene reachability unverified,stock Cocos/JSB binding or project JS; exact binding not resolved,UNRESOLVED,Recovered/native_api_inventory.json member_uses; reconstructed JS is approximate,not yet selected,not run
js_member_candidate,ccs.ScrollView,ccs,unknown; resolve against recorded oracle symbol dump,src_jsc/Core/Cocos2d-x/jsb_cocos2d_studio.js:122,unknown,unknown,unknown,unknown,unknown,unknown,candidate observed statically; scene reachability unverified,stock Cocos/JSB binding or project JS; exact binding not resolved,UNRESOLVED,Recovered/native_api_inventory.json member_uses; reconstructed JS is approximate,not yet selected,not run
js_member_candidate,ccs.ScrollViewDir,ccs,unknown; resolve against recorded oracle symbol dump,src_jsc/Core/Cocos2d-x/jsb_cocos2d_studio.js:68,unknown,unknown,unknown,unknown,unknown,unknown,candidate observed statically; scene reachability unverified,stock Cocos/JSB binding or project JS; exact binding not resolved,UNRESOLVED,Recovered/native_api_inventory.json member_uses; reconstructed JS is approximate,not yet selected,not run
js_member_candidate,ccs.ScrollviewEventType,ccs,unknown; resolve against recorded oracle symbol dump,src_jsc/Core/Cocos2d-x/jsb_cocos2d_studio.js:70,unknown,unknown,unknown,unknown,unknown,unknown,candidate observed statically; scene reachability unverified,stock Cocos/JSB binding or project JS; exact binding not resolved,UNRESOLVED,Recovered/native_api_inventory.json member_uses; reconstructed JS is approximate,not yet selected,not run
js_member_candidate,ccs.SizeType,ccs,unknown; resolve against recorded oracle symbol dump,src_jsc/Core/Cocos2d-x/jsb_cocos2d_studio.js:21,unknown,unknown,unknown,unknown,unknown,unknown,candidate observed statically; scene reachability unverified,stock Cocos/JSB binding or project JS; exact binding not resolved,UNRESOLVED,Recovered/native_api_inventory.json member_uses; reconstructed JS is approximate,not yet selected,not run
js_member_candidate,ccs.Slider,ccs,unknown; resolve against recorded oracle symbol dump,src_jsc/Core/Cocos2d-x/jsb_cocos2d_studio.js:138,unknown,unknown,unknown,unknown,unknown,unknown,candidate observed statically; scene reachability unverified,stock Cocos/JSB binding or project JS; exact binding not resolved,UNRESOLVED,Recovered/native_api_inventory.json member_uses; reconstructed JS is approximate,not yet selected,not run
js_member_candidate,ccs.SliderEventType,ccs,unknown; resolve against recorded oracle symbol dump,src_jsc/Core/Cocos2d-x/jsb_cocos2d_studio.js:64,unknown,unknown,unknown,unknown,unknown,unknown,candidate observed statically; scene reachability unverified,stock Cocos/JSB binding or project JS; exact binding not resolved,UNRESOLVED,Recovered/native_api_inventory.json member_uses; reconstructed JS is approximate,not yet selected,not run
js_member_candidate,ccs.TInfo,ccs,unknown; resolve against recorded oracle symbol dump,src_jsc/Core/Cocos2d-x/jsb_cocos2d_studio.js:286;src_jsc/Core/Cocos2d-x/jsb_cocos2d_studio.js:308,unknown,unknown,unknown,unknown,unknown,unknown,candidate observed statically; scene reachability unverified,stock Cocos/JSB binding or project JS; exact binding not resolved,UNRESOLVED,Recovered/native_api_inventory.json member_uses; reconstructed JS is approximate,not yet selected,not run
js_member_candidate,ccs.TextField,ccs,unknown; resolve against recorded oracle symbol dump,src_jsc/Core/Cocos2d-x/jsb_cocos2d_studio.js:140,unknown,unknown,unknown,unknown,unknown,unknown,candidate observed statically; scene reachability unverified,stock Cocos/JSB binding or project JS; exact binding not resolved,UNRESOLVED,Recovered/native_api_inventory.json member_uses; reconstructed JS is approximate,not yet selected,not run
js_member_candidate,ccs.TextFiledEventType,ccs,unknown; resolve against recorded oracle symbol dump,src_jsc/Core/Cocos2d-x/jsb_cocos2d_studio.js:27,unknown,unknown,unknown,unknown,unknown,unknown,candidate observed statically; scene reachability unverified,stock Cocos/JSB binding or project JS; exact binding not resolved,UNRESOLVED,Recovered/native_api_inventory.json member_uses; reconstructed JS is approximate,not yet selected,not run
js_member_candidate,ccs.TextureResType,ccs,unknown; resolve against recorded oracle symbol dump,src_jsc/Core/Cocos2d-x/jsb_cocos2d_studio.js:17,unknown,unknown,unknown,unknown,unknown,unknown,candidate observed statically; scene reachability unverified,stock Cocos/JSB binding or project JS; exact binding not resolved,UNRESOLVED,Recovered/native_api_inventory.json member_uses; reconstructed JS is approximate,not yet selected,not run
js_member_candidate,ccs.TouchEventType,ccs,unknown; resolve against recorded oracle symbol dump,src_jsc/Core/Cocos2d-x/jsb_cocos2d_studio.js:19,unknown,unknown,unknown,unknown,unknown,unknown,candidate observed statically; scene reachability unverified,stock Cocos/JSB binding or project JS; exact binding not resolved,UNRESOLVED,Recovered/native_api_inventory.json member_uses; reconstructed JS is approximate,not yet selected,not run
js_member_candidate,ccs.TriggerMng,ccs,unknown; resolve against recorded oracle symbol dump,src_jsc/Core/Cocos2d-x/jsb_cocos2d_studio.js:540;src_jsc/Core/Cocos2d-x/jsb_cocos2d_studio.js:811,unknown,unknown,unknown,unknown,unknown,unknown,candidate observed statically; scene reachability unverified,stock Cocos/JSB binding or project JS; exact binding not resolved,UNRESOLVED,Recovered/native_api_inventory.json member_uses; reconstructed JS is approximate,not yet selected,not run
js_member_candidate,ccs.TriggerMng._instance,ccs,unknown; resolve against recorded oracle symbol dump,src_jsc/Core/Cocos2d-x/jsb_cocos2d_studio.js:806,unknown,unknown,unknown,unknown,unknown,unknown,candidate observed statically; scene reachability unverified,stock Cocos/JSB binding or project JS; exact binding not resolved,UNRESOLVED,Recovered/native_api_inventory.json member_uses; reconstructed JS is approximate,not yet selected,not run
js_member_candidate,ccs.TriggerMng.getInstance,ccs,unknown; resolve against recorded oracle symbol dump,src_jsc/Core/Cocos2d-x/jsb_cocos2d.js:901;src_jsc/Core/Cocos2d-x/jsb_cocos2d_studio.js:227;src_jsc/Core/Cocos2d-x/jsb_cocos2d_studio.js:808,unknown,unknown,unknown,unknown,unknown,unknown,candidate observed statically; scene reachability unverified,stock Cocos/JSB binding or project JS; exact binding not resolved,UNRESOLVED,Recovered/native_api_inventory.json member_uses; reconstructed JS is approximate,not yet selected,not run
js_member_candidate,ccs.TriggerMng.triggerMngVersion,ccs,unknown; resolve against recorded oracle symbol dump,src_jsc/Core/Cocos2d-x/jsb_cocos2d_studio.js:801,unknown,unknown,unknown,unknown,unknown,unknown,candidate observed statically; scene reachability unverified,stock Cocos/JSB binding or project JS; exact binding not resolved,UNRESOLVED,Recovered/native_api_inventory.json member_uses; reconstructed JS is approximate,not yet selected,not run
js_member_candidate,ccs.TriggerObj,ccs,unknown; resolve against recorded oracle symbol dump,src_jsc/Core/Cocos2d-x/jsb_cocos2d_studio.js:339;src_jsc/Core/Cocos2d-x/jsb_cocos2d_studio.js:531,unknown,unknown,unknown,unknown,unknown,unknown,candidate observed statically; scene reachability unverified,stock Cocos/JSB binding or project JS; exact binding not resolved,UNRESOLVED,Recovered/native_api_inventory.json member_uses; reconstructed JS is approximate,not yet selected,not run
js_member_candidate,ccs.TriggerObj.create,ccs,unknown; resolve against recorded oracle symbol dump,src_jsc/Core/Cocos2d-x/jsb_cocos2d_studio.js:528;src_jsc/Core/Cocos2d-x/jsb_cocos2d_studio.js:568,unknown,unknown,unknown,unknown,unknown,unknown,candidate observed statically; scene reachability unverified,stock Cocos/JSB binding or project JS; exact binding not resolved,UNRESOLVED,Recovered/native_api_inventory.json member_uses; reconstructed JS is approximate,not yet selected,not run
js_member_candidate,ccs.UIButton,ccs,unknown; resolve against recorded oracle symbol dump,src_jsc/Core/Cocos2d-x/jsb_cocos2d_studio.js:124,unknown,unknown,unknown,unknown,unknown,unknown,candidate observed statically; scene reachability unverified,stock Cocos/JSB binding or project JS; exact binding not resolved,UNRESOLVED,Recovered/native_api_inventory.json member_uses; reconstructed JS is approximate,not yet selected,not run
js_member_candidate,ccs.UICheckBox,ccs,unknown; resolve against recorded oracle symbol dump,src_jsc/Core/Cocos2d-x/jsb_cocos2d_studio.js:126,unknown,unknown,unknown,unknown,unknown,unknown,candidate observed statically; scene reachability unverified,stock Cocos/JSB binding or project JS; exact binding not resolved,UNRESOLVED,Recovered/native_api_inventory.json member_uses; reconstructed JS is approximate,not yet selected,not run
js_member_candidate,ccs.UIContainerWidget,ccs,unknown; resolve against recorded oracle symbol dump,src_jsc/Core/Cocos2d-x/jsb_cocos2d_studio.js:94,unknown,unknown,unknown,unknown,unknown,unknown,candidate observed statically; scene reachability unverified,stock Cocos/JSB binding or project JS; exact binding not resolved,UNRESOLVED,Recovered/native_api_inventory.json member_uses; reconstructed JS is approximate,not yet selected,not run
js_member_candidate,ccs.UIImageView,ccs,unknown; resolve against recorded oracle symbol dump,src_jsc/Core/Cocos2d-x/jsb_cocos2d_studio.js:128,unknown,unknown,unknown,unknown,unknown,unknown,candidate observed statically; scene reachability unverified,stock Cocos/JSB binding or project JS; exact binding not resolved,UNRESOLVED,Recovered/native_api_inventory.json member_uses; reconstructed JS is approximate,not yet selected,not run
js_member_candidate,ccs.UILabel,ccs,unknown; resolve against recorded oracle symbol dump,src_jsc/Core/Cocos2d-x/jsb_cocos2d_studio.js:130,unknown,unknown,unknown,unknown,unknown,unknown,candidate observed statically; scene reachability unverified,stock Cocos/JSB binding or project JS; exact binding not resolved,UNRESOLVED,Recovered/native_api_inventory.json member_uses; reconstructed JS is approximate,not yet selected,not run
js_member_candidate,ccs.UILabelAtlas,ccs,unknown; resolve against recorded oracle symbol dump,src_jsc/Core/Cocos2d-x/jsb_cocos2d_studio.js:132,unknown,unknown,unknown,unknown,unknown,unknown,candidate observed statically; scene reachability unverified,stock Cocos/JSB binding or project JS; exact binding not resolved,UNRESOLVED,Recovered/native_api_inventory.json member_uses; reconstructed JS is approximate,not yet selected,not run
js_member_candidate,ccs.UILabelBMFont,ccs,unknown; resolve against recorded oracle symbol dump,src_jsc/Core/Cocos2d-x/jsb_cocos2d_studio.js:134,unknown,unknown,unknown,unknown,unknown,unknown,candidate observed statically; scene reachability unverified,stock Cocos/JSB binding or project JS; exact binding not resolved,UNRESOLVED,Recovered/native_api_inventory.json member_uses; reconstructed JS is approximate,not yet selected,not run
js_member_candidate,ccs.UILayoutParameter,ccs,unknown; resolve against recorded oracle symbol dump,src_jsc/Core/Cocos2d-x/jsb_cocos2d_studio.js:104,unknown,unknown,unknown,unknown,unknown,unknown,candidate observed statically; scene reachability unverified,stock Cocos/JSB binding or project JS; exact binding not resolved,UNRESOLVED,Recovered/native_api_inventory.json member_uses; reconstructed JS is approximate,not yet selected,not run
js_member_candidate,ccs.UILinearGravity,ccs,unknown; resolve against recorded oracle symbol dump,src_jsc/Core/Cocos2d-x/jsb_cocos2d_studio.js:110,unknown,unknown,unknown,unknown,unknown,unknown,candidate observed statically; scene reachability unverified,stock Cocos/JSB binding or project JS; exact binding not resolved,UNRESOLVED,Recovered/native_api_inventory.json member_uses; reconstructed JS is approximate,not yet selected,not run
js_member_candidate,ccs.UILinearLayoutParameter,ccs,unknown; resolve against recorded oracle symbol dump,src_jsc/Core/Cocos2d-x/jsb_cocos2d_studio.js:106,unknown,unknown,unknown,unknown,unknown,unknown,candidate observed statically; scene reachability unverified,stock Cocos/JSB binding or project JS; exact binding not resolved,UNRESOLVED,Recovered/native_api_inventory.json member_uses; reconstructed JS is approximate,not yet selected,not run
js_member_candidate,ccs.UIListView,ccs,unknown; resolve against recorded oracle symbol dump,src_jsc/Core/Cocos2d-x/jsb_cocos2d_studio.js:118,unknown,unknown,unknown,unknown,unknown,unknown,candidate observed statically; scene reachability unverified,stock Cocos/JSB binding or project JS; exact binding not resolved,UNRESOLVED,Recovered/native_api_inventory.json member_uses; reconstructed JS is approximate,not yet selected,not run
js_member_candidate,ccs.UILoadingBar,ccs,unknown; resolve against recorded oracle symbol dump,src_jsc/Core/Cocos2d-x/jsb_cocos2d_studio.js:136,unknown,unknown,unknown,unknown,unknown,unknown,candidate observed statically; scene reachability unverified,stock Cocos/JSB binding or project JS; exact binding not resolved,UNRESOLVED,Recovered/native_api_inventory.json member_uses; reconstructed JS is approximate,not yet selected,not run
js_member_candidate,ccs.UIMargin,ccs,unknown; resolve against recorded oracle symbol dump,src_jsc/Core/Cocos2d-x/jsb_cocos2d_studio.js:114,unknown,unknown,unknown,unknown,unknown,unknown,candidate observed statically; scene reachability unverified,stock Cocos/JSB binding or project JS; exact binding not resolved,UNRESOLVED,Recovered/native_api_inventory.json member_uses; reconstructed JS is approximate,not yet selected,not run
js_member_candidate,ccs.UIMarginZero,ccs,unknown; resolve against recorded oracle symbol dump,src_jsc/Core/Cocos2d-x/jsb_cocos2d_studio.js:116,unknown,unknown,unknown,unknown,unknown,unknown,candidate observed statically; scene reachability unverified,stock Cocos/JSB binding or project JS; exact binding not resolved,UNRESOLVED,Recovered/native_api_inventory.json member_uses; reconstructed JS is approximate,not yet selected,not run
js_member_candidate,ccs.UINodeContainer,ccs,unknown; resolve against recorded oracle symbol dump,src_jsc/Core/Cocos2d-x/jsb_cocos2d_studio.js:98,unknown,unknown,unknown,unknown,unknown,unknown,candidate observed statically; scene reachability unverified,stock Cocos/JSB binding or project JS; exact binding not resolved,UNRESOLVED,Recovered/native_api_inventory.json member_uses; reconstructed JS is approximate,not yet selected,not run
js_member_candidate,ccs.UIPageView,ccs,unknown; resolve against recorded oracle symbol dump,src_jsc/Core/Cocos2d-x/jsb_cocos2d_studio.js:120,unknown,unknown,unknown,unknown,unknown,unknown,candidate observed statically; scene reachability unverified,stock Cocos/JSB binding or project JS; exact binding not resolved,UNRESOLVED,Recovered/native_api_inventory.json member_uses; reconstructed JS is approximate,not yet selected,not run
js_member_candidate,ccs.UIPanel,ccs,unknown; resolve against recorded oracle symbol dump,src_jsc/Core/Cocos2d-x/jsb_cocos2d_studio.js:90,unknown,unknown,unknown,unknown,unknown,unknown,candidate observed statically; scene reachability unverified,stock Cocos/JSB binding or project JS; exact binding not resolved,UNRESOLVED,Recovered/native_api_inventory.json member_uses; reconstructed JS is approximate,not yet selected,not run
js_member_candidate,ccs.UIRelativeAlign,ccs,unknown; resolve against recorded oracle symbol dump,src_jsc/Core/Cocos2d-x/jsb_cocos2d_studio.js:112,unknown,unknown,unknown,unknown,unknown,unknown,candidate observed statically; scene reachability unverified,stock Cocos/JSB binding or project JS; exact binding not resolved,UNRESOLVED,Recovered/native_api_inventory.json member_uses; reconstructed JS is approximate,not yet selected,not run
js_member_candidate,ccs.UIRelativeLayoutParameter,ccs,unknown; resolve against recorded oracle symbol dump,src_jsc/Core/Cocos2d-x/jsb_cocos2d_studio.js:108,unknown,unknown,unknown,unknown,unknown,unknown,candidate observed statically; scene reachability unverified,stock Cocos/JSB binding or project JS; exact binding not resolved,UNRESOLVED,Recovered/native_api_inventory.json member_uses; reconstructed JS is approximate,not yet selected,not run
js_member_candidate,ccs.UIScrollView,ccs,unknown; resolve against recorded oracle symbol dump,src_jsc/Core/Cocos2d-x/jsb_cocos2d_studio.js:122,unknown,unknown,unknown,unknown,unknown,unknown,candidate observed statically; scene reachability unverified,stock Cocos/JSB binding or project JS; exact binding not resolved,UNRESOLVED,Recovered/native_api_inventory.json member_uses; reconstructed JS is approximate,not yet selected,not run
js_member_candidate,ccs.UISlider,ccs,unknown; resolve against recorded oracle symbol dump,src_jsc/Core/Cocos2d-x/jsb_cocos2d_studio.js:138,unknown,unknown,unknown,unknown,unknown,unknown,candidate observed statically; scene reachability unverified,stock Cocos/JSB binding or project JS; exact binding not resolved,UNRESOLVED,Recovered/native_api_inventory.json member_uses; reconstructed JS is approximate,not yet selected,not run
js_member_candidate,ccs.UITextArea,ccs,unknown; resolve against recorded oracle symbol dump,src_jsc/Core/Cocos2d-x/jsb_cocos2d_studio.js:92,unknown,unknown,unknown,unknown,unknown,unknown,candidate observed statically; scene reachability unverified,stock Cocos/JSB binding or project JS; exact binding not resolved,UNRESOLVED,Recovered/native_api_inventory.json member_uses; reconstructed JS is approximate,not yet selected,not run
js_member_candidate,ccs.UITextButton,ccs,unknown; resolve against recorded oracle symbol dump,src_jsc/Core/Cocos2d-x/jsb_cocos2d_studio.js:96,unknown,unknown,unknown,unknown,unknown,unknown,candidate observed statically; scene reachability unverified,stock Cocos/JSB binding or project JS; exact binding not resolved,UNRESOLVED,Recovered/native_api_inventory.json member_uses; reconstructed JS is approximate,not yet selected,not run
js_member_candidate,ccs.UITextField,ccs,unknown; resolve against recorded oracle symbol dump,src_jsc/Core/Cocos2d-x/jsb_cocos2d_studio.js:140,unknown,unknown,unknown,unknown,unknown,unknown,candidate observed statically; scene reachability unverified,stock Cocos/JSB binding or project JS; exact binding not resolved,UNRESOLVED,Recovered/native_api_inventory.json member_uses; reconstructed JS is approximate,not yet selected,not run
js_member_candidate,ccs.UIWidget,ccs,unknown; resolve against recorded oracle symbol dump,src_jsc/Core/Cocos2d-x/jsb_cocos2d_studio.js:102,unknown,unknown,unknown,unknown,unknown,unknown,candidate observed statically; scene reachability unverified,stock Cocos/JSB binding or project JS; exact binding not resolved,UNRESOLVED,Recovered/native_api_inventory.json member_uses; reconstructed JS is approximate,not yet selected,not run
js_member_candidate,ccs.Widget,ccs,unknown; resolve against recorded oracle symbol dump,src_jsc/Core/Cocos2d-x/jsb_cocos2d_studio.js:102;src_jsc/Core/Cocos2d-x/jsb_cocos2d_studio.js:98,unknown,unknown,unknown,unknown,unknown,unknown,candidate observed statically; scene reachability unverified,stock Cocos/JSB binding or project JS; exact binding not resolved,UNRESOLVED,Recovered/native_api_inventory.json member_uses; reconstructed JS is approximate,not yet selected,not run
js_member_candidate,ccs.WidgetType,ccs,unknown; resolve against recorded oracle symbol dump,src_jsc/Core/Cocos2d-x/jsb_cocos2d_studio.js:15,unknown,unknown,unknown,unknown,unknown,unknown,candidate observed statically; scene reachability unverified,stock Cocos/JSB binding or project JS; exact binding not resolved,UNRESOLVED,Recovered/native_api_inventory.json member_uses; reconstructed JS is approximate,not yet selected,not run
js_member_candidate,ccs.registerTriggerClass,ccs,unknown; resolve against recorded oracle symbol dump,src_jsc/Core/Cocos2d-x/jsb_cocos2d_studio.js:306,unknown,unknown,unknown,unknown,unknown,unknown,candidate observed statically; scene reachability unverified,stock Cocos/JSB binding or project JS; exact binding not resolved,UNRESOLVED,Recovered/native_api_inventory.json member_uses; reconstructed JS is approximate,not yet selected,not run
js_member_candidate,ccs.sendEvent,ccs,unknown; resolve against recorded oracle symbol dump,src_jsc/Core/Cocos2d-x/jsb_cocos2d_studio.js:224,unknown,unknown,unknown,unknown,unknown,unknown,candidate observed statically; scene reachability unverified,stock Cocos/JSB binding or project JS; exact binding not resolved,UNRESOLVED,Recovered/native_api_inventory.json member_uses; reconstructed JS is approximate,not yet selected,not run
js_member_candidate,cp.ALLOW_PRIVATE_ACCESS,cp,unknown; resolve against recorded oracle symbol dump,src_jsc/Core/Cocos2d-x/jsb_chipmunk_constants.js:9,unknown,unknown,unknown,unknown,unknown,unknown,candidate observed statically; scene reachability unverified,stock Cocos/JSB binding or project JS; exact binding not resolved,UNRESOLVED,Recovered/native_api_inventory.json member_uses; reconstructed JS is approximate,not yet selected,not run
js_member_candidate,cp.ALL_LAYERS,cp,unknown; resolve against recorded oracle symbol dump,src_jsc/Core/Cocos2d-x/jsb_chipmunk_constants.js:11,unknown,unknown,unknown,unknown,unknown,unknown,candidate observed statically; scene reachability unverified,stock Cocos/JSB binding or project JS; exact binding not resolved,UNRESOLVED,Recovered/native_api_inventory.json member_uses; reconstructed JS is approximate,not yet selected,not run
js_member_candidate,cp.BB,cp,unknown; resolve against recorded oracle symbol dump,src_jsc/Core/Cocos2d-x/jsb_chipmunk.js:84;src_jsc/Core/Cocos2d-x/jsb_chipmunk.js:92;src_jsc/Core/Cocos2d-x/jsb_chipmunk.js:99,unknown,unknown,unknown,unknown,unknown,unknown,candidate observed statically; scene reachability unverified,stock Cocos/JSB binding or project JS; exact binding not resolved,UNRESOLVED,Recovered/native_api_inventory.json member_uses; reconstructed JS is approximate,not yet selected,not run
js_member_candidate,cp.BUFFER_BYTES,cp,unknown; resolve against recorded oracle symbol dump,src_jsc/Core/Cocos2d-x/jsb_chipmunk_constants.js:13,unknown,unknown,unknown,unknown,unknown,unknown,candidate observed statically; scene reachability unverified,stock Cocos/JSB binding or project JS; exact binding not resolved,UNRESOLVED,Recovered/native_api_inventory.json member_uses; reconstructed JS is approximate,not yet selected,not run
js_member_candidate,cp.Base.prototype,cp,unknown; resolve against recorded oracle symbol dump,src_jsc/Core/Cocos2d-x/jsb_chipmunk.js:102,unknown,unknown,unknown,unknown,unknown,unknown,candidate observed statically; scene reachability unverified,stock Cocos/JSB binding or project JS; exact binding not resolved,UNRESOLVED,Recovered/native_api_inventory.json member_uses; reconstructed JS is approximate,not yet selected,not run
js_member_candidate,cp.Body,cp,unknown; resolve against recorded oracle symbol dump,src_jsc/Core/Cocos2d-x/jsb_chipmunk.js:89,unknown,unknown,unknown,unknown,unknown,unknown,candidate observed statically; scene reachability unverified,stock Cocos/JSB binding or project JS; exact binding not resolved,UNRESOLVED,Recovered/native_api_inventory.json member_uses; reconstructed JS is approximate,not yet selected,not run
js_member_candidate,cp.Body.prototype,cp,unknown; resolve against recorded oracle symbol dump,src_jsc/Core/Cocos2d-x/jsb_chipmunk.js:232,unknown,unknown,unknown,unknown,unknown,unknown,candidate observed statically; scene reachability unverified,stock Cocos/JSB binding or project JS; exact binding not resolved,UNRESOLVED,Recovered/native_api_inventory.json member_uses; reconstructed JS is approximate,not yet selected,not run
js_member_candidate,cp.BoxShape,cp,unknown; resolve against recorded oracle symbol dump,src_jsc/Core/Cocos2d-x/jsb_chipmunk.js:77,unknown,unknown,unknown,unknown,unknown,unknown,candidate observed statically; scene reachability unverified,stock Cocos/JSB binding or project JS; exact binding not resolved,UNRESOLVED,Recovered/native_api_inventory.json member_uses; reconstructed JS is approximate,not yet selected,not run
js_member_candidate,cp.BoxShape2,cp,unknown; resolve against recorded oracle symbol dump,src_jsc/Core/Cocos2d-x/jsb_chipmunk.js:69;src_jsc/Core/Cocos2d-x/jsb_chipmunk.js:84,unknown,unknown,unknown,unknown,unknown,unknown,candidate observed statically; scene reachability unverified,stock Cocos/JSB binding or project JS; exact binding not resolved,UNRESOLVED,Recovered/native_api_inventory.json member_uses; reconstructed JS is approximate,not yet selected,not run
js_member_candidate,cp.CIRCLE_SHAPE,cp,unknown; resolve against recorded oracle symbol dump,src_jsc/Core/Cocos2d-x/jsb_chipmunk_constants.js:15,unknown,unknown,unknown,unknown,unknown,unknown,candidate observed statically; scene reachability unverified,stock Cocos/JSB binding or project JS; exact binding not resolved,UNRESOLVED,Recovered/native_api_inventory.json member_uses; reconstructed JS is approximate,not yet selected,not run
js_member_candidate,cp.Constraint.prototype,cp,unknown; resolve against recorded oracle symbol dump,src_jsc/Core/Cocos2d-x/jsb_chipmunk.js:330,unknown,unknown,unknown,unknown,unknown,unknown,candidate observed statically; scene reachability unverified,stock Cocos/JSB binding or project JS; exact binding not resolved,UNRESOLVED,Recovered/native_api_inventory.json member_uses; reconstructed JS is approximate,not yet selected,not run
js_member_candidate,cp.HASH_COEF,cp,unknown; resolve against recorded oracle symbol dump,src_jsc/Core/Cocos2d-x/jsb_chipmunk_constants.js:17,unknown,unknown,unknown,unknown,unknown,unknown,candidate observed statically; scene reachability unverified,stock Cocos/JSB binding or project JS; exact binding not resolved,UNRESOLVED,Recovered/native_api_inventory.json member_uses; reconstructed JS is approximate,not yet selected,not run
js_member_candidate,cp.MAX_CONTACTS_PER_ARBITER,cp,unknown; resolve against recorded oracle symbol dump,src_jsc/Core/Cocos2d-x/jsb_chipmunk_constants.js:19,unknown,unknown,unknown,unknown,unknown,unknown,candidate observed statically; scene reachability unverified,stock Cocos/JSB binding or project JS; exact binding not resolved,UNRESOLVED,Recovered/native_api_inventory.json member_uses; reconstructed JS is approximate,not yet selected,not run
js_member_candidate,cp.NO_GROUP,cp,unknown; resolve against recorded oracle symbol dump,src_jsc/Core/Cocos2d-x/jsb_chipmunk_constants.js:21,unknown,unknown,unknown,unknown,unknown,unknown,candidate observed statically; scene reachability unverified,stock Cocos/JSB binding or project JS; exact binding not resolved,UNRESOLVED,Recovered/native_api_inventory.json member_uses; reconstructed JS is approximate,not yet selected,not run
js_member_candidate,cp.NUM_SHAPES,cp,unknown; resolve against recorded oracle symbol dump,src_jsc/Core/Cocos2d-x/jsb_chipmunk_constants.js:23,unknown,unknown,unknown,unknown,unknown,unknown,candidate observed statically; scene reachability unverified,stock Cocos/JSB binding or project JS; exact binding not resolved,UNRESOLVED,Recovered/native_api_inventory.json member_uses; reconstructed JS is approximate,not yet selected,not run
js_member_candidate,cp.POLY_SHAPE,cp,unknown; resolve against recorded oracle symbol dump,src_jsc/Core/Cocos2d-x/jsb_chipmunk_constants.js:25,unknown,unknown,unknown,unknown,unknown,unknown,candidate observed statically; scene reachability unverified,stock Cocos/JSB binding or project JS; exact binding not resolved,UNRESOLVED,Recovered/native_api_inventory.json member_uses; reconstructed JS is approximate,not yet selected,not run
js_member_candidate,cp.PinJoint.prototype,cp,unknown; resolve against recorded oracle symbol dump,src_jsc/Core/Cocos2d-x/jsb_chipmunk.js:345,unknown,unknown,unknown,unknown,unknown,unknown,candidate observed statically; scene reachability unverified,stock Cocos/JSB binding or project JS; exact binding not resolved,UNRESOLVED,Recovered/native_api_inventory.json member_uses; reconstructed JS is approximate,not yet selected,not run
js_member_candidate,cp.PolyShape,cp,unknown; resolve against recorded oracle symbol dump,src_jsc/Core/Cocos2d-x/jsb_chipmunk.js:74,unknown,unknown,unknown,unknown,unknown,unknown,candidate observed statically; scene reachability unverified,stock Cocos/JSB binding or project JS; exact binding not resolved,UNRESOLVED,Recovered/native_api_inventory.json member_uses; reconstructed JS is approximate,not yet selected,not run
js_member_candidate,cp.SEGMENT_SHAPE,cp,unknown; resolve against recorded oracle symbol dump,src_jsc/Core/Cocos2d-x/jsb_chipmunk_constants.js:27,unknown,unknown,unknown,unknown,unknown,unknown,candidate observed statically; scene reachability unverified,stock Cocos/JSB binding or project JS; exact binding not resolved,UNRESOLVED,Recovered/native_api_inventory.json member_uses; reconstructed JS is approximate,not yet selected,not run
js_member_candidate,cp.Shape.prototype,cp,unknown; resolve against recorded oracle symbol dump,src_jsc/Core/Cocos2d-x/jsb_chipmunk.js:295,unknown,unknown,unknown,unknown,unknown,unknown,candidate observed statically; scene reachability unverified,stock Cocos/JSB binding or project JS; exact binding not resolved,UNRESOLVED,Recovered/native_api_inventory.json member_uses; reconstructed JS is approximate,not yet selected,not run
js_member_candidate,cp.Space.prototype,cp,unknown; resolve against recorded oracle symbol dump,src_jsc/Core/Cocos2d-x/jsb_chipmunk.js:113,unknown,unknown,unknown,unknown,unknown,unknown,candidate observed statically; scene reachability unverified,stock Cocos/JSB binding or project JS; exact binding not resolved,UNRESOLVED,Recovered/native_api_inventory.json member_uses; reconstructed JS is approximate,not yet selected,not run
js_member_candidate,cp.StaticBody,cp,unknown; resolve against recorded oracle symbol dump,src_jsc/Core/Cocos2d-x/jsb_chipmunk.js:87,unknown,unknown,unknown,unknown,unknown,unknown,candidate observed statically; scene reachability unverified,stock Cocos/JSB binding or project JS; exact binding not resolved,UNRESOLVED,Recovered/native_api_inventory.json member_uses; reconstructed JS is approximate,not yet selected,not run
js_member_candidate,cp.USE_CGPOINTS,cp,unknown; resolve against recorded oracle symbol dump,src_jsc/Core/Cocos2d-x/jsb_chipmunk_constants.js:29,unknown,unknown,unknown,unknown,unknown,unknown,candidate observed statically; scene reachability unverified,stock Cocos/JSB binding or project JS; exact binding not resolved,UNRESOLVED,Recovered/native_api_inventory.json member_uses; reconstructed JS is approximate,not yet selected,not run
js_member_candidate,cp.USE_DOUBLES,cp,unknown; resolve against recorded oracle symbol dump,src_jsc/Core/Cocos2d-x/jsb_chipmunk_constants.js:31,unknown,unknown,unknown,unknown,unknown,unknown,candidate observed statically; scene reachability unverified,stock Cocos/JSB binding or project JS; exact binding not resolved,UNRESOLVED,Recovered/native_api_inventory.json member_uses; reconstructed JS is approximate,not yet selected,not run
js_member_candidate,cp.VERSION_MAJOR,cp,unknown; resolve against recorded oracle symbol dump,src_jsc/Core/Cocos2d-x/jsb_chipmunk_constants.js:33,unknown,unknown,unknown,unknown,unknown,unknown,candidate observed statically; scene reachability unverified,stock Cocos/JSB binding or project JS; exact binding not resolved,UNRESOLVED,Recovered/native_api_inventory.json member_uses; reconstructed JS is approximate,not yet selected,not run
js_member_candidate,cp.VERSION_MINOR,cp,unknown; resolve against recorded oracle symbol dump,src_jsc/Core/Cocos2d-x/jsb_chipmunk_constants.js:35,unknown,unknown,unknown,unknown,unknown,unknown,candidate observed statically; scene reachability unverified,stock Cocos/JSB binding or project JS; exact binding not resolved,UNRESOLVED,Recovered/native_api_inventory.json member_uses; reconstructed JS is approximate,not yet selected,not run
js_member_candidate,cp.VERSION_RELEASE,cp,unknown; resolve against recorded oracle symbol dump,src_jsc/Core/Cocos2d-x/jsb_chipmunk_constants.js:37,unknown,unknown,unknown,unknown,unknown,unknown,candidate observed statically; scene reachability unverified,stock Cocos/JSB binding or project JS; exact binding not resolved,UNRESOLVED,Recovered/native_api_inventory.json member_uses; reconstructed JS is approximate,not yet selected,not run
js_member_candidate,cp._v,cp,unknown; resolve against recorded oracle symbol dump,src_jsc/Core/Cocos2d-x/jsb_chipmunk.js:11,unknown,unknown,unknown,unknown,unknown,unknown,candidate observed statically; scene reachability unverified,stock Cocos/JSB binding or project JS; exact binding not resolved,UNRESOLVED,Recovered/native_api_inventory.json member_uses; reconstructed JS is approximate,not yet selected,not run
js_member_candidate,cp.bb,cp,unknown; resolve against recorded oracle symbol dump,src_jsc/Core/Cocos2d-x/jsb_chipmunk.js:97,unknown,unknown,unknown,unknown,unknown,unknown,candidate observed statically; scene reachability unverified,stock Cocos/JSB binding or project JS; exact binding not resolved,UNRESOLVED,Recovered/native_api_inventory.json member_uses; reconstructed JS is approximate,not yet selected,not run
js_member_candidate,cp.clamp01,cp,unknown; resolve against recorded oracle symbol dump,src_jsc/Core/Cocos2d-x/jsb_chipmunk.js:67,unknown,unknown,unknown,unknown,unknown,unknown,candidate observed statically; scene reachability unverified,stock Cocos/JSB binding or project JS; exact binding not resolved,UNRESOLVED,Recovered/native_api_inventory.json member_uses; reconstructed JS is approximate,not yet selected,not run
js_member_candidate,cp.fclamp01,cp,unknown; resolve against recorded oracle symbol dump,src_jsc/Core/Cocos2d-x/jsb_chipmunk.js:67,unknown,unknown,unknown,unknown,unknown,unknown,candidate observed statically; scene reachability unverified,stock Cocos/JSB binding or project JS; exact binding not resolved,UNRESOLVED,Recovered/native_api_inventory.json member_uses; reconstructed JS is approximate,not yet selected,not run
js_member_candidate,cp.v,cp,unknown; resolve against recorded oracle symbol dump,src_jsc/Core/Cocos2d-x/jsb_chipmunk.js:13;src_jsc/Core/Cocos2d-x/jsb_chipmunk.js:9,unknown,unknown,unknown,unknown,unknown,unknown,candidate observed statically; scene reachability unverified,stock Cocos/JSB binding or project JS; exact binding not resolved,UNRESOLVED,Recovered/native_api_inventory.json member_uses; reconstructed JS is approximate,not yet selected,not run
js_member_candidate,cp.v.add,cp,unknown; resolve against recorded oracle symbol dump,src_jsc/Core/Cocos2d-x/jsb_chipmunk.js:15,unknown,unknown,unknown,unknown,unknown,unknown,candidate observed statically; scene reachability unverified,stock Cocos/JSB binding or project JS; exact binding not resolved,UNRESOLVED,Recovered/native_api_inventory.json member_uses; reconstructed JS is approximate,not yet selected,not run
js_member_candidate,cp.v.clamp,cp,unknown; resolve against recorded oracle symbol dump,src_jsc/Core/Cocos2d-x/jsb_chipmunk.js:17,unknown,unknown,unknown,unknown,unknown,unknown,candidate observed statically; scene reachability unverified,stock Cocos/JSB binding or project JS; exact binding not resolved,UNRESOLVED,Recovered/native_api_inventory.json member_uses; reconstructed JS is approximate,not yet selected,not run
js_member_candidate,cp.v.cross,cp,unknown; resolve against recorded oracle symbol dump,src_jsc/Core/Cocos2d-x/jsb_chipmunk.js:19,unknown,unknown,unknown,unknown,unknown,unknown,candidate observed statically; scene reachability unverified,stock Cocos/JSB binding or project JS; exact binding not resolved,UNRESOLVED,Recovered/native_api_inventory.json member_uses; reconstructed JS is approximate,not yet selected,not run
js_member_candidate,cp.v.dist,cp,unknown; resolve against recorded oracle symbol dump,src_jsc/Core/Cocos2d-x/jsb_chipmunk.js:21,unknown,unknown,unknown,unknown,unknown,unknown,candidate observed statically; scene reachability unverified,stock Cocos/JSB binding or project JS; exact binding not resolved,UNRESOLVED,Recovered/native_api_inventory.json member_uses; reconstructed JS is approximate,not yet selected,not run
js_member_candidate,cp.v.distsq,cp,unknown; resolve against recorded oracle symbol dump,src_jsc/Core/Cocos2d-x/jsb_chipmunk.js:23,unknown,unknown,unknown,unknown,unknown,unknown,candidate observed statically; scene reachability unverified,stock Cocos/JSB binding or project JS; exact binding not resolved,UNRESOLVED,Recovered/native_api_inventory.json member_uses; reconstructed JS is approximate,not yet selected,not run
js_member_candidate,cp.v.dot,cp,unknown; resolve against recorded oracle symbol dump,src_jsc/Core/Cocos2d-x/jsb_chipmunk.js:25,unknown,unknown,unknown,unknown,unknown,unknown,candidate observed statically; scene reachability unverified,stock Cocos/JSB binding or project JS; exact binding not resolved,UNRESOLVED,Recovered/native_api_inventory.json member_uses; reconstructed JS is approximate,not yet selected,not run
js_member_candidate,cp.v.eql,cp,unknown; resolve against recorded oracle symbol dump,src_jsc/Core/Cocos2d-x/jsb_chipmunk.js:27,unknown,unknown,unknown,unknown,unknown,unknown,candidate observed statically; scene reachability unverified,stock Cocos/JSB binding or project JS; exact binding not resolved,UNRESOLVED,Recovered/native_api_inventory.json member_uses; reconstructed JS is approximate,not yet selected,not run
js_member_candidate,cp.v.forangle,cp,unknown; resolve against recorded oracle symbol dump,src_jsc/Core/Cocos2d-x/jsb_chipmunk.js:29,unknown,unknown,unknown,unknown,unknown,unknown,candidate observed statically; scene reachability unverified,stock Cocos/JSB binding or project JS; exact binding not resolved,UNRESOLVED,Recovered/native_api_inventory.json member_uses; reconstructed JS is approximate,not yet selected,not run
js_member_candidate,cp.v.len,cp,unknown; resolve against recorded oracle symbol dump,src_jsc/Core/Cocos2d-x/jsb_chipmunk.js:31,unknown,unknown,unknown,unknown,unknown,unknown,candidate observed statically; scene reachability unverified,stock Cocos/JSB binding or project JS; exact binding not resolved,UNRESOLVED,Recovered/native_api_inventory.json member_uses; reconstructed JS is approximate,not yet selected,not run
js_member_candidate,cp.v.lengthsq,cp,unknown; resolve against recorded oracle symbol dump,src_jsc/Core/Cocos2d-x/jsb_chipmunk.js:33,unknown,unknown,unknown,unknown,unknown,unknown,candidate observed statically; scene reachability unverified,stock Cocos/JSB binding or project JS; exact binding not resolved,UNRESOLVED,Recovered/native_api_inventory.json member_uses; reconstructed JS is approximate,not yet selected,not run
js_member_candidate,cp.v.lerp,cp,unknown; resolve against recorded oracle symbol dump,src_jsc/Core/Cocos2d-x/jsb_chipmunk.js:35,unknown,unknown,unknown,unknown,unknown,unknown,candidate observed statically; scene reachability unverified,stock Cocos/JSB binding or project JS; exact binding not resolved,UNRESOLVED,Recovered/native_api_inventory.json member_uses; reconstructed JS is approximate,not yet selected,not run
js_member_candidate,cp.v.lerpconst,cp,unknown; resolve against recorded oracle symbol dump,src_jsc/Core/Cocos2d-x/jsb_chipmunk.js:37,unknown,unknown,unknown,unknown,unknown,unknown,candidate observed statically; scene reachability unverified,stock Cocos/JSB binding or project JS; exact binding not resolved,UNRESOLVED,Recovered/native_api_inventory.json member_uses; reconstructed JS is approximate,not yet selected,not run
js_member_candidate,cp.v.mult,cp,unknown; resolve against recorded oracle symbol dump,src_jsc/Core/Cocos2d-x/jsb_chipmunk.js:39,unknown,unknown,unknown,unknown,unknown,unknown,candidate observed statically; scene reachability unverified,stock Cocos/JSB binding or project JS; exact binding not resolved,UNRESOLVED,Recovered/native_api_inventory.json member_uses; reconstructed JS is approximate,not yet selected,not run
js_member_candidate,cp.v.near,cp,unknown; resolve against recorded oracle symbol dump,src_jsc/Core/Cocos2d-x/jsb_chipmunk.js:41,unknown,unknown,unknown,unknown,unknown,unknown,candidate observed statically; scene reachability unverified,stock Cocos/JSB binding or project JS; exact binding not resolved,UNRESOLVED,Recovered/native_api_inventory.json member_uses; reconstructed JS is approximate,not yet selected,not run
js_member_candidate,cp.v.neg,cp,unknown; resolve against recorded oracle symbol dump,src_jsc/Core/Cocos2d-x/jsb_chipmunk.js:43,unknown,unknown,unknown,unknown,unknown,unknown,candidate observed statically; scene reachability unverified,stock Cocos/JSB binding or project JS; exact binding not resolved,UNRESOLVED,Recovered/native_api_inventory.json member_uses; reconstructed JS is approximate,not yet selected,not run
js_member_candidate,cp.v.normalize,cp,unknown; resolve against recorded oracle symbol dump,src_jsc/Core/Cocos2d-x/jsb_chipmunk.js:45,unknown,unknown,unknown,unknown,unknown,unknown,candidate observed statically; scene reachability unverified,stock Cocos/JSB binding or project JS; exact binding not resolved,UNRESOLVED,Recovered/native_api_inventory.json member_uses; reconstructed JS is approximate,not yet selected,not run
js_member_candidate,cp.v.normalize_safe,cp,unknown; resolve against recorded oracle symbol dump,src_jsc/Core/Cocos2d-x/jsb_chipmunk.js:47,unknown,unknown,unknown,unknown,unknown,unknown,candidate observed statically; scene reachability unverified,stock Cocos/JSB binding or project JS; exact binding not resolved,UNRESOLVED,Recovered/native_api_inventory.json member_uses; reconstructed JS is approximate,not yet selected,not run
js_member_candidate,cp.v.perp,cp,unknown; resolve against recorded oracle symbol dump,src_jsc/Core/Cocos2d-x/jsb_chipmunk.js:49,unknown,unknown,unknown,unknown,unknown,unknown,candidate observed statically; scene reachability unverified,stock Cocos/JSB binding or project JS; exact binding not resolved,UNRESOLVED,Recovered/native_api_inventory.json member_uses; reconstructed JS is approximate,not yet selected,not run
js_member_candidate,cp.v.project,cp,unknown; resolve against recorded oracle symbol dump,src_jsc/Core/Cocos2d-x/jsb_chipmunk.js:51,unknown,unknown,unknown,unknown,unknown,unknown,candidate observed statically; scene reachability unverified,stock Cocos/JSB binding or project JS; exact binding not resolved,UNRESOLVED,Recovered/native_api_inventory.json member_uses; reconstructed JS is approximate,not yet selected,not run
js_member_candidate,cp.v.rotate,cp,unknown; resolve against recorded oracle symbol dump,src_jsc/Core/Cocos2d-x/jsb_chipmunk.js:53,unknown,unknown,unknown,unknown,unknown,unknown,candidate observed statically; scene reachability unverified,stock Cocos/JSB binding or project JS; exact binding not resolved,UNRESOLVED,Recovered/native_api_inventory.json member_uses; reconstructed JS is approximate,not yet selected,not run
js_member_candidate,cp.v.rperp,cp,unknown; resolve against recorded oracle symbol dump,src_jsc/Core/Cocos2d-x/jsb_chipmunk.js:55,unknown,unknown,unknown,unknown,unknown,unknown,candidate observed statically; scene reachability unverified,stock Cocos/JSB binding or project JS; exact binding not resolved,UNRESOLVED,Recovered/native_api_inventory.json member_uses; reconstructed JS is approximate,not yet selected,not run
js_member_candidate,cp.v.slerp,cp,unknown; resolve against recorded oracle symbol dump,src_jsc/Core/Cocos2d-x/jsb_chipmunk.js:57,unknown,unknown,unknown,unknown,unknown,unknown,candidate observed statically; scene reachability unverified,stock Cocos/JSB binding or project JS; exact binding not resolved,UNRESOLVED,Recovered/native_api_inventory.json member_uses; reconstructed JS is approximate,not yet selected,not run
js_member_candidate,cp.v.slerpconst,cp,unknown; resolve against recorded oracle symbol dump,src_jsc/Core/Cocos2d-x/jsb_chipmunk.js:59,unknown,unknown,unknown,unknown,unknown,unknown,candidate observed statically; scene reachability unverified,stock Cocos/JSB binding or project JS; exact binding not resolved,UNRESOLVED,Recovered/native_api_inventory.json member_uses; reconstructed JS is approximate,not yet selected,not run
js_member_candidate,cp.v.sub,cp,unknown; resolve against recorded oracle symbol dump,src_jsc/Core/Cocos2d-x/jsb_chipmunk.js:61,unknown,unknown,unknown,unknown,unknown,unknown,candidate observed statically; scene reachability unverified,stock Cocos/JSB binding or project JS; exact binding not resolved,UNRESOLVED,Recovered/native_api_inventory.json member_uses; reconstructed JS is approximate,not yet selected,not run
js_member_candidate,cp.v.toangle,cp,unknown; resolve against recorded oracle symbol dump,src_jsc/Core/Cocos2d-x/jsb_chipmunk.js:63,unknown,unknown,unknown,unknown,unknown,unknown,candidate observed statically; scene reachability unverified,stock Cocos/JSB binding or project JS; exact binding not resolved,UNRESOLVED,Recovered/native_api_inventory.json member_uses; reconstructed JS is approximate,not yet selected,not run
js_member_candidate,cp.v.unrotate,cp,unknown; resolve against recorded oracle symbol dump,src_jsc/Core/Cocos2d-x/jsb_chipmunk.js:65,unknown,unknown,unknown,unknown,unknown,unknown,candidate observed statically; scene reachability unverified,stock Cocos/JSB binding or project JS; exact binding not resolved,UNRESOLVED,Recovered/native_api_inventory.json member_uses; reconstructed JS is approximate,not yet selected,not run
js_member_candidate,cp.vadd,cp,unknown; resolve against recorded oracle symbol dump,src_jsc/Core/Cocos2d-x/jsb_chipmunk.js:15,unknown,unknown,unknown,unknown,unknown,unknown,candidate observed statically; scene reachability unverified,stock Cocos/JSB binding or project JS; exact binding not resolved,UNRESOLVED,Recovered/native_api_inventory.json member_uses; reconstructed JS is approximate,not yet selected,not run
js_member_candidate,cp.vclamp,cp,unknown; resolve against recorded oracle symbol dump,src_jsc/Core/Cocos2d-x/jsb_chipmunk.js:17,unknown,unknown,unknown,unknown,unknown,unknown,candidate observed statically; scene reachability unverified,stock Cocos/JSB binding or project JS; exact binding not resolved,UNRESOLVED,Recovered/native_api_inventory.json member_uses; reconstructed JS is approximate,not yet selected,not run
js_member_candidate,cp.vcross,cp,unknown; resolve against recorded oracle symbol dump,src_jsc/Core/Cocos2d-x/jsb_chipmunk.js:19,unknown,unknown,unknown,unknown,unknown,unknown,candidate observed statically; scene reachability unverified,stock Cocos/JSB binding or project JS; exact binding not resolved,UNRESOLVED,Recovered/native_api_inventory.json member_uses; reconstructed JS is approximate,not yet selected,not run
js_member_candidate,cp.vdist,cp,unknown; resolve against recorded oracle symbol dump,src_jsc/Core/Cocos2d-x/jsb_chipmunk.js:21,unknown,unknown,unknown,unknown,unknown,unknown,candidate observed statically; scene reachability unverified,stock Cocos/JSB binding or project JS; exact binding not resolved,UNRESOLVED,Recovered/native_api_inventory.json member_uses; reconstructed JS is approximate,not yet selected,not run
js_member_candidate,cp.vdistsq,cp,unknown; resolve against recorded oracle symbol dump,src_jsc/Core/Cocos2d-x/jsb_chipmunk.js:23,unknown,unknown,unknown,unknown,unknown,unknown,candidate observed statically; scene reachability unverified,stock Cocos/JSB binding or project JS; exact binding not resolved,UNRESOLVED,Recovered/native_api_inventory.json member_uses; reconstructed JS is approximate,not yet selected,not run
js_member_candidate,cp.vdot,cp,unknown; resolve against recorded oracle symbol dump,src_jsc/Core/Cocos2d-x/jsb_chipmunk.js:25,unknown,unknown,unknown,unknown,unknown,unknown,candidate observed statically; scene reachability unverified,stock Cocos/JSB binding or project JS; exact binding not resolved,UNRESOLVED,Recovered/native_api_inventory.json member_uses; reconstructed JS is approximate,not yet selected,not run
js_member_candidate,cp.veql,cp,unknown; resolve against recorded oracle symbol dump,src_jsc/Core/Cocos2d-x/jsb_chipmunk.js:27,unknown,unknown,unknown,unknown,unknown,unknown,candidate observed statically; scene reachability unverified,stock Cocos/JSB binding or project JS; exact binding not resolved,UNRESOLVED,Recovered/native_api_inventory.json member_uses; reconstructed JS is approximate,not yet selected,not run
js_member_candidate,cp.vforangle,cp,unknown; resolve against recorded oracle symbol dump,src_jsc/Core/Cocos2d-x/jsb_chipmunk.js:29,unknown,unknown,unknown,unknown,unknown,unknown,candidate observed statically; scene reachability unverified,stock Cocos/JSB binding or project JS; exact binding not resolved,UNRESOLVED,Recovered/native_api_inventory.json member_uses; reconstructed JS is approximate,not yet selected,not run
js_member_candidate,cp.vlength,cp,unknown; resolve against recorded oracle symbol dump,src_jsc/Core/Cocos2d-x/jsb_chipmunk.js:31,unknown,unknown,unknown,unknown,unknown,unknown,candidate observed statically; scene reachability unverified,stock Cocos/JSB binding or project JS; exact binding not resolved,UNRESOLVED,Recovered/native_api_inventory.json member_uses; reconstructed JS is approximate,not yet selected,not run
js_member_candidate,cp.vlengthsq,cp,unknown; resolve against recorded oracle symbol dump,src_jsc/Core/Cocos2d-x/jsb_chipmunk.js:33,unknown,unknown,unknown,unknown,unknown,unknown,candidate observed statically; scene reachability unverified,stock Cocos/JSB binding or project JS; exact binding not resolved,UNRESOLVED,Recovered/native_api_inventory.json member_uses; reconstructed JS is approximate,not yet selected,not run
js_member_candidate,cp.vlerp,cp,unknown; resolve against recorded oracle symbol dump,src_jsc/Core/Cocos2d-x/jsb_chipmunk.js:35,unknown,unknown,unknown,unknown,unknown,unknown,candidate observed statically; scene reachability unverified,stock Cocos/JSB binding or project JS; exact binding not resolved,UNRESOLVED,Recovered/native_api_inventory.json member_uses; reconstructed JS is approximate,not yet selected,not run
js_member_candidate,cp.vlerpconst,cp,unknown; resolve against recorded oracle symbol dump,src_jsc/Core/Cocos2d-x/jsb_chipmunk.js:37,unknown,unknown,unknown,unknown,unknown,unknown,candidate observed statically; scene reachability unverified,stock Cocos/JSB binding or project JS; exact binding not resolved,UNRESOLVED,Recovered/native_api_inventory.json member_uses; reconstructed JS is approximate,not yet selected,not run
js_member_candidate,cp.vmult,cp,unknown; resolve against recorded oracle symbol dump,src_jsc/Core/Cocos2d-x/jsb_chipmunk.js:39,unknown,unknown,unknown,unknown,unknown,unknown,candidate observed statically; scene reachability unverified,stock Cocos/JSB binding or project JS; exact binding not resolved,UNRESOLVED,Recovered/native_api_inventory.json member_uses; reconstructed JS is approximate,not yet selected,not run
js_member_candidate,cp.vnear,cp,unknown; resolve against recorded oracle symbol dump,src_jsc/Core/Cocos2d-x/jsb_chipmunk.js:41,unknown,unknown,unknown,unknown,unknown,unknown,candidate observed statically; scene reachability unverified,stock Cocos/JSB binding or project JS; exact binding not resolved,UNRESOLVED,Recovered/native_api_inventory.json member_uses; reconstructed JS is approximate,not yet selected,not run
js_member_candidate,cp.vneg,cp,unknown; resolve against recorded oracle symbol dump,src_jsc/Core/Cocos2d-x/jsb_chipmunk.js:43,unknown,unknown,unknown,unknown,unknown,unknown,candidate observed statically; scene reachability unverified,stock Cocos/JSB binding or project JS; exact binding not resolved,UNRESOLVED,Recovered/native_api_inventory.json member_uses; reconstructed JS is approximate,not yet selected,not run
js_member_candidate,cp.vnormalize,cp,unknown; resolve against recorded oracle symbol dump,src_jsc/Core/Cocos2d-x/jsb_chipmunk.js:45,unknown,unknown,unknown,unknown,unknown,unknown,candidate observed statically; scene reachability unverified,stock Cocos/JSB binding or project JS; exact binding not resolved,UNRESOLVED,Recovered/native_api_inventory.json member_uses; reconstructed JS is approximate,not yet selected,not run
js_member_candidate,cp.vnormalize_safe,cp,unknown; resolve against recorded oracle symbol dump,src_jsc/Core/Cocos2d-x/jsb_chipmunk.js:47,unknown,unknown,unknown,unknown,unknown,unknown,candidate observed statically; scene reachability unverified,stock Cocos/JSB binding or project JS; exact binding not resolved,UNRESOLVED,Recovered/native_api_inventory.json member_uses; reconstructed JS is approximate,not yet selected,not run
js_member_candidate,cp.vperp,cp,unknown; resolve against recorded oracle symbol dump,src_jsc/Core/Cocos2d-x/jsb_chipmunk.js:49,unknown,unknown,unknown,unknown,unknown,unknown,candidate observed statically; scene reachability unverified,stock Cocos/JSB binding or project JS; exact binding not resolved,UNRESOLVED,Recovered/native_api_inventory.json member_uses; reconstructed JS is approximate,not yet selected,not run
js_member_candidate,cp.vproject,cp,unknown; resolve against recorded oracle symbol dump,src_jsc/Core/Cocos2d-x/jsb_chipmunk.js:51,unknown,unknown,unknown,unknown,unknown,unknown,candidate observed statically; scene reachability unverified,stock Cocos/JSB binding or project JS; exact binding not resolved,UNRESOLVED,Recovered/native_api_inventory.json member_uses; reconstructed JS is approximate,not yet selected,not run
js_member_candidate,cp.vrotate,cp,unknown; resolve against recorded oracle symbol dump,src_jsc/Core/Cocos2d-x/jsb_chipmunk.js:53,unknown,unknown,unknown,unknown,unknown,unknown,candidate observed statically; scene reachability unverified,stock Cocos/JSB binding or project JS; exact binding not resolved,UNRESOLVED,Recovered/native_api_inventory.json member_uses; reconstructed JS is approximate,not yet selected,not run
js_member_candidate,cp.vrperp,cp,unknown; resolve against recorded oracle symbol dump,src_jsc/Core/Cocos2d-x/jsb_chipmunk.js:55,unknown,unknown,unknown,unknown,unknown,unknown,candidate observed statically; scene reachability unverified,stock Cocos/JSB binding or project JS; exact binding not resolved,UNRESOLVED,Recovered/native_api_inventory.json member_uses; reconstructed JS is approximate,not yet selected,not run
js_member_candidate,cp.vslerp,cp,unknown; resolve against recorded oracle symbol dump,src_jsc/Core/Cocos2d-x/jsb_chipmunk.js:57,unknown,unknown,unknown,unknown,unknown,unknown,candidate observed statically; scene reachability unverified,stock Cocos/JSB binding or project JS; exact binding not resolved,UNRESOLVED,Recovered/native_api_inventory.json member_uses; reconstructed JS is approximate,not yet selected,not run
js_member_candidate,cp.vslerpconst,cp,unknown; resolve against recorded oracle symbol dump,src_jsc/Core/Cocos2d-x/jsb_chipmunk.js:59,unknown,unknown,unknown,unknown,unknown,unknown,candidate observed statically; scene reachability unverified,stock Cocos/JSB binding or project JS; exact binding not resolved,UNRESOLVED,Recovered/native_api_inventory.json member_uses; reconstructed JS is approximate,not yet selected,not run
js_member_candidate,cp.vsub,cp,unknown; resolve against recorded oracle symbol dump,src_jsc/Core/Cocos2d-x/jsb_chipmunk.js:61,unknown,unknown,unknown,unknown,unknown,unknown,candidate observed statically; scene reachability unverified,stock Cocos/JSB binding or project JS; exact binding not resolved,UNRESOLVED,Recovered/native_api_inventory.json member_uses; reconstructed JS is approximate,not yet selected,not run
js_member_candidate,cp.vtoangle,cp,unknown; resolve against recorded oracle symbol dump,src_jsc/Core/Cocos2d-x/jsb_chipmunk.js:63,unknown,unknown,unknown,unknown,unknown,unknown,candidate observed statically; scene reachability unverified,stock Cocos/JSB binding or project JS; exact binding not resolved,UNRESOLVED,Recovered/native_api_inventory.json member_uses; reconstructed JS is approximate,not yet selected,not run
js_member_candidate,cp.vunrotate,cp,unknown; resolve against recorded oracle symbol dump,src_jsc/Core/Cocos2d-x/jsb_chipmunk.js:65,unknown,unknown,unknown,unknown,unknown,unknown,candidate observed statically; scene reachability unverified,stock Cocos/JSB binding or project JS; exact binding not resolved,UNRESOLVED,Recovered/native_api_inventory.json member_uses; reconstructed JS is approximate,not yet selected,not run
js_member_candidate,cp.vzero,cp,unknown; resolve against recorded oracle symbol dump,src_jsc/Core/Cocos2d-x/jsb_chipmunk.js:13;src_jsc/Core/Cocos2d-x/jsb_chipmunk.js:74,unknown,unknown,unknown,unknown,unknown,unknown,candidate observed statically; scene reachability unverified,stock Cocos/JSB binding or project JS; exact binding not resolved,UNRESOLVED,Recovered/native_api_inventory.json member_uses; reconstructed JS is approximate,not yet selected,not run
js_member_candidate,jsb.js,jsb,unknown; resolve against recorded oracle symbol dump,src_jsc/Core/Cocos2d-x/jsb.js:3;src_jsc/Core/Cocos2d-x/main.debug.js:9;src_jsc/Core/headers.js:8,unknown,unknown,unknown,unknown,unknown,unknown,candidate observed statically; scene reachability unverified,stock Cocos/JSB binding or project JS; exact binding not resolved,UNRESOLVED,Recovered/native_api_inventory.json member_uses; reconstructed JS is approximate,not yet selected,not run
oracle_custom_wrapper,BFButton_ccTouchBegan,BFButton,unknown; resolve against recorded oracle symbol dump,src_jsc/Libs/Views/Button/common.js:5;src_jsc/Libs/Views/Button/common.js:7,unknown,unknown,unknown,unknown,unknown,unknown,candidate observed statically; scene reachability unverified,ClientProject/Classes/Native/sgscq_custom_jsb.cpp for BFButton; other wrappers absent,UNRESOLVED,oracle libcocos2djs.so dynamic symbol inventory; wrapper address pending,not yet selected,not run
oracle_custom_wrapper,BFButton_ccTouchEnded,BFButton,unknown; resolve against recorded oracle symbol dump,src_jsc/Libs/Views/Button/common.js:5;src_jsc/Libs/Views/Button/common.js:7,unknown,unknown,unknown,unknown,unknown,unknown,candidate observed statically; scene reachability unverified,ClientProject/Classes/Native/sgscq_custom_jsb.cpp for BFButton; other wrappers absent,UNRESOLVED,oracle libcocos2djs.so dynamic symbol inventory; wrapper address pending,not yet selected,not run
oracle_custom_wrapper,BFButton_ccTouchMoved,BFButton,unknown; resolve against recorded oracle symbol dump,src_jsc/Libs/Views/Button/common.js:5;src_jsc/Libs/Views/Button/common.js:7,unknown,unknown,unknown,unknown,unknown,unknown,candidate observed statically; scene reachability unverified,ClientProject/Classes/Native/sgscq_custom_jsb.cpp for BFButton; other wrappers absent,UNRESOLVED,oracle libcocos2djs.so dynamic symbol inventory; wrapper address pending,not yet selected,not run
oracle_custom_wrapper,BFButton_constructor,BFButton,unknown; resolve against recorded oracle symbol dump,src_jsc/Libs/Views/Button/common.js:5;src_jsc/Libs/Views/Button/common.js:7,unknown,unknown,unknown,unknown,unknown,unknown,candidate observed statically; scene reachability unverified,ClientProject/Classes/Native/sgscq_custom_jsb.cpp for BFButton; other wrappers absent,UNRESOLVED,oracle libcocos2djs.so dynamic symbol inventory; wrapper address pending,not yet selected,not run
oracle_custom_wrapper,BFButton_finalize,BFButton,unknown; resolve against recorded oracle symbol dump,src_jsc/Libs/Views/Button/common.js:5;src_jsc/Libs/Views/Button/common.js:7,unknown,unknown,unknown,unknown,unknown,unknown,candidate observed statically; scene reachability unverified,ClientProject/Classes/Native/sgscq_custom_jsb.cpp for BFButton; other wrappers absent,UNRESOLVED,oracle libcocos2djs.so dynamic symbol inventory; wrapper address pending,not yet selected,not run
oracle_custom_wrapper,BFButton_setEventOnDisable,BFButton,unknown; resolve against recorded oracle symbol dump,src_jsc/Libs/Views/Button/common.js:5;src_jsc/Libs/Views/Button/common.js:7,unknown,unknown,unknown,unknown,unknown,unknown,candidate observed statically; scene reachability unverified,ClientProject/Classes/Native/sgscq_custom_jsb.cpp for BFButton; other wrappers absent,UNRESOLVED,oracle libcocos2djs.so dynamic symbol inventory; wrapper address pending,not yet selected,not run
oracle_custom_wrapper,BFButton_setFilterMove,BFButton,unknown; resolve against recorded oracle symbol dump,src_jsc/Libs/Views/Button/common.js:5;src_jsc/Libs/Views/Button/common.js:7,unknown,unknown,unknown,unknown,unknown,unknown,candidate observed statically; scene reachability unverified,ClientProject/Classes/Native/sgscq_custom_jsb.cpp for BFButton; other wrappers absent,UNRESOLVED,oracle libcocos2djs.so dynamic symbol inventory; wrapper address pending,not yet selected,not run
oracle_custom_wrapper,BFButton_setSwallowTouch,BFButton,unknown; resolve against recorded oracle symbol dump,src_jsc/Libs/Views/Button/common.js:5;src_jsc/Libs/Views/Button/common.js:7,unknown,unknown,unknown,unknown,unknown,unknown,candidate observed statically; scene reachability unverified,ClientProject/Classes/Native/sgscq_custom_jsb.cpp for BFButton; other wrappers absent,UNRESOLVED,oracle libcocos2djs.so dynamic symbol inventory; wrapper address pending,not yet selected,not run
oracle_custom_wrapper,BFCardView_constructor,BFCardView,unknown; resolve against recorded oracle symbol dump,src_jsc/Views/CardNavigateView.js:58,unknown,unknown,unknown,unknown,unknown,unknown,candidate observed statically; scene reachability unverified,ClientProject/Classes/Native/sgscq_custom_jsb.cpp for BFButton; other wrappers absent,UNRESOLVED,oracle libcocos2djs.so dynamic symbol inventory; wrapper address pending,not yet selected,not run
oracle_custom_wrapper,BFCardView_finalize,BFCardView,unknown; resolve against recorded oracle symbol dump,src_jsc/Views/CardNavigateView.js:58,unknown,unknown,unknown,unknown,unknown,unknown,candidate observed statically; scene reachability unverified,ClientProject/Classes/Native/sgscq_custom_jsb.cpp for BFButton; other wrappers absent,UNRESOLVED,oracle libcocos2djs.so dynamic symbol inventory; wrapper address pending,not yet selected,not run
oracle_custom_wrapper,BFCardView_getCellsCount,BFCardView,unknown; resolve against recorded oracle symbol dump,src_jsc/Views/CardNavigateView.js:58,unknown,unknown,unknown,unknown,unknown,unknown,candidate observed statically; scene reachability unverified,ClientProject/Classes/Native/sgscq_custom_jsb.cpp for BFButton; other wrappers absent,UNRESOLVED,oracle libcocos2djs.so dynamic symbol inventory; wrapper address pending,not yet selected,not run
oracle_custom_wrapper,BFCardView_getNormalCellWidth,BFCardView,unknown; resolve against recorded oracle symbol dump,src_jsc/Views/CardNavigateView.js:58,unknown,unknown,unknown,unknown,unknown,unknown,candidate observed statically; scene reachability unverified,ClientProject/Classes/Native/sgscq_custom_jsb.cpp for BFButton; other wrappers absent,UNRESOLVED,oracle libcocos2djs.so dynamic symbol inventory; wrapper address pending,not yet selected,not run
oracle_custom_wrapper,BFCardView_minContainerOffset,BFCardView,unknown; resolve against recorded oracle symbol dump,src_jsc/Views/CardNavigateView.js:58,unknown,unknown,unknown,unknown,unknown,unknown,candidate observed statically; scene reachability unverified,ClientProject/Classes/Native/sgscq_custom_jsb.cpp for BFButton; other wrappers absent,UNRESOLVED,oracle libcocos2djs.so dynamic symbol inventory; wrapper address pending,not yet selected,not run
oracle_custom_wrapper,BFCardView_onSliderMoveEnded,BFCardView,unknown; resolve against recorded oracle symbol dump,src_jsc/Views/CardNavigateView.js:58,unknown,unknown,unknown,unknown,unknown,unknown,candidate observed statically; scene reachability unverified,ClientProject/Classes/Native/sgscq_custom_jsb.cpp for BFButton; other wrappers absent,UNRESOLVED,oracle libcocos2djs.so dynamic symbol inventory; wrapper address pending,not yet selected,not run
oracle_custom_wrapper,BFCardView_onSliderValueChange,BFCardView,unknown; resolve against recorded oracle symbol dump,src_jsc/Views/CardNavigateView.js:58,unknown,unknown,unknown,unknown,unknown,unknown,candidate observed statically; scene reachability unverified,ClientProject/Classes/Native/sgscq_custom_jsb.cpp for BFButton; other wrappers absent,UNRESOLVED,oracle libcocos2djs.so dynamic symbol inventory; wrapper address pending,not yet selected,not run
oracle_custom_wrapper,BFCardView_reloadData,BFCardView,unknown; resolve against recorded oracle symbol dump,src_jsc/Views/CardNavigateView.js:58,unknown,unknown,unknown,unknown,unknown,unknown,candidate observed statically; scene reachability unverified,ClientProject/Classes/Native/sgscq_custom_jsb.cpp for BFButton; other wrappers absent,UNRESOLVED,oracle libcocos2djs.so dynamic symbol inventory; wrapper address pending,not yet selected,not run
oracle_custom_wrapper,BFCardView_scrollViewDidScroll,BFCardView,unknown; resolve against recorded oracle symbol dump,src_jsc/Views/CardNavigateView.js:58,unknown,unknown,unknown,unknown,unknown,unknown,candidate observed statically; scene reachability unverified,ClientProject/Classes/Native/sgscq_custom_jsb.cpp for BFButton; other wrappers absent,UNRESOLVED,oracle libcocos2djs.so dynamic symbol inventory; wrapper address pending,not yet selected,not run
oracle_custom_wrapper,BFCardView_setCardViewSelIdx,BFCardView,unknown; resolve against recorded oracle symbol dump,src_jsc/Views/CardNavigateView.js:58,unknown,unknown,unknown,unknown,unknown,unknown,candidate observed statically; scene reachability unverified,ClientProject/Classes/Native/sgscq_custom_jsb.cpp for BFButton; other wrappers absent,UNRESOLVED,oracle libcocos2djs.so dynamic symbol inventory; wrapper address pending,not yet selected,not run
oracle_custom_wrapper,BFCardView_setCellScaleValue,BFCardView,unknown; resolve against recorded oracle symbol dump,src_jsc/Views/CardNavigateView.js:58,unknown,unknown,unknown,unknown,unknown,unknown,candidate observed statically; scene reachability unverified,ClientProject/Classes/Native/sgscq_custom_jsb.cpp for BFButton; other wrappers absent,UNRESOLVED,oracle libcocos2djs.so dynamic symbol inventory; wrapper address pending,not yet selected,not run
oracle_custom_wrapper,BFCardView_setNormalCellWidth,BFCardView,unknown; resolve against recorded oracle symbol dump,src_jsc/Views/CardNavigateView.js:58,unknown,unknown,unknown,unknown,unknown,unknown,candidate observed statically; scene reachability unverified,ClientProject/Classes/Native/sgscq_custom_jsb.cpp for BFButton; other wrappers absent,UNRESOLVED,oracle libcocos2djs.so dynamic symbol inventory; wrapper address pending,not yet selected,not run
oracle_custom_wrapper,BFCardView_setObserver,BFCardView,unknown; resolve against recorded oracle symbol dump,src_jsc/Views/CardNavigateView.js:58,unknown,unknown,unknown,unknown,unknown,unknown,candidate observed statically; scene reachability unverified,ClientProject/Classes/Native/sgscq_custom_jsb.cpp for BFButton; other wrappers absent,UNRESOLVED,oracle libcocos2djs.so dynamic symbol inventory; wrapper address pending,not yet selected,not run
oracle_custom_wrapper,BFCardView_setScrollSlider,BFCardView,unknown; resolve against recorded oracle symbol dump,src_jsc/Views/CardNavigateView.js:58,unknown,unknown,unknown,unknown,unknown,unknown,candidate observed statically; scene reachability unverified,ClientProject/Classes/Native/sgscq_custom_jsb.cpp for BFButton; other wrappers absent,UNRESOLVED,oracle libcocos2djs.so dynamic symbol inventory; wrapper address pending,not yet selected,not run
oracle_custom_wrapper,BFControlSlider_constructor,BFControlSlider,unknown; resolve against recorded oracle symbol dump,src_jsc/Views/CardNavigateView.js:48,unknown,unknown,unknown,unknown,unknown,unknown,candidate observed statically; scene reachability unverified,ClientProject/Classes/Native/sgscq_custom_jsb.cpp for BFButton; other wrappers absent,UNRESOLVED,oracle libcocos2djs.so dynamic symbol inventory; wrapper address pending,not yet selected,not run
oracle_custom_wrapper,BFControlSlider_create,BFControlSlider,unknown; resolve against recorded oracle symbol dump,src_jsc/Views/CardNavigateView.js:48,unknown,unknown,unknown,unknown,unknown,unknown,candidate observed statically; scene reachability unverified,ClientProject/Classes/Native/sgscq_custom_jsb.cpp for BFButton; other wrappers absent,UNRESOLVED,oracle libcocos2djs.so dynamic symbol inventory; wrapper address pending,not yet selected,not run
oracle_custom_wrapper,BFControlSlider_finalize,BFControlSlider,unknown; resolve against recorded oracle symbol dump,src_jsc/Views/CardNavigateView.js:48,unknown,unknown,unknown,unknown,unknown,unknown,candidate observed statically; scene reachability unverified,ClientProject/Classes/Native/sgscq_custom_jsb.cpp for BFButton; other wrappers absent,UNRESOLVED,oracle libcocos2djs.so dynamic symbol inventory; wrapper address pending,not yet selected,not run
oracle_custom_wrapper,BFControlSlider_setObserver,BFControlSlider,unknown; resolve against recorded oracle symbol dump,src_jsc/Views/CardNavigateView.js:48,unknown,unknown,unknown,unknown,unknown,unknown,candidate observed statically; scene reachability unverified,ClientProject/Classes/Native/sgscq_custom_jsb.cpp for BFButton; other wrappers absent,UNRESOLVED,oracle libcocos2djs.so dynamic symbol inventory; wrapper address pending,not yet selected,not run
oracle_custom_wrapper,BFControlSlider_setValue,BFControlSlider,unknown; resolve against recorded oracle symbol dump,src_jsc/Views/CardNavigateView.js:48,unknown,unknown,unknown,unknown,unknown,unknown,candidate observed statically; scene reachability unverified,ClientProject/Classes/Native/sgscq_custom_jsb.cpp for BFButton; other wrappers absent,UNRESOLVED,oracle libcocos2djs.so dynamic symbol inventory; wrapper address pending,not yet selected,not run
oracle_custom_wrapper,BFControlSlider_setValueNoNotify,BFControlSlider,unknown; resolve against recorded oracle symbol dump,src_jsc/Views/CardNavigateView.js:48,unknown,unknown,unknown,unknown,unknown,unknown,candidate observed statically; scene reachability unverified,ClientProject/Classes/Native/sgscq_custom_jsb.cpp for BFButton; other wrappers absent,UNRESOLVED,oracle libcocos2djs.so dynamic symbol inventory; wrapper address pending,not yet selected,not run
oracle_custom_wrapper,BFSortTableWidget_ccTouchBegan,BFSortTableWidget,unknown; resolve against recorded oracle symbol dump,src_jsc/Views/SortController.js:45,unknown,unknown,unknown,unknown,unknown,unknown,candidate observed statically; scene reachability unverified,ClientProject/Classes/Native/sgscq_custom_jsb.cpp for BFButton; other wrappers absent,UNRESOLVED,oracle libcocos2djs.so dynamic symbol inventory; wrapper address pending,not yet selected,not run
oracle_custom_wrapper,BFSortTableWidget_constructor,BFSortTableWidget,unknown; resolve against recorded oracle symbol dump,src_jsc/Views/SortController.js:45,unknown,unknown,unknown,unknown,unknown,unknown,candidate observed statically; scene reachability unverified,ClientProject/Classes/Native/sgscq_custom_jsb.cpp for BFButton; other wrappers absent,UNRESOLVED,oracle libcocos2djs.so dynamic symbol inventory; wrapper address pending,not yet selected,not run
oracle_custom_wrapper,BFSortTableWidget_create,BFSortTableWidget,unknown; resolve against recorded oracle symbol dump,src_jsc/Views/SortController.js:45,unknown,unknown,unknown,unknown,unknown,unknown,candidate observed statically; scene reachability unverified,ClientProject/Classes/Native/sgscq_custom_jsb.cpp for BFButton; other wrappers absent,UNRESOLVED,oracle libcocos2djs.so dynamic symbol inventory; wrapper address pending,not yet selected,not run
oracle_custom_wrapper,BFSortTableWidget_finalize,BFSortTableWidget,unknown; resolve against recorded oracle symbol dump,src_jsc/Views/SortController.js:45,unknown,unknown,unknown,unknown,unknown,unknown,candidate observed statically; scene reachability unverified,ClientProject/Classes/Native/sgscq_custom_jsb.cpp for BFButton; other wrappers absent,UNRESOLVED,oracle libcocos2djs.so dynamic symbol inventory; wrapper address pending,not yet selected,not run
oracle_custom_wrapper,BFSortTableWidget_getSelectIdx,BFSortTableWidget,unknown; resolve against recorded oracle symbol dump,src_jsc/Views/SortController.js:45,unknown,unknown,unknown,unknown,unknown,unknown,candidate observed statically; scene reachability unverified,ClientProject/Classes/Native/sgscq_custom_jsb.cpp for BFButton; other wrappers absent,UNRESOLVED,oracle libcocos2djs.so dynamic symbol inventory; wrapper address pending,not yet selected,not run
oracle_custom_wrapper,BFSortTableWidget_init,BFSortTableWidget,unknown; resolve against recorded oracle symbol dump,src_jsc/Views/SortController.js:45,unknown,unknown,unknown,unknown,unknown,unknown,candidate observed statically; scene reachability unverified,ClientProject/Classes/Native/sgscq_custom_jsb.cpp for BFButton; other wrappers absent,UNRESOLVED,oracle libcocos2djs.so dynamic symbol inventory; wrapper address pending,not yet selected,not run
oracle_custom_wrapper,BFSortTableWidget_setData,BFSortTableWidget,unknown; resolve against recorded oracle symbol dump,src_jsc/Views/SortController.js:45,unknown,unknown,unknown,unknown,unknown,unknown,candidate observed statically; scene reachability unverified,ClientProject/Classes/Native/sgscq_custom_jsb.cpp for BFButton; other wrappers absent,UNRESOLVED,oracle libcocos2djs.so dynamic symbol inventory; wrapper address pending,not yet selected,not run
oracle_custom_wrapper,BFSortTableWidget_setSelectIdx,BFSortTableWidget,unknown; resolve against recorded oracle symbol dump,src_jsc/Views/SortController.js:45,unknown,unknown,unknown,unknown,unknown,unknown,candidate observed statically; scene reachability unverified,ClientProject/Classes/Native/sgscq_custom_jsb.cpp for BFButton; other wrappers absent,UNRESOLVED,oracle libcocos2djs.so dynamic symbol inventory; wrapper address pending,not yet selected,not run
oracle_custom_wrapper,BFSortTableWidget_setTouchPriority,BFSortTableWidget,unknown; resolve against recorded oracle symbol dump,src_jsc/Views/SortController.js:45,unknown,unknown,unknown,unknown,unknown,unknown,candidate observed statically; scene reachability unverified,ClientProject/Classes/Native/sgscq_custom_jsb.cpp for BFButton; other wrappers absent,UNRESOLVED,oracle libcocos2djs.so dynamic symbol inventory; wrapper address pending,not yet selected,not run
oracle_custom_wrapper,BFWebView_constructor,BFWebView,unknown; resolve against recorded oracle symbol dump,src_jsc/Views/Dialog/PublicNotice.js:32,unknown,unknown,unknown,unknown,unknown,unknown,candidate observed statically; scene reachability unverified,ClientProject/Classes/Native/sgscq_custom_jsb.cpp for BFButton; other wrappers absent,UNRESOLVED,oracle libcocos2djs.so dynamic symbol inventory; wrapper address pending,not yet selected,not run
oracle_custom_wrapper,BFWebView_finalize,BFWebView,unknown; resolve against recorded oracle symbol dump,src_jsc/Views/Dialog/PublicNotice.js:32,unknown,unknown,unknown,unknown,unknown,unknown,candidate observed statically; scene reachability unverified,ClientProject/Classes/Native/sgscq_custom_jsb.cpp for BFButton; other wrappers absent,UNRESOLVED,oracle libcocos2djs.so dynamic symbol inventory; wrapper address pending,not yet selected,not run
oracle_custom_wrapper,BFWebView_init,BFWebView,unknown; resolve against recorded oracle symbol dump,src_jsc/Views/Dialog/PublicNotice.js:32,unknown,unknown,unknown,unknown,unknown,unknown,candidate observed statically; scene reachability unverified,ClientProject/Classes/Native/sgscq_custom_jsb.cpp for BFButton; other wrappers absent,UNRESOLVED,oracle libcocos2djs.so dynamic symbol inventory; wrapper address pending,not yet selected,not run
oracle_custom_wrapper,BFWebView_loadUrl,BFWebView,unknown; resolve against recorded oracle symbol dump,src_jsc/Views/Dialog/PublicNotice.js:32,unknown,unknown,unknown,unknown,unknown,unknown,candidate observed statically; scene reachability unverified,ClientProject/Classes/Native/sgscq_custom_jsb.cpp for BFButton; other wrappers absent,UNRESOLVED,oracle libcocos2djs.so dynamic symbol inventory; wrapper address pending,not yet selected,not run
oracle_custom_wrapper,BFWebView_setContentSize,BFWebView,unknown; resolve against recorded oracle symbol dump,src_jsc/Views/Dialog/PublicNotice.js:32,unknown,unknown,unknown,unknown,unknown,unknown,candidate observed statically; scene reachability unverified,ClientProject/Classes/Native/sgscq_custom_jsb.cpp for BFButton; other wrappers absent,UNRESOLVED,oracle libcocos2djs.so dynamic symbol inventory; wrapper address pending,not yet selected,not run
oracle_custom_wrapper,BFWebView_setIsNeedUpdatePos,BFWebView,unknown; resolve against recorded oracle symbol dump,src_jsc/Views/Dialog/PublicNotice.js:32,unknown,unknown,unknown,unknown,unknown,unknown,candidate observed statically; scene reachability unverified,ClientProject/Classes/Native/sgscq_custom_jsb.cpp for BFButton; other wrappers absent,UNRESOLVED,oracle libcocos2djs.so dynamic symbol inventory; wrapper address pending,not yet selected,not run
oracle_custom_wrapper,BFWebView_setPosition,BFWebView,unknown; resolve against recorded oracle symbol dump,src_jsc/Views/Dialog/PublicNotice.js:32,unknown,unknown,unknown,unknown,unknown,unknown,candidate observed statically; scene reachability unverified,ClientProject/Classes/Native/sgscq_custom_jsb.cpp for BFButton; other wrappers absent,UNRESOLVED,oracle libcocos2djs.so dynamic symbol inventory; wrapper address pending,not yet selected,not run
oracle_custom_wrapper,BFWebView_setTouchEnable,BFWebView,unknown; resolve against recorded oracle symbol dump,src_jsc/Views/Dialog/PublicNotice.js:32,unknown,unknown,unknown,unknown,unknown,unknown,candidate observed statically; scene reachability unverified,ClientProject/Classes/Native/sgscq_custom_jsb.cpp for BFButton; other wrappers absent,UNRESOLVED,oracle libcocos2djs.so dynamic symbol inventory; wrapper address pending,not yet selected,not run
oracle_custom_wrapper,BFWebView_setVisible,BFWebView,unknown; resolve against recorded oracle symbol dump,src_jsc/Views/Dialog/PublicNotice.js:32,unknown,unknown,unknown,unknown,unknown,unknown,candidate observed statically; scene reachability unverified,ClientProject/Classes/Native/sgscq_custom_jsb.cpp for BFButton; other wrappers absent,UNRESOLVED,oracle libcocos2djs.so dynamic symbol inventory; wrapper address pending,not yet selected,not run
oracle_custom_wrapper,JsbConnecter_finalize,JsbConnecter,unknown; resolve against recorded oracle symbol dump,src_jsc/AnySdk/AnySdkCallback.js:27;src_jsc/AnySdk/AnySdkCallback.js:41;src_jsc/AnySdk/AnySdkCallback.js:85;src_jsc/AnySdk/AnySdkCallback.js:146;src_jsc/AnySdk/AnySdkCallback.js:152;src_jsc/AnySdk/AnySdkHelp_js.js:13;src_jsc/Core/Tools/Jsb.js:8;src_jsc/Core/Tools/Jsb.js:12;src_jsc/Core/Tools/Jsb.js:16;src_jsc/Core/Tools/Jsb.js:20;src_jsc/Core/Tools/Jsb.js:24;src_jsc/Core/Tools/Jsb.js:28;src_jsc/Core/Tools/Jsb.js:32;src_jsc/Core/Tools/Jsb.js:36;src_jsc/Core/Tools/Jsb.js:40;src_jsc/Core/Tools/Jsb.js:44;src_jsc/Core/Tools/Jsb.js:48;src_jsc/Core/Tools/Jsb.js:52;src_jsc/Core/Tools/Jsb.js:57;src_jsc/Core/Tools/Jsb.js:64;src_jsc/Core/Tools/Jsb.js:68;src_jsc/Core/Tools/Jsb.js:72;src_jsc/Core/Tools/Jsb.js:76;src_jsc/Core/Tools/Jsb.js:81;src_jsc/Core/Tools/Jsb.js:87;src_jsc/Core/Tools/Jsb.js:93;src_jsc/Core/Tools/Statistic.js:17;src_jsc/Core/Utils/headers.js:197;src_jsc/Core/Utils/headers.js:257;src_jsc/Core/Utils/headers.js:263;src_jsc/Debug/Logger.js:21;src_jsc/Debug/Logger.js:88;src_jsc/Debug/Logger.js:110;src_jsc/Factorys/Sprite.js:140;src_jsc/Factorys/Sprite.js:177;src_jsc/Models/HD.js:19;src_jsc/Profile/Account.js:50;src_jsc/Profile/Account.js:57;src_jsc/Profile/GameData/common.js:322;src_jsc/Scene/Debug/DebugScene.js:99;src_jsc/Scene/Login/LoginScene_AnySdk.js:648;src_jsc/Scene/Login/LoginScene_BfSdk.js:520;src_jsc/Scene/Login/LoginScene_BfSdk.js:987;src_jsc/Scene/Login/LoginScene_ThirdGuestSdk.js:118;src_jsc/Scene/Login/LoginScene_ThirdGuestSdk.js:120;src_jsc/Scene/Login/LoginScene_ThirdGuestSdk.js:181;src_jsc/Scene/Login/LoginScene_ThirdGuestSdk.js:213;src_jsc/Scene/Login/LoginScene_ThirdGuestSdk.js:294;src_jsc/Scene/Login/LoginScene_ThirdGuestSdk.js:313;src_jsc/Scene/Login/LoginScene_ThirdGuestSdk.js:318;src_jsc/Scene/Login/LoginScene_ThirdSdk.js:135;src_jsc/Scene/Login/LoginScene_ThirdSdk.js:208;src_jsc/Scene/Login/LoginScene_ThirdSdk.js:240;src_jsc/Scene/Login/LoginScene_ThirdSdk.js:306;src_jsc/Scene/Login/LoginScene_ThirdSdk.js:311;src_jsc/Scene/Login/LoginScene_ThirdSdk.js:333;src_jsc/Scene/Login/LoginScene_ThirdSdk.js:336;src_jsc/Scene/Login/headers.js:26;src_jsc/Scene/Login/headers.js:29;src_jsc/Scene/Login/headers.js:39;src_jsc/Scene/Login/headers.js:97;src_jsc/Scene/Main/MainMenuScene.js:650;src_jsc/Scene/Setting/SettingScene.js:244;src_jsc/Scene/Setting/SettingScene.js:435;src_jsc/Scene/Setting/SettingScene.js:486;src_jsc/Scene/Setting/SettingScene.js:494;src_jsc/Tools/Jsb.js:17;src_jsc/Tools/Jsb.js:22;src_jsc/Tools/Jsb.js:37;src_jsc/Tools/Jsb.js:45;src_jsc/Tools/Jsb.js:53;src_jsc/Tools/Jsb.js:61;src_jsc/Tools/Jsb.js:69;src_jsc/Tools/Jsb.js:80;src_jsc/Tools/Jsb.js:84;src_jsc/Tools/Jsb.js:88;src_jsc/Tools/Jsb.js:92;src_jsc/Tools/Jsb.js:96;src_jsc/Tools/Jsb.js:100;src_jsc/Tools/Jsb.js:105;src_jsc/Tools/Jsb.js:112;src_jsc/Tools/Jsb.js:117;src_jsc/Tools/Jsb.js:122;src_jsc/Tools/Jsb.js:127;src_jsc/Tools/Jsb.js:133;src_jsc/Tools/Jsb.js:139;src_jsc/Tools/Jsb.js:144;src_jsc/Tools/Jsb.js:152;src_jsc/Tools/Jsb.js:156;src_jsc/Tools/Jsb.js:160;src_jsc/Tools/Jsb.js:164;src_jsc/Tools/Jsb.js:171;src_jsc/Tools/Jsb.js:185;src_jsc/Tools/Jsb.js:194;src_jsc/Tools/Net.js:1507;src_jsc/Tools/Net.js:1509;src_jsc/Tools/Net.js:1511;src_jsc/Tools/Net.js:1513;src_jsc/Tools/Net.js:1515;src_jsc/Tools/Net.js:1544;src_jsc/Tools/Net.js:1601;src_jsc/Tools/Net.js:1603;src_jsc/Tools/Net.js:1605;src_jsc/Tools/Net.js:1607;src_jsc/Tools/Net.js:1634;src_jsc/Tools/Net.js:1695;src_jsc/Tools/Statistic.js:67;src_jsc/Tools/Statistic.js:80;src_jsc/Tools/Statistic.js:162;src_jsc/Tools/Sys.js:26;src_jsc/Tools/Sys.js:32;src_jsc/Tools/Sys.js:143;src_jsc/Tools/TalkingDataAppCpa.js:12;src_jsc/Tools/TalkingDataAppCpa.js:20;src_jsc/Tools/TalkingDataAppCpa.js:31;src_jsc/Tools/TalkingDataAppCpa.js:35;src_jsc/Tools/UI.js:530;src_jsc/Tools/UI.js:555;src_jsc/Tools/UI.js:601;src_jsc/Tools/UI.js:626;src_jsc/Utils/FileSys.js:22;src_jsc/Utils/FileSys.js:28;src_jsc/Utils/Statistic.js:112;src_jsc/Utils/Statistic.js:117;src_jsc/Utils/Statistic.js:122;src_jsc/Utils/Statistic.js:127;src_jsc/Utils/Statistic.js:132;src_jsc/Utils/Statistic.js:137;src_jsc/Utils/Statistic.js:142;src_jsc/Utils/Statistic.js:147;src_jsc/Views/Dialog/BindingDialog.js:250;src_jsc/Views/Dialog/BindingDialog.js:295;src_jsc/Views/Dialog/BindingTelDialog.js:114;src_jsc/Views/Dialog/BindingTelDialog.js:129;src_jsc/Views/Dialog/CheckOrderDialog.js:100;src_jsc/Views/Dialog/CheckOrderDialog.js:108;src_jsc/Views/Dialog/CheckOrderDialog.js:116;src_jsc/Views/Dialog/FGLoginDialog.js:56;src_jsc/Views/Dialog/FGLoginDialog.js:59;src_jsc/Views/Dialog/FGLoginDialog.js:66;src_jsc/Views/Dialog/FGLoginDialog.js:68;src_jsc/Views/Dialog/FGLoginDialog.js:71;src_jsc/Views/Dialog/FGLoginDialog.js:75;src_jsc/Views/Dialog/FGLoginDialog.js:85;src_jsc/Views/Dialog/FGLoginDialog.js:88;src_jsc/Views/Dialog/FGLoginDialog.js:95;src_jsc/Views/Dialog/FGLoginDialog.js:97;src_jsc/Views/Dialog/FGLoginDialog.js:100;src_jsc/Views/Dialog/FGLoginDialog.js:104;src_jsc/Views/Dialog/SpecificDialog.js:872;src_jsc/Views/HDShowViews.js:60;src_jsc/Views/HDShowViews.js:77;src_jsc/Views/HDShowViews.js:100;src_jsc/Views/HDShowViews.js:126;src_jsc/Views/Table/ChargeItemTableView.js:47;src_jsc/Views/Table/ChargeItemTableView.js:156;src_jsc/Views/Table/ChargeItemTableView.js:170;src_jsc/Views/Table/ChargeItemTableView.js:280;src_jsc/Views/Table/ChargeItemTableView.js:288;src_jsc/Views/Table/ChargeItemTableView.js:299;src_jsc/Views/Table/ChargeItemTableView.js:318;src_jsc/cpp2jsb.js:233;src_jsc/cpp2jsb.js:252;src_jsc/main.js:13;src_jsc/main.js:15;src_jsc/main.js:17;src_jsc/main.js:19;src_jsc/main.js:21;src_jsc/main.js:34;src_jsc/main.js:271,unknown,unknown,unknown,unknown,unknown,unknown,candidate observed statically; scene reachability unverified,ClientProject/Classes/Native/sgscq_custom_jsb.cpp for BFButton; other wrappers absent,UNRESOLVED,oracle libcocos2djs.so dynamic symbol inventory; wrapper address pending,not yet selected,not run
oracle_custom_wrapper,JsbConnecter_getClassTypeInfo,JsbConnecter,unknown; resolve against recorded oracle symbol dump,src_jsc/AnySdk/AnySdkCallback.js:27;src_jsc/AnySdk/AnySdkCallback.js:41;src_jsc/AnySdk/AnySdkCallback.js:85;src_jsc/AnySdk/AnySdkCallback.js:146;src_jsc/AnySdk/AnySdkCallback.js:152;src_jsc/AnySdk/AnySdkHelp_js.js:13;src_jsc/Core/Tools/Jsb.js:8;src_jsc/Core/Tools/Jsb.js:12;src_jsc/Core/Tools/Jsb.js:16;src_jsc/Core/Tools/Jsb.js:20;src_jsc/Core/Tools/Jsb.js:24;src_jsc/Core/Tools/Jsb.js:28;src_jsc/Core/Tools/Jsb.js:32;src_jsc/Core/Tools/Jsb.js:36;src_jsc/Core/Tools/Jsb.js:40;src_jsc/Core/Tools/Jsb.js:44;src_jsc/Core/Tools/Jsb.js:48;src_jsc/Core/Tools/Jsb.js:52;src_jsc/Core/Tools/Jsb.js:57;src_jsc/Core/Tools/Jsb.js:64;src_jsc/Core/Tools/Jsb.js:68;src_jsc/Core/Tools/Jsb.js:72;src_jsc/Core/Tools/Jsb.js:76;src_jsc/Core/Tools/Jsb.js:81;src_jsc/Core/Tools/Jsb.js:87;src_jsc/Core/Tools/Jsb.js:93;src_jsc/Core/Tools/Statistic.js:17;src_jsc/Core/Utils/headers.js:197;src_jsc/Core/Utils/headers.js:257;src_jsc/Core/Utils/headers.js:263;src_jsc/Debug/Logger.js:21;src_jsc/Debug/Logger.js:88;src_jsc/Debug/Logger.js:110;src_jsc/Factorys/Sprite.js:140;src_jsc/Factorys/Sprite.js:177;src_jsc/Models/HD.js:19;src_jsc/Profile/Account.js:50;src_jsc/Profile/Account.js:57;src_jsc/Profile/GameData/common.js:322;src_jsc/Scene/Debug/DebugScene.js:99;src_jsc/Scene/Login/LoginScene_AnySdk.js:648;src_jsc/Scene/Login/LoginScene_BfSdk.js:520;src_jsc/Scene/Login/LoginScene_BfSdk.js:987;src_jsc/Scene/Login/LoginScene_ThirdGuestSdk.js:118;src_jsc/Scene/Login/LoginScene_ThirdGuestSdk.js:120;src_jsc/Scene/Login/LoginScene_ThirdGuestSdk.js:181;src_jsc/Scene/Login/LoginScene_ThirdGuestSdk.js:213;src_jsc/Scene/Login/LoginScene_ThirdGuestSdk.js:294;src_jsc/Scene/Login/LoginScene_ThirdGuestSdk.js:313;src_jsc/Scene/Login/LoginScene_ThirdGuestSdk.js:318;src_jsc/Scene/Login/LoginScene_ThirdSdk.js:135;src_jsc/Scene/Login/LoginScene_ThirdSdk.js:208;src_jsc/Scene/Login/LoginScene_ThirdSdk.js:240;src_jsc/Scene/Login/LoginScene_ThirdSdk.js:306;src_jsc/Scene/Login/LoginScene_ThirdSdk.js:311;src_jsc/Scene/Login/LoginScene_ThirdSdk.js:333;src_jsc/Scene/Login/LoginScene_ThirdSdk.js:336;src_jsc/Scene/Login/headers.js:26;src_jsc/Scene/Login/headers.js:29;src_jsc/Scene/Login/headers.js:39;src_jsc/Scene/Login/headers.js:97;src_jsc/Scene/Main/MainMenuScene.js:650;src_jsc/Scene/Setting/SettingScene.js:244;src_jsc/Scene/Setting/SettingScene.js:435;src_jsc/Scene/Setting/SettingScene.js:486;src_jsc/Scene/Setting/SettingScene.js:494;src_jsc/Tools/Jsb.js:17;src_jsc/Tools/Jsb.js:22;src_jsc/Tools/Jsb.js:37;src_jsc/Tools/Jsb.js:45;src_jsc/Tools/Jsb.js:53;src_jsc/Tools/Jsb.js:61;src_jsc/Tools/Jsb.js:69;src_jsc/Tools/Jsb.js:80;src_jsc/Tools/Jsb.js:84;src_jsc/Tools/Jsb.js:88;src_jsc/Tools/Jsb.js:92;src_jsc/Tools/Jsb.js:96;src_jsc/Tools/Jsb.js:100;src_jsc/Tools/Jsb.js:105;src_jsc/Tools/Jsb.js:112;src_jsc/Tools/Jsb.js:117;src_jsc/Tools/Jsb.js:122;src_jsc/Tools/Jsb.js:127;src_jsc/Tools/Jsb.js:133;src_jsc/Tools/Jsb.js:139;src_jsc/Tools/Jsb.js:144;src_jsc/Tools/Jsb.js:152;src_jsc/Tools/Jsb.js:156;src_jsc/Tools/Jsb.js:160;src_jsc/Tools/Jsb.js:164;src_jsc/Tools/Jsb.js:171;src_jsc/Tools/Jsb.js:185;src_jsc/Tools/Jsb.js:194;src_jsc/Tools/Net.js:1507;src_jsc/Tools/Net.js:1509;src_jsc/Tools/Net.js:1511;src_jsc/Tools/Net.js:1513;src_jsc/Tools/Net.js:1515;src_jsc/Tools/Net.js:1544;src_jsc/Tools/Net.js:1601;src_jsc/Tools/Net.js:1603;src_jsc/Tools/Net.js:1605;src_jsc/Tools/Net.js:1607;src_jsc/Tools/Net.js:1634;src_jsc/Tools/Net.js:1695;src_jsc/Tools/Statistic.js:67;src_jsc/Tools/Statistic.js:80;src_jsc/Tools/Statistic.js:162;src_jsc/Tools/Sys.js:26;src_jsc/Tools/Sys.js:32;src_jsc/Tools/Sys.js:143;src_jsc/Tools/TalkingDataAppCpa.js:12;src_jsc/Tools/TalkingDataAppCpa.js:20;src_jsc/Tools/TalkingDataAppCpa.js:31;src_jsc/Tools/TalkingDataAppCpa.js:35;src_jsc/Tools/UI.js:530;src_jsc/Tools/UI.js:555;src_jsc/Tools/UI.js:601;src_jsc/Tools/UI.js:626;src_jsc/Utils/FileSys.js:22;src_jsc/Utils/FileSys.js:28;src_jsc/Utils/Statistic.js:112;src_jsc/Utils/Statistic.js:117;src_jsc/Utils/Statistic.js:122;src_jsc/Utils/Statistic.js:127;src_jsc/Utils/Statistic.js:132;src_jsc/Utils/Statistic.js:137;src_jsc/Utils/Statistic.js:142;src_jsc/Utils/Statistic.js:147;src_jsc/Views/Dialog/BindingDialog.js:250;src_jsc/Views/Dialog/BindingDialog.js:295;src_jsc/Views/Dialog/BindingTelDialog.js:114;src_jsc/Views/Dialog/BindingTelDialog.js:129;src_jsc/Views/Dialog/CheckOrderDialog.js:100;src_jsc/Views/Dialog/CheckOrderDialog.js:108;src_jsc/Views/Dialog/CheckOrderDialog.js:116;src_jsc/Views/Dialog/FGLoginDialog.js:56;src_jsc/Views/Dialog/FGLoginDialog.js:59;src_jsc/Views/Dialog/FGLoginDialog.js:66;src_jsc/Views/Dialog/FGLoginDialog.js:68;src_jsc/Views/Dialog/FGLoginDialog.js:71;src_jsc/Views/Dialog/FGLoginDialog.js:75;src_jsc/Views/Dialog/FGLoginDialog.js:85;src_jsc/Views/Dialog/FGLoginDialog.js:88;src_jsc/Views/Dialog/FGLoginDialog.js:95;src_jsc/Views/Dialog/FGLoginDialog.js:97;src_jsc/Views/Dialog/FGLoginDialog.js:100;src_jsc/Views/Dialog/FGLoginDialog.js:104;src_jsc/Views/Dialog/SpecificDialog.js:872;src_jsc/Views/HDShowViews.js:60;src_jsc/Views/HDShowViews.js:77;src_jsc/Views/HDShowViews.js:100;src_jsc/Views/HDShowViews.js:126;src_jsc/Views/Table/ChargeItemTableView.js:47;src_jsc/Views/Table/ChargeItemTableView.js:156;src_jsc/Views/Table/ChargeItemTableView.js:170;src_jsc/Views/Table/ChargeItemTableView.js:280;src_jsc/Views/Table/ChargeItemTableView.js:288;src_jsc/Views/Table/ChargeItemTableView.js:299;src_jsc/Views/Table/ChargeItemTableView.js:318;src_jsc/cpp2jsb.js:233;src_jsc/cpp2jsb.js:252;src_jsc/main.js:13;src_jsc/main.js:15;src_jsc/main.js:17;src_jsc/main.js:19;src_jsc/main.js:21;src_jsc/main.js:34;src_jsc/main.js:271,unknown,unknown,unknown,unknown,unknown,unknown,candidate observed statically; scene reachability unverified,ClientProject/Classes/Native/sgscq_custom_jsb.cpp for BFButton; other wrappers absent,UNRESOLVED,oracle libcocos2djs.so dynamic symbol inventory; wrapper address pending,not yet selected,not run
oracle_custom_wrapper,JsbConnecter_getInstance,JsbConnecter,unknown; resolve against recorded oracle symbol dump,src_jsc/AnySdk/AnySdkCallback.js:27;src_jsc/AnySdk/AnySdkCallback.js:41;src_jsc/AnySdk/AnySdkCallback.js:85;src_jsc/AnySdk/AnySdkCallback.js:146;src_jsc/AnySdk/AnySdkCallback.js:152;src_jsc/AnySdk/AnySdkHelp_js.js:13;src_jsc/Core/Tools/Jsb.js:8;src_jsc/Core/Tools/Jsb.js:12;src_jsc/Core/Tools/Jsb.js:16;src_jsc/Core/Tools/Jsb.js:20;src_jsc/Core/Tools/Jsb.js:24;src_jsc/Core/Tools/Jsb.js:28;src_jsc/Core/Tools/Jsb.js:32;src_jsc/Core/Tools/Jsb.js:36;src_jsc/Core/Tools/Jsb.js:40;src_jsc/Core/Tools/Jsb.js:44;src_jsc/Core/Tools/Jsb.js:48;src_jsc/Core/Tools/Jsb.js:52;src_jsc/Core/Tools/Jsb.js:57;src_jsc/Core/Tools/Jsb.js:64;src_jsc/Core/Tools/Jsb.js:68;src_jsc/Core/Tools/Jsb.js:72;src_jsc/Core/Tools/Jsb.js:76;src_jsc/Core/Tools/Jsb.js:81;src_jsc/Core/Tools/Jsb.js:87;src_jsc/Core/Tools/Jsb.js:93;src_jsc/Core/Tools/Statistic.js:17;src_jsc/Core/Utils/headers.js:197;src_jsc/Core/Utils/headers.js:257;src_jsc/Core/Utils/headers.js:263;src_jsc/Debug/Logger.js:21;src_jsc/Debug/Logger.js:88;src_jsc/Debug/Logger.js:110;src_jsc/Factorys/Sprite.js:140;src_jsc/Factorys/Sprite.js:177;src_jsc/Models/HD.js:19;src_jsc/Profile/Account.js:50;src_jsc/Profile/Account.js:57;src_jsc/Profile/GameData/common.js:322;src_jsc/Scene/Debug/DebugScene.js:99;src_jsc/Scene/Login/LoginScene_AnySdk.js:648;src_jsc/Scene/Login/LoginScene_BfSdk.js:520;src_jsc/Scene/Login/LoginScene_BfSdk.js:987;src_jsc/Scene/Login/LoginScene_ThirdGuestSdk.js:118;src_jsc/Scene/Login/LoginScene_ThirdGuestSdk.js:120;src_jsc/Scene/Login/LoginScene_ThirdGuestSdk.js:181;src_jsc/Scene/Login/LoginScene_ThirdGuestSdk.js:213;src_jsc/Scene/Login/LoginScene_ThirdGuestSdk.js:294;src_jsc/Scene/Login/LoginScene_ThirdGuestSdk.js:313;src_jsc/Scene/Login/LoginScene_ThirdGuestSdk.js:318;src_jsc/Scene/Login/LoginScene_ThirdSdk.js:135;src_jsc/Scene/Login/LoginScene_ThirdSdk.js:208;src_jsc/Scene/Login/LoginScene_ThirdSdk.js:240;src_jsc/Scene/Login/LoginScene_ThirdSdk.js:306;src_jsc/Scene/Login/LoginScene_ThirdSdk.js:311;src_jsc/Scene/Login/LoginScene_ThirdSdk.js:333;src_jsc/Scene/Login/LoginScene_ThirdSdk.js:336;src_jsc/Scene/Login/headers.js:26;src_jsc/Scene/Login/headers.js:29;src_jsc/Scene/Login/headers.js:39;src_jsc/Scene/Login/headers.js:97;src_jsc/Scene/Main/MainMenuScene.js:650;src_jsc/Scene/Setting/SettingScene.js:244;src_jsc/Scene/Setting/SettingScene.js:435;src_jsc/Scene/Setting/SettingScene.js:486;src_jsc/Scene/Setting/SettingScene.js:494;src_jsc/Tools/Jsb.js:17;src_jsc/Tools/Jsb.js:22;src_jsc/Tools/Jsb.js:37;src_jsc/Tools/Jsb.js:45;src_jsc/Tools/Jsb.js:53;src_jsc/Tools/Jsb.js:61;src_jsc/Tools/Jsb.js:69;src_jsc/Tools/Jsb.js:80;src_jsc/Tools/Jsb.js:84;src_jsc/Tools/Jsb.js:88;src_jsc/Tools/Jsb.js:92;src_jsc/Tools/Jsb.js:96;src_jsc/Tools/Jsb.js:100;src_jsc/Tools/Jsb.js:105;src_jsc/Tools/Jsb.js:112;src_jsc/Tools/Jsb.js:117;src_jsc/Tools/Jsb.js:122;src_jsc/Tools/Jsb.js:127;src_jsc/Tools/Jsb.js:133;src_jsc/Tools/Jsb.js:139;src_jsc/Tools/Jsb.js:144;src_jsc/Tools/Jsb.js:152;src_jsc/Tools/Jsb.js:156;src_jsc/Tools/Jsb.js:160;src_jsc/Tools/Jsb.js:164;src_jsc/Tools/Jsb.js:171;src_jsc/Tools/Jsb.js:185;src_jsc/Tools/Jsb.js:194;src_jsc/Tools/Net.js:1507;src_jsc/Tools/Net.js:1509;src_jsc/Tools/Net.js:1511;src_jsc/Tools/Net.js:1513;src_jsc/Tools/Net.js:1515;src_jsc/Tools/Net.js:1544;src_jsc/Tools/Net.js:1601;src_jsc/Tools/Net.js:1603;src_jsc/Tools/Net.js:1605;src_jsc/Tools/Net.js:1607;src_jsc/Tools/Net.js:1634;src_jsc/Tools/Net.js:1695;src_jsc/Tools/Statistic.js:67;src_jsc/Tools/Statistic.js:80;src_jsc/Tools/Statistic.js:162;src_jsc/Tools/Sys.js:26;src_jsc/Tools/Sys.js:32;src_jsc/Tools/Sys.js:143;src_jsc/Tools/TalkingDataAppCpa.js:12;src_jsc/Tools/TalkingDataAppCpa.js:20;src_jsc/Tools/TalkingDataAppCpa.js:31;src_jsc/Tools/TalkingDataAppCpa.js:35;src_jsc/Tools/UI.js:530;src_jsc/Tools/UI.js:555;src_jsc/Tools/UI.js:601;src_jsc/Tools/UI.js:626;src_jsc/Utils/FileSys.js:22;src_jsc/Utils/FileSys.js:28;src_jsc/Utils/Statistic.js:112;src_jsc/Utils/Statistic.js:117;src_jsc/Utils/Statistic.js:122;src_jsc/Utils/Statistic.js:127;src_jsc/Utils/Statistic.js:132;src_jsc/Utils/Statistic.js:137;src_jsc/Utils/Statistic.js:142;src_jsc/Utils/Statistic.js:147;src_jsc/Views/Dialog/BindingDialog.js:250;src_jsc/Views/Dialog/BindingDialog.js:295;src_jsc/Views/Dialog/BindingTelDialog.js:114;src_jsc/Views/Dialog/BindingTelDialog.js:129;src_jsc/Views/Dialog/CheckOrderDialog.js:100;src_jsc/Views/Dialog/CheckOrderDialog.js:108;src_jsc/Views/Dialog/CheckOrderDialog.js:116;src_jsc/Views/Dialog/FGLoginDialog.js:56;src_jsc/Views/Dialog/FGLoginDialog.js:59;src_jsc/Views/Dialog/FGLoginDialog.js:66;src_jsc/Views/Dialog/FGLoginDialog.js:68;src_jsc/Views/Dialog/FGLoginDialog.js:71;src_jsc/Views/Dialog/FGLoginDialog.js:75;src_jsc/Views/Dialog/FGLoginDialog.js:85;src_jsc/Views/Dialog/FGLoginDialog.js:88;src_jsc/Views/Dialog/FGLoginDialog.js:95;src_jsc/Views/Dialog/FGLoginDialog.js:97;src_jsc/Views/Dialog/FGLoginDialog.js:100;src_jsc/Views/Dialog/FGLoginDialog.js:104;src_jsc/Views/Dialog/SpecificDialog.js:872;src_jsc/Views/HDShowViews.js:60;src_jsc/Views/HDShowViews.js:77;src_jsc/Views/HDShowViews.js:100;src_jsc/Views/HDShowViews.js:126;src_jsc/Views/Table/ChargeItemTableView.js:47;src_jsc/Views/Table/ChargeItemTableView.js:156;src_jsc/Views/Table/ChargeItemTableView.js:170;src_jsc/Views/Table/ChargeItemTableView.js:280;src_jsc/Views/Table/ChargeItemTableView.js:288;src_jsc/Views/Table/ChargeItemTableView.js:299;src_jsc/Views/Table/ChargeItemTableView.js:318;src_jsc/cpp2jsb.js:233;src_jsc/cpp2jsb.js:252;src_jsc/main.js:13;src_jsc/main.js:15;src_jsc/main.js:17;src_jsc/main.js:19;src_jsc/main.js:21;src_jsc/main.js:34;src_jsc/main.js:271,unknown,unknown,unknown,unknown,unknown,unknown,candidate observed statically; scene reachability unverified,ClientProject/Classes/Native/sgscq_custom_jsb.cpp for BFButton; other wrappers absent,UNRESOLVED,oracle libcocos2djs.so dynamic symbol inventory; wrapper address pending,not yet selected,not run
oracle_custom_wrapper,JsbConnecter_getName,JsbConnecter,unknown; resolve against recorded oracle symbol dump,src_jsc/AnySdk/AnySdkCallback.js:27;src_jsc/AnySdk/AnySdkCallback.js:41;src_jsc/AnySdk/AnySdkCallback.js:85;src_jsc/AnySdk/AnySdkCallback.js:146;src_jsc/AnySdk/AnySdkCallback.js:152;src_jsc/AnySdk/AnySdkHelp_js.js:13;src_jsc/Core/Tools/Jsb.js:8;src_jsc/Core/Tools/Jsb.js:12;src_jsc/Core/Tools/Jsb.js:16;src_jsc/Core/Tools/Jsb.js:20;src_jsc/Core/Tools/Jsb.js:24;src_jsc/Core/Tools/Jsb.js:28;src_jsc/Core/Tools/Jsb.js:32;src_jsc/Core/Tools/Jsb.js:36;src_jsc/Core/Tools/Jsb.js:40;src_jsc/Core/Tools/Jsb.js:44;src_jsc/Core/Tools/Jsb.js:48;src_jsc/Core/Tools/Jsb.js:52;src_jsc/Core/Tools/Jsb.js:57;src_jsc/Core/Tools/Jsb.js:64;src_jsc/Core/Tools/Jsb.js:68;src_jsc/Core/Tools/Jsb.js:72;src_jsc/Core/Tools/Jsb.js:76;src_jsc/Core/Tools/Jsb.js:81;src_jsc/Core/Tools/Jsb.js:87;src_jsc/Core/Tools/Jsb.js:93;src_jsc/Core/Tools/Statistic.js:17;src_jsc/Core/Utils/headers.js:197;src_jsc/Core/Utils/headers.js:257;src_jsc/Core/Utils/headers.js:263;src_jsc/Debug/Logger.js:21;src_jsc/Debug/Logger.js:88;src_jsc/Debug/Logger.js:110;src_jsc/Factorys/Sprite.js:140;src_jsc/Factorys/Sprite.js:177;src_jsc/Models/HD.js:19;src_jsc/Profile/Account.js:50;src_jsc/Profile/Account.js:57;src_jsc/Profile/GameData/common.js:322;src_jsc/Scene/Debug/DebugScene.js:99;src_jsc/Scene/Login/LoginScene_AnySdk.js:648;src_jsc/Scene/Login/LoginScene_BfSdk.js:520;src_jsc/Scene/Login/LoginScene_BfSdk.js:987;src_jsc/Scene/Login/LoginScene_ThirdGuestSdk.js:118;src_jsc/Scene/Login/LoginScene_ThirdGuestSdk.js:120;src_jsc/Scene/Login/LoginScene_ThirdGuestSdk.js:181;src_jsc/Scene/Login/LoginScene_ThirdGuestSdk.js:213;src_jsc/Scene/Login/LoginScene_ThirdGuestSdk.js:294;src_jsc/Scene/Login/LoginScene_ThirdGuestSdk.js:313;src_jsc/Scene/Login/LoginScene_ThirdGuestSdk.js:318;src_jsc/Scene/Login/LoginScene_ThirdSdk.js:135;src_jsc/Scene/Login/LoginScene_ThirdSdk.js:208;src_jsc/Scene/Login/LoginScene_ThirdSdk.js:240;src_jsc/Scene/Login/LoginScene_ThirdSdk.js:306;src_jsc/Scene/Login/LoginScene_ThirdSdk.js:311;src_jsc/Scene/Login/LoginScene_ThirdSdk.js:333;src_jsc/Scene/Login/LoginScene_ThirdSdk.js:336;src_jsc/Scene/Login/headers.js:26;src_jsc/Scene/Login/headers.js:29;src_jsc/Scene/Login/headers.js:39;src_jsc/Scene/Login/headers.js:97;src_jsc/Scene/Main/MainMenuScene.js:650;src_jsc/Scene/Setting/SettingScene.js:244;src_jsc/Scene/Setting/SettingScene.js:435;src_jsc/Scene/Setting/SettingScene.js:486;src_jsc/Scene/Setting/SettingScene.js:494;src_jsc/Tools/Jsb.js:17;src_jsc/Tools/Jsb.js:22;src_jsc/Tools/Jsb.js:37;src_jsc/Tools/Jsb.js:45;src_jsc/Tools/Jsb.js:53;src_jsc/Tools/Jsb.js:61;src_jsc/Tools/Jsb.js:69;src_jsc/Tools/Jsb.js:80;src_jsc/Tools/Jsb.js:84;src_jsc/Tools/Jsb.js:88;src_jsc/Tools/Jsb.js:92;src_jsc/Tools/Jsb.js:96;src_jsc/Tools/Jsb.js:100;src_jsc/Tools/Jsb.js:105;src_jsc/Tools/Jsb.js:112;src_jsc/Tools/Jsb.js:117;src_jsc/Tools/Jsb.js:122;src_jsc/Tools/Jsb.js:127;src_jsc/Tools/Jsb.js:133;src_jsc/Tools/Jsb.js:139;src_jsc/Tools/Jsb.js:144;src_jsc/Tools/Jsb.js:152;src_jsc/Tools/Jsb.js:156;src_jsc/Tools/Jsb.js:160;src_jsc/Tools/Jsb.js:164;src_jsc/Tools/Jsb.js:171;src_jsc/Tools/Jsb.js:185;src_jsc/Tools/Jsb.js:194;src_jsc/Tools/Net.js:1507;src_jsc/Tools/Net.js:1509;src_jsc/Tools/Net.js:1511;src_jsc/Tools/Net.js:1513;src_jsc/Tools/Net.js:1515;src_jsc/Tools/Net.js:1544;src_jsc/Tools/Net.js:1601;src_jsc/Tools/Net.js:1603;src_jsc/Tools/Net.js:1605;src_jsc/Tools/Net.js:1607;src_jsc/Tools/Net.js:1634;src_jsc/Tools/Net.js:1695;src_jsc/Tools/Statistic.js:67;src_jsc/Tools/Statistic.js:80;src_jsc/Tools/Statistic.js:162;src_jsc/Tools/Sys.js:26;src_jsc/Tools/Sys.js:32;src_jsc/Tools/Sys.js:143;src_jsc/Tools/TalkingDataAppCpa.js:12;src_jsc/Tools/TalkingDataAppCpa.js:20;src_jsc/Tools/TalkingDataAppCpa.js:31;src_jsc/Tools/TalkingDataAppCpa.js:35;src_jsc/Tools/UI.js:530;src_jsc/Tools/UI.js:555;src_jsc/Tools/UI.js:601;src_jsc/Tools/UI.js:626;src_jsc/Utils/FileSys.js:22;src_jsc/Utils/FileSys.js:28;src_jsc/Utils/Statistic.js:112;src_jsc/Utils/Statistic.js:117;src_jsc/Utils/Statistic.js:122;src_jsc/Utils/Statistic.js:127;src_jsc/Utils/Statistic.js:132;src_jsc/Utils/Statistic.js:137;src_jsc/Utils/Statistic.js:142;src_jsc/Utils/Statistic.js:147;src_jsc/Views/Dialog/BindingDialog.js:250;src_jsc/Views/Dialog/BindingDialog.js:295;src_jsc/Views/Dialog/BindingTelDialog.js:114;src_jsc/Views/Dialog/BindingTelDialog.js:129;src_jsc/Views/Dialog/CheckOrderDialog.js:100;src_jsc/Views/Dialog/CheckOrderDialog.js:108;src_jsc/Views/Dialog/CheckOrderDialog.js:116;src_jsc/Views/Dialog/FGLoginDialog.js:56;src_jsc/Views/Dialog/FGLoginDialog.js:59;src_jsc/Views/Dialog/FGLoginDialog.js:66;src_jsc/Views/Dialog/FGLoginDialog.js:68;src_jsc/Views/Dialog/FGLoginDialog.js:71;src_jsc/Views/Dialog/FGLoginDialog.js:75;src_jsc/Views/Dialog/FGLoginDialog.js:85;src_jsc/Views/Dialog/FGLoginDialog.js:88;src_jsc/Views/Dialog/FGLoginDialog.js:95;src_jsc/Views/Dialog/FGLoginDialog.js:97;src_jsc/Views/Dialog/FGLoginDialog.js:100;src_jsc/Views/Dialog/FGLoginDialog.js:104;src_jsc/Views/Dialog/SpecificDialog.js:872;src_jsc/Views/HDShowViews.js:60;src_jsc/Views/HDShowViews.js:77;src_jsc/Views/HDShowViews.js:100;src_jsc/Views/HDShowViews.js:126;src_jsc/Views/Table/ChargeItemTableView.js:47;src_jsc/Views/Table/ChargeItemTableView.js:156;src_jsc/Views/Table/ChargeItemTableView.js:170;src_jsc/Views/Table/ChargeItemTableView.js:280;src_jsc/Views/Table/ChargeItemTableView.js:288;src_jsc/Views/Table/ChargeItemTableView.js:299;src_jsc/Views/Table/ChargeItemTableView.js:318;src_jsc/cpp2jsb.js:233;src_jsc/cpp2jsb.js:252;src_jsc/main.js:13;src_jsc/main.js:15;src_jsc/main.js:17;src_jsc/main.js:19;src_jsc/main.js:21;src_jsc/main.js:34;src_jsc/main.js:271,unknown,unknown,unknown,unknown,unknown,unknown,candidate observed statically; scene reachability unverified,ClientProject/Classes/Native/sgscq_custom_jsb.cpp for BFButton; other wrappers absent,UNRESOLVED,oracle libcocos2djs.so dynamic symbol inventory; wrapper address pending,not yet selected,not run
oracle_custom_wrapper,JsbConnecter_init,JsbConnecter,unknown; resolve against recorded oracle symbol dump,src_jsc/AnySdk/AnySdkCallback.js:27;src_jsc/AnySdk/AnySdkCallback.js:41;src_jsc/AnySdk/AnySdkCallback.js:85;src_jsc/AnySdk/AnySdkCallback.js:146;src_jsc/AnySdk/AnySdkCallback.js:152;src_jsc/AnySdk/AnySdkHelp_js.js:13;src_jsc/Core/Tools/Jsb.js:8;src_jsc/Core/Tools/Jsb.js:12;src_jsc/Core/Tools/Jsb.js:16;src_jsc/Core/Tools/Jsb.js:20;src_jsc/Core/Tools/Jsb.js:24;src_jsc/Core/Tools/Jsb.js:28;src_jsc/Core/Tools/Jsb.js:32;src_jsc/Core/Tools/Jsb.js:36;src_jsc/Core/Tools/Jsb.js:40;src_jsc/Core/Tools/Jsb.js:44;src_jsc/Core/Tools/Jsb.js:48;src_jsc/Core/Tools/Jsb.js:52;src_jsc/Core/Tools/Jsb.js:57;src_jsc/Core/Tools/Jsb.js:64;src_jsc/Core/Tools/Jsb.js:68;src_jsc/Core/Tools/Jsb.js:72;src_jsc/Core/Tools/Jsb.js:76;src_jsc/Core/Tools/Jsb.js:81;src_jsc/Core/Tools/Jsb.js:87;src_jsc/Core/Tools/Jsb.js:93;src_jsc/Core/Tools/Statistic.js:17;src_jsc/Core/Utils/headers.js:197;src_jsc/Core/Utils/headers.js:257;src_jsc/Core/Utils/headers.js:263;src_jsc/Debug/Logger.js:21;src_jsc/Debug/Logger.js:88;src_jsc/Debug/Logger.js:110;src_jsc/Factorys/Sprite.js:140;src_jsc/Factorys/Sprite.js:177;src_jsc/Models/HD.js:19;src_jsc/Profile/Account.js:50;src_jsc/Profile/Account.js:57;src_jsc/Profile/GameData/common.js:322;src_jsc/Scene/Debug/DebugScene.js:99;src_jsc/Scene/Login/LoginScene_AnySdk.js:648;src_jsc/Scene/Login/LoginScene_BfSdk.js:520;src_jsc/Scene/Login/LoginScene_BfSdk.js:987;src_jsc/Scene/Login/LoginScene_ThirdGuestSdk.js:118;src_jsc/Scene/Login/LoginScene_ThirdGuestSdk.js:120;src_jsc/Scene/Login/LoginScene_ThirdGuestSdk.js:181;src_jsc/Scene/Login/LoginScene_ThirdGuestSdk.js:213;src_jsc/Scene/Login/LoginScene_ThirdGuestSdk.js:294;src_jsc/Scene/Login/LoginScene_ThirdGuestSdk.js:313;src_jsc/Scene/Login/LoginScene_ThirdGuestSdk.js:318;src_jsc/Scene/Login/LoginScene_ThirdSdk.js:135;src_jsc/Scene/Login/LoginScene_ThirdSdk.js:208;src_jsc/Scene/Login/LoginScene_ThirdSdk.js:240;src_jsc/Scene/Login/LoginScene_ThirdSdk.js:306;src_jsc/Scene/Login/LoginScene_ThirdSdk.js:311;src_jsc/Scene/Login/LoginScene_ThirdSdk.js:333;src_jsc/Scene/Login/LoginScene_ThirdSdk.js:336;src_jsc/Scene/Login/headers.js:26;src_jsc/Scene/Login/headers.js:29;src_jsc/Scene/Login/headers.js:39;src_jsc/Scene/Login/headers.js:97;src_jsc/Scene/Main/MainMenuScene.js:650;src_jsc/Scene/Setting/SettingScene.js:244;src_jsc/Scene/Setting/SettingScene.js:435;src_jsc/Scene/Setting/SettingScene.js:486;src_jsc/Scene/Setting/SettingScene.js:494;src_jsc/Tools/Jsb.js:17;src_jsc/Tools/Jsb.js:22;src_jsc/Tools/Jsb.js:37;src_jsc/Tools/Jsb.js:45;src_jsc/Tools/Jsb.js:53;src_jsc/Tools/Jsb.js:61;src_jsc/Tools/Jsb.js:69;src_jsc/Tools/Jsb.js:80;src_jsc/Tools/Jsb.js:84;src_jsc/Tools/Jsb.js:88;src_jsc/Tools/Jsb.js:92;src_jsc/Tools/Jsb.js:96;src_jsc/Tools/Jsb.js:100;src_jsc/Tools/Jsb.js:105;src_jsc/Tools/Jsb.js:112;src_jsc/Tools/Jsb.js:117;src_jsc/Tools/Jsb.js:122;src_jsc/Tools/Jsb.js:127;src_jsc/Tools/Jsb.js:133;src_jsc/Tools/Jsb.js:139;src_jsc/Tools/Jsb.js:144;src_jsc/Tools/Jsb.js:152;src_jsc/Tools/Jsb.js:156;src_jsc/Tools/Jsb.js:160;src_jsc/Tools/Jsb.js:164;src_jsc/Tools/Jsb.js:171;src_jsc/Tools/Jsb.js:185;src_jsc/Tools/Jsb.js:194;src_jsc/Tools/Net.js:1507;src_jsc/Tools/Net.js:1509;src_jsc/Tools/Net.js:1511;src_jsc/Tools/Net.js:1513;src_jsc/Tools/Net.js:1515;src_jsc/Tools/Net.js:1544;src_jsc/Tools/Net.js:1601;src_jsc/Tools/Net.js:1603;src_jsc/Tools/Net.js:1605;src_jsc/Tools/Net.js:1607;src_jsc/Tools/Net.js:1634;src_jsc/Tools/Net.js:1695;src_jsc/Tools/Statistic.js:67;src_jsc/Tools/Statistic.js:80;src_jsc/Tools/Statistic.js:162;src_jsc/Tools/Sys.js:26;src_jsc/Tools/Sys.js:32;src_jsc/Tools/Sys.js:143;src_jsc/Tools/TalkingDataAppCpa.js:12;src_jsc/Tools/TalkingDataAppCpa.js:20;src_jsc/Tools/TalkingDataAppCpa.js:31;src_jsc/Tools/TalkingDataAppCpa.js:35;src_jsc/Tools/UI.js:530;src_jsc/Tools/UI.js:555;src_jsc/Tools/UI.js:601;src_jsc/Tools/UI.js:626;src_jsc/Utils/FileSys.js:22;src_jsc/Utils/FileSys.js:28;src_jsc/Utils/Statistic.js:112;src_jsc/Utils/Statistic.js:117;src_jsc/Utils/Statistic.js:122;src_jsc/Utils/Statistic.js:127;src_jsc/Utils/Statistic.js:132;src_jsc/Utils/Statistic.js:137;src_jsc/Utils/Statistic.js:142;src_jsc/Utils/Statistic.js:147;src_jsc/Views/Dialog/BindingDialog.js:250;src_jsc/Views/Dialog/BindingDialog.js:295;src_jsc/Views/Dialog/BindingTelDialog.js:114;src_jsc/Views/Dialog/BindingTelDialog.js:129;src_jsc/Views/Dialog/CheckOrderDialog.js:100;src_jsc/Views/Dialog/CheckOrderDialog.js:108;src_jsc/Views/Dialog/CheckOrderDialog.js:116;src_jsc/Views/Dialog/FGLoginDialog.js:56;src_jsc/Views/Dialog/FGLoginDialog.js:59;src_jsc/Views/Dialog/FGLoginDialog.js:66;src_jsc/Views/Dialog/FGLoginDialog.js:68;src_jsc/Views/Dialog/FGLoginDialog.js:71;src_jsc/Views/Dialog/FGLoginDialog.js:75;src_jsc/Views/Dialog/FGLoginDialog.js:85;src_jsc/Views/Dialog/FGLoginDialog.js:88;src_jsc/Views/Dialog/FGLoginDialog.js:95;src_jsc/Views/Dialog/FGLoginDialog.js:97;src_jsc/Views/Dialog/FGLoginDialog.js:100;src_jsc/Views/Dialog/FGLoginDialog.js:104;src_jsc/Views/Dialog/SpecificDialog.js:872;src_jsc/Views/HDShowViews.js:60;src_jsc/Views/HDShowViews.js:77;src_jsc/Views/HDShowViews.js:100;src_jsc/Views/HDShowViews.js:126;src_jsc/Views/Table/ChargeItemTableView.js:47;src_jsc/Views/Table/ChargeItemTableView.js:156;src_jsc/Views/Table/ChargeItemTableView.js:170;src_jsc/Views/Table/ChargeItemTableView.js:280;src_jsc/Views/Table/ChargeItemTableView.js:288;src_jsc/Views/Table/ChargeItemTableView.js:299;src_jsc/Views/Table/ChargeItemTableView.js:318;src_jsc/cpp2jsb.js:233;src_jsc/cpp2jsb.js:252;src_jsc/main.js:13;src_jsc/main.js:15;src_jsc/main.js:17;src_jsc/main.js:19;src_jsc/main.js:21;src_jsc/main.js:34;src_jsc/main.js:271,unknown,unknown,unknown,unknown,unknown,unknown,candidate observed statically; scene reachability unverified,ClientProject/Classes/Native/sgscq_custom_jsb.cpp for BFButton; other wrappers absent,UNRESOLVED,oracle libcocos2djs.so dynamic symbol inventory; wrapper address pending,not yet selected,not run
oracle_custom_wrapper,JsbConnecter_invoke,JsbConnecter,unknown; resolve against recorded oracle symbol dump,src_jsc/AnySdk/AnySdkCallback.js:27;src_jsc/AnySdk/AnySdkCallback.js:41;src_jsc/AnySdk/AnySdkCallback.js:85;src_jsc/AnySdk/AnySdkCallback.js:146;src_jsc/AnySdk/AnySdkCallback.js:152;src_jsc/AnySdk/AnySdkHelp_js.js:13;src_jsc/Core/Tools/Jsb.js:8;src_jsc/Core/Tools/Jsb.js:12;src_jsc/Core/Tools/Jsb.js:16;src_jsc/Core/Tools/Jsb.js:20;src_jsc/Core/Tools/Jsb.js:24;src_jsc/Core/Tools/Jsb.js:28;src_jsc/Core/Tools/Jsb.js:32;src_jsc/Core/Tools/Jsb.js:36;src_jsc/Core/Tools/Jsb.js:40;src_jsc/Core/Tools/Jsb.js:44;src_jsc/Core/Tools/Jsb.js:48;src_jsc/Core/Tools/Jsb.js:52;src_jsc/Core/Tools/Jsb.js:57;src_jsc/Core/Tools/Jsb.js:64;src_jsc/Core/Tools/Jsb.js:68;src_jsc/Core/Tools/Jsb.js:72;src_jsc/Core/Tools/Jsb.js:76;src_jsc/Core/Tools/Jsb.js:81;src_jsc/Core/Tools/Jsb.js:87;src_jsc/Core/Tools/Jsb.js:93;src_jsc/Core/Tools/Statistic.js:17;src_jsc/Core/Utils/headers.js:197;src_jsc/Core/Utils/headers.js:257;src_jsc/Core/Utils/headers.js:263;src_jsc/Debug/Logger.js:21;src_jsc/Debug/Logger.js:88;src_jsc/Debug/Logger.js:110;src_jsc/Factorys/Sprite.js:140;src_jsc/Factorys/Sprite.js:177;src_jsc/Models/HD.js:19;src_jsc/Profile/Account.js:50;src_jsc/Profile/Account.js:57;src_jsc/Profile/GameData/common.js:322;src_jsc/Scene/Debug/DebugScene.js:99;src_jsc/Scene/Login/LoginScene_AnySdk.js:648;src_jsc/Scene/Login/LoginScene_BfSdk.js:520;src_jsc/Scene/Login/LoginScene_BfSdk.js:987;src_jsc/Scene/Login/LoginScene_ThirdGuestSdk.js:118;src_jsc/Scene/Login/LoginScene_ThirdGuestSdk.js:120;src_jsc/Scene/Login/LoginScene_ThirdGuestSdk.js:181;src_jsc/Scene/Login/LoginScene_ThirdGuestSdk.js:213;src_jsc/Scene/Login/LoginScene_ThirdGuestSdk.js:294;src_jsc/Scene/Login/LoginScene_ThirdGuestSdk.js:313;src_jsc/Scene/Login/LoginScene_ThirdGuestSdk.js:318;src_jsc/Scene/Login/LoginScene_ThirdSdk.js:135;src_jsc/Scene/Login/LoginScene_ThirdSdk.js:208;src_jsc/Scene/Login/LoginScene_ThirdSdk.js:240;src_jsc/Scene/Login/LoginScene_ThirdSdk.js:306;src_jsc/Scene/Login/LoginScene_ThirdSdk.js:311;src_jsc/Scene/Login/LoginScene_ThirdSdk.js:333;src_jsc/Scene/Login/LoginScene_ThirdSdk.js:336;src_jsc/Scene/Login/headers.js:26;src_jsc/Scene/Login/headers.js:29;src_jsc/Scene/Login/headers.js:39;src_jsc/Scene/Login/headers.js:97;src_jsc/Scene/Main/MainMenuScene.js:650;src_jsc/Scene/Setting/SettingScene.js:244;src_jsc/Scene/Setting/SettingScene.js:435;src_jsc/Scene/Setting/SettingScene.js:486;src_jsc/Scene/Setting/SettingScene.js:494;src_jsc/Tools/Jsb.js:17;src_jsc/Tools/Jsb.js:22;src_jsc/Tools/Jsb.js:37;src_jsc/Tools/Jsb.js:45;src_jsc/Tools/Jsb.js:53;src_jsc/Tools/Jsb.js:61;src_jsc/Tools/Jsb.js:69;src_jsc/Tools/Jsb.js:80;src_jsc/Tools/Jsb.js:84;src_jsc/Tools/Jsb.js:88;src_jsc/Tools/Jsb.js:92;src_jsc/Tools/Jsb.js:96;src_jsc/Tools/Jsb.js:100;src_jsc/Tools/Jsb.js:105;src_jsc/Tools/Jsb.js:112;src_jsc/Tools/Jsb.js:117;src_jsc/Tools/Jsb.js:122;src_jsc/Tools/Jsb.js:127;src_jsc/Tools/Jsb.js:133;src_jsc/Tools/Jsb.js:139;src_jsc/Tools/Jsb.js:144;src_jsc/Tools/Jsb.js:152;src_jsc/Tools/Jsb.js:156;src_jsc/Tools/Jsb.js:160;src_jsc/Tools/Jsb.js:164;src_jsc/Tools/Jsb.js:171;src_jsc/Tools/Jsb.js:185;src_jsc/Tools/Jsb.js:194;src_jsc/Tools/Net.js:1507;src_jsc/Tools/Net.js:1509;src_jsc/Tools/Net.js:1511;src_jsc/Tools/Net.js:1513;src_jsc/Tools/Net.js:1515;src_jsc/Tools/Net.js:1544;src_jsc/Tools/Net.js:1601;src_jsc/Tools/Net.js:1603;src_jsc/Tools/Net.js:1605;src_jsc/Tools/Net.js:1607;src_jsc/Tools/Net.js:1634;src_jsc/Tools/Net.js:1695;src_jsc/Tools/Statistic.js:67;src_jsc/Tools/Statistic.js:80;src_jsc/Tools/Statistic.js:162;src_jsc/Tools/Sys.js:26;src_jsc/Tools/Sys.js:32;src_jsc/Tools/Sys.js:143;src_jsc/Tools/TalkingDataAppCpa.js:12;src_jsc/Tools/TalkingDataAppCpa.js:20;src_jsc/Tools/TalkingDataAppCpa.js:31;src_jsc/Tools/TalkingDataAppCpa.js:35;src_jsc/Tools/UI.js:530;src_jsc/Tools/UI.js:555;src_jsc/Tools/UI.js:601;src_jsc/Tools/UI.js:626;src_jsc/Utils/FileSys.js:22;src_jsc/Utils/FileSys.js:28;src_jsc/Utils/Statistic.js:112;src_jsc/Utils/Statistic.js:117;src_jsc/Utils/Statistic.js:122;src_jsc/Utils/Statistic.js:127;src_jsc/Utils/Statistic.js:132;src_jsc/Utils/Statistic.js:137;src_jsc/Utils/Statistic.js:142;src_jsc/Utils/Statistic.js:147;src_jsc/Views/Dialog/BindingDialog.js:250;src_jsc/Views/Dialog/BindingDialog.js:295;src_jsc/Views/Dialog/BindingTelDialog.js:114;src_jsc/Views/Dialog/BindingTelDialog.js:129;src_jsc/Views/Dialog/CheckOrderDialog.js:100;src_jsc/Views/Dialog/CheckOrderDialog.js:108;src_jsc/Views/Dialog/CheckOrderDialog.js:116;src_jsc/Views/Dialog/FGLoginDialog.js:56;src_jsc/Views/Dialog/FGLoginDialog.js:59;src_jsc/Views/Dialog/FGLoginDialog.js:66;src_jsc/Views/Dialog/FGLoginDialog.js:68;src_jsc/Views/Dialog/FGLoginDialog.js:71;src_jsc/Views/Dialog/FGLoginDialog.js:75;src_jsc/Views/Dialog/FGLoginDialog.js:85;src_jsc/Views/Dialog/FGLoginDialog.js:88;src_jsc/Views/Dialog/FGLoginDialog.js:95;src_jsc/Views/Dialog/FGLoginDialog.js:97;src_jsc/Views/Dialog/FGLoginDialog.js:100;src_jsc/Views/Dialog/FGLoginDialog.js:104;src_jsc/Views/Dialog/SpecificDialog.js:872;src_jsc/Views/HDShowViews.js:60;src_jsc/Views/HDShowViews.js:77;src_jsc/Views/HDShowViews.js:100;src_jsc/Views/HDShowViews.js:126;src_jsc/Views/Table/ChargeItemTableView.js:47;src_jsc/Views/Table/ChargeItemTableView.js:156;src_jsc/Views/Table/ChargeItemTableView.js:170;src_jsc/Views/Table/ChargeItemTableView.js:280;src_jsc/Views/Table/ChargeItemTableView.js:288;src_jsc/Views/Table/ChargeItemTableView.js:299;src_jsc/Views/Table/ChargeItemTableView.js:318;src_jsc/cpp2jsb.js:233;src_jsc/cpp2jsb.js:252;src_jsc/main.js:13;src_jsc/main.js:15;src_jsc/main.js:17;src_jsc/main.js:19;src_jsc/main.js:21;src_jsc/main.js:34;src_jsc/main.js:271,unknown,unknown,unknown,unknown,unknown,unknown,candidate observed statically; scene reachability unverified,ClientProject/Classes/Native/sgscq_custom_jsb.cpp for BFButton; other wrappers absent,UNRESOLVED,oracle libcocos2djs.so dynamic symbol inventory; wrapper address pending,not yet selected,not run
oracle_custom_wrapper,JsbConnecter_setIdleTimerDisabled,JsbConnecter,unknown; resolve against recorded oracle symbol dump,src_jsc/AnySdk/AnySdkCallback.js:27;src_jsc/AnySdk/AnySdkCallback.js:41;src_jsc/AnySdk/AnySdkCallback.js:85;src_jsc/AnySdk/AnySdkCallback.js:146;src_jsc/AnySdk/AnySdkCallback.js:152;src_jsc/AnySdk/AnySdkHelp_js.js:13;src_jsc/Core/Tools/Jsb.js:8;src_jsc/Core/Tools/Jsb.js:12;src_jsc/Core/Tools/Jsb.js:16;src_jsc/Core/Tools/Jsb.js:20;src_jsc/Core/Tools/Jsb.js:24;src_jsc/Core/Tools/Jsb.js:28;src_jsc/Core/Tools/Jsb.js:32;src_jsc/Core/Tools/Jsb.js:36;src_jsc/Core/Tools/Jsb.js:40;src_jsc/Core/Tools/Jsb.js:44;src_jsc/Core/Tools/Jsb.js:48;src_jsc/Core/Tools/Jsb.js:52;src_jsc/Core/Tools/Jsb.js:57;src_jsc/Core/Tools/Jsb.js:64;src_jsc/Core/Tools/Jsb.js:68;src_jsc/Core/Tools/Jsb.js:72;src_jsc/Core/Tools/Jsb.js:76;src_jsc/Core/Tools/Jsb.js:81;src_jsc/Core/Tools/Jsb.js:87;src_jsc/Core/Tools/Jsb.js:93;src_jsc/Core/Tools/Statistic.js:17;src_jsc/Core/Utils/headers.js:197;src_jsc/Core/Utils/headers.js:257;src_jsc/Core/Utils/headers.js:263;src_jsc/Debug/Logger.js:21;src_jsc/Debug/Logger.js:88;src_jsc/Debug/Logger.js:110;src_jsc/Factorys/Sprite.js:140;src_jsc/Factorys/Sprite.js:177;src_jsc/Models/HD.js:19;src_jsc/Profile/Account.js:50;src_jsc/Profile/Account.js:57;src_jsc/Profile/GameData/common.js:322;src_jsc/Scene/Debug/DebugScene.js:99;src_jsc/Scene/Login/LoginScene_AnySdk.js:648;src_jsc/Scene/Login/LoginScene_BfSdk.js:520;src_jsc/Scene/Login/LoginScene_BfSdk.js:987;src_jsc/Scene/Login/LoginScene_ThirdGuestSdk.js:118;src_jsc/Scene/Login/LoginScene_ThirdGuestSdk.js:120;src_jsc/Scene/Login/LoginScene_ThirdGuestSdk.js:181;src_jsc/Scene/Login/LoginScene_ThirdGuestSdk.js:213;src_jsc/Scene/Login/LoginScene_ThirdGuestSdk.js:294;src_jsc/Scene/Login/LoginScene_ThirdGuestSdk.js:313;src_jsc/Scene/Login/LoginScene_ThirdGuestSdk.js:318;src_jsc/Scene/Login/LoginScene_ThirdSdk.js:135;src_jsc/Scene/Login/LoginScene_ThirdSdk.js:208;src_jsc/Scene/Login/LoginScene_ThirdSdk.js:240;src_jsc/Scene/Login/LoginScene_ThirdSdk.js:306;src_jsc/Scene/Login/LoginScene_ThirdSdk.js:311;src_jsc/Scene/Login/LoginScene_ThirdSdk.js:333;src_jsc/Scene/Login/LoginScene_ThirdSdk.js:336;src_jsc/Scene/Login/headers.js:26;src_jsc/Scene/Login/headers.js:29;src_jsc/Scene/Login/headers.js:39;src_jsc/Scene/Login/headers.js:97;src_jsc/Scene/Main/MainMenuScene.js:650;src_jsc/Scene/Setting/SettingScene.js:244;src_jsc/Scene/Setting/SettingScene.js:435;src_jsc/Scene/Setting/SettingScene.js:486;src_jsc/Scene/Setting/SettingScene.js:494;src_jsc/Tools/Jsb.js:17;src_jsc/Tools/Jsb.js:22;src_jsc/Tools/Jsb.js:37;src_jsc/Tools/Jsb.js:45;src_jsc/Tools/Jsb.js:53;src_jsc/Tools/Jsb.js:61;src_jsc/Tools/Jsb.js:69;src_jsc/Tools/Jsb.js:80;src_jsc/Tools/Jsb.js:84;src_jsc/Tools/Jsb.js:88;src_jsc/Tools/Jsb.js:92;src_jsc/Tools/Jsb.js:96;src_jsc/Tools/Jsb.js:100;src_jsc/Tools/Jsb.js:105;src_jsc/Tools/Jsb.js:112;src_jsc/Tools/Jsb.js:117;src_jsc/Tools/Jsb.js:122;src_jsc/Tools/Jsb.js:127;src_jsc/Tools/Jsb.js:133;src_jsc/Tools/Jsb.js:139;src_jsc/Tools/Jsb.js:144;src_jsc/Tools/Jsb.js:152;src_jsc/Tools/Jsb.js:156;src_jsc/Tools/Jsb.js:160;src_jsc/Tools/Jsb.js:164;src_jsc/Tools/Jsb.js:171;src_jsc/Tools/Jsb.js:185;src_jsc/Tools/Jsb.js:194;src_jsc/Tools/Net.js:1507;src_jsc/Tools/Net.js:1509;src_jsc/Tools/Net.js:1511;src_jsc/Tools/Net.js:1513;src_jsc/Tools/Net.js:1515;src_jsc/Tools/Net.js:1544;src_jsc/Tools/Net.js:1601;src_jsc/Tools/Net.js:1603;src_jsc/Tools/Net.js:1605;src_jsc/Tools/Net.js:1607;src_jsc/Tools/Net.js:1634;src_jsc/Tools/Net.js:1695;src_jsc/Tools/Statistic.js:67;src_jsc/Tools/Statistic.js:80;src_jsc/Tools/Statistic.js:162;src_jsc/Tools/Sys.js:26;src_jsc/Tools/Sys.js:32;src_jsc/Tools/Sys.js:143;src_jsc/Tools/TalkingDataAppCpa.js:12;src_jsc/Tools/TalkingDataAppCpa.js:20;src_jsc/Tools/TalkingDataAppCpa.js:31;src_jsc/Tools/TalkingDataAppCpa.js:35;src_jsc/Tools/UI.js:530;src_jsc/Tools/UI.js:555;src_jsc/Tools/UI.js:601;src_jsc/Tools/UI.js:626;src_jsc/Utils/FileSys.js:22;src_jsc/Utils/FileSys.js:28;src_jsc/Utils/Statistic.js:112;src_jsc/Utils/Statistic.js:117;src_jsc/Utils/Statistic.js:122;src_jsc/Utils/Statistic.js:127;src_jsc/Utils/Statistic.js:132;src_jsc/Utils/Statistic.js:137;src_jsc/Utils/Statistic.js:142;src_jsc/Utils/Statistic.js:147;src_jsc/Views/Dialog/BindingDialog.js:250;src_jsc/Views/Dialog/BindingDialog.js:295;src_jsc/Views/Dialog/BindingTelDialog.js:114;src_jsc/Views/Dialog/BindingTelDialog.js:129;src_jsc/Views/Dialog/CheckOrderDialog.js:100;src_jsc/Views/Dialog/CheckOrderDialog.js:108;src_jsc/Views/Dialog/CheckOrderDialog.js:116;src_jsc/Views/Dialog/FGLoginDialog.js:56;src_jsc/Views/Dialog/FGLoginDialog.js:59;src_jsc/Views/Dialog/FGLoginDialog.js:66;src_jsc/Views/Dialog/FGLoginDialog.js:68;src_jsc/Views/Dialog/FGLoginDialog.js:71;src_jsc/Views/Dialog/FGLoginDialog.js:75;src_jsc/Views/Dialog/FGLoginDialog.js:85;src_jsc/Views/Dialog/FGLoginDialog.js:88;src_jsc/Views/Dialog/FGLoginDialog.js:95;src_jsc/Views/Dialog/FGLoginDialog.js:97;src_jsc/Views/Dialog/FGLoginDialog.js:100;src_jsc/Views/Dialog/FGLoginDialog.js:104;src_jsc/Views/Dialog/SpecificDialog.js:872;src_jsc/Views/HDShowViews.js:60;src_jsc/Views/HDShowViews.js:77;src_jsc/Views/HDShowViews.js:100;src_jsc/Views/HDShowViews.js:126;src_jsc/Views/Table/ChargeItemTableView.js:47;src_jsc/Views/Table/ChargeItemTableView.js:156;src_jsc/Views/Table/ChargeItemTableView.js:170;src_jsc/Views/Table/ChargeItemTableView.js:280;src_jsc/Views/Table/ChargeItemTableView.js:288;src_jsc/Views/Table/ChargeItemTableView.js:299;src_jsc/Views/Table/ChargeItemTableView.js:318;src_jsc/cpp2jsb.js:233;src_jsc/cpp2jsb.js:252;src_jsc/main.js:13;src_jsc/main.js:15;src_jsc/main.js:17;src_jsc/main.js:19;src_jsc/main.js:21;src_jsc/main.js:34;src_jsc/main.js:271,unknown,unknown,unknown,unknown,unknown,unknown,candidate observed statically; scene reachability unverified,ClientProject/Classes/Native/sgscq_custom_jsb.cpp for BFButton; other wrappers absent,UNRESOLVED,oracle libcocos2djs.so dynamic symbol inventory; wrapper address pending,not yet selected,not run
oracle_native_bridge_symbol,Jsb::SendInformation(char const*),Jsb,unknown; resolve against recorded oracle symbol dump,unknown,unknown,unknown,unknown,unknown,unknown,unknown,candidate observed statically; scene reachability unverified,no equivalent native class found in ClientProject/Classes/Native,UNRESOLVED,oracle libcocos2djs.so dynamic symbol inventory,not yet selected,not run
oracle_native_bridge_symbol,"Jsb::dispatchResponseCallbacks(std::basic_string<char, std::char_traits<char>, std::allocator<char> >, std::basic_string<char, std::char_traits<char>, std::allocator<char> >, std::basic_string<char, std::char_traits<char>, std::allocator<char> >, std::basic_string<char, std::char_traits<char>, std::allocator<char> >, std::basic_string<char, std::char_traits<char>, std::allocator<char> >, std::basic_string<char, std::char_traits<char>, std::allocator<char> >, std::basic_string<char, std::char_traits<char>, std::allocator<char> >)",Jsb,unknown; resolve against recorded oracle symbol dump,unknown,unknown,unknown,unknown,unknown,unknown,unknown,candidate observed statically; scene reachability unverified,no equivalent native class found in ClientProject/Classes/Native,UNRESOLVED,oracle libcocos2djs.so dynamic symbol inventory,not yet selected,not run
oracle_native_bridge_symbol,"Jsb::onCmnFail(char const*, char const*, char const*, char const*, char const*, char const*)",Jsb,unknown; resolve against recorded oracle symbol dump,unknown,unknown,unknown,unknown,unknown,unknown,unknown,candidate observed statically; scene reachability unverified,no equivalent native class found in ClientProject/Classes/Native,UNRESOLVED,oracle libcocos2djs.so dynamic symbol inventory,not yet selected,not run
oracle_native_bridge_symbol,"Jsb::onCmnSuccess(char const*, char const*, char const*, char const*, char const*, char const*)",Jsb,unknown; resolve against recorded oracle symbol dump,unknown,unknown,unknown,unknown,unknown,unknown,unknown,candidate observed statically; scene reachability unverified,no equivalent native class found in ClientProject/Classes/Native,UNRESOLVED,oracle libcocos2djs.so dynamic symbol inventory,not yet selected,not run
oracle_native_bridge_symbol,"Jsb::onCmnSuccessCallback(std::basic_string<char, std::char_traits<char>, std::allocator<char> >)",Jsb,unknown; resolve against recorded oracle symbol dump,unknown,unknown,unknown,unknown,unknown,unknown,unknown,candidate observed statically; scene reachability unverified,no equivalent native class found in ClientProject/Classes/Native,UNRESOLVED,oracle libcocos2djs.so dynamic symbol inventory,not yet selected,not run
oracle_native_bridge_symbol,"Jsb::onCpp2Jsb(char const*, char const*, char const*, char const*, char const*, char const*)",Jsb,unknown; resolve against recorded oracle symbol dump,unknown,unknown,unknown,unknown,unknown,unknown,unknown,candidate observed statically; scene reachability unverified,no equivalent native class found in ClientProject/Classes/Native,UNRESOLVED,oracle libcocos2djs.so dynamic symbol inventory,not yet selected,not run
oracle_native_bridge_symbol,"Jsb::onCpp2Jsb_Core(char const*, char const*, char const*, char const*, char const*, char const*)",Jsb,unknown; resolve against recorded oracle symbol dump,unknown,unknown,unknown,unknown,unknown,unknown,unknown,candidate observed statically; scene reachability unverified,no equivalent native class found in ClientProject/Classes/Native,UNRESOLVED,oracle libcocos2djs.so dynamic symbol inventory,not yet selected,not run
oracle_native_bridge_symbol,"Jsb::onEasySdkNotify_native(char const*, char const*, char const*, char const*, char const*, char const*, char const*, char const*)",Jsb,unknown; resolve against recorded oracle symbol dump,unknown,unknown,unknown,unknown,unknown,unknown,unknown,candidate observed statically; scene reachability unverified,no equivalent native class found in ClientProject/Classes/Native,UNRESOLVED,oracle libcocos2djs.so dynamic symbol inventory,not yet selected,not run
oracle_native_bridge_symbol,Jsb::onExecuteScript(char const*),Jsb,unknown; resolve against recorded oracle symbol dump,unknown,unknown,unknown,unknown,unknown,unknown,unknown,candidate observed statically; scene reachability unverified,no equivalent native class found in ClientProject/Classes/Native,UNRESOLVED,oracle libcocos2djs.so dynamic symbol inventory,not yet selected,not run
oracle_native_bridge_symbol,"Jsb::onTestFail(char const*, char const*, char const*, char const*, char const*, char const*)",Jsb,unknown; resolve against recorded oracle symbol dump,unknown,unknown,unknown,unknown,unknown,unknown,unknown,candidate observed statically; scene reachability unverified,no equivalent native class found in ClientProject/Classes/Native,UNRESOLVED,oracle libcocos2djs.so dynamic symbol inventory,not yet selected,not run
oracle_native_bridge_symbol,"Jsb::onTestSuccess(char const*, char const*, char const*, char const*, char const*, char const*)",Jsb,unknown; resolve against recorded oracle symbol dump,unknown,unknown,unknown,unknown,unknown,unknown,unknown,candidate observed statically; scene reachability unverified,no equivalent native class found in ClientProject/Classes/Native,UNRESOLVED,oracle libcocos2djs.so dynamic symbol inventory,not yet selected,not run
oracle_native_bridge_symbol,"Jsb::setCallback(char const*, char const*, char const*, char const*, char const*, char const*, char const*)",Jsb,unknown; resolve against recorded oracle symbol dump,unknown,unknown,unknown,unknown,unknown,unknown,unknown,candidate observed statically; scene reachability unverified,no equivalent native class found in ClientProject/Classes/Native,UNRESOLVED,oracle libcocos2djs.so dynamic symbol inventory,not yet selected,not run
oracle_native_bridge_symbol,"JsbConnecter::SeparateParams(std::basic_string<char, std::char_traits<char>, std::allocator<char> > const&)",JsbConnecter,unknown; resolve against recorded oracle symbol dump,unknown,unknown,unknown,unknown,unknown,unknown,unknown,candidate observed statically; scene reachability unverified,no equivalent native class found in ClientProject/Classes/Native,UNRESOLVED,oracle libcocos2djs.so dynamic symbol inventory,not yet selected,not run
oracle_native_bridge_symbol,JsbConnecter::deleteDir(char const*),JsbConnecter,unknown; resolve against recorded oracle symbol dump,unknown,unknown,unknown,unknown,unknown,unknown,unknown,candidate observed statically; scene reachability unverified,no equivalent native class found in ClientProject/Classes/Native,UNRESOLVED,oracle libcocos2djs.so dynamic symbol inventory,not yet selected,not run
oracle_native_bridge_symbol,JsbConnecter::getClassTypeInfo(),JsbConnecter,unknown; resolve against recorded oracle symbol dump,unknown,unknown,unknown,unknown,unknown,unknown,unknown,candidate observed statically; scene reachability unverified,no equivalent native class found in ClientProject/Classes/Native,UNRESOLVED,oracle libcocos2djs.so dynamic symbol inventory,not yet selected,not run
oracle_native_bridge_symbol,JsbConnecter::getClassTypeInfo()::id,JsbConnecter,unknown; resolve against recorded oracle symbol dump,unknown,unknown,unknown,unknown,unknown,unknown,unknown,candidate observed statically; scene reachability unverified,no equivalent native class found in ClientProject/Classes/Native,UNRESOLVED,oracle libcocos2djs.so dynamic symbol inventory,not yet selected,not run
oracle_native_bridge_symbol,JsbConnecter::getInstance(),JsbConnecter,unknown; resolve against recorded oracle symbol dump,unknown,unknown,unknown,unknown,unknown,unknown,unknown,candidate observed statically; scene reachability unverified,no equivalent native class found in ClientProject/Classes/Native,UNRESOLVED,oracle libcocos2djs.so dynamic symbol inventory,not yet selected,not run
oracle_native_bridge_symbol,JsbConnecter::getName(),JsbConnecter,unknown; resolve against recorded oracle symbol dump,unknown,unknown,unknown,unknown,unknown,unknown,unknown,candidate observed statically; scene reachability unverified,no equivalent native class found in ClientProject/Classes/Native,UNRESOLVED,oracle libcocos2djs.so dynamic symbol inventory,not yet selected,not run
oracle_native_bridge_symbol,JsbConnecter::init(),JsbConnecter,unknown; resolve against recorded oracle symbol dump,unknown,unknown,unknown,unknown,unknown,unknown,unknown,candidate observed statically; scene reachability unverified,no equivalent native class found in ClientProject/Classes/Native,UNRESOLVED,oracle libcocos2djs.so dynamic symbol inventory,not yet selected,not run
oracle_native_bridge_symbol,"JsbConnecter::invoke(std::basic_string<char, std::char_traits<char>, std::allocator<char> > const&, std::basic_string<char, std::char_traits<char>, std::allocator<char> > const&, std::basic_string<char, std::char_traits<char>, std::allocator<char> > const&)",JsbConnecter,unknown; resolve against recorded oracle symbol dump,unknown,unknown,unknown,unknown,unknown,unknown,unknown,candidate observed statically; scene reachability unverified,no equivalent native class found in ClientProject/Classes/Native,UNRESOLVED,oracle libcocos2djs.so dynamic symbol inventory,not yet selected,not run
oracle_native_bridge_symbol,"JsbConnecter::invoke_Class_ArmDataMgr(std::basic_string<char, std::char_traits<char>, std::allocator<char> > const&, std::basic_string<char, std::char_traits<char>, std::allocator<char> > const&)",JsbConnecter,unknown; resolve against recorded oracle symbol dump,unknown,unknown,unknown,unknown,unknown,unknown,unknown,candidate observed statically; scene reachability unverified,no equivalent native class found in ClientProject/Classes/Native,UNRESOLVED,oracle libcocos2djs.so dynamic symbol inventory,not yet selected,not run
oracle_native_bridge_symbol,"JsbConnecter::invoke_Class_Build(std::basic_string<char, std::char_traits<char>, std::allocator<char> > const&, std::basic_string<char, std::char_traits<char>, std::allocator<char> > const&)",JsbConnecter,unknown; resolve against recorded oracle symbol dump,unknown,unknown,unknown,unknown,unknown,unknown,unknown,candidate observed statically; scene reachability unverified,no equivalent native class found in ClientProject/Classes/Native,UNRESOLVED,oracle libcocos2djs.so dynamic symbol inventory,not yet selected,not run
oracle_native_bridge_symbol,"JsbConnecter::invoke_Class_Cfg(std::basic_string<char, std::char_traits<char>, std::allocator<char> > const&, std::basic_string<char, std::char_traits<char>, std::allocator<char> > const&)",JsbConnecter,unknown; resolve against recorded oracle symbol dump,unknown,unknown,unknown,unknown,unknown,unknown,unknown,candidate observed statically; scene reachability unverified,no equivalent native class found in ClientProject/Classes/Native,UNRESOLVED,oracle libcocos2djs.so dynamic symbol inventory,not yet selected,not run
oracle_native_bridge_symbol,"JsbConnecter::invoke_Class_Director(std::basic_string<char, std::char_traits<char>, std::allocator<char> > const&, std::basic_string<char, std::char_traits<char>, std::allocator<char> > const&)",JsbConnecter,unknown; resolve against recorded oracle symbol dump,unknown,unknown,unknown,unknown,unknown,unknown,unknown,candidate observed statically; scene reachability unverified,no equivalent native class found in ClientProject/Classes/Native,UNRESOLVED,oracle libcocos2djs.so dynamic symbol inventory,not yet selected,not run
oracle_native_bridge_symbol,"JsbConnecter::invoke_Class_Log(std::basic_string<char, std::char_traits<char>, std::allocator<char> > const&, std::basic_string<char, std::char_traits<char>, std::allocator<char> > const&)",JsbConnecter,unknown; resolve against recorded oracle symbol dump,unknown,unknown,unknown,unknown,unknown,unknown,unknown,candidate observed statically; scene reachability unverified,no equivalent native class found in ClientProject/Classes/Native,UNRESOLVED,oracle libcocos2djs.so dynamic symbol inventory,not yet selected,not run
oracle_native_bridge_symbol,"JsbConnecter::invoke_Class_Platform(std::basic_string<char, std::char_traits<char>, std::allocator<char> > const&, std::basic_string<char, std::char_traits<char>, std::allocator<char> > const&)",JsbConnecter,unknown; resolve against recorded oracle symbol dump,unknown,unknown,unknown,unknown,unknown,unknown,unknown,candidate observed statically; scene reachability unverified,no equivalent native class found in ClientProject/Classes/Native,UNRESOLVED,oracle libcocos2djs.so dynamic symbol inventory,not yet selected,not run
oracle_native_bridge_symbol,"JsbConnecter::invoke_Class_SpriteFrameCache(std::basic_string<char, std::char_traits<char>, std::allocator<char> > const&, std::basic_string<char, std::char_traits<char>, std::allocator<char> > const&)",JsbConnecter,unknown; resolve against recorded oracle symbol dump,unknown,unknown,unknown,unknown,unknown,unknown,unknown,candidate observed statically; scene reachability unverified,no equivalent native class found in ClientProject/Classes/Native,UNRESOLVED,oracle libcocos2djs.so dynamic symbol inventory,not yet selected,not run
oracle_native_bridge_symbol,"JsbConnecter::invoke_Class_Trie(std::basic_string<char, std::char_traits<char>, std::allocator<char> > const&, std::basic_string<char, std::char_traits<char>, std::allocator<char> > const&)",JsbConnecter,unknown; resolve against recorded oracle symbol dump,unknown,unknown,unknown,unknown,unknown,unknown,unknown,candidate observed statically; scene reachability unverified,no equivalent native class found in ClientProject/Classes/Native,UNRESOLVED,oracle libcocos2djs.so dynamic symbol inventory,not yet selected,not run
oracle_native_bridge_symbol,"JsbConnecter::invoke_Class_Utils(std::basic_string<char, std::char_traits<char>, std::allocator<char> > const&, std::basic_string<char, std::char_traits<char>, std::allocator<char> > const&)",JsbConnecter,unknown; resolve against recorded oracle symbol dump,unknown,unknown,unknown,unknown,unknown,unknown,unknown,candidate observed statically; scene reachability unverified,no equivalent native class found in ClientProject/Classes/Native,UNRESOLVED,oracle libcocos2djs.so dynamic symbol inventory,not yet selected,not run
oracle_native_bridge_symbol,JsbConnecter::setIdleTimerDisabled(bool),JsbConnecter,unknown; resolve against recorded oracle symbol dump,unknown,unknown,unknown,unknown,unknown,unknown,unknown,candidate observed statically; scene reachability unverified,no equivalent native class found in ClientProject/Classes/Native,UNRESOLVED,oracle libcocos2djs.so dynamic symbol inventory,not yet selected,not run
oracle_native_bridge_symbol,"JsbConnecter::unZipFile(char const*, char const*)",JsbConnecter,unknown; resolve against recorded oracle symbol dump,unknown,unknown,unknown,unknown,unknown,unknown,unknown,candidate observed statically; scene reachability unverified,no equivalent native class found in ClientProject/Classes/Native,UNRESOLVED,oracle libcocos2djs.so dynamic symbol inventory,not yet selected,not run
oracle_native_bridge_symbol,guard variable for JsbConnecter::getClassTypeInfo()::id,guard variable for JsbConnecter,unknown; resolve against recorded oracle symbol dump,unknown,unknown,unknown,unknown,unknown,unknown,unknown,candidate observed statically; scene reachability unverified,no equivalent native class found in ClientProject/Classes/Native,UNRESOLVED,oracle libcocos2djs.so dynamic symbol inventory,not yet selected,not run
oracle_native_bridge_symbol,xs::XSAssetsMgrJsb::onError(xs::XSAssetsMgr::ErrorCode),xs,unknown; resolve against recorded oracle symbol dump,unknown,unknown,unknown,unknown,unknown,unknown,unknown,candidate observed statically; scene reachability unverified,no equivalent native class found in ClientProject/Classes/Native,UNRESOLVED,oracle libcocos2djs.so dynamic symbol inventory,not yet selected,not run
oracle_native_bridge_symbol,xs::XSAssetsMgrJsb::onProgress(int),xs,unknown; resolve against recorded oracle symbol dump,unknown,unknown,unknown,unknown,unknown,unknown,unknown,candidate observed statically; scene reachability unverified,no equivalent native class found in ClientProject/Classes/Native,UNRESOLVED,oracle libcocos2djs.so dynamic symbol inventory,not yet selected,not run
oracle_native_bridge_symbol,xs::XSAssetsMgrJsb::onSuccess(xs::XSAssetsMgr::SuccessType),xs,unknown; resolve against recorded oracle symbol dump,unknown,unknown,unknown,unknown,unknown,unknown,unknown,candidate observed statically; scene reachability unverified,no equivalent native class found in ClientProject/Classes/Native,UNRESOLVED,oracle libcocos2djs.so dynamic symbol inventory,not yet selected,not run
oracle_registered_type,ActionManager,ActionManager,unknown; resolve against recorded oracle symbol dump,src_jsc/Views/Dialog/Story.js:166,unknown,unknown,unknown,unknown,unknown,unknown,candidate observed statically; scene reachability unverified,Cocos/JSB stock registration or custom registration; owner not resolved,UNRESOLVED,oracle libcocos2djs.so JSB registration strings,not yet selected,not run
oracle_registered_type,ActionObject,ActionObject,unknown; resolve against recorded oracle symbol dump,no literal reference found in reconstructed JS,unknown,unknown,unknown,unknown,unknown,unknown,candidate observed statically; scene reachability unverified,Cocos/JSB stock registration or custom registration; owner not resolved,UNRESOLVED,oracle libcocos2djs.so JSB registration strings,not yet selected,not run
oracle_registered_type,BFButton,BFButton,unknown; resolve against recorded oracle symbol dump,src_jsc/Libs/Views/Button/common.js:5;src_jsc/Libs/Views/Button/common.js:7,unknown,unknown,unknown,unknown,unknown,unknown,candidate observed statically; scene reachability unverified,Cocos/JSB stock registration or custom registration; owner not resolved,UNRESOLVED,oracle libcocos2djs.so JSB registration strings,not yet selected,not run
oracle_registered_type,BFCardView,BFCardView,unknown; resolve against recorded oracle symbol dump,src_jsc/Views/CardNavigateView.js:58,unknown,unknown,unknown,unknown,unknown,unknown,candidate observed statically; scene reachability unverified,Cocos/JSB stock registration or custom registration; owner not resolved,UNRESOLVED,oracle libcocos2djs.so JSB registration strings,not yet selected,not run
oracle_registered_type,BFControlSlider,BFControlSlider,unknown; resolve against recorded oracle symbol dump,src_jsc/Views/CardNavigateView.js:48,unknown,unknown,unknown,unknown,unknown,unknown,candidate observed statically; scene reachability unverified,Cocos/JSB stock registration or custom registration; owner not resolved,UNRESOLVED,oracle libcocos2djs.so JSB registration strings,not yet selected,not run
oracle_registered_type,BFSortTableWidget,BFSortTableWidget,unknown; resolve against recorded oracle symbol dump,src_jsc/Views/SortController.js:45,unknown,unknown,unknown,unknown,unknown,unknown,candidate observed statically; scene reachability unverified,Cocos/JSB stock registration or custom registration; owner not resolved,UNRESOLVED,oracle libcocos2djs.so JSB registration strings,not yet selected,not run
oracle_registered_type,BFWebView,BFWebView,unknown; resolve against recorded oracle symbol dump,src_jsc/Views/Dialog/PublicNotice.js:32,unknown,unknown,unknown,unknown,unknown,unknown,candidate observed statically; scene reachability unverified,Cocos/JSB stock registration or custom registration; owner not resolved,UNRESOLVED,oracle libcocos2djs.so JSB registration strings,not yet selected,not run
oracle_registered_type,Button,Button,unknown; resolve against recorded oracle symbol dump,data_cn_jsc/art/sgs_config_ls.js:108;data_cn_jsc/art/sgs_config_ttf.js:420;data_cn_jsc/plan/sgs_i18n.js:39510;src_jsc/Cfg/Btn.js:29;src_jsc/Cfg/Btn.js:102;src_jsc/Cfg/Btn.js:103;src_jsc/Cfg/Btn.js:224;src_jsc/Cfg/Btn.js:328;src_jsc/Cfg/Btn.js:399;src_jsc/Cfg/Btn.js:406;src_jsc/Cfg/Btn.js:449;src_jsc/Cfg/Btn.js:493;src_jsc/Cfg/Btn.js:499;src_jsc/Cfg/Btn.js:577;src_jsc/Cfg/Btn.js:584;src_jsc/Cfg/Btn.js:591;src_jsc/Cfg/Btn.js:598;src_jsc/Cfg/Btn.js:605;src_jsc/Cfg/Btn.js:691;src_jsc/Cfg/Btn.js:733;src_jsc/Cfg/Btn.js:739;src_jsc/Cfg/Btn.js:745;src_jsc/Cfg/CCBI.js:92;src_jsc/Cfg/CCBI.js:93;src_jsc/Cfg/Font.js:51;src_jsc/Cfg/Scene.js:119;src_jsc/Cfg/Scene.js:162;src_jsc/Cfg/Scene.js:163;src_jsc/Cfg/Scene.js:169;src_jsc/Cfg/Scene.js:170;src_jsc/Cfg/Sprite.js:57;src_jsc/Cfg/Sprite.js:58;src_jsc/Cfg/Sprite.js:59;src_jsc/Cfg/Sprite.js:91;src_jsc/Cfg/Sprite.js:95;src_jsc/Cfg/Sprite.js:96;src_jsc/Cfg/Sprite.js:97;src_jsc/Cfg/Sprite.js:98;src_jsc/Cfg/Sprite.js:99;src_jsc/Cfg/Sprite.js:100;src_jsc/Cfg/Sprite.js:101;src_jsc/Cfg/Sprite.js:102;src_jsc/Cfg/Sprite.js:103;src_jsc/Cfg/Sprite.js:104;src_jsc/Cfg/Sprite.js:105;src_jsc/Cfg/Sprite.js:106;src_jsc/Cfg/Sprite.js:107;src_jsc/Cfg/Sprite.js:108;src_jsc/Cfg/Sprite.js:109;src_jsc/Cfg/Sprite.js:110;src_jsc/Cfg/Sprite.js:111;src_jsc/Cfg/Sprite.js:137;src_jsc/Cfg/Sprite.js:138;src_jsc/Cfg/Sprite.js:143;src_jsc/Cfg/Sprite.js:144;src_jsc/Cfg/Sprite.js:145;src_jsc/Cfg/Sprite.js:146;src_jsc/Cfg/Sprite.js:147;src_jsc/Cfg/Sprite.js:148;src_jsc/Cfg/Sprite.js:149;src_jsc/Cfg/Sprite.js:150;src_jsc/Cfg/Sprite.js:297;src_jsc/Cfg/Sprite.js:298;src_jsc/Cfg/Sprite.js:299;src_jsc/Cfg/Sprite.js:300;src_jsc/Cfg/Sprite.js:336;src_jsc/Cfg/Sprite.js:337;src_jsc/Cfg/Sprite.js:338;src_jsc/Cfg/Sprite.js:580;src_jsc/Cfg/Sprite.js:582;src_jsc/Cfg/Sprite.js:583;src_jsc/Core/Cocos2d-x/jsb_cocos2d_studio.js:96;src_jsc/Core/Cocos2d-x/jsb_cocos2d_studio.js:124;src_jsc/Core/Cocos2d-x/jsb_cocosbuilder.js:47;src_jsc/Core/Cocos2d-x/jsb_cocosbuilder.js:117;src_jsc/Factorys/BaseLabel.js:33;src_jsc/Libs/CCExt.js:42;src_jsc/Libs/CCExt.js:112;src_jsc/Libs/Views/Button/Factory.js:3;src_jsc/Libs/Views/Button/Factory.js:5;src_jsc/Libs/Views/Button/Factory.js:6;src_jsc/Libs/Views/Button/Factory.js:13;src_jsc/Libs/Views/Button/Factory.js:194;src_jsc/Libs/Views/Button/common.js:3;src_jsc/Libs/Views/Button/common.js:5;src_jsc/Libs/Views/Button/common.js:7;src_jsc/Libs/Views/Button/common.js:137;src_jsc/Libs/Views/Button/common.js:141;src_jsc/Libs/Views/Button/common.js:196;src_jsc/Libs/Views/Button/common.js:208;src_jsc/Libs/Views/Button/common.js:211;src_jsc/Libs/Views/Button/common.js:218;src_jsc/Libs/Views/Button/common.js:221;src_jsc/Libs/Views/Button/headers.js:3;src_jsc/Libs/Views/Button/headers.js:5;src_jsc/Libs/Views/headers.js:11;src_jsc/Scene/Achievement/AchievementScene.js:150;src_jsc/Scene/Achievement/AchievementScene.js:153;src_jsc/Scene/Achievement/AchievementScene.js:155;src_jsc/Scene/Achievement/AchievementScene.js:205;src_jsc/Scene/Achievement/AchievementScene.js:242;src_jsc/Scene/Awake/AwakeBoxView.js:12;src_jsc/Scene/Awake/AwakeBoxView.js:85;src_jsc/Scene/Bag/BagScene.js:88;src_jsc/Scene/Beauty/BeautyScene.js:350;src_jsc/Scene/Buddy/BuddyView.js:95;src_jsc/Scene/Chaos/ChaosHomeView.js:19;src_jsc/Scene/Chaos/ChaosHomeView.js:21;src_jsc/Scene/Chaos/ChaosHomeView.js:23;src_jsc/Scene/Chaos/ChaosHomeView.js:25;src_jsc/Scene/Chaos/ChaosHomeView.js:27;src_jsc/Scene/Chaos/ChaosHomeView.js:248;src_jsc/Scene/Chaos/ChaosHomeView.js:349;src_jsc/Scene/Climb/StartBattleScene.js:578;src_jsc/Scene/Climb/StartBattleScene.js:581;src_jsc/Scene/Climb/StartBattleScene.js:602;src_jsc/Scene/Climb/StartBattleScene.js:605;src_jsc/Scene/Climb/StartBattleScene.js:630;src_jsc/Scene/Climb/StartBattleScene.js:633;src_jsc/Scene/Climb/StartBattleScene.js:792;src_jsc/Scene/Climb/StartBattleScene.js:794;src_jsc/Scene/Climb/StartBattleScene.js:796;src_jsc/Scene/Climb/StartBattleScene.js:798;src_jsc/Scene/Climb/StartBattleScene.js:814;src_jsc/Scene/Climb/StartBattleScene.js:816;src_jsc/Scene/Climb/StartBattleScene.js:818;src_jsc/Scene/Climb/StartBattleScene.js:820;src_jsc/Scene/Climb/StartBattleScene.js:840;src_jsc/Scene/Climb/StartBattleScene.js:842;src_jsc/Scene/Climb/StartBattleScene.js:844;src_jsc/Scene/Climb/StartBattleScene.js:846;src_jsc/Scene/Climb/StartBattleScene.js:928;src_jsc/Scene/Climb/StartBattleScene.js:930;src_jsc/Scene/Climb/StartBattleScene.js:932;src_jsc/Scene/Climb/StartBattleScene.js:995;src_jsc/Scene/Climb/StartBattleScene.js:997;src_jsc/Scene/Climb/StartBattleScene.js:999;src_jsc/Scene/Climb/StartBattleScene.js:1001;src_jsc/Scene/Climb/StartBattleScene.js:1003;src_jsc/Scene/Climb/StartBattleScene.js:1005;src_jsc/Scene/Combat/CombatCardView.js:113;src_jsc/Scene/Debug/DebugScene.js:285;src_jsc/Scene/Equ/EquipmentScene.js:63;src_jsc/Scene/Equ/EquipmentScene.js:65;src_jsc/Scene/Equ/EquipmentScene.js:67;src_jsc/Scene/Equ/EquipmentScene.js:69;src_jsc/Scene/Equ/EquipmentScene.js:71;src_jsc/Scene/Equ/EquipmentScene.js:73;src_jsc/Scene/Equ/EquipmentScene.js:75;src_jsc/Scene/Equ/EquipmentScene.js:77;src_jsc/Scene/Equ/EquipmentScene.js:79;src_jsc/Scene/Equ/EquipmentScene.js:81;src_jsc/Scene/Equ/EquipmentScene.js:83;src_jsc/Scene/Equ/EquipmentScene.js:85;src_jsc/Scene/Equ/EquipmentScene.js:87;src_jsc/Scene/Equ/EquipmentScene.js:171;src_jsc/Scene/Equ/EquipmentScene.js:204;src_jsc/Scene/Equ/EquipmentScene.js:317;src_jsc/Scene/Equ/EquipmentScene.js:346;src_jsc/Scene/Equ/EquipmentScene.js:348;src_jsc/Scene/Equ/EquipmentScene.js:357;src_jsc/Scene/Equ/EquipmentScene.js:361;src_jsc/Scene/Equ/EquipmentScene.js:365;src_jsc/Scene/Equ/EquipmentScene.js:369;src_jsc/Scene/Equ/EquipmentScene.js:375;src_jsc/Scene/Equ/EquipmentScene.js:382;src_jsc/Scene/Equ/EquipmentScene.js:389;src_jsc/Scene/Equ/EquipmentScene.js:392;src_jsc/Scene/Equ/EquipmentScene.js:399;src_jsc/Scene/Equ/EquipmentScene.js:401;src_jsc/Scene/Equ/EquipmentScene.js:403;src_jsc/Scene/Equ/EquipmentScene.js:410;src_jsc/Scene/Equ/EquipmentScene.js:412;src_jsc/Scene/Equ/EquipmentScene.js:414;src_jsc/Scene/Fight/FightScene.js:2876;src_jsc/Scene/Fight/FightScene.js:2892;src_jsc/Scene/FightChapter/FightChapters.js:68;src_jsc/Scene/FightChapter/FightChapters.js:86;src_jsc/Scene/FightChapter/FightChapters.js:173;src_jsc/Scene/FightChapter/FightChapters.js:179;src_jsc/Scene/FightChapter/FightChapters.js:186;src_jsc/Scene/FightChapter/FightChapters.js:192;src_jsc/Scene/GeneralSelect/GeneralSelectScene.js:317;src_jsc/Scene/Ladder/LadderGiftView.js:296;src_jsc/Scene/Ladder/LadderGiftView_Honor.js:46;src_jsc/Scene/Ladder/LadderGiftView_Honor.js:48;src_jsc/Scene/Ladder/LadderGiftView_Honor.js:50;src_jsc/Scene/Ladder/LadderGiftView_Honor.js:52;src_jsc/Scene/Ladder/LadderGiftView_Honor.js:54;src_jsc/Scene/Ladder/LadderGiftView_Honor.js:63;src_jsc/Scene/Ladder/LadderGiftView_Honor.js:108;src_jsc/Scene/Ladder/LadderGiftView_Honor.js:134;src_jsc/Scene/Ladder/LadderGiftView_Honor.js:303;src_jsc/Scene/Ladder/LadderGiftView_Honor.js:354;src_jsc/Scene/Ladder/LadderTenFightResultDialog.js:50;src_jsc/Scene/Ladder/LadderTenFightResultDialog.js:54;src_jsc/Scene/Ladder/LadderView.js:55;src_jsc/Scene/Ladder/LadderView.js:57;src_jsc/Scene/Ladder/LadderView.js:59;src_jsc/Scene/Ladder/LadderView.js:61;src_jsc/Scene/Ladder/LadderView.js:63;src_jsc/Scene/Ladder/LadderView.js:249;src_jsc/Scene/Login/LoginScene_AnySdk.js:129;src_jsc/Scene/Login/LoginScene_AnySdk.js:145;src_jsc/Scene/Login/LoginScene_BfSdk.js:121;src_jsc/Scene/Login/LoginScene_BfSdk.js:137;src_jsc/Scene/Main/MainMenuScene.js:252;src_jsc/Scene/Main/MainMenuScene.js:261;src_jsc/Scene/Main/MainMenuScene.js:330;src_jsc/Scene/Main/MainMenuScene.js:356;src_jsc/Scene/Main/MainMenuScene.js:360;src_jsc/Scene/Main/MainMenuScene.js:369;src_jsc/Scene/Main/MainMenuScene.js:476;src_jsc/Scene/Main/MainMenuScene.js:478;src_jsc/Scene/Main/MainMenuScene.js:608;src_jsc/Scene/Main/MainMenuScene.js:628;src_jsc/Scene/Main/MainMenuScene.js:835;src_jsc/Scene/Main/MainMenuScene.js:857;src_jsc/Scene/Party/Double11Dialog.js:52;src_jsc/Scene/Party/Double11Dialog.js:54;src_jsc/Scene/Party/Double11Dialog.js:59;src_jsc/Scene/Party/Double11Dialog.js:61;src_jsc/Scene/Party/Double11Dialog.js:66;src_jsc/Scene/Party/Double11Dialog.js:68;src_jsc/Scene/Party/Double11Dialog.js:73;src_jsc/Scene/Party/Double11Dialog.js:75;src_jsc/Scene/Party/Double11Dialog.js:107;src_jsc/Scene/Party/Double11Dialog.js:109;src_jsc/Scene/Party/Double11Dialog.js:111;src_jsc/Scene/Party/Double11Dialog.js:148;src_jsc/Scene/Party/Double11Dialog.js:150;src_jsc/Scene/Party/Double11Dialog.js:152;src_jsc/Scene/Party/Double11Dialog.js:172;src_jsc/Scene/Party/Double11Dialog.js:174;src_jsc/Scene/Party/Double11Dialog.js:176;src_jsc/Scene/Party/Double11Dialog.js:235;src_jsc/Scene/Party/Double11Dialog.js:239;src_jsc/Scene/Party/Double11Dialog.js:243;src_jsc/Scene/Party/Double11Dialog.js:300;src_jsc/Scene/Party/Double11Dialog.js:304;src_jsc/Scene/Party/Double11Dialog.js:308;src_jsc/Scene/Party/PartyDialogExt.js:360;src_jsc/Scene/Party/PartyDialogExt.js:520;src_jsc/Scene/Party/WishingScene.js:374;src_jsc/Scene/Setting/SettingScene.js:594;src_jsc/Scene/Skill/SkillScene.js:49;src_jsc/Scene/Skill/SkillScene.js:51;src_jsc/Scene/Skill/SkillScene.js:53;src_jsc/Scene/Skill/SkillScene.js:55;src_jsc/Scene/Skill/SkillScene.js:57;src_jsc/Scene/Skill/SkillScene.js:59;src_jsc/Scene/Skill/SkillScene.js:61;src_jsc/Scene/Skill/SkillScene.js:63;src_jsc/Scene/Skill/SkillScene.js:65;src_jsc/Scene/Skill/SkillScene.js:111;src_jsc/Scene/Skill/SkillScene.js:112;src_jsc/Scene/Skill/SkillScene.js:114;src_jsc/Scene/Skill/SkillScene.js:116;src_jsc/Scene/Skill/SkillScene.js:123;src_jsc/Scene/Skill/SkillScene.js:125;src_jsc/Scene/Skill/SkillScene.js:132;src_jsc/Scene/Social/SocialView.js:181;src_jsc/Scene/Social/SocialView.js:200;src_jsc/Scene/TeamBuild/TeamBuildScene.js:534;src_jsc/Scene/TeamBuild/TeamBuildScene.js:995;src_jsc/Scene/TeamBuild/TeamBuildScene.js:1071;src_jsc/Scene/TeamBuild/TeamBuildScene.js:1072;src_jsc/Scene/TeamBuild/TeamBuildScene.js:1074;src_jsc/Scene/TeamBuild/TeamBuildScene.js:1076;src_jsc/Scene/TeamBuild/TeamBuildScene.js:1079;src_jsc/Scene/TeamBuild/TeamBuildScene.js:1080;src_jsc/Scene/TeamBuild/TeamBuildScene.js:1082;src_jsc/Scene/TeamBuild/TeamBuildScene.js:1084;src_jsc/Scene/TeamBuild/TeamBuildScene.js:1118;src_jsc/Scene/TeamBuild/TeamBuildScene.js:1120;src_jsc/Scene/TeamBuild/TeamBuildScene_V2.js:449;src_jsc/Scene/TeamBuild/TeamBuildScene_V2.js:750;src_jsc/Scene/TeamBuild/TeamBuildScene_V2.js:818;src_jsc/Scene/TeamBuild/TeamBuildScene_V2.js:819;src_jsc/Scene/TeamBuild/TeamBuildScene_V2.js:821;src_jsc/Scene/TeamBuild/TeamBuildScene_V2.js:823;src_jsc/Scene/TeamBuild/TeamBuildScene_V2.js:826;src_jsc/Scene/TeamBuild/TeamBuildScene_V2.js:827;src_jsc/Scene/TeamBuild/TeamBuildScene_V2.js:829;src_jsc/Scene/TeamBuild/TeamBuildScene_V2.js:831;src_jsc/Scene/TeamBuild/TeamMemberNavigation.js:882;src_jsc/Scene/TeamBuild/TeamMemberNavigation.js:923;src_jsc/Scene/TeamBuild/TeamMemberNavigation.js:1139;src_jsc/Scene/TeamBuild/TeamMemberNavigation.js:1142;src_jsc/Scene/TeamBuild/TeamMemberNavigation.js:1148;src_jsc/Scene/Training/GeneralTraningScene.js:623;src_jsc/Tools/UI.js:291;src_jsc/Tools/Views.js:10;src_jsc/Utils/UI.js:171;src_jsc/Utils/common.js:322;src_jsc/Utils/common.js:329;src_jsc/Views/Awake/AwakeLayer.js:18;src_jsc/Views/Awake/AwakeLayer.js:59;src_jsc/Views/Awake/AwakeLayer.js:174;src_jsc/Views/Awake/AwakeLayer.js:180;src_jsc/Views/Awake/AwakeLayer.js:192;src_jsc/Views/Awake/AwakeLayer.js:195;src_jsc/Views/Awake/AwakeLayer.js:198;src_jsc/Views/Awake/AwakeLayer.js:454;src_jsc/Views/Awake/AwakeLayer.js:535;src_jsc/Views/Awake/AwakeLayer.js:538;src_jsc/Views/BeautyIconButton.js:3;src_jsc/Views/BeautyIconButton.js:5;src_jsc/Views/BeautyIconButton.js:48;src_jsc/Views/BeautyIconButton.js:262;src_jsc/Views/BeautyIconButton.js:265;src_jsc/Views/BeautyIconButton.js:271;src_jsc/Views/Button/ChangeNumBtn.js:3;src_jsc/Views/Button/ChangeNumBtn.js:5;src_jsc/Views/Button/Factory.js:3;src_jsc/Views/Button/Factory.js:5;src_jsc/Views/Button/Factory.js:7;src_jsc/Views/Button/Factory.js:12;src_jsc/Views/Button/Factory.js:19;src_jsc/Views/Button/alias.js:3;src_jsc/Views/Button/alias.js:5;src_jsc/Views/Button/headers.js:3;src_jsc/Views/Button/headers.js:5;src_jsc/Views/Button/headers.js:7;src_jsc/Views/ChatTablePageView.js:6;src_jsc/Views/ChatTablePageView.js:19;src_jsc/Views/ChatTablePageView.js:21;src_jsc/Views/ChatTablePageView.js:23;src_jsc/Views/ChatTablePageView.js:32;src_jsc/Views/ChatTablePageView.js:34;src_jsc/Views/ChatTablePageView.js:44;src_jsc/Views/ChatTablePageView.js:46;src_jsc/Views/ClimbLadderArtifactStorey.js:274;src_jsc/Views/ClimbLadderPFKGView.js:112;src_jsc/Views/DecisiveBattle/DecisiveBattleMainView.js:39;src_jsc/Views/DecisiveBattle/DecisiveBattleMainView.js:41;src_jsc/Views/DecisiveBattle/DecisiveBattleMainView.js:43;src_jsc/Views/DecisiveBattle/DecisiveBattleMainView.js:93;src_jsc/Views/DecisiveBattle/DecisiveBattleMainView.js:95;src_jsc/Views/DecisiveBattle/DecisiveBattleMainView.js:97;src_jsc/Views/DecisiveBattle/DecisiveBattleMainView.js:99;src_jsc/Views/DecisiveBattle/DecisiveBattleMainView.js:101;src_jsc/Views/DecisiveBattle/DecisiveBattleMainView.js:103;src_jsc/Views/DecisiveBattle/DecisiveBattleMainView.js:105;src_jsc/Views/DecisiveBattle/DecisiveBattleMainView.js:107;src_jsc/Views/DecisiveBattle/DecisiveBattleMainView.js:113;src_jsc/Views/DecisiveBattle/DecisiveBattleMainView.js:121;src_jsc/Views/DecisiveBattle/DecisiveBattleMainView.js:122;src_jsc/Views/DecisiveBattle/DecisiveBattleMainView.js:128;src_jsc/Views/DecisiveBattle/DecisiveBattleMainView.js:130;src_jsc/Views/DecisiveBattle/DecisiveBattleMainView.js:132;src_jsc/Views/DecisiveBattle/DecisiveBattleMainView.js:134;src_jsc/Views/DecisiveBattle/DecisiveBattleMainView.js:140;src_jsc/Views/DecisiveBattle/DecisiveBattleMainView.js:194;src_jsc/Views/DecisiveBattle/DecisiveBattleMainView.js:258;src_jsc/Views/DecisiveBattle/DecisiveBattleMainView.js:260;src_jsc/Views/DecisiveBattle/DecisiveBattleMainView.js:262;src_jsc/Views/DecisiveBattle/DecisiveBattleMainView.js:289;src_jsc/Views/DecisiveBattle/DecisiveBattleMainView.js:293;src_jsc/Views/DecisiveBattle/DecisiveBattleMainView.js:364;src_jsc/Views/DecisiveBattle/DecisiveBattleMainView.js:373;src_jsc/Views/DecisiveBattle/DecisiveBattleMainView.js:385;src_jsc/Views/DecisiveBattle/DecisiveBattleMainView.js:400;src_jsc/Views/DecisiveBattle/DecisiveBattleMainView.js:402;src_jsc/Views/DecisiveBattle/DecisiveBattleMainView.js:416;src_jsc/Views/DecisiveBattle/DecisiveBattleMainView.js:419;src_jsc/Views/DecisiveBattle/DecisiveBattleMainView.js:422;src_jsc/Views/DecisiveBattle/DecisiveBattleMainView.js:426;src_jsc/Views/DecisiveBattle/DecisiveBattleMainView.js:429;src_jsc/Views/DecisiveBattle/DecisiveBattleMainView.js:433;src_jsc/Views/DecisiveBattle/DecisiveBattlePreviewView.js:81;src_jsc/Views/DecisiveBattle/DecisiveBattlePreviewView.js:196;src_jsc/Views/DecisiveBattle/SupportPointsExchangeView.js:207;src_jsc/Views/DecisiveBattle/SupportPointsExchangeView.js:211;src_jsc/Views/DecisiveBattle/SupportPointsExchangeView.js:227;src_jsc/Views/DecisiveBattle/SupportPointsExchangeView.js:229;src_jsc/Views/DecisiveBattle/SupportPointsExchangeView.js:231;src_jsc/Views/DecisiveBattle/SupportPointsExchangeView.js:263;src_jsc/Views/DecisiveBattle/SupportPointsExchangeView.js:286;src_jsc/Views/DecisiveBattle/SupportPointsExchangeView.js:287;src_jsc/Views/DecisiveBattle/SupportPointsExchangeView.js:289;src_jsc/Views/DecisiveBattle/SupportPointsExchangeView.js:291;src_jsc/Views/DecisiveBattle/SupportPointsExchangeView.js:295;src_jsc/Views/DecisiveBattle/SupportPointsExchangeView.js:297;src_jsc/Views/DecisiveBattle/SupportPointsExchangeView.js:299;src_jsc/Views/DecisiveBattle/SupportPointsExchangeView.js:302;src_jsc/Views/DecisiveBattle/SupportPointsExchangeView.js:304;src_jsc/Views/DecisiveBattle/SupportPointsExchangeView.js:306;src_jsc/Views/DecisiveBattle/SupportPointsExchangeView.js:311;src_jsc/Views/DecisiveBattle/SupportPointsExchangeView.js:350;src_jsc/Views/DecisiveBattle/SupportPointsExchangeView.js:352;src_jsc/Views/Dialog/Adventure.js:108;src_jsc/Views/Dialog/Adventure.js:190;src_jsc/Views/Dialog/Adventure.js:243;src_jsc/Views/Dialog/Adventure.js:279;src_jsc/Views/Dialog/Adventure.js:319;src_jsc/Views/Dialog/Adventure.js:353;src_jsc/Views/Dialog/Adventure.js:388;src_jsc/Views/Dialog/AnnouncementExt.js:40;src_jsc/Views/Dialog/AnnouncementExt.js:42;src_jsc/Views/Dialog/AnnouncementExt.js:68;src_jsc/Views/Dialog/AutoMultiKillSelectDialog.js:109;src_jsc/Views/Dialog/AutoMultiKillSelectDialog.js:113;src_jsc/Views/Dialog/AutoMultiKillSelectDialog.js:117;src_jsc/Views/Dialog/AutoMultiKillSelectDialog.js:121;src_jsc/Views/Dialog/AutoMultiKillSelectDialog.js:125;src_jsc/Views/Dialog/AutoMultiKillSelectDialog.js:139;src_jsc/Views/Dialog/AutoMultiKillSelectDialog.js:141;src_jsc/Views/Dialog/AutoMultiKillSelectDialog.js:584;src_jsc/Views/Dialog/AutoPracticeDialog.js:141;src_jsc/Views/Dialog/AutoPracticeDialog.js:145;src_jsc/Views/Dialog/AutoPracticeDialog.js:149;src_jsc/Views/Dialog/AutoPracticeDialog.js:153;src_jsc/Views/Dialog/AutoPracticeDialog.js:157;src_jsc/Views/Dialog/AwakeInfoDialog.js:47;src_jsc/Views/Dialog/AwakeInfoDialog.js:139;src_jsc/Views/Dialog/AwakeInfoDialog.js:157;src_jsc/Views/Dialog/AwakeInfoDialog.js:162;src_jsc/Views/Dialog/BecomeStrongerDialog.js:295;src_jsc/Views/Dialog/BecomeStrongerDialog.js:756;src_jsc/Views/Dialog/ChatDialog.js:45;src_jsc/Views/Dialog/ChatDialog.js:49;src_jsc/Views/Dialog/CheckOrderDialog.js:18;src_jsc/Views/Dialog/CheckOrderDialog.js:23;src_jsc/Views/Dialog/CheckOrderDialog.js:27;src_jsc/Views/Dialog/CheckOrderDialog.js:147;src_jsc/Views/Dialog/CheckOrderDialog.js:189;src_jsc/Views/Dialog/CommonDialog.js:47;src_jsc/Views/Dialog/CommonDialog.js:48;src_jsc/Views/Dialog/CommonDialog.js:100;src_jsc/Views/Dialog/CommonDialog.js:116;src_jsc/Views/Dialog/CommonDialog.js:117;src_jsc/Views/Dialog/CommonDialog.js:169;src_jsc/Views/Dialog/CommonDialog.js:171;src_jsc/Views/Dialog/CommonDialog.js:187;src_jsc/Views/Dialog/CommonDialog.js:189;src_jsc/Views/Dialog/CommonDialog.js:209;src_jsc/Views/Dialog/CommonDialog.js:219;src_jsc/Views/Dialog/CommonDialog.js:226;src_jsc/Views/Dialog/CommonDialog.js:228;src_jsc/Views/Dialog/CommonDialog.js:232;src_jsc/Views/Dialog/CommonDialog.js:245;src_jsc/Views/Dialog/CommonDialog.js:249;src_jsc/Views/Dialog/CommonDialog.js:253;src_jsc/Views/Dialog/CommonDialog.js:260;src_jsc/Views/Dialog/CommonDialog.js:262;src_jsc/Views/Dialog/CommonDialog.js:266;src_jsc/Views/Dialog/CommonDialog.js:281;src_jsc/Views/Dialog/CommonDialog.js:285;src_jsc/Views/Dialog/CommonDialog.js:309;src_jsc/Views/Dialog/CommonDialog.js:344;src_jsc/Views/Dialog/CommonDialog.js:346;src_jsc/Views/Dialog/CommonDialog.js:348;src_jsc/Views/Dialog/CommonDialog.js:350;src_jsc/Views/Dialog/CommonDialog.js:352;src_jsc/Views/Dialog/CommonDialog.js:389;src_jsc/Views/Dialog/CommonDialog.js:392;src_jsc/Views/Dialog/CommonDialog.js:400;src_jsc/Views/Dialog/CommonDialog.js:405;src_jsc/Views/Dialog/CommonDialog.js:408;src_jsc/Views/Dialog/CommonDialog.js:410;src_jsc/Views/Dialog/CommonDialog.js:417;src_jsc/Views/Dialog/CommonDialog.js:419;src_jsc/Views/Dialog/CommonDialog.js:421;src_jsc/Views/Dialog/CommonDialog.js:427;src_jsc/Views/Dialog/CommonDialog.js:431;src_jsc/Views/Dialog/CommonDialog.js:435;src_jsc/Views/Dialog/CommonDialog.js:441;src_jsc/Views/Dialog/CommonDialog.js:443;src_jsc/Views/Dialog/CommonDialog.js:445;src_jsc/Views/Dialog/CommonDialog.js:448;src_jsc/Views/Dialog/CommonDialog.js:450;src_jsc/Views/Dialog/CommonDialog.js:453;src_jsc/Views/Dialog/CommonDialog.js:458;src_jsc/Views/Dialog/CommonDialog.js:463;src_jsc/Views/Dialog/CommonDialog.js:464;src_jsc/Views/Dialog/CommonDialog.js:470;src_jsc/Views/Dialog/CommonDialog.js:472;src_jsc/Views/Dialog/CommonDialog.js:491;src_jsc/Views/Dialog/CommonDialog.js:494;src_jsc/Views/Dialog/CommonDialog.js:505;src_jsc/Views/Dialog/CommonDialog.js:506;src_jsc/Views/Dialog/CommonDialog.js:512;src_jsc/Views/Dialog/CommonDialog.js:514;src_jsc/Views/Dialog/CommonDialog.js:533;src_jsc/Views/Dialog/CommonDialog.js:536;src_jsc/Views/Dialog/DailyTaskDialog.js:14;src_jsc/Views/Dialog/DailyTaskDialog.js:27;src_jsc/Views/Dialog/DailyTaskDialog.js:52;src_jsc/Views/Dialog/DailyTaskDialog.js:56;src_jsc/Views/Dialog/DailyTaskDialog.js:100;src_jsc/Views/Dialog/DetailDialogComponent.js:1398;src_jsc/Views/Dialog/DetailDialogComponent.js:1452;src_jsc/Views/Dialog/DetailDialogComponent.js:1697;src_jsc/Views/Dialog/DetailDialogComponent.js:1721;src_jsc/Views/Dialog/DetailDialogComponent.js:1736;src_jsc/Views/Dialog/DetailDialogComponent.js:1744;src_jsc/Views/Dialog/DetailDialogComponent.js:1752;src_jsc/Views/Dialog/DetailDialogComponent.js:1760;src_jsc/Views/Dialog/DetailDialogComponent.js:1769;src_jsc/Views/Dialog/DetailDialogComponent.js:1772;src_jsc/Views/Dialog/DetailDialogComponent.js:1789;src_jsc/Views/Dialog/DetailDialogComponent.js:1793;src_jsc/Views/Dialog/DetailDialogComponent.js:1797;src_jsc/Views/Dialog/DetailDialogComponent.js:1801;src_jsc/Views/Dialog/DetailDialogComponent.js:1807;src_jsc/Views/Dialog/DetailDialogEquip.js:165;src_jsc/Views/Dialog/DetailDialogEquip.js:167;src_jsc/Views/Dialog/DetailDialogEquip.js:214;src_jsc/Views/Dialog/DetailDialogEquip.js:216;src_jsc/Views/Dialog/DetailDialogEquip.js:386;src_jsc/Views/Dialog/DetailDialogEquip.js:417;src_jsc/Views/Dialog/DetailDialogEquip.js:436;src_jsc/Views/Dialog/DetailDialogGeneral.js:248;src_jsc/Views/Dialog/DetailDialogGeneral.js:250;src_jsc/Views/Dialog/DetailDialogGeneral.js:255;src_jsc/Views/Dialog/DetailDialogGeneral.js:419;src_jsc/Views/Dialog/DetailDialogGeneral.js:426;src_jsc/Views/Dialog/DetailDialogGeneral.js:433;src_jsc/Views/Dialog/DetailDialogGeneral.js:440;src_jsc/Views/Dialog/DetailDialogGeneral.js:442;src_jsc/Views/Dialog/DetailDialogGeneral.js:787;src_jsc/Views/Dialog/DetailDialogGeneral.js:797;src_jsc/Views/Dialog/DetailDialogSkill.js:293;src_jsc/Views/Dialog/DetailDialogSkill.js:295;src_jsc/Views/Dialog/DetailDialogSkill.js:475;src_jsc/Views/Dialog/DetailDialogSkill.js:479;src_jsc/Views/Dialog/DetailDialogSkill.js:480;src_jsc/Views/Dialog/DetailDialogSkill.js:482;src_jsc/Views/Dialog/DetailDialogSkill.js:510;src_jsc/Views/Dialog/DetailDialogSkill.js:514;src_jsc/Views/Dialog/DetailDialogSkill.js:515;src_jsc/Views/Dialog/DetailDialogSkill.js:517;src_jsc/Views/Dialog/DetailDialogSkill.js:526;src_jsc/Views/Dialog/Dialog.js:30;src_jsc/Views/Dialog/Dialog.js:44;src_jsc/Views/Dialog/Dialog.js:62;src_jsc/Views/Dialog/Dialog.js:108;src_jsc/Views/Dialog/Dialog.js:117;src_jsc/Views/Dialog/Dialog.js:164;src_jsc/Views/Dialog/Dialog.js:175;src_jsc/Views/Dialog/Dialog.js:245;src_jsc/Views/Dialog/Dialog.js:249;src_jsc/Views/Dialog/Dialog.js:253;src_jsc/Views/Dialog/Dialog.js:257;src_jsc/Views/Dialog/Dialog.js:261;src_jsc/Views/Dialog/Dialog.js:265;src_jsc/Views/Dialog/DungeonDetail.js:82;src_jsc/Views/Dialog/DungeonDetail.js:116;src_jsc/Views/Dialog/DungeonDetail.js:124;src_jsc/Views/Dialog/DungeonDetail.js:186;src_jsc/Views/Dialog/DungeonDetail.js:190;src_jsc/Views/Dialog/DungeonDetail.js:218;src_jsc/Views/Dialog/DungeonDetail.js:227;src_jsc/Views/Dialog/DungeonDetail.js:229;src_jsc/Views/Dialog/DungeonDetail.js:231;src_jsc/Views/Dialog/DungeonDetail.js:233;src_jsc/Views/Dialog/DungeonDetail.js:235;src_jsc/Views/Dialog/DungeonDetail.js:238;src_jsc/Views/Dialog/DungeonDetail.js:241;src_jsc/Views/Dialog/DungeonDetail.js:512;src_jsc/Views/Dialog/DungeonDetail.js:514;src_jsc/Views/Dialog/DungeonDetailB.js:80;src_jsc/Views/Dialog/DungeonDetailB.js:114;src_jsc/Views/Dialog/DungeonDetailB.js:122;src_jsc/Views/Dialog/EquipmentStrengthenDialog.js:15;src_jsc/Views/Dialog/EquipmentStrengthenDialog.js:52;src_jsc/Views/Dialog/EquipmentStrengthenDialog.js:72;src_jsc/Views/Dialog/EquipmentStrengthenDialog.js:74;src_jsc/Views/Dialog/EquipmentStrengthenDialog.js:126;src_jsc/Views/Dialog/EquipmentStrengthenDialog.js:128;src_jsc/Views/Dialog/EquipmentStrengthenDialog.js:130;src_jsc/Views/Dialog/EquipmentStrengthenDialog.js:132;src_jsc/Views/Dialog/EquipmentStrengthenDialog.js:134;src_jsc/Views/Dialog/EquipmentStrengthenDialog.js:136;src_jsc/Views/Dialog/EquipmentStrengthenDialog.js:142;src_jsc/Views/Dialog/EquipmentStrengthenDialog.js:144;src_jsc/Views/Dialog/EquipmentStrengthenDialog.js:146;src_jsc/Views/Dialog/EquipmentStrengthenDialog.js:148;src_jsc/Views/Dialog/EquipmentStrengthenDialog.js:150;src_jsc/Views/Dialog/EquipmentStrengthenDialog.js:152;src_jsc/Views/Dialog/EquipmentStrengthenDialog.js:194;src_jsc/Views/Dialog/EquipmentStrengthenDialog.js:196;src_jsc/Views/Dialog/EquipmentStrengthenDialog.js:222;src_jsc/Views/Dialog/EquipmentStrengthenDialog.js:224;src_jsc/Views/Dialog/EquipmentStrengthenDialog.js:227;src_jsc/Views/Dialog/EquipmentStrengthenDialog.js:229;src_jsc/Views/Dialog/EquipmentStrengthenDialog.js:432;src_jsc/Views/Dialog/MulitiFightDialog.js:39;src_jsc/Views/Dialog/MulitiFightDialog.js:43;src_jsc/Views/Dialog/MultiItemBuyDialog.js:58;src_jsc/Views/Dialog/MultiItemBuyDialog.js:62;src_jsc/Views/Dialog/MultiItemBuyDialog.js:66;src_jsc/Views/Dialog/MultiItemBuyDialog.js:70;src_jsc/Views/Dialog/MultiItemExchangeDialog.js:71;src_jsc/Views/Dialog/MultiItemExchangeDialog.js:75;src_jsc/Views/Dialog/MultiItemExchangeDialog.js:79;src_jsc/Views/Dialog/MultiItemExchangeDialog.js:83;src_jsc/Views/Dialog/PublicNotice.js:44;src_jsc/Views/Dialog/SelectOpenBoxNumDialog.js:62;src_jsc/Views/Dialog/SelectOpenBoxNumDialog.js:66;src_jsc/Views/Dialog/SelectOpenBoxNumDialog.js:70;src_jsc/Views/Dialog/SelectOpenBoxNumDialog.js:74;src_jsc/Views/Dialog/SelectOpenBoxNumDialog.js:78;src_jsc/Views/Dialog/SelectResolveNumDialog.js:62;src_jsc/Views/Dialog/SelectResolveNumDialog.js:66;src_jsc/Views/Dialog/SelectResolveNumDialog.js:70;src_jsc/Views/Dialog/SelectResolveNumDialog.js:74;src_jsc/Views/Dialog/SelectResolveNumDialog.js:78;src_jsc/Views/Dialog/SelectSgsChannelDialog.js:53;src_jsc/Views/Dialog/SelectSgsChannelDialog.js:55;src_jsc/Views/Dialog/SelectSgsChannelDialog.js:57;src_jsc/Views/Dialog/SelectSgsChannelDialog.js:59;src_jsc/Views/Dialog/SelectSgsChannelDialog.js:61;src_jsc/Views/Dialog/SelectSgsChannelDialog.js:68;src_jsc/Views/Dialog/SelectSgsChannelDialog.js:70;src_jsc/Views/Dialog/SelectSgsChannelDialog.js:72;src_jsc/Views/Dialog/SelectSgsChannelDialog.js:74;src_jsc/Views/Dialog/SelectSgsChannelDialog.js:76;src_jsc/Views/Dialog/SelectSgsChannelDialog.js:83;src_jsc/Views/Dialog/SelectSgsChannelDialog.js:85;src_jsc/Views/Dialog/SelectSgsChannelDialog.js:87;src_jsc/Views/Dialog/SelectSgsChannelDialog.js:89;src_jsc/Views/Dialog/SelectSgsChannelDialog.js:91;src_jsc/Views/Dialog/SelectSgsChannelDialog.js:100;src_jsc/Views/Dialog/SelectSgsChannelDialog.js:102;src_jsc/Views/Dialog/SelectSgsChannelDialog.js:104;src_jsc/Views/Dialog/SelectSgsChannelDialog.js:106;src_jsc/Views/Dialog/SelectSgsChannelDialog.js:108;src_jsc/Views/Dialog/SelectSgsChannelDialog.js:190;src_jsc/Views/Dialog/SelectSgsChannelDialog.js:192;src_jsc/Views/Dialog/SelectSgsChannelDialog.js:197;src_jsc/Views/Dialog/SelectSgsChannelDialog.js:199;src_jsc/Views/Dialog/SkillUpDialog.js:115;src_jsc/Views/Dialog/SpecificDialog.js:30;src_jsc/Views/Dialog/SpecificDialog.js:78;src_jsc/Views/Dialog/SpecificDialog.js:82;src_jsc/Views/Dialog/SpecificDialog.js:110;src_jsc/Views/Dialog/SpecificDialog.js:114;src_jsc/Views/Dialog/SpecificDialog.js:132;src_jsc/Views/Dialog/SpecificDialog.js:136;src_jsc/Views/Dialog/SpecificDialog.js:144;src_jsc/Views/Dialog/SpecificDialog.js:160;src_jsc/Views/Dialog/SpecificDialog.js:170;src_jsc/Views/Dialog/SpecificDialog.js:181;src_jsc/Views/Dialog/SpecificDialog.js:203;src_jsc/Views/Dialog/SpecificDialog.js:255;src_jsc/Views/Dialog/SpecificDialog.js:277;src_jsc/Views/Dialog/SpecificDialog.js:302;src_jsc/Views/Dialog/SpecificDialog.js:324;src_jsc/Views/Dialog/SpecificDialog.js:347;src_jsc/Views/Dialog/SpecificDialog.js:373;src_jsc/Views/Dialog/SpecificDialog.js:388;src_jsc/Views/Dialog/SpecificDialog.js:412;src_jsc/Views/Dialog/SpecificDialog.js:438;src_jsc/Views/Dialog/SpecificDialog.js:453;src_jsc/Views/Dialog/SpecificDialog.js:491;src_jsc/Views/Dialog/SpecificDialog.js:516;src_jsc/Views/Dialog/SpecificDialog.js:572;src_jsc/Views/Dialog/SpecificDialog.js:584;src_jsc/Views/Dialog/SpecificDialog.js:604;src_jsc/Views/Dialog/SpecificDialog.js:626;src_jsc/Views/Dialog/SpecificDialog.js:632;src_jsc/Views/Dialog/SpecificDialog.js:670;src_jsc/Views/Dialog/SpecificDialog.js:800;src_jsc/Views/Dialog/SpecificDialog.js:819;src_jsc/Views/Dialog/SpecificDialog.js:978;src_jsc/Views/Dialog/SpecificDialog.js:995;src_jsc/Views/Dialog/SpecificDialog.js:997;src_jsc/Views/Dialog/SpecificDialog.js:1000;src_jsc/Views/Dialog/UnionDepotMemberDialog.js:28;src_jsc/Views/Dialog/UnionDepotMemberDialog.js:72;src_jsc/Views/Dialog/UnionDepotMemberDialog.js:92;src_jsc/Views/Dialog/UnionDepotMemberDialog.js:100;src_jsc/Views/Dialog/UnionDepotMemberDialog.js:185;src_jsc/Views/Dialog/UnionDepotMemberDialog.js:187;src_jsc/Views/Dialog/UnionDepotNumChooseDialog.js:70;src_jsc/Views/Dialog/UnionDepotNumChooseDialog.js:74;src_jsc/Views/Dialog/UnionDepotNumChooseDialog.js:78;src_jsc/Views/Dialog/UnionDepotNumChooseDialog.js:82;src_jsc/Views/Dialog/UsrUpgrade.js:94;src_jsc/Views/Dialog/UsrUpgradeNew.js:284;src_jsc/Views/Dialog/UsrUpgradeNew.js:316;src_jsc/Views/Dialog/UsrUpgradeNew.js:348;src_jsc/Views/Dialog/UsrUpgradeNew.js:380;src_jsc/Views/Dialog/UsrUpgradeNew.js:411;src_jsc/Views/FeedBack.js:22;src_jsc/Views/FeedBack.js:26;src_jsc/Views/FeedBack.js:30;src_jsc/Views/Gems/GemsComposeView.js:269;src_jsc/Views/Gems/GemsComposeView.js:366;src_jsc/Views/Gems/GemsComposeView.js:368;src_jsc/Views/Gems/GemsComposeView.js:370;src_jsc/Views/Gems/GemsComposeView.js:372;src_jsc/Views/Gems/GemsComposeView.js:374;src_jsc/Views/Gems/GemsComposeView.js:376;src_jsc/Views/Gems/GemsComposeView.js:378;src_jsc/Views/Gems/GemsComposeView.js:380;src_jsc/Views/Gems/GemsComposeView.js:382;src_jsc/Views/Gems/GemsComposeView.js:384;src_jsc/Views/Gems/GemsComposeView.js:386;src_jsc/Views/Gems/GemsComposeView.js:388;src_jsc/Views/Gems/GemsComposeView.js:390;src_jsc/Views/Gems/GemsComposeView.js:393;src_jsc/Views/Gems/GemsComposeView.js:403;src_jsc/Views/Gems/GemsComposeView.js:405;src_jsc/Views/Gems/GemsComposeView.js:413;src_jsc/Views/Gems/GemsComposeView.js:415;src_jsc/Views/Gems/GemsComposeView.js:425;src_jsc/Views/Gems/GemsComposeView.js:427;src_jsc/Views/Gems/GemsComposeView.js:437;src_jsc/Views/Gems/GemsComposeView.js:439;src_jsc/Views/Gems/GemsComposeView.js:449;src_jsc/Views/Gems/GemsComposeView.js:451;src_jsc/Views/Gems/GemsComposeView.js:460;src_jsc/Views/Gems/GemsComposeView.js:468;src_jsc/Views/Gems/GemsComposeView.js:470;src_jsc/Views/Gems/GemsComposeView.js:477;src_jsc/Views/Gems/GemsComposeView.js:485;src_jsc/Views/Gems/GemsComposeView.js:487;src_jsc/Views/Gems/GemsComposeView.js:494;src_jsc/Views/Gems/GemsComposeView.js:502;src_jsc/Views/Gems/GemsComposeView.js:504;src_jsc/Views/Gems/GemsComposeView.js:511;src_jsc/Views/Gems/GemsComposeView.js:519;src_jsc/Views/Gems/GemsComposeView.js:521;src_jsc/Views/Gems/GemsComposeView.js:539;src_jsc/Views/Gems/GemsComposeView.js:549;src_jsc/Views/Gems/GemsComposeView.js:551;src_jsc/Views/Gems/GemsComposeView.js:553;src_jsc/Views/Gems/GemsComposeView.js:559;src_jsc/Views/Gems/GemsComposeView.js:561;src_jsc/Views/Gems/GemsComposeView.js:563;src_jsc/Views/Gems/GemsComposeView.js:569;src_jsc/Views/Gems/GemsComposeView.js:571;src_jsc/Views/Gems/GemsComposeView.js:573;src_jsc/Views/Gems/GemsSophisticationView.js:731;src_jsc/Views/Goddess/GoddessMainView.js:13;src_jsc/Views/Goddess/GoddessMainView.js:14;src_jsc/Views/Goddess/GoddessMainView.js:45;src_jsc/Views/Goddess/GoddessMainView.js:57;src_jsc/Views/Goddess/GoddessMainView.js:59;src_jsc/Views/Goddess/GoddessMainView.js:65;src_jsc/Views/Goddess/GoddessMainView.js:67;src_jsc/Views/Goddess/GoddessMainView.js:69;src_jsc/Views/Goddess/GoddessMainView.js:116;src_jsc/Views/Goddess/GoddessMainView.js:118;src_jsc/Views/Goddess/GoddessMainView.js:157;src_jsc/Views/Goddess/GoddessMainView.js:159;src_jsc/Views/Goddess/GoddessMainView.js:175;src_jsc/Views/Goddess/GoddessMainView.js:179;src_jsc/Views/Goddess/GoddessMainView.js:183;src_jsc/Views/Goddess/GoddessMainView.js:185;src_jsc/Views/Goddess/GoddessMainView.js:187;src_jsc/Views/Goddess/GoddessMainView.js:189;src_jsc/Views/Goddess/GoddessMainView.js:191;src_jsc/Views/Goddess/GoddessMainView.js:193;src_jsc/Views/Goddess/GoddessMainView.js:195;src_jsc/Views/Goddess/GoddessMainView.js:197;src_jsc/Views/Goddess/GoddessMainView.js:200;src_jsc/Views/Goddess/GoddessMainView.js:202;src_jsc/Views/Goddess/GoddessMainView.js:205;src_jsc/Views/Goddess/GoddessMainView.js:207;src_jsc/Views/Goddess/GoddessMainView.js:252;src_jsc/Views/Goddess/GoddessMainView.js:257;src_jsc/Views/Goddess/GoddessMainView.js:317;src_jsc/Views/Goddess/GoddessMainView.js:319;src_jsc/Views/Goddess/GoddessMainView.js:322;src_jsc/Views/Goddess/GoddessMainView.js:324;src_jsc/Views/Goddess/GoddessMainView.js:457;src_jsc/Views/Goddess/GoddessMainView.js:460;src_jsc/Views/Goddess/GoddessMainView.js:462;src_jsc/Views/Goddess/GoddessMainView.js:469;src_jsc/Views/Goddess/GoddessMainView.js:516;src_jsc/Views/Goddess/GoddessMainView.js:536;src_jsc/Views/Goddess/GoddessMainView.js:550;src_jsc/Views/Goddess/GoddessMainView.js:552;src_jsc/Views/Goddess/GoddessMainView.js:555;src_jsc/Views/Goddess/GoddessMainView.js:557;src_jsc/Views/Goddess/GoddessMainView.js:565;src_jsc/Views/Goddess/GoddessMainView.js:567;src_jsc/Views/Goddess/GoddessMainView.js:570;src_jsc/Views/Goddess/GoddessMainView.js:572;src_jsc/Views/Goddess/GoddessMainView.js:575;src_jsc/Views/Goddess/GoddessMainView.js:579;src_jsc/Views/HDShowViews.js:43;src_jsc/Views/HDShowViews.js:45;src_jsc/Views/HDShowViews.js:49;src_jsc/Views/HDShowViews.js:50;src_jsc/Views/HDShowViews.js:54;src_jsc/Views/HDShowViews.js:56;src_jsc/Views/HDShowViews.js:63;src_jsc/Views/HDShowViews.js:65;src_jsc/Views/HDShowViews.js:68;src_jsc/Views/HDShowViews.js:71;src_jsc/Views/HDShowViews.js:73;src_jsc/Views/HDShowViews.js:83;src_jsc/Views/HDShowViews.js:85;src_jsc/Views/HDShowViews.js:89;src_jsc/Views/HDShowViews.js:90;src_jsc/Views/HDShowViews.js:94;src_jsc/Views/HDShowViews.js:96;src_jsc/Views/HDShowViews.js:107;src_jsc/Views/HDShowViews.js:111;src_jsc/Views/HDShowViews.js:115;src_jsc/Views/HDShowViews.js:116;src_jsc/Views/HDShowViews.js:120;src_jsc/Views/HDShowViews.js:122;src_jsc/Views/HDShowViews.js:133;src_jsc/Views/HDShowViews.js:135;src_jsc/Views/HDShowViews.js:137;src_jsc/Views/HDShowViews.js:139;src_jsc/Views/HDShowViews.js:171;src_jsc/Views/HDShowViews.js:173;src_jsc/Views/HDShowViews.js:182;src_jsc/Views/HDShowViews.js:188;src_jsc/Views/HandbookCell.js:131;src_jsc/Views/HandbookCell.js:133;src_jsc/Views/HandbookCell.js:135;src_jsc/Views/HandbookCell.js:137;src_jsc/Views/HandbookCell.js:139;src_jsc/Views/HandbookCell.js:143;src_jsc/Views/HandbookCell.js:149;src_jsc/Views/HandbookCell.js:180;src_jsc/Views/HandbookCell.js:184;src_jsc/Views/HandbookCell.js:186;src_jsc/Views/HandbookCell.js:189;src_jsc/Views/HandbookCell.js:191;src_jsc/Views/HandbookCell.js:195;src_jsc/Views/HandbookCell.js:197;src_jsc/Views/HandbookCell.js:199;src_jsc/Views/HandbookCell.js:203;src_jsc/Views/HandbookCell.js:209;src_jsc/Views/HandbookCell.js:240;src_jsc/Views/HandbookCell.js:244;src_jsc/Views/HandbookCell.js:246;src_jsc/Views/HandbookCell.js:250;src_jsc/Views/HandbookCell.js:252;src_jsc/Views/HandbookCell.js:254;src_jsc/Views/HandbookCell.js:258;src_jsc/Views/HandbookCell.js:264;src_jsc/Views/HandbookCell.js:296;src_jsc/Views/HandbookCell.js:298;src_jsc/Views/HandbookCell.js:300;src_jsc/Views/HandbookCell.js:303;src_jsc/Views/HandbookCell.js:306;src_jsc/Views/HandbookCell.js:310;src_jsc/Views/HandbookCell.js:316;src_jsc/Views/HandbookCell.js:346;src_jsc/Views/HandbookCell.js:348;src_jsc/Views/HandbookCell.js:350;src_jsc/Views/HandbookCell.js:353;src_jsc/Views/HandbookCell.js:356;src_jsc/Views/HandbookCell.js:360;src_jsc/Views/HandbookCell.js:366;src_jsc/Views/HulaoBattle/GarrisonLayoutDialog.js:103;src_jsc/Views/HulaoBattle/GarrisonLayoutDialog.js:109;src_jsc/Views/HulaoBattle/GarrisonLayoutDialog.js:189;src_jsc/Views/HulaoBattle/GarrisonLayoutDialog.js:657;src_jsc/Views/HulaoBattle/LightenLuckDialog.js:272;src_jsc/Views/HulaoBattle/LightenLuckDialog.js:287;src_jsc/Views/HulaoBattle/LightenLuckDialog.js:324;src_jsc/Views/HulaoBattle/LightenLuckDialog.js:350;src_jsc/Views/HulaoBattle/LightenLuckDialog.js:369;src_jsc/Views/InterService/InterServiceRegistrationView.js:39;src_jsc/Views/InterService/InterServiceRegistrationView.js:43;src_jsc/Views/InterService/InterServiceRegistrationView.js:165;src_jsc/Views/InterService/InterServiceRegistrationView.js:167;src_jsc/Views/InterService/InterServiceRegistrationView.js:169;src_jsc/Views/InterService/InterServiceRegistrationView.js:171;src_jsc/Views/InterService/InterServiceRegistrationView.js:183;src_jsc/Views/InterService/InterServiceRegistrationView.js:184;src_jsc/Views/InterService/InterServiceRegistrationView.js:188;src_jsc/Views/InterService/InterServiceRegistrationView.js:190;src_jsc/Views/InterService/InterServiceRegistrationView.js:192;src_jsc/Views/InterService/InterServiceRegistrationView.js:194;src_jsc/Views/InterService/InterServiceRegistrationView.js:206;src_jsc/Views/InterService/InterServiceRegistrationView.js:207;src_jsc/Views/InterService/InterServiceRegistrationView.js:211;src_jsc/Views/InterService/InterServiceRegistrationView.js:213;src_jsc/Views/InterService/InterServiceRegistrationView.js:215;src_jsc/Views/InterService/InterServiceRegistrationView.js:226;src_jsc/Views/InterService/InterServiceRegistrationView.js:227;src_jsc/Views/InterService/InterServiceRegistrationView.js:234;src_jsc/Views/InterService/InterServiceRegistrationView.js:361;src_jsc/Views/InterService/InterServiceRegistrationView.js:365;src_jsc/Views/InterService/InterServiceRegistrationView.js:399;src_jsc/Views/InterService/InterServiceRegistrationView.js:401;src_jsc/Views/InterService/InterServiceRegistrationView.js:423;src_jsc/Views/InterService/InterServiceRegistrationView.js:428;src_jsc/Views/InterService/InterServiceRegistrationView.js:497;src_jsc/Views/InterService/InterServiceRegistrationView.js:499;src_jsc/Views/InterService/InterServiceRegistrationView.js:501;src_jsc/Views/InterService/PointsExchangeView.js:217;src_jsc/Views/InterService/PointsExchangeView.js:221;src_jsc/Views/InterService/PointsExchangeView.js:237;src_jsc/Views/InterService/PointsExchangeView.js:239;src_jsc/Views/InterService/PointsExchangeView.js:241;src_jsc/Views/InterService/PointsExchangeView.js:257;src_jsc/Views/InterService/PointsExchangeView.js:280;src_jsc/Views/InterService/PointsExchangeView.js:281;src_jsc/Views/InterService/PointsExchangeView.js:283;src_jsc/Views/InterService/PointsExchangeView.js:285;src_jsc/Views/InterService/PointsExchangeView.js:289;src_jsc/Views/InterService/PointsExchangeView.js:291;src_jsc/Views/InterService/PointsExchangeView.js:293;src_jsc/Views/InterService/PointsExchangeView.js:296;src_jsc/Views/InterService/PointsExchangeView.js:298;src_jsc/Views/InterService/PointsExchangeView.js:300;src_jsc/Views/InterService/PointsExchangeView.js:306;src_jsc/Views/InterService/PointsExchangeView.js:360;src_jsc/Views/InterService/PointsExchangeView.js:362;src_jsc/Views/ItemCell.js:206;src_jsc/Views/ItemCell.js:224;src_jsc/Views/ItemCell.js:227;src_jsc/Views/ItemCell.js:237;src_jsc/Views/ItemCell.js:240;src_jsc/Views/ItemCell.js:262;src_jsc/Views/ItemCell.js:279;src_jsc/Views/ItemCell.js:549;src_jsc/Views/MainMenuView.js:21;src_jsc/Views/MainMenuView.js:31;src_jsc/Views/MainMenuView.js:33;src_jsc/Views/MainMenuView.js:35;src_jsc/Views/MainMenuView.js:52;src_jsc/Views/MainMenuView.js:56;src_jsc/Views/MainMenuView.js:60;src_jsc/Views/MainMenuView.js:64;src_jsc/Views/MainMenuView.js:69;src_jsc/Views/MainMenuView.js:169;src_jsc/Views/MainMenuView.js:251;src_jsc/Views/MainMenuView.js:275;src_jsc/Views/MainMenuView.js:293;src_jsc/Views/MainMenuView.js:296;src_jsc/Views/Meridians/MeridiansDetailDialog.js:21;src_jsc/Views/Meridians/MeridiansDetailDialog.js:41;src_jsc/Views/Meridians/MeridiansDetailDialog.js:68;src_jsc/Views/Meridians/MeridiansDetailDialog.js:69;src_jsc/Views/Meridians/MeridiansDetailDialog.js:71;src_jsc/Views/Meridians/MeridiansDetailDialog.js:73;src_jsc/Views/Meridians/MeridiansDetailDialog.js:81;src_jsc/Views/Meridians/MeridiansDetailDialog.js:83;src_jsc/Views/Meridians/MeridiansDetailDialog.js:85;src_jsc/Views/Meridians/MeridiansDetailDialog.js:88;src_jsc/Views/Meridians/MeridiansDetailDialog.js:91;src_jsc/Views/Meridians/MeridiansDetailDialog.js:94;src_jsc/Views/Meridians/MeridiansDetailDialog.js:96;src_jsc/Views/Meridians/MeridiansDetailDialog.js:98;src_jsc/Views/Meridians/MeridiansDetailDialog.js:101;src_jsc/Views/Meridians/MeridiansDetailDialog.js:103;src_jsc/Views/Meridians/MeridiansDetailDialog.js:105;src_jsc/Views/Meridians/MeridiansDetailDialog.js:108;src_jsc/Views/Meridians/MeridiansDetailDialog.js:111;src_jsc/Views/Meridians/MeridiansDetailDialog.js:114;src_jsc/Views/Meridians/MeridiansDetailDialog.js:116;src_jsc/Views/Meridians/MeridiansDetailDialog.js:118;src_jsc/Views/Meridians/MeridiansDetailDialog.js:123;src_jsc/Views/Meridians/MeridiansDetailDialog.js:125;src_jsc/Views/Meridians/MeridiansDetailDialog.js:128;src_jsc/Views/Meridians/MeridiansDetailDialog.js:133;src_jsc/Views/Meridians/MeridiansDetailDialog.js:135;src_jsc/Views/Meridians/MeridiansDetailDialog.js:140;src_jsc/Views/Meridians/MeridiansDetailDialog.js:142;src_jsc/Views/Meridians/MeridiansDetailDialog.js:164;src_jsc/Views/Meridians/MeridiansDetailDialog.js:171;src_jsc/Views/Meridians/MeridiansDetailDialog.js:193;src_jsc/Views/Meridians/MeridiansMainView.js:85;src_jsc/Views/Meridians/MeridiansMainView.js:87;src_jsc/Views/Meridians/MeridiansMainView.js:279;src_jsc/Views/Meridians/MeridiansMainView.js:292;src_jsc/Views/Meridians/MeridiansMainView.js:294;src_jsc/Views/Meridians/MeridiansMainView.js:296;src_jsc/Views/Meridians/MeridiansMainView.js:298;src_jsc/Views/Meridians/MeridiansMainView.js:304;src_jsc/Views/Meridians/MeridiansMainView.js:306;src_jsc/Views/Meridians/MeridiansMainView.js:308;src_jsc/Views/Meridians/MeridiansMainView.js:310;src_jsc/Views/Meridians/MeridiansMainView.js:312;src_jsc/Views/Meridians/MeridiansMainView.js:314;src_jsc/Views/Meridians/MeridiansMainView.js:317;src_jsc/Views/Meridians/MeridiansMainView.js:320;src_jsc/Views/Meridians/MeridiansMainView.js:467;src_jsc/Views/Meridians/MeridiansMainView.js:476;src_jsc/Views/Meridians/MeridiansMainView.js:478;src_jsc/Views/Meridians/MeridiansMainView.js:482;src_jsc/Views/Meridians/MeridiansMainView.js:484;src_jsc/Views/Meridians/MeridiansMainView.js:487;src_jsc/Views/Meridians/MeridiansMainView.js:489;src_jsc/Views/Meridians/MeridiansMainView.js:499;src_jsc/Views/Meridians/MeridiansMainView.js:508;src_jsc/Views/Meridians/MeridiansMainView.js:510;src_jsc/Views/Meridians/MeridiansMainView.js:514;src_jsc/Views/Meridians/MeridiansMainView.js:516;src_jsc/Views/Meridians/MeridiansMainView.js:519;src_jsc/Views/Meridians/MeridiansMainView.js:521;src_jsc/Views/Meridians/MeridiansMainView.js:623;src_jsc/Views/Meridians/MeridiansMainView.js:627;src_jsc/Views/Meridians/MeridiansMainView.js:654;src_jsc/Views/MiniTablePage.js:39;src_jsc/Views/MiniTablePage.js:54;src_jsc/Views/MiniTablePage.js:60;src_jsc/Views/MiniTablePage.js:71;src_jsc/Views/MiniTablePage.js:73;src_jsc/Views/MiracleWeapons/MiracleWeaponLayer.js:22;src_jsc/Views/MiracleWeapons/MiracleWeaponLayer.js:52;src_jsc/Views/MiracleWeapons/MiracleWeaponLayer.js:104;src_jsc/Views/MiracleWeapons/MiracleWeaponLayer.js:106;src_jsc/Views/MiracleWeapons/MiracleWeaponLayer.js:216;src_jsc/Views/MiracleWeapons/MiracleWeaponLayer.js:218;src_jsc/Views/MiracleWeapons/MiracleWeaponLayer.js:220;src_jsc/Views/MiracleWeapons/MiracleWeaponLayer.js:222;src_jsc/Views/MiracleWeapons/MiracleWeaponLayer.js:270;src_jsc/Views/MiracleWeapons/MiracleWeaponLayer.js:274;src_jsc/Views/MiracleWeapons/MiracleWeaponLayer.js:278;src_jsc/Views/MiracleWeapons/MiracleWeaponLayer.js:280;src_jsc/Views/MiracleWeapons/MiracleWeaponLayer.js:282;src_jsc/Views/MiracleWeapons/MiracleWeaponLayer.js:284;src_jsc/Views/MiracleWeapons/MiracleWeaponLayer.js:345;src_jsc/Views/MiracleWeapons/MiracleWeaponLayer.js:348;src_jsc/Views/MiracleWeapons/MiracleWeaponLayer.js:351;src_jsc/Views/MiracleWeapons/MiracleWeaponLayer.js:405;src_jsc/Views/MiracleWeapons/MiracleWeaponLayer.js:443;src_jsc/Views/MiracleWeapons/MiracleWeaponLayer.js:445;src_jsc/Views/MiracleWeapons/MiracleWeaponLayer.js:449;src_jsc/Views/MiracleWeapons/MiracleWeaponLayer.js:451;src_jsc/Views/MiracleWeapons/MiracleWeaponLayer.js:455;src_jsc/Views/MiracleWeapons/MiracleWeaponLayer.js:457;src_jsc/Views/MiracleWeapons/MiracleWeaponLayer.js:460;src_jsc/Views/MiracleWeapons/MiracleWeaponLayer.js:462;src_jsc/Views/MiracleWeapons/MiracleWeaponLayer.js:478;src_jsc/Views/MiracleWeapons/MiracleWeaponLayer.js:480;src_jsc/Views/MiracleWeapons/MiracleWeaponLayer.js:486;src_jsc/Views/MiracleWeapons/MiracleWeaponLayer.js:495;src_jsc/Views/MiracleWeapons/MiracleWeaponLayer.js:498;src_jsc/Views/MiracleWeapons/MiracleWeaponLayer.js:506;src_jsc/Views/MiracleWeapons/MiracleWeaponLayer.js:509;src_jsc/Views/MiracleWeapons/MiracleWeaponLayer.js:513;src_jsc/Views/MiracleWeapons/MiracleWeaponLayer.js:518;src_jsc/Views/MiracleWeapons/MiracleWeaponLayer.js:522;src_jsc/Views/MiracleWeapons/MiracleWeaponLayer.js:527;src_jsc/Views/MiracleWeapons/MiracleWeaponLayer.js:529;src_jsc/Views/MiracleWeapons/MiracleWeaponLayer.js:533;src_jsc/Views/MiracleWeapons/MiracleWeaponLayer.js:535;src_jsc/Views/MiracleWeapons/MiracleWeaponLayer.js:538;src_jsc/Views/MiracleWeapons/MiracleWeaponLayer.js:540;src_jsc/Views/MiracleWeapons/MiracleWeaponLayer.js:550;src_jsc/Views/MiracleWeapons/MiracleWeaponLayer.js:552;src_jsc/Views/MiracleWeapons/MiracleWeaponLayer.js:557;src_jsc/Views/MiracleWeapons/MiracleWeaponLayer.js:559;src_jsc/Views/MiracleWeapons/MiracleWeaponLayer.js:563;src_jsc/Views/MiracleWeapons/MiracleWeaponLayer.js:565;src_jsc/Views/MiracleWeapons/MiracleWeaponLayer.js:568;src_jsc/Views/MiracleWeapons/MiracleWeaponLayer.js:570;src_jsc/Views/MiracleWeapons/MiracleWeaponLayer.js:580;src_jsc/Views/MiracleWeapons/MiracleWeaponLayer.js:654;src_jsc/Views/MiracleWeapons/MiracleWeaponLayer.js:656;src_jsc/Views/MiracleWeapons/MiracleWeaponLayer.js:660;src_jsc/Views/MiracleWeapons/MiracleWeaponLayer.js:662;src_jsc/Views/MiracleWeapons/MiracleWeaponLayer.js:666;src_jsc/Views/MiracleWeapons/MiracleWeaponLayer.js:668;src_jsc/Views/MiracleWeapons/MiracleWeaponLayer.js:671;src_jsc/Views/MiracleWeapons/MiracleWeaponLayer.js:673;src_jsc/Views/MiracleWeapons/MiracleWeaponLayer.js:682;src_jsc/Views/MiracleWeapons/MiracleWeaponLayer.js:687;src_jsc/Views/MiracleWeapons/MiracleWeaponLayer.js:693;src_jsc/Views/MiracleWeapons/SelectMiracleWeaponLayer.js:83;src_jsc/Views/MiracleWeapons/SelectMiracleWeaponLayer.js:85;src_jsc/Views/MiracleWeapons/SelectMiracleWeaponLayer.js:87;src_jsc/Views/MiracleWeapons/SelectMiracleWeaponLayer.js:172;src_jsc/Views/MiracleWeapons/SelectMiracleWeaponLayer.js:320;src_jsc/Views/MiracleWeapons/SelectMiracleWeaponLayer.js:352;src_jsc/Views/MultiLineUpView.js:72;src_jsc/Views/MultiLineUpView.js:79;src_jsc/Views/MultiLineUpView.js:83;src_jsc/Views/MultiLineUpView.js:87;src_jsc/Views/MultiLineUpView.js:94;src_jsc/Views/MultiLineUpView.js:115;src_jsc/Views/MultiLineUpView.js:128;src_jsc/Views/MultiLineUpView.js:129;src_jsc/Views/MultiLineUpView.js:136;src_jsc/Views/MultiLineUpView.js:138;src_jsc/Views/MultiLineUpView.js:141;src_jsc/Views/MultiLineUpView.js:144;src_jsc/Views/MultiLineUpView.js:147;src_jsc/Views/MultiLineUpView.js:149;src_jsc/Views/MultiLineUpView.js:151;src_jsc/Views/MultiLineUpView.js:155;src_jsc/Views/MultiLineUpView.js:158;src_jsc/Views/MultiLineUpView.js:160;src_jsc/Views/MultiLineUpView.js:221;src_jsc/Views/MultiLineUpView.js:257;src_jsc/Views/MultiLineUpView.js:258;src_jsc/Views/MultiLineUpView.js:259;src_jsc/Views/MultiLineUpView.js:265;src_jsc/Views/MultiLineUpView.js:267;src_jsc/Views/MultiLineUpView.js:269;src_jsc/Views/MultiLineUpView.js:272;src_jsc/Views/MultiLineUpView.js:289;src_jsc/Views/MultiLineUpView.js:298;src_jsc/Views/MultiLineUpView.js:299;src_jsc/Views/MultiLineUpView.js:303;src_jsc/Views/MultiLineUpView.js:305;src_jsc/Views/MultiLineUpView.js:308;src_jsc/Views/MultiLineUpView.js:311;src_jsc/Views/MultiLineUpView.js:314;src_jsc/Views/MultiLineUpView.js:316;src_jsc/Views/MultiLineUpView.js:318;src_jsc/Views/ShowTeamView.js:115;src_jsc/Views/ShowTeamView.js:119;src_jsc/Views/ShowTeamView.js:153;src_jsc/Views/ShowTeamView.js:212;src_jsc/Views/SkillRefining/SkillRefiningLayer.js:19;src_jsc/Views/SkillRefining/SkillRefiningLayer.js:63;src_jsc/Views/SkillRefining/SkillRefiningLayer.js:65;src_jsc/Views/SkillRefining/SkillRefiningLayer.js:173;src_jsc/Views/SkillRefining/SkillRefiningLayer.js:175;src_jsc/Views/SkillRefining/SkillRefiningLayer.js:177;src_jsc/Views/SkillRefining/SkillRefiningLayer.js:181;src_jsc/Views/SkillRefining/SkillRefiningLayer.js:185;src_jsc/Views/SkillRefining/SkillRefiningLayer.js:353;src_jsc/Views/SkillRefining/SkillRefiningLayer.js:358;src_jsc/Views/SkillRefining/SkillRefiningLayer.js:362;src_jsc/Views/SkillRefining/SkillRefiningLayer.js:584;src_jsc/Views/SkillRefining/SkillRefiningLayer.js:596;src_jsc/Views/SkillRefining/SkillRefiningLayer.js:598;src_jsc/Views/SkillRefining/SkillRefiningLayer.js:600;src_jsc/Views/SkillRefining/SkillRefiningLayer.js:602;src_jsc/Views/Table/Cell/EquipmentFragmentJoinTableViewCell.js:25;src_jsc/Views/Table/Cell/EquipmentFragmentJoinTableViewCell.js:29;src_jsc/Views/Table/Cell/EquipmentFragmentTableViewCell.js:35;src_jsc/Views/Table/Cell/EquipmentFragmentTableViewCell.js:41;src_jsc/Views/Table/Cell/EquipmentTableViewCell.js:29;src_jsc/Views/Table/Cell/EquipmentTableViewCell.js:33;src_jsc/Views/Table/Cell/EquipmentTableViewStrengthenCell.js:24;src_jsc/Views/Table/Cell/EquipmentTableViewStrengthenCell.js:33;src_jsc/Views/Table/Cell/MultiColumnTableViewCell.js:49;src_jsc/Views/Table/Cell/MultiColumnTableViewCell.js:51;src_jsc/Views/Table/Cell/MultiColumnTableViewCell.js:53;src_jsc/Views/Table/Cell/SkillMeltTableCell.js:29;src_jsc/Views/Table/Cell/SkillMeltTableCell.js:33;src_jsc/Views/Table/Cell/SkillTableViewCell.js:18;src_jsc/Views/Table/Cell/SkillTableViewCell.js:24;src_jsc/Views/Table/Cell/TaskCell.js:109;src_jsc/Views/TablePageView.js:22;src_jsc/Views/TablePageView.js:24;src_jsc/Views/TablePageView.js:36;src_jsc/Views/TablePageView.js:38;src_jsc/Views/TablePageView.js:40;src_jsc/Views/TablePageView.js:50;src_jsc/Views/TablePageView.js:53;src_jsc/Views/TablePageView.js:55;src_jsc/Views/TablePageView.js:60;src_jsc/Views/TablePageView.js:62;src_jsc/Views/TablePageView.js:64;src_jsc/Views/TablePageView.js:68;src_jsc/Views/TablePageView.js:73;src_jsc/Views/TablePageView.js:75;src_jsc/Views/TablePageView.js:88;src_jsc/Views/TablePageView.js:90;src_jsc/Views/TablePageView.js:92;src_jsc/Views/TablePageView.js:140;src_jsc/Views/TablePageView.js:143;src_jsc/Views/TablePageView.js:146;src_jsc/Views/TablePageView.js:184;src_jsc/Views/TablePageView.js:191;src_jsc/Views/TablePageView.js:205;src_jsc/Views/TablePageView.js:207;src_jsc/Views/TablePageView.js:210;src_jsc/Views/TablePageView.js:213;src_jsc/Views/TablePageView.js:215;src_jsc/Views/TablePageView.js:218;src_jsc/Views/TablePageView.js:221;src_jsc/Views/TablePageView.js:223;src_jsc/Views/TablePageView.js:229;src_jsc/Views/TablePageView.js:230;src_jsc/Views/TablePageView.js:231;src_jsc/Views/TablePageView.js:234;src_jsc/Views/TablePageView.js:236;src_jsc/Views/TablePageView.js:252;src_jsc/Views/TablePageView.js:253;src_jsc/Views/TablePageView.js:255;src_jsc/Views/TablePageView.js:275;src_jsc/Views/TablePageView.js:277;src_jsc/Views/TablePageView.js:438;src_jsc/Views/TablePageView.js:472;src_jsc/Views/TablePageView.js:473;src_jsc/Views/TablePageView.js:475;src_jsc/Views/TablePageView.js:477;src_jsc/Views/TablePageView.js:479;src_jsc/Views/TableViewCellButton.js:3;src_jsc/Views/TableViewCellButton.js:5;src_jsc/Views/TableViewCellButton.js:145;src_jsc/Views/TableViewCellButton.js:325;src_jsc/Views/TableViewCellButton.js:328;src_jsc/Views/TableViewCellButton.js:335;src_jsc/Views/TableViewCellButton.js:338;src_jsc/Views/TeamIconButton.js:3;src_jsc/Views/TeamIconButton.js:5;src_jsc/Views/TeamIconButton.js:45;src_jsc/Views/TeamIconButton.js:367;src_jsc/Views/TeamIconButton.js:370;src_jsc/Views/TeamIconButton.js:376;src_jsc/Views/TeamIconButton_Buddy.js:3;src_jsc/Views/TeamIconButton_Buddy.js:5;src_jsc/Views/TeamIconButton_Buddy.js:103;src_jsc/Views/TeamIconButton_Buddy.js:106;src_jsc/Views/TeamIconButton_Buddy.js:112;src_jsc/Views/Union/UnionDepotLayer.js:48;src_jsc/Views/Union/UnionDepotLayer.js:60;src_jsc/Views/Union/UnionDepotLayer.js:68;src_jsc/Views/Union/UnionDepotLayer.js:125;src_jsc/Views/Union/UnionDepotLayer.js:153;src_jsc/Views/Union/UnionDepotLayer.js:155;src_jsc/Views/Union/UnionDepotLayer.js:157;src_jsc/Views/Union/UnionDepotLayer.js:159;src_jsc/Views/Union/UnionDepotLayer.js:161;src_jsc/Views/Union/UnionDepotLayer.js:163;src_jsc/Views/Union/UnionDepotLayer.js:165;src_jsc/Views/Union/UnionDepotLayer.js:168;src_jsc/Views/Union/UnionMemberManageDialog.js:126;src_jsc/Views/Union/UnionMemberManageDialog.js:128;src_jsc/Views/Union/UnionMemberManageDialog.js:130;src_jsc/Views/Union/UnionMemberManageDialog.js:132;src_jsc/Views/Union/UnionMemberManageDialog.js:134;src_jsc/Views/Union/UnionMemberManageDialog.js:190;src_jsc/Views/Union/UnionMemberManageDialog.js:192;src_jsc/Views/Union/UnionSearch.js:74;src_jsc/Views/Union/UnionShopLayer.js:69;src_jsc/Views/VipCell.js:56;src_jsc/Views/headers.js:16;src_jsc/Views/headers.js:35;src_jsc/Views/headers.js:40;src_jsc/Views/headers.js:84;src_jsc/Views/headers.js:99,unknown,unknown,unknown,unknown,unknown,unknown,candidate observed statically; scene reachability unverified,Cocos/JSB stock registration or custom registration; owner not resolved,UNRESOLVED,oracle libcocos2djs.so JSB registration strings,not yet selected,not run
oracle_registered_type,CCAction,CCAction,unknown; resolve against recorded oracle symbol dump,no literal reference found in reconstructed JS,unknown,unknown,unknown,unknown,unknown,unknown,candidate observed statically; scene reachability unverified,Cocos/JSB stock registration or custom registration; owner not resolved,UNRESOLVED,oracle libcocos2djs.so JSB registration strings,not yet selected,not run
oracle_registered_type,CCActionCamera,CCActionCamera,unknown; resolve against recorded oracle symbol dump,no literal reference found in reconstructed JS,unknown,unknown,unknown,unknown,unknown,unknown,candidate observed statically; scene reachability unverified,Cocos/JSB stock registration or custom registration; owner not resolved,UNRESOLVED,oracle libcocos2djs.so JSB registration strings,not yet selected,not run
oracle_registered_type,CCActionEase,CCActionEase,unknown; resolve against recorded oracle symbol dump,no literal reference found in reconstructed JS,unknown,unknown,unknown,unknown,unknown,unknown,candidate observed statically; scene reachability unverified,Cocos/JSB stock registration or custom registration; owner not resolved,UNRESOLVED,oracle libcocos2djs.so JSB registration strings,not yet selected,not run
oracle_registered_type,CCActionInstant,CCActionInstant,unknown; resolve against recorded oracle symbol dump,no literal reference found in reconstructed JS,unknown,unknown,unknown,unknown,unknown,unknown,candidate observed statically; scene reachability unverified,Cocos/JSB stock registration or custom registration; owner not resolved,UNRESOLVED,oracle libcocos2djs.so JSB registration strings,not yet selected,not run
oracle_registered_type,CCActionInterval,CCActionInterval,unknown; resolve against recorded oracle symbol dump,no literal reference found in reconstructed JS,unknown,unknown,unknown,unknown,unknown,unknown,candidate observed statically; scene reachability unverified,Cocos/JSB stock registration or custom registration; owner not resolved,UNRESOLVED,oracle libcocos2djs.so JSB registration strings,not yet selected,not run
oracle_registered_type,CCActionManager,CCActionManager,unknown; resolve against recorded oracle symbol dump,no literal reference found in reconstructed JS,unknown,unknown,unknown,unknown,unknown,unknown,candidate observed statically; scene reachability unverified,Cocos/JSB stock registration or custom registration; owner not resolved,UNRESOLVED,oracle libcocos2djs.so JSB registration strings,not yet selected,not run
oracle_registered_type,CCActionTween,CCActionTween,unknown; resolve against recorded oracle symbol dump,no literal reference found in reconstructed JS,unknown,unknown,unknown,unknown,unknown,unknown,candidate observed statically; scene reachability unverified,Cocos/JSB stock registration or custom registration; owner not resolved,UNRESOLVED,oracle libcocos2djs.so JSB registration strings,not yet selected,not run
oracle_registered_type,CCAnimate,CCAnimate,unknown; resolve against recorded oracle symbol dump,no literal reference found in reconstructed JS,unknown,unknown,unknown,unknown,unknown,unknown,candidate observed statically; scene reachability unverified,Cocos/JSB stock registration or custom registration; owner not resolved,UNRESOLVED,oracle libcocos2djs.so JSB registration strings,not yet selected,not run
oracle_registered_type,CCAnimation,CCAnimation,unknown; resolve against recorded oracle symbol dump,src_jsc/Core/Cocos2d-x/jsb_cocos2d_constants.js:291,unknown,unknown,unknown,unknown,unknown,unknown,candidate observed statically; scene reachability unverified,Cocos/JSB stock registration or custom registration; owner not resolved,UNRESOLVED,oracle libcocos2djs.so JSB registration strings,not yet selected,not run
oracle_registered_type,CCAnimationCache,CCAnimationCache,unknown; resolve against recorded oracle symbol dump,no literal reference found in reconstructed JS,unknown,unknown,unknown,unknown,unknown,unknown,candidate observed statically; scene reachability unverified,Cocos/JSB stock registration or custom registration; owner not resolved,UNRESOLVED,oracle libcocos2djs.so JSB registration strings,not yet selected,not run
oracle_registered_type,CCAnimationFrame,CCAnimationFrame,unknown; resolve against recorded oracle symbol dump,src_jsc/Core/Cocos2d-x/jsb_cocos2d_constants.js:291,unknown,unknown,unknown,unknown,unknown,unknown,candidate observed statically; scene reachability unverified,Cocos/JSB stock registration or custom registration; owner not resolved,UNRESOLVED,oracle libcocos2djs.so JSB registration strings,not yet selected,not run
oracle_registered_type,CCApplication,CCApplication,unknown; resolve against recorded oracle symbol dump,no literal reference found in reconstructed JS,unknown,unknown,unknown,unknown,unknown,unknown,candidate observed statically; scene reachability unverified,Cocos/JSB stock registration or custom registration; owner not resolved,UNRESOLVED,oracle libcocos2djs.so JSB registration strings,not yet selected,not run
oracle_registered_type,CCArmature,CCArmature,unknown; resolve against recorded oracle symbol dump,no literal reference found in reconstructed JS,unknown,unknown,unknown,unknown,unknown,unknown,candidate observed statically; scene reachability unverified,Cocos/JSB stock registration or custom registration; owner not resolved,UNRESOLVED,oracle libcocos2djs.so JSB registration strings,not yet selected,not run
oracle_registered_type,CCArmatureAnimation,CCArmatureAnimation,unknown; resolve against recorded oracle symbol dump,no literal reference found in reconstructed JS,unknown,unknown,unknown,unknown,unknown,unknown,candidate observed statically; scene reachability unverified,Cocos/JSB stock registration or custom registration; owner not resolved,UNRESOLVED,oracle libcocos2djs.so JSB registration strings,not yet selected,not run
oracle_registered_type,CCArmatureDataManager,CCArmatureDataManager,unknown; resolve against recorded oracle symbol dump,no literal reference found in reconstructed JS,unknown,unknown,unknown,unknown,unknown,unknown,candidate observed statically; scene reachability unverified,Cocos/JSB stock registration or custom registration; owner not resolved,UNRESOLVED,oracle libcocos2djs.so JSB registration strings,not yet selected,not run
oracle_registered_type,CCAtlasNode,CCAtlasNode,unknown; resolve against recorded oracle symbol dump,no literal reference found in reconstructed JS,unknown,unknown,unknown,unknown,unknown,unknown,candidate observed statically; scene reachability unverified,Cocos/JSB stock registration or custom registration; owner not resolved,UNRESOLVED,oracle libcocos2djs.so JSB registration strings,not yet selected,not run
oracle_registered_type,CCBAnimationManager,CCBAnimationManager,unknown; resolve against recorded oracle symbol dump,no literal reference found in reconstructed JS,unknown,unknown,unknown,unknown,unknown,unknown,candidate observed statically; scene reachability unverified,Cocos/JSB stock registration or custom registration; owner not resolved,UNRESOLVED,oracle libcocos2djs.so JSB registration strings,not yet selected,not run
oracle_registered_type,CCBReader,CCBReader,unknown; resolve against recorded oracle symbol dump,no literal reference found in reconstructed JS,unknown,unknown,unknown,unknown,unknown,unknown,candidate observed statically; scene reachability unverified,Cocos/JSB stock registration or custom registration; owner not resolved,UNRESOLVED,oracle libcocos2djs.so JSB registration strings,not yet selected,not run
oracle_registered_type,CCBaseData,CCBaseData,unknown; resolve against recorded oracle symbol dump,no literal reference found in reconstructed JS,unknown,unknown,unknown,unknown,unknown,unknown,candidate observed statically; scene reachability unverified,Cocos/JSB stock registration or custom registration; owner not resolved,UNRESOLVED,oracle libcocos2djs.so JSB registration strings,not yet selected,not run
oracle_registered_type,CCBatchNode,CCBatchNode,unknown; resolve against recorded oracle symbol dump,no literal reference found in reconstructed JS,unknown,unknown,unknown,unknown,unknown,unknown,candidate observed statically; scene reachability unverified,Cocos/JSB stock registration or custom registration; owner not resolved,UNRESOLVED,oracle libcocos2djs.so JSB registration strings,not yet selected,not run
oracle_registered_type,CCBezierBy,CCBezierBy,unknown; resolve against recorded oracle symbol dump,no literal reference found in reconstructed JS,unknown,unknown,unknown,unknown,unknown,unknown,candidate observed statically; scene reachability unverified,Cocos/JSB stock registration or custom registration; owner not resolved,UNRESOLVED,oracle libcocos2djs.so JSB registration strings,not yet selected,not run
oracle_registered_type,CCBezierTo,CCBezierTo,unknown; resolve against recorded oracle symbol dump,no literal reference found in reconstructed JS,unknown,unknown,unknown,unknown,unknown,unknown,candidate observed statically; scene reachability unverified,Cocos/JSB stock registration or custom registration; owner not resolved,UNRESOLVED,oracle libcocos2djs.so JSB registration strings,not yet selected,not run
oracle_registered_type,CCBlink,CCBlink,unknown; resolve against recorded oracle symbol dump,no literal reference found in reconstructed JS,unknown,unknown,unknown,unknown,unknown,unknown,candidate observed statically; scene reachability unverified,Cocos/JSB stock registration or custom registration; owner not resolved,UNRESOLVED,oracle libcocos2djs.so JSB registration strings,not yet selected,not run
oracle_registered_type,CCBone,CCBone,unknown; resolve against recorded oracle symbol dump,no literal reference found in reconstructed JS,unknown,unknown,unknown,unknown,unknown,unknown,candidate observed statically; scene reachability unverified,Cocos/JSB stock registration or custom registration; owner not resolved,UNRESOLVED,oracle libcocos2djs.so JSB registration strings,not yet selected,not run
oracle_registered_type,CCCallFunc,CCCallFunc,unknown; resolve against recorded oracle symbol dump,no literal reference found in reconstructed JS,unknown,unknown,unknown,unknown,unknown,unknown,candidate observed statically; scene reachability unverified,Cocos/JSB stock registration or custom registration; owner not resolved,UNRESOLVED,oracle libcocos2djs.so JSB registration strings,not yet selected,not run
oracle_registered_type,CCCamera,CCCamera,unknown; resolve against recorded oracle symbol dump,no literal reference found in reconstructed JS,unknown,unknown,unknown,unknown,unknown,unknown,candidate observed statically; scene reachability unverified,Cocos/JSB stock registration or custom registration; owner not resolved,UNRESOLVED,oracle libcocos2djs.so JSB registration strings,not yet selected,not run
oracle_registered_type,CCCardinalSplineBy,CCCardinalSplineBy,unknown; resolve against recorded oracle symbol dump,no literal reference found in reconstructed JS,unknown,unknown,unknown,unknown,unknown,unknown,candidate observed statically; scene reachability unverified,Cocos/JSB stock registration or custom registration; owner not resolved,UNRESOLVED,oracle libcocos2djs.so JSB registration strings,not yet selected,not run
oracle_registered_type,CCCardinalSplineTo,CCCardinalSplineTo,unknown; resolve against recorded oracle symbol dump,no literal reference found in reconstructed JS,unknown,unknown,unknown,unknown,unknown,unknown,candidate observed statically; scene reachability unverified,Cocos/JSB stock registration or custom registration; owner not resolved,UNRESOLVED,oracle libcocos2djs.so JSB registration strings,not yet selected,not run
oracle_registered_type,CCCatmullRomBy,CCCatmullRomBy,unknown; resolve against recorded oracle symbol dump,no literal reference found in reconstructed JS,unknown,unknown,unknown,unknown,unknown,unknown,candidate observed statically; scene reachability unverified,Cocos/JSB stock registration or custom registration; owner not resolved,UNRESOLVED,oracle libcocos2djs.so JSB registration strings,not yet selected,not run
oracle_registered_type,CCCatmullRomTo,CCCatmullRomTo,unknown; resolve against recorded oracle symbol dump,no literal reference found in reconstructed JS,unknown,unknown,unknown,unknown,unknown,unknown,candidate observed statically; scene reachability unverified,Cocos/JSB stock registration or custom registration; owner not resolved,UNRESOLVED,oracle libcocos2djs.so JSB registration strings,not yet selected,not run
oracle_registered_type,CCClippingNode,CCClippingNode,unknown; resolve against recorded oracle symbol dump,no literal reference found in reconstructed JS,unknown,unknown,unknown,unknown,unknown,unknown,candidate observed statically; scene reachability unverified,Cocos/JSB stock registration or custom registration; owner not resolved,UNRESOLVED,oracle libcocos2djs.so JSB registration strings,not yet selected,not run
oracle_registered_type,CCColliderFilter,CCColliderFilter,unknown; resolve against recorded oracle symbol dump,no literal reference found in reconstructed JS,unknown,unknown,unknown,unknown,unknown,unknown,candidate observed statically; scene reachability unverified,Cocos/JSB stock registration or custom registration; owner not resolved,UNRESOLVED,oracle libcocos2djs.so JSB registration strings,not yet selected,not run
oracle_registered_type,CCComAttribute,CCComAttribute,unknown; resolve against recorded oracle symbol dump,no literal reference found in reconstructed JS,unknown,unknown,unknown,unknown,unknown,unknown,candidate observed statically; scene reachability unverified,Cocos/JSB stock registration or custom registration; owner not resolved,UNRESOLVED,oracle libcocos2djs.so JSB registration strings,not yet selected,not run
oracle_registered_type,CCComAudio,CCComAudio,unknown; resolve against recorded oracle symbol dump,no literal reference found in reconstructed JS,unknown,unknown,unknown,unknown,unknown,unknown,candidate observed statically; scene reachability unverified,Cocos/JSB stock registration or custom registration; owner not resolved,UNRESOLVED,oracle libcocos2djs.so JSB registration strings,not yet selected,not run
oracle_registered_type,CCComController,CCComController,unknown; resolve against recorded oracle symbol dump,no literal reference found in reconstructed JS,unknown,unknown,unknown,unknown,unknown,unknown,candidate observed statically; scene reachability unverified,Cocos/JSB stock registration or custom registration; owner not resolved,UNRESOLVED,oracle libcocos2djs.so JSB registration strings,not yet selected,not run
oracle_registered_type,CCComRender,CCComRender,unknown; resolve against recorded oracle symbol dump,no literal reference found in reconstructed JS,unknown,unknown,unknown,unknown,unknown,unknown,candidate observed statically; scene reachability unverified,Cocos/JSB stock registration or custom registration; owner not resolved,UNRESOLVED,oracle libcocos2djs.so JSB registration strings,not yet selected,not run
oracle_registered_type,CCComponent,CCComponent,unknown; resolve against recorded oracle symbol dump,no literal reference found in reconstructed JS,unknown,unknown,unknown,unknown,unknown,unknown,candidate observed statically; scene reachability unverified,Cocos/JSB stock registration or custom registration; owner not resolved,UNRESOLVED,oracle libcocos2djs.so JSB registration strings,not yet selected,not run
oracle_registered_type,CCControl,CCControl,unknown; resolve against recorded oracle symbol dump,no literal reference found in reconstructed JS,unknown,unknown,unknown,unknown,unknown,unknown,candidate observed statically; scene reachability unverified,Cocos/JSB stock registration or custom registration; owner not resolved,UNRESOLVED,oracle libcocos2djs.so JSB registration strings,not yet selected,not run
oracle_registered_type,CCControlButton,CCControlButton,unknown; resolve against recorded oracle symbol dump,no literal reference found in reconstructed JS,unknown,unknown,unknown,unknown,unknown,unknown,candidate observed statically; scene reachability unverified,Cocos/JSB stock registration or custom registration; owner not resolved,UNRESOLVED,oracle libcocos2djs.so JSB registration strings,not yet selected,not run
oracle_registered_type,CCControlColourPicker,CCControlColourPicker,unknown; resolve against recorded oracle symbol dump,no literal reference found in reconstructed JS,unknown,unknown,unknown,unknown,unknown,unknown,candidate observed statically; scene reachability unverified,Cocos/JSB stock registration or custom registration; owner not resolved,UNRESOLVED,oracle libcocos2djs.so JSB registration strings,not yet selected,not run
oracle_registered_type,CCControlHuePicker,CCControlHuePicker,unknown; resolve against recorded oracle symbol dump,no literal reference found in reconstructed JS,unknown,unknown,unknown,unknown,unknown,unknown,candidate observed statically; scene reachability unverified,Cocos/JSB stock registration or custom registration; owner not resolved,UNRESOLVED,oracle libcocos2djs.so JSB registration strings,not yet selected,not run
oracle_registered_type,CCControlPotentiometer,CCControlPotentiometer,unknown; resolve against recorded oracle symbol dump,no literal reference found in reconstructed JS,unknown,unknown,unknown,unknown,unknown,unknown,candidate observed statically; scene reachability unverified,Cocos/JSB stock registration or custom registration; owner not resolved,UNRESOLVED,oracle libcocos2djs.so JSB registration strings,not yet selected,not run
oracle_registered_type,CCControlSaturationBrightnessPicker,CCControlSaturationBrightnessPicker,unknown; resolve against recorded oracle symbol dump,no literal reference found in reconstructed JS,unknown,unknown,unknown,unknown,unknown,unknown,candidate observed statically; scene reachability unverified,Cocos/JSB stock registration or custom registration; owner not resolved,UNRESOLVED,oracle libcocos2djs.so JSB registration strings,not yet selected,not run
oracle_registered_type,CCControlSlider,CCControlSlider,unknown; resolve against recorded oracle symbol dump,no literal reference found in reconstructed JS,unknown,unknown,unknown,unknown,unknown,unknown,candidate observed statically; scene reachability unverified,Cocos/JSB stock registration or custom registration; owner not resolved,UNRESOLVED,oracle libcocos2djs.so JSB registration strings,not yet selected,not run
oracle_registered_type,CCControlStepper,CCControlStepper,unknown; resolve against recorded oracle symbol dump,no literal reference found in reconstructed JS,unknown,unknown,unknown,unknown,unknown,unknown,candidate observed statically; scene reachability unverified,Cocos/JSB stock registration or custom registration; owner not resolved,UNRESOLVED,oracle libcocos2djs.so JSB registration strings,not yet selected,not run
oracle_registered_type,CCControlSwitch,CCControlSwitch,unknown; resolve against recorded oracle symbol dump,no literal reference found in reconstructed JS,unknown,unknown,unknown,unknown,unknown,unknown,candidate observed statically; scene reachability unverified,Cocos/JSB stock registration or custom registration; owner not resolved,UNRESOLVED,oracle libcocos2djs.so JSB registration strings,not yet selected,not run
oracle_registered_type,CCDelayTime,CCDelayTime,unknown; resolve against recorded oracle symbol dump,no literal reference found in reconstructed JS,unknown,unknown,unknown,unknown,unknown,unknown,candidate observed statically; scene reachability unverified,Cocos/JSB stock registration or custom registration; owner not resolved,UNRESOLVED,oracle libcocos2djs.so JSB registration strings,not yet selected,not run
oracle_registered_type,CCDirector,CCDirector,unknown; resolve against recorded oracle symbol dump,no literal reference found in reconstructed JS,unknown,unknown,unknown,unknown,unknown,unknown,candidate observed statically; scene reachability unverified,Cocos/JSB stock registration or custom registration; owner not resolved,UNRESOLVED,oracle libcocos2djs.so JSB registration strings,not yet selected,not run
oracle_registered_type,CCDisplayManager,CCDisplayManager,unknown; resolve against recorded oracle symbol dump,no literal reference found in reconstructed JS,unknown,unknown,unknown,unknown,unknown,unknown,candidate observed statically; scene reachability unverified,Cocos/JSB stock registration or custom registration; owner not resolved,UNRESOLVED,oracle libcocos2djs.so JSB registration strings,not yet selected,not run
oracle_registered_type,CCDrawNode,CCDrawNode,unknown; resolve against recorded oracle symbol dump,no literal reference found in reconstructed JS,unknown,unknown,unknown,unknown,unknown,unknown,candidate observed statically; scene reachability unverified,Cocos/JSB stock registration or custom registration; owner not resolved,UNRESOLVED,oracle libcocos2djs.so JSB registration strings,not yet selected,not run
oracle_registered_type,CCEGLView,CCEGLView,unknown; resolve against recorded oracle symbol dump,no literal reference found in reconstructed JS,unknown,unknown,unknown,unknown,unknown,unknown,candidate observed statically; scene reachability unverified,Cocos/JSB stock registration or custom registration; owner not resolved,UNRESOLVED,oracle libcocos2djs.so JSB registration strings,not yet selected,not run
oracle_registered_type,CCEGLViewProtocol,CCEGLViewProtocol,unknown; resolve against recorded oracle symbol dump,no literal reference found in reconstructed JS,unknown,unknown,unknown,unknown,unknown,unknown,candidate observed statically; scene reachability unverified,Cocos/JSB stock registration or custom registration; owner not resolved,UNRESOLVED,oracle libcocos2djs.so JSB registration strings,not yet selected,not run
oracle_registered_type,CCEaseBackIn,CCEaseBackIn,unknown; resolve against recorded oracle symbol dump,no literal reference found in reconstructed JS,unknown,unknown,unknown,unknown,unknown,unknown,candidate observed statically; scene reachability unverified,Cocos/JSB stock registration or custom registration; owner not resolved,UNRESOLVED,oracle libcocos2djs.so JSB registration strings,not yet selected,not run
oracle_registered_type,CCEaseBackInOut,CCEaseBackInOut,unknown; resolve against recorded oracle symbol dump,no literal reference found in reconstructed JS,unknown,unknown,unknown,unknown,unknown,unknown,candidate observed statically; scene reachability unverified,Cocos/JSB stock registration or custom registration; owner not resolved,UNRESOLVED,oracle libcocos2djs.so JSB registration strings,not yet selected,not run
oracle_registered_type,CCEaseBackOut,CCEaseBackOut,unknown; resolve against recorded oracle symbol dump,no literal reference found in reconstructed JS,unknown,unknown,unknown,unknown,unknown,unknown,candidate observed statically; scene reachability unverified,Cocos/JSB stock registration or custom registration; owner not resolved,UNRESOLVED,oracle libcocos2djs.so JSB registration strings,not yet selected,not run
oracle_registered_type,CCEaseBounce,CCEaseBounce,unknown; resolve against recorded oracle symbol dump,no literal reference found in reconstructed JS,unknown,unknown,unknown,unknown,unknown,unknown,candidate observed statically; scene reachability unverified,Cocos/JSB stock registration or custom registration; owner not resolved,UNRESOLVED,oracle libcocos2djs.so JSB registration strings,not yet selected,not run
oracle_registered_type,CCEaseBounceIn,CCEaseBounceIn,unknown; resolve against recorded oracle symbol dump,no literal reference found in reconstructed JS,unknown,unknown,unknown,unknown,unknown,unknown,candidate observed statically; scene reachability unverified,Cocos/JSB stock registration or custom registration; owner not resolved,UNRESOLVED,oracle libcocos2djs.so JSB registration strings,not yet selected,not run
oracle_registered_type,CCEaseBounceInOut,CCEaseBounceInOut,unknown; resolve against recorded oracle symbol dump,no literal reference found in reconstructed JS,unknown,unknown,unknown,unknown,unknown,unknown,candidate observed statically; scene reachability unverified,Cocos/JSB stock registration or custom registration; owner not resolved,UNRESOLVED,oracle libcocos2djs.so JSB registration strings,not yet selected,not run
oracle_registered_type,CCEaseBounceOut,CCEaseBounceOut,unknown; resolve against recorded oracle symbol dump,no literal reference found in reconstructed JS,unknown,unknown,unknown,unknown,unknown,unknown,candidate observed statically; scene reachability unverified,Cocos/JSB stock registration or custom registration; owner not resolved,UNRESOLVED,oracle libcocos2djs.so JSB registration strings,not yet selected,not run
oracle_registered_type,CCEaseElastic,CCEaseElastic,unknown; resolve against recorded oracle symbol dump,no literal reference found in reconstructed JS,unknown,unknown,unknown,unknown,unknown,unknown,candidate observed statically; scene reachability unverified,Cocos/JSB stock registration or custom registration; owner not resolved,UNRESOLVED,oracle libcocos2djs.so JSB registration strings,not yet selected,not run
oracle_registered_type,CCEaseElasticIn,CCEaseElasticIn,unknown; resolve against recorded oracle symbol dump,no literal reference found in reconstructed JS,unknown,unknown,unknown,unknown,unknown,unknown,candidate observed statically; scene reachability unverified,Cocos/JSB stock registration or custom registration; owner not resolved,UNRESOLVED,oracle libcocos2djs.so JSB registration strings,not yet selected,not run
oracle_registered_type,CCEaseElasticInOut,CCEaseElasticInOut,unknown; resolve against recorded oracle symbol dump,no literal reference found in reconstructed JS,unknown,unknown,unknown,unknown,unknown,unknown,candidate observed statically; scene reachability unverified,Cocos/JSB stock registration or custom registration; owner not resolved,UNRESOLVED,oracle libcocos2djs.so JSB registration strings,not yet selected,not run
oracle_registered_type,CCEaseElasticOut,CCEaseElasticOut,unknown; resolve against recorded oracle symbol dump,no literal reference found in reconstructed JS,unknown,unknown,unknown,unknown,unknown,unknown,candidate observed statically; scene reachability unverified,Cocos/JSB stock registration or custom registration; owner not resolved,UNRESOLVED,oracle libcocos2djs.so JSB registration strings,not yet selected,not run
oracle_registered_type,CCEaseExponentialIn,CCEaseExponentialIn,unknown; resolve against recorded oracle symbol dump,no literal reference found in reconstructed JS,unknown,unknown,unknown,unknown,unknown,unknown,candidate observed statically; scene reachability unverified,Cocos/JSB stock registration or custom registration; owner not resolved,UNRESOLVED,oracle libcocos2djs.so JSB registration strings,not yet selected,not run
oracle_registered_type,CCEaseExponentialInOut,CCEaseExponentialInOut,unknown; resolve against recorded oracle symbol dump,no literal reference found in reconstructed JS,unknown,unknown,unknown,unknown,unknown,unknown,candidate observed statically; scene reachability unverified,Cocos/JSB stock registration or custom registration; owner not resolved,UNRESOLVED,oracle libcocos2djs.so JSB registration strings,not yet selected,not run
oracle_registered_type,CCEaseExponentialOut,CCEaseExponentialOut,unknown; resolve against recorded oracle symbol dump,no literal reference found in reconstructed JS,unknown,unknown,unknown,unknown,unknown,unknown,candidate observed statically; scene reachability unverified,Cocos/JSB stock registration or custom registration; owner not resolved,UNRESOLVED,oracle libcocos2djs.so JSB registration strings,not yet selected,not run
oracle_registered_type,CCEaseIn,CCEaseIn,unknown; resolve against recorded oracle symbol dump,no literal reference found in reconstructed JS,unknown,unknown,unknown,unknown,unknown,unknown,candidate observed statically; scene reachability unverified,Cocos/JSB stock registration or custom registration; owner not resolved,UNRESOLVED,oracle libcocos2djs.so JSB registration strings,not yet selected,not run
oracle_registered_type,CCEaseInOut,CCEaseInOut,unknown; resolve against recorded oracle symbol dump,no literal reference found in reconstructed JS,unknown,unknown,unknown,unknown,unknown,unknown,candidate observed statically; scene reachability unverified,Cocos/JSB stock registration or custom registration; owner not resolved,UNRESOLVED,oracle libcocos2djs.so JSB registration strings,not yet selected,not run
oracle_registered_type,CCEaseOut,CCEaseOut,unknown; resolve against recorded oracle symbol dump,no literal reference found in reconstructed JS,unknown,unknown,unknown,unknown,unknown,unknown,candidate observed statically; scene reachability unverified,Cocos/JSB stock registration or custom registration; owner not resolved,UNRESOLVED,oracle libcocos2djs.so JSB registration strings,not yet selected,not run
oracle_registered_type,CCEaseRateAction,CCEaseRateAction,unknown; resolve against recorded oracle symbol dump,no literal reference found in reconstructed JS,unknown,unknown,unknown,unknown,unknown,unknown,candidate observed statically; scene reachability unverified,Cocos/JSB stock registration or custom registration; owner not resolved,UNRESOLVED,oracle libcocos2djs.so JSB registration strings,not yet selected,not run
oracle_registered_type,CCEaseSineIn,CCEaseSineIn,unknown; resolve against recorded oracle symbol dump,no literal reference found in reconstructed JS,unknown,unknown,unknown,unknown,unknown,unknown,candidate observed statically; scene reachability unverified,Cocos/JSB stock registration or custom registration; owner not resolved,UNRESOLVED,oracle libcocos2djs.so JSB registration strings,not yet selected,not run
oracle_registered_type,CCEaseSineInOut,CCEaseSineInOut,unknown; resolve against recorded oracle symbol dump,no literal reference found in reconstructed JS,unknown,unknown,unknown,unknown,unknown,unknown,candidate observed statically; scene reachability unverified,Cocos/JSB stock registration or custom registration; owner not resolved,UNRESOLVED,oracle libcocos2djs.so JSB registration strings,not yet selected,not run
oracle_registered_type,CCEaseSineOut,CCEaseSineOut,unknown; resolve against recorded oracle symbol dump,no literal reference found in reconstructed JS,unknown,unknown,unknown,unknown,unknown,unknown,candidate observed statically; scene reachability unverified,Cocos/JSB stock registration or custom registration; owner not resolved,UNRESOLVED,oracle libcocos2djs.so JSB registration strings,not yet selected,not run
oracle_registered_type,CCEditBox,CCEditBox,unknown; resolve against recorded oracle symbol dump,no literal reference found in reconstructed JS,unknown,unknown,unknown,unknown,unknown,unknown,candidate observed statically; scene reachability unverified,Cocos/JSB stock registration or custom registration; owner not resolved,UNRESOLVED,oracle libcocos2djs.so JSB registration strings,not yet selected,not run
oracle_registered_type,CCFadeIn,CCFadeIn,unknown; resolve against recorded oracle symbol dump,no literal reference found in reconstructed JS,unknown,unknown,unknown,unknown,unknown,unknown,candidate observed statically; scene reachability unverified,Cocos/JSB stock registration or custom registration; owner not resolved,UNRESOLVED,oracle libcocos2djs.so JSB registration strings,not yet selected,not run
oracle_registered_type,CCFadeOut,CCFadeOut,unknown; resolve against recorded oracle symbol dump,no literal reference found in reconstructed JS,unknown,unknown,unknown,unknown,unknown,unknown,candidate observed statically; scene reachability unverified,Cocos/JSB stock registration or custom registration; owner not resolved,UNRESOLVED,oracle libcocos2djs.so JSB registration strings,not yet selected,not run
oracle_registered_type,CCFadeOutBLTiles,CCFadeOutBLTiles,unknown; resolve against recorded oracle symbol dump,no literal reference found in reconstructed JS,unknown,unknown,unknown,unknown,unknown,unknown,candidate observed statically; scene reachability unverified,Cocos/JSB stock registration or custom registration; owner not resolved,UNRESOLVED,oracle libcocos2djs.so JSB registration strings,not yet selected,not run
oracle_registered_type,CCFadeOutDownTiles,CCFadeOutDownTiles,unknown; resolve against recorded oracle symbol dump,no literal reference found in reconstructed JS,unknown,unknown,unknown,unknown,unknown,unknown,candidate observed statically; scene reachability unverified,Cocos/JSB stock registration or custom registration; owner not resolved,UNRESOLVED,oracle libcocos2djs.so JSB registration strings,not yet selected,not run
oracle_registered_type,CCFadeOutTRTiles,CCFadeOutTRTiles,unknown; resolve against recorded oracle symbol dump,no literal reference found in reconstructed JS,unknown,unknown,unknown,unknown,unknown,unknown,candidate observed statically; scene reachability unverified,Cocos/JSB stock registration or custom registration; owner not resolved,UNRESOLVED,oracle libcocos2djs.so JSB registration strings,not yet selected,not run
oracle_registered_type,CCFadeOutUpTiles,CCFadeOutUpTiles,unknown; resolve against recorded oracle symbol dump,no literal reference found in reconstructed JS,unknown,unknown,unknown,unknown,unknown,unknown,candidate observed statically; scene reachability unverified,Cocos/JSB stock registration or custom registration; owner not resolved,UNRESOLVED,oracle libcocos2djs.so JSB registration strings,not yet selected,not run
oracle_registered_type,CCFadeTo,CCFadeTo,unknown; resolve against recorded oracle symbol dump,no literal reference found in reconstructed JS,unknown,unknown,unknown,unknown,unknown,unknown,candidate observed statically; scene reachability unverified,Cocos/JSB stock registration or custom registration; owner not resolved,UNRESOLVED,oracle libcocos2djs.so JSB registration strings,not yet selected,not run
oracle_registered_type,CCFileUtils,CCFileUtils,unknown; resolve against recorded oracle symbol dump,no literal reference found in reconstructed JS,unknown,unknown,unknown,unknown,unknown,unknown,candidate observed statically; scene reachability unverified,Cocos/JSB stock registration or custom registration; owner not resolved,UNRESOLVED,oracle libcocos2djs.so JSB registration strings,not yet selected,not run
oracle_registered_type,CCFiniteTimeAction,CCFiniteTimeAction,unknown; resolve against recorded oracle symbol dump,no literal reference found in reconstructed JS,unknown,unknown,unknown,unknown,unknown,unknown,candidate observed statically; scene reachability unverified,Cocos/JSB stock registration or custom registration; owner not resolved,UNRESOLVED,oracle libcocos2djs.so JSB registration strings,not yet selected,not run
oracle_registered_type,CCFlipX,CCFlipX,unknown; resolve against recorded oracle symbol dump,no literal reference found in reconstructed JS,unknown,unknown,unknown,unknown,unknown,unknown,candidate observed statically; scene reachability unverified,Cocos/JSB stock registration or custom registration; owner not resolved,UNRESOLVED,oracle libcocos2djs.so JSB registration strings,not yet selected,not run
oracle_registered_type,CCFlipX3D,CCFlipX3D,unknown; resolve against recorded oracle symbol dump,no literal reference found in reconstructed JS,unknown,unknown,unknown,unknown,unknown,unknown,candidate observed statically; scene reachability unverified,Cocos/JSB stock registration or custom registration; owner not resolved,UNRESOLVED,oracle libcocos2djs.so JSB registration strings,not yet selected,not run
oracle_registered_type,CCFlipY,CCFlipY,unknown; resolve against recorded oracle symbol dump,no literal reference found in reconstructed JS,unknown,unknown,unknown,unknown,unknown,unknown,candidate observed statically; scene reachability unverified,Cocos/JSB stock registration or custom registration; owner not resolved,UNRESOLVED,oracle libcocos2djs.so JSB registration strings,not yet selected,not run
oracle_registered_type,CCFlipY3D,CCFlipY3D,unknown; resolve against recorded oracle symbol dump,no literal reference found in reconstructed JS,unknown,unknown,unknown,unknown,unknown,unknown,candidate observed statically; scene reachability unverified,Cocos/JSB stock registration or custom registration; owner not resolved,UNRESOLVED,oracle libcocos2djs.so JSB registration strings,not yet selected,not run
oracle_registered_type,CCFollow,CCFollow,unknown; resolve against recorded oracle symbol dump,no literal reference found in reconstructed JS,unknown,unknown,unknown,unknown,unknown,unknown,candidate observed statically; scene reachability unverified,Cocos/JSB stock registration or custom registration; owner not resolved,UNRESOLVED,oracle libcocos2djs.so JSB registration strings,not yet selected,not run
oracle_registered_type,CCGLProgram,CCGLProgram,unknown; resolve against recorded oracle symbol dump,no literal reference found in reconstructed JS,unknown,unknown,unknown,unknown,unknown,unknown,candidate observed statically; scene reachability unverified,Cocos/JSB stock registration or custom registration; owner not resolved,UNRESOLVED,oracle libcocos2djs.so JSB registration strings,not yet selected,not run
oracle_registered_type,CCGrid3D,CCGrid3D,unknown; resolve against recorded oracle symbol dump,no literal reference found in reconstructed JS,unknown,unknown,unknown,unknown,unknown,unknown,candidate observed statically; scene reachability unverified,Cocos/JSB stock registration or custom registration; owner not resolved,UNRESOLVED,oracle libcocos2djs.so JSB registration strings,not yet selected,not run
oracle_registered_type,CCGrid3DAction,CCGrid3DAction,unknown; resolve against recorded oracle symbol dump,no literal reference found in reconstructed JS,unknown,unknown,unknown,unknown,unknown,unknown,candidate observed statically; scene reachability unverified,Cocos/JSB stock registration or custom registration; owner not resolved,UNRESOLVED,oracle libcocos2djs.so JSB registration strings,not yet selected,not run
oracle_registered_type,CCGridAction,CCGridAction,unknown; resolve against recorded oracle symbol dump,no literal reference found in reconstructed JS,unknown,unknown,unknown,unknown,unknown,unknown,candidate observed statically; scene reachability unverified,Cocos/JSB stock registration or custom registration; owner not resolved,UNRESOLVED,oracle libcocos2djs.so JSB registration strings,not yet selected,not run
oracle_registered_type,CCGridBase,CCGridBase,unknown; resolve against recorded oracle symbol dump,no literal reference found in reconstructed JS,unknown,unknown,unknown,unknown,unknown,unknown,candidate observed statically; scene reachability unverified,Cocos/JSB stock registration or custom registration; owner not resolved,UNRESOLVED,oracle libcocos2djs.so JSB registration strings,not yet selected,not run
oracle_registered_type,CCHide,CCHide,unknown; resolve against recorded oracle symbol dump,no literal reference found in reconstructed JS,unknown,unknown,unknown,unknown,unknown,unknown,candidate observed statically; scene reachability unverified,Cocos/JSB stock registration or custom registration; owner not resolved,UNRESOLVED,oracle libcocos2djs.so JSB registration strings,not yet selected,not run
oracle_registered_type,CCInputDelegate,CCInputDelegate,unknown; resolve against recorded oracle symbol dump,no literal reference found in reconstructed JS,unknown,unknown,unknown,unknown,unknown,unknown,candidate observed statically; scene reachability unverified,Cocos/JSB stock registration or custom registration; owner not resolved,UNRESOLVED,oracle libcocos2djs.so JSB registration strings,not yet selected,not run
oracle_registered_type,CCJumpBy,CCJumpBy,unknown; resolve against recorded oracle symbol dump,no literal reference found in reconstructed JS,unknown,unknown,unknown,unknown,unknown,unknown,candidate observed statically; scene reachability unverified,Cocos/JSB stock registration or custom registration; owner not resolved,UNRESOLVED,oracle libcocos2djs.so JSB registration strings,not yet selected,not run
oracle_registered_type,CCJumpTiles3D,CCJumpTiles3D,unknown; resolve against recorded oracle symbol dump,no literal reference found in reconstructed JS,unknown,unknown,unknown,unknown,unknown,unknown,candidate observed statically; scene reachability unverified,Cocos/JSB stock registration or custom registration; owner not resolved,UNRESOLVED,oracle libcocos2djs.so JSB registration strings,not yet selected,not run
oracle_registered_type,CCJumpTo,CCJumpTo,unknown; resolve against recorded oracle symbol dump,no literal reference found in reconstructed JS,unknown,unknown,unknown,unknown,unknown,unknown,candidate observed statically; scene reachability unverified,Cocos/JSB stock registration or custom registration; owner not resolved,UNRESOLVED,oracle libcocos2djs.so JSB registration strings,not yet selected,not run
oracle_registered_type,CCLabelAtlas,CCLabelAtlas,unknown; resolve against recorded oracle symbol dump,no literal reference found in reconstructed JS,unknown,unknown,unknown,unknown,unknown,unknown,candidate observed statically; scene reachability unverified,Cocos/JSB stock registration or custom registration; owner not resolved,UNRESOLVED,oracle libcocos2djs.so JSB registration strings,not yet selected,not run
oracle_registered_type,CCLabelBMFont,CCLabelBMFont,unknown; resolve against recorded oracle symbol dump,no literal reference found in reconstructed JS,unknown,unknown,unknown,unknown,unknown,unknown,candidate observed statically; scene reachability unverified,Cocos/JSB stock registration or custom registration; owner not resolved,UNRESOLVED,oracle libcocos2djs.so JSB registration strings,not yet selected,not run
oracle_registered_type,CCLabelTTF,CCLabelTTF,unknown; resolve against recorded oracle symbol dump,no literal reference found in reconstructed JS,unknown,unknown,unknown,unknown,unknown,unknown,candidate observed statically; scene reachability unverified,Cocos/JSB stock registration or custom registration; owner not resolved,UNRESOLVED,oracle libcocos2djs.so JSB registration strings,not yet selected,not run
oracle_registered_type,CCLayer,CCLayer,unknown; resolve against recorded oracle symbol dump,no literal reference found in reconstructed JS,unknown,unknown,unknown,unknown,unknown,unknown,candidate observed statically; scene reachability unverified,Cocos/JSB stock registration or custom registration; owner not resolved,UNRESOLVED,oracle libcocos2djs.so JSB registration strings,not yet selected,not run
oracle_registered_type,CCLayerColor,CCLayerColor,unknown; resolve against recorded oracle symbol dump,no literal reference found in reconstructed JS,unknown,unknown,unknown,unknown,unknown,unknown,candidate observed statically; scene reachability unverified,Cocos/JSB stock registration or custom registration; owner not resolved,UNRESOLVED,oracle libcocos2djs.so JSB registration strings,not yet selected,not run
oracle_registered_type,CCLayerGradient,CCLayerGradient,unknown; resolve against recorded oracle symbol dump,no literal reference found in reconstructed JS,unknown,unknown,unknown,unknown,unknown,unknown,candidate observed statically; scene reachability unverified,Cocos/JSB stock registration or custom registration; owner not resolved,UNRESOLVED,oracle libcocos2djs.so JSB registration strings,not yet selected,not run
oracle_registered_type,CCLayerMultiplex,CCLayerMultiplex,unknown; resolve against recorded oracle symbol dump,no literal reference found in reconstructed JS,unknown,unknown,unknown,unknown,unknown,unknown,candidate observed statically; scene reachability unverified,Cocos/JSB stock registration or custom registration; owner not resolved,UNRESOLVED,oracle libcocos2djs.so JSB registration strings,not yet selected,not run
oracle_registered_type,CCLayerRGBA,CCLayerRGBA,unknown; resolve against recorded oracle symbol dump,no literal reference found in reconstructed JS,unknown,unknown,unknown,unknown,unknown,unknown,candidate observed statically; scene reachability unverified,Cocos/JSB stock registration or custom registration; owner not resolved,UNRESOLVED,oracle libcocos2djs.so JSB registration strings,not yet selected,not run
oracle_registered_type,CCLens3D,CCLens3D,unknown; resolve against recorded oracle symbol dump,no literal reference found in reconstructed JS,unknown,unknown,unknown,unknown,unknown,unknown,candidate observed statically; scene reachability unverified,Cocos/JSB stock registration or custom registration; owner not resolved,UNRESOLVED,oracle libcocos2djs.so JSB registration strings,not yet selected,not run
oracle_registered_type,CCLiquid,CCLiquid,unknown; resolve against recorded oracle symbol dump,no literal reference found in reconstructed JS,unknown,unknown,unknown,unknown,unknown,unknown,candidate observed statically; scene reachability unverified,Cocos/JSB stock registration or custom registration; owner not resolved,UNRESOLVED,oracle libcocos2djs.so JSB registration strings,not yet selected,not run
oracle_registered_type,CCMenu,CCMenu,unknown; resolve against recorded oracle symbol dump,no literal reference found in reconstructed JS,unknown,unknown,unknown,unknown,unknown,unknown,candidate observed statically; scene reachability unverified,Cocos/JSB stock registration or custom registration; owner not resolved,UNRESOLVED,oracle libcocos2djs.so JSB registration strings,not yet selected,not run
oracle_registered_type,CCMenuItem,CCMenuItem,unknown; resolve against recorded oracle symbol dump,no literal reference found in reconstructed JS,unknown,unknown,unknown,unknown,unknown,unknown,candidate observed statically; scene reachability unverified,Cocos/JSB stock registration or custom registration; owner not resolved,UNRESOLVED,oracle libcocos2djs.so JSB registration strings,not yet selected,not run
oracle_registered_type,CCMenuItemAtlasFont,CCMenuItemAtlasFont,unknown; resolve against recorded oracle symbol dump,no literal reference found in reconstructed JS,unknown,unknown,unknown,unknown,unknown,unknown,candidate observed statically; scene reachability unverified,Cocos/JSB stock registration or custom registration; owner not resolved,UNRESOLVED,oracle libcocos2djs.so JSB registration strings,not yet selected,not run
oracle_registered_type,CCMenuItemFont,CCMenuItemFont,unknown; resolve against recorded oracle symbol dump,no literal reference found in reconstructed JS,unknown,unknown,unknown,unknown,unknown,unknown,candidate observed statically; scene reachability unverified,Cocos/JSB stock registration or custom registration; owner not resolved,UNRESOLVED,oracle libcocos2djs.so JSB registration strings,not yet selected,not run
oracle_registered_type,CCMenuItemImage,CCMenuItemImage,unknown; resolve against recorded oracle symbol dump,no literal reference found in reconstructed JS,unknown,unknown,unknown,unknown,unknown,unknown,candidate observed statically; scene reachability unverified,Cocos/JSB stock registration or custom registration; owner not resolved,UNRESOLVED,oracle libcocos2djs.so JSB registration strings,not yet selected,not run
oracle_registered_type,CCMenuItemLabel,CCMenuItemLabel,unknown; resolve against recorded oracle symbol dump,no literal reference found in reconstructed JS,unknown,unknown,unknown,unknown,unknown,unknown,candidate observed statically; scene reachability unverified,Cocos/JSB stock registration or custom registration; owner not resolved,UNRESOLVED,oracle libcocos2djs.so JSB registration strings,not yet selected,not run
oracle_registered_type,CCMenuItemSprite,CCMenuItemSprite,unknown; resolve against recorded oracle symbol dump,no literal reference found in reconstructed JS,unknown,unknown,unknown,unknown,unknown,unknown,candidate observed statically; scene reachability unverified,Cocos/JSB stock registration or custom registration; owner not resolved,UNRESOLVED,oracle libcocos2djs.so JSB registration strings,not yet selected,not run
oracle_registered_type,CCMenuItemToggle,CCMenuItemToggle,unknown; resolve against recorded oracle symbol dump,no literal reference found in reconstructed JS,unknown,unknown,unknown,unknown,unknown,unknown,candidate observed statically; scene reachability unverified,Cocos/JSB stock registration or custom registration; owner not resolved,UNRESOLVED,oracle libcocos2djs.so JSB registration strings,not yet selected,not run
oracle_registered_type,CCMotionStreak,CCMotionStreak,unknown; resolve against recorded oracle symbol dump,no literal reference found in reconstructed JS,unknown,unknown,unknown,unknown,unknown,unknown,candidate observed statically; scene reachability unverified,Cocos/JSB stock registration or custom registration; owner not resolved,UNRESOLVED,oracle libcocos2djs.so JSB registration strings,not yet selected,not run
oracle_registered_type,CCMoveBy,CCMoveBy,unknown; resolve against recorded oracle symbol dump,no literal reference found in reconstructed JS,unknown,unknown,unknown,unknown,unknown,unknown,candidate observed statically; scene reachability unverified,Cocos/JSB stock registration or custom registration; owner not resolved,UNRESOLVED,oracle libcocos2djs.so JSB registration strings,not yet selected,not run
oracle_registered_type,CCMoveTo,CCMoveTo,unknown; resolve against recorded oracle symbol dump,no literal reference found in reconstructed JS,unknown,unknown,unknown,unknown,unknown,unknown,candidate observed statically; scene reachability unverified,Cocos/JSB stock registration or custom registration; owner not resolved,UNRESOLVED,oracle libcocos2djs.so JSB registration strings,not yet selected,not run
oracle_registered_type,CCNode,CCNode,unknown; resolve against recorded oracle symbol dump,src_jsc/Prototype/CCNode.js:3;src_jsc/Views/Dialog/SpecificDialog.js:31;src_jsc/Views/Dialog/SpecificDialog.js:35;src_jsc/Views/Dialog/SpecificDialog.js:37;src_jsc/Views/Dialog/SpecificDialog.js:52,unknown,unknown,unknown,unknown,unknown,unknown,candidate observed statically; scene reachability unverified,Cocos/JSB stock registration or custom registration; owner not resolved,UNRESOLVED,oracle libcocos2djs.so JSB registration strings,not yet selected,not run
oracle_registered_type,CCNodeRGBA,CCNodeRGBA,unknown; resolve against recorded oracle symbol dump,no literal reference found in reconstructed JS,unknown,unknown,unknown,unknown,unknown,unknown,candidate observed statically; scene reachability unverified,Cocos/JSB stock registration or custom registration; owner not resolved,UNRESOLVED,oracle libcocos2djs.so JSB registration strings,not yet selected,not run
oracle_registered_type,CCOrbitCamera,CCOrbitCamera,unknown; resolve against recorded oracle symbol dump,no literal reference found in reconstructed JS,unknown,unknown,unknown,unknown,unknown,unknown,candidate observed statically; scene reachability unverified,Cocos/JSB stock registration or custom registration; owner not resolved,UNRESOLVED,oracle libcocos2djs.so JSB registration strings,not yet selected,not run
oracle_registered_type,CCPageTurn3D,CCPageTurn3D,unknown; resolve against recorded oracle symbol dump,no literal reference found in reconstructed JS,unknown,unknown,unknown,unknown,unknown,unknown,candidate observed statically; scene reachability unverified,Cocos/JSB stock registration or custom registration; owner not resolved,UNRESOLVED,oracle libcocos2djs.so JSB registration strings,not yet selected,not run
oracle_registered_type,CCParallaxNode,CCParallaxNode,unknown; resolve against recorded oracle symbol dump,no literal reference found in reconstructed JS,unknown,unknown,unknown,unknown,unknown,unknown,candidate observed statically; scene reachability unverified,Cocos/JSB stock registration or custom registration; owner not resolved,UNRESOLVED,oracle libcocos2djs.so JSB registration strings,not yet selected,not run
oracle_registered_type,CCParticleBatchNode,CCParticleBatchNode,unknown; resolve against recorded oracle symbol dump,no literal reference found in reconstructed JS,unknown,unknown,unknown,unknown,unknown,unknown,candidate observed statically; scene reachability unverified,Cocos/JSB stock registration or custom registration; owner not resolved,UNRESOLVED,oracle libcocos2djs.so JSB registration strings,not yet selected,not run
oracle_registered_type,CCParticleExplosion,CCParticleExplosion,unknown; resolve against recorded oracle symbol dump,no literal reference found in reconstructed JS,unknown,unknown,unknown,unknown,unknown,unknown,candidate observed statically; scene reachability unverified,Cocos/JSB stock registration or custom registration; owner not resolved,UNRESOLVED,oracle libcocos2djs.so JSB registration strings,not yet selected,not run
oracle_registered_type,CCParticleFire,CCParticleFire,unknown; resolve against recorded oracle symbol dump,no literal reference found in reconstructed JS,unknown,unknown,unknown,unknown,unknown,unknown,candidate observed statically; scene reachability unverified,Cocos/JSB stock registration or custom registration; owner not resolved,UNRESOLVED,oracle libcocos2djs.so JSB registration strings,not yet selected,not run
oracle_registered_type,CCParticleFireworks,CCParticleFireworks,unknown; resolve against recorded oracle symbol dump,no literal reference found in reconstructed JS,unknown,unknown,unknown,unknown,unknown,unknown,candidate observed statically; scene reachability unverified,Cocos/JSB stock registration or custom registration; owner not resolved,UNRESOLVED,oracle libcocos2djs.so JSB registration strings,not yet selected,not run
oracle_registered_type,CCParticleFlower,CCParticleFlower,unknown; resolve against recorded oracle symbol dump,no literal reference found in reconstructed JS,unknown,unknown,unknown,unknown,unknown,unknown,candidate observed statically; scene reachability unverified,Cocos/JSB stock registration or custom registration; owner not resolved,UNRESOLVED,oracle libcocos2djs.so JSB registration strings,not yet selected,not run
oracle_registered_type,CCParticleGalaxy,CCParticleGalaxy,unknown; resolve against recorded oracle symbol dump,no literal reference found in reconstructed JS,unknown,unknown,unknown,unknown,unknown,unknown,candidate observed statically; scene reachability unverified,Cocos/JSB stock registration or custom registration; owner not resolved,UNRESOLVED,oracle libcocos2djs.so JSB registration strings,not yet selected,not run
oracle_registered_type,CCParticleMeteor,CCParticleMeteor,unknown; resolve against recorded oracle symbol dump,no literal reference found in reconstructed JS,unknown,unknown,unknown,unknown,unknown,unknown,candidate observed statically; scene reachability unverified,Cocos/JSB stock registration or custom registration; owner not resolved,UNRESOLVED,oracle libcocos2djs.so JSB registration strings,not yet selected,not run
oracle_registered_type,CCParticleRain,CCParticleRain,unknown; resolve against recorded oracle symbol dump,no literal reference found in reconstructed JS,unknown,unknown,unknown,unknown,unknown,unknown,candidate observed statically; scene reachability unverified,Cocos/JSB stock registration or custom registration; owner not resolved,UNRESOLVED,oracle libcocos2djs.so JSB registration strings,not yet selected,not run
oracle_registered_type,CCParticleSmoke,CCParticleSmoke,unknown; resolve against recorded oracle symbol dump,no literal reference found in reconstructed JS,unknown,unknown,unknown,unknown,unknown,unknown,candidate observed statically; scene reachability unverified,Cocos/JSB stock registration or custom registration; owner not resolved,UNRESOLVED,oracle libcocos2djs.so JSB registration strings,not yet selected,not run
oracle_registered_type,CCParticleSnow,CCParticleSnow,unknown; resolve against recorded oracle symbol dump,no literal reference found in reconstructed JS,unknown,unknown,unknown,unknown,unknown,unknown,candidate observed statically; scene reachability unverified,Cocos/JSB stock registration or custom registration; owner not resolved,UNRESOLVED,oracle libcocos2djs.so JSB registration strings,not yet selected,not run
oracle_registered_type,CCParticleSpiral,CCParticleSpiral,unknown; resolve against recorded oracle symbol dump,no literal reference found in reconstructed JS,unknown,unknown,unknown,unknown,unknown,unknown,candidate observed statically; scene reachability unverified,Cocos/JSB stock registration or custom registration; owner not resolved,UNRESOLVED,oracle libcocos2djs.so JSB registration strings,not yet selected,not run
oracle_registered_type,CCParticleSun,CCParticleSun,unknown; resolve against recorded oracle symbol dump,no literal reference found in reconstructed JS,unknown,unknown,unknown,unknown,unknown,unknown,candidate observed statically; scene reachability unverified,Cocos/JSB stock registration or custom registration; owner not resolved,UNRESOLVED,oracle libcocos2djs.so JSB registration strings,not yet selected,not run
oracle_registered_type,CCParticleSystem,CCParticleSystem,unknown; resolve against recorded oracle symbol dump,no literal reference found in reconstructed JS,unknown,unknown,unknown,unknown,unknown,unknown,candidate observed statically; scene reachability unverified,Cocos/JSB stock registration or custom registration; owner not resolved,UNRESOLVED,oracle libcocos2djs.so JSB registration strings,not yet selected,not run
oracle_registered_type,CCParticleSystemQuad,CCParticleSystemQuad,unknown; resolve against recorded oracle symbol dump,no literal reference found in reconstructed JS,unknown,unknown,unknown,unknown,unknown,unknown,candidate observed statically; scene reachability unverified,Cocos/JSB stock registration or custom registration; owner not resolved,UNRESOLVED,oracle libcocos2djs.so JSB registration strings,not yet selected,not run
oracle_registered_type,CCPlace,CCPlace,unknown; resolve against recorded oracle symbol dump,no literal reference found in reconstructed JS,unknown,unknown,unknown,unknown,unknown,unknown,candidate observed statically; scene reachability unverified,Cocos/JSB stock registration or custom registration; owner not resolved,UNRESOLVED,oracle libcocos2djs.so JSB registration strings,not yet selected,not run
oracle_registered_type,CCProgressFromTo,CCProgressFromTo,unknown; resolve against recorded oracle symbol dump,no literal reference found in reconstructed JS,unknown,unknown,unknown,unknown,unknown,unknown,candidate observed statically; scene reachability unverified,Cocos/JSB stock registration or custom registration; owner not resolved,UNRESOLVED,oracle libcocos2djs.so JSB registration strings,not yet selected,not run
oracle_registered_type,CCProgressTimer,CCProgressTimer,unknown; resolve against recorded oracle symbol dump,no literal reference found in reconstructed JS,unknown,unknown,unknown,unknown,unknown,unknown,candidate observed statically; scene reachability unverified,Cocos/JSB stock registration or custom registration; owner not resolved,UNRESOLVED,oracle libcocos2djs.so JSB registration strings,not yet selected,not run
oracle_registered_type,CCProgressTo,CCProgressTo,unknown; resolve against recorded oracle symbol dump,no literal reference found in reconstructed JS,unknown,unknown,unknown,unknown,unknown,unknown,candidate observed statically; scene reachability unverified,Cocos/JSB stock registration or custom registration; owner not resolved,UNRESOLVED,oracle libcocos2djs.so JSB registration strings,not yet selected,not run
oracle_registered_type,CCRenderTexture,CCRenderTexture,unknown; resolve against recorded oracle symbol dump,no literal reference found in reconstructed JS,unknown,unknown,unknown,unknown,unknown,unknown,candidate observed statically; scene reachability unverified,Cocos/JSB stock registration or custom registration; owner not resolved,UNRESOLVED,oracle libcocos2djs.so JSB registration strings,not yet selected,not run
oracle_registered_type,CCRepeat,CCRepeat,unknown; resolve against recorded oracle symbol dump,no literal reference found in reconstructed JS,unknown,unknown,unknown,unknown,unknown,unknown,candidate observed statically; scene reachability unverified,Cocos/JSB stock registration or custom registration; owner not resolved,UNRESOLVED,oracle libcocos2djs.so JSB registration strings,not yet selected,not run
oracle_registered_type,CCRepeatForever,CCRepeatForever,unknown; resolve against recorded oracle symbol dump,no literal reference found in reconstructed JS,unknown,unknown,unknown,unknown,unknown,unknown,candidate observed statically; scene reachability unverified,Cocos/JSB stock registration or custom registration; owner not resolved,UNRESOLVED,oracle libcocos2djs.so JSB registration strings,not yet selected,not run
oracle_registered_type,CCReuseGrid,CCReuseGrid,unknown; resolve against recorded oracle symbol dump,no literal reference found in reconstructed JS,unknown,unknown,unknown,unknown,unknown,unknown,candidate observed statically; scene reachability unverified,Cocos/JSB stock registration or custom registration; owner not resolved,UNRESOLVED,oracle libcocos2djs.so JSB registration strings,not yet selected,not run
oracle_registered_type,CCRipple3D,CCRipple3D,unknown; resolve against recorded oracle symbol dump,no literal reference found in reconstructed JS,unknown,unknown,unknown,unknown,unknown,unknown,candidate observed statically; scene reachability unverified,Cocos/JSB stock registration or custom registration; owner not resolved,UNRESOLVED,oracle libcocos2djs.so JSB registration strings,not yet selected,not run
oracle_registered_type,CCRotateBy,CCRotateBy,unknown; resolve against recorded oracle symbol dump,no literal reference found in reconstructed JS,unknown,unknown,unknown,unknown,unknown,unknown,candidate observed statically; scene reachability unverified,Cocos/JSB stock registration or custom registration; owner not resolved,UNRESOLVED,oracle libcocos2djs.so JSB registration strings,not yet selected,not run
oracle_registered_type,CCRotateTo,CCRotateTo,unknown; resolve against recorded oracle symbol dump,no literal reference found in reconstructed JS,unknown,unknown,unknown,unknown,unknown,unknown,candidate observed statically; scene reachability unverified,Cocos/JSB stock registration or custom registration; owner not resolved,UNRESOLVED,oracle libcocos2djs.so JSB registration strings,not yet selected,not run
oracle_registered_type,CCScale9Sprite,CCScale9Sprite,unknown; resolve against recorded oracle symbol dump,no literal reference found in reconstructed JS,unknown,unknown,unknown,unknown,unknown,unknown,candidate observed statically; scene reachability unverified,Cocos/JSB stock registration or custom registration; owner not resolved,UNRESOLVED,oracle libcocos2djs.so JSB registration strings,not yet selected,not run
oracle_registered_type,CCScaleBy,CCScaleBy,unknown; resolve against recorded oracle symbol dump,no literal reference found in reconstructed JS,unknown,unknown,unknown,unknown,unknown,unknown,candidate observed statically; scene reachability unverified,Cocos/JSB stock registration or custom registration; owner not resolved,UNRESOLVED,oracle libcocos2djs.so JSB registration strings,not yet selected,not run
oracle_registered_type,CCScaleTo,CCScaleTo,unknown; resolve against recorded oracle symbol dump,no literal reference found in reconstructed JS,unknown,unknown,unknown,unknown,unknown,unknown,candidate observed statically; scene reachability unverified,Cocos/JSB stock registration or custom registration; owner not resolved,UNRESOLVED,oracle libcocos2djs.so JSB registration strings,not yet selected,not run
oracle_registered_type,CCScene,CCScene,unknown; resolve against recorded oracle symbol dump,no literal reference found in reconstructed JS,unknown,unknown,unknown,unknown,unknown,unknown,candidate observed statically; scene reachability unverified,Cocos/JSB stock registration or custom registration; owner not resolved,UNRESOLVED,oracle libcocos2djs.so JSB registration strings,not yet selected,not run
oracle_registered_type,CCScheduler,CCScheduler,unknown; resolve against recorded oracle symbol dump,no literal reference found in reconstructed JS,unknown,unknown,unknown,unknown,unknown,unknown,candidate observed statically; scene reachability unverified,Cocos/JSB stock registration or custom registration; owner not resolved,UNRESOLVED,oracle libcocos2djs.so JSB registration strings,not yet selected,not run
oracle_registered_type,CCScrollView,CCScrollView,unknown; resolve against recorded oracle symbol dump,no literal reference found in reconstructed JS,unknown,unknown,unknown,unknown,unknown,unknown,candidate observed statically; scene reachability unverified,Cocos/JSB stock registration or custom registration; owner not resolved,UNRESOLVED,oracle libcocos2djs.so JSB registration strings,not yet selected,not run
oracle_registered_type,CCSequence,CCSequence,unknown; resolve against recorded oracle symbol dump,no literal reference found in reconstructed JS,unknown,unknown,unknown,unknown,unknown,unknown,candidate observed statically; scene reachability unverified,Cocos/JSB stock registration or custom registration; owner not resolved,UNRESOLVED,oracle libcocos2djs.so JSB registration strings,not yet selected,not run
oracle_registered_type,CCSet,CCSet,unknown; resolve against recorded oracle symbol dump,no literal reference found in reconstructed JS,unknown,unknown,unknown,unknown,unknown,unknown,candidate observed statically; scene reachability unverified,Cocos/JSB stock registration or custom registration; owner not resolved,UNRESOLVED,oracle libcocos2djs.so JSB registration strings,not yet selected,not run
oracle_registered_type,CCShaderCache,CCShaderCache,unknown; resolve against recorded oracle symbol dump,no literal reference found in reconstructed JS,unknown,unknown,unknown,unknown,unknown,unknown,candidate observed statically; scene reachability unverified,Cocos/JSB stock registration or custom registration; owner not resolved,UNRESOLVED,oracle libcocos2djs.so JSB registration strings,not yet selected,not run
oracle_registered_type,CCShaky3D,CCShaky3D,unknown; resolve against recorded oracle symbol dump,no literal reference found in reconstructed JS,unknown,unknown,unknown,unknown,unknown,unknown,candidate observed statically; scene reachability unverified,Cocos/JSB stock registration or custom registration; owner not resolved,UNRESOLVED,oracle libcocos2djs.so JSB registration strings,not yet selected,not run
oracle_registered_type,CCShakyTiles3D,CCShakyTiles3D,unknown; resolve against recorded oracle symbol dump,no literal reference found in reconstructed JS,unknown,unknown,unknown,unknown,unknown,unknown,candidate observed statically; scene reachability unverified,Cocos/JSB stock registration or custom registration; owner not resolved,UNRESOLVED,oracle libcocos2djs.so JSB registration strings,not yet selected,not run
oracle_registered_type,CCShatteredTiles3D,CCShatteredTiles3D,unknown; resolve against recorded oracle symbol dump,no literal reference found in reconstructed JS,unknown,unknown,unknown,unknown,unknown,unknown,candidate observed statically; scene reachability unverified,Cocos/JSB stock registration or custom registration; owner not resolved,UNRESOLVED,oracle libcocos2djs.so JSB registration strings,not yet selected,not run
oracle_registered_type,CCShow,CCShow,unknown; resolve against recorded oracle symbol dump,no literal reference found in reconstructed JS,unknown,unknown,unknown,unknown,unknown,unknown,candidate observed statically; scene reachability unverified,Cocos/JSB stock registration or custom registration; owner not resolved,UNRESOLVED,oracle libcocos2djs.so JSB registration strings,not yet selected,not run
oracle_registered_type,CCShuffleTiles,CCShuffleTiles,unknown; resolve against recorded oracle symbol dump,no literal reference found in reconstructed JS,unknown,unknown,unknown,unknown,unknown,unknown,candidate observed statically; scene reachability unverified,Cocos/JSB stock registration or custom registration; owner not resolved,UNRESOLVED,oracle libcocos2djs.so JSB registration strings,not yet selected,not run
oracle_registered_type,CCSkewBy,CCSkewBy,unknown; resolve against recorded oracle symbol dump,no literal reference found in reconstructed JS,unknown,unknown,unknown,unknown,unknown,unknown,candidate observed statically; scene reachability unverified,Cocos/JSB stock registration or custom registration; owner not resolved,UNRESOLVED,oracle libcocos2djs.so JSB registration strings,not yet selected,not run
oracle_registered_type,CCSkewTo,CCSkewTo,unknown; resolve against recorded oracle symbol dump,no literal reference found in reconstructed JS,unknown,unknown,unknown,unknown,unknown,unknown,candidate observed statically; scene reachability unverified,Cocos/JSB stock registration or custom registration; owner not resolved,UNRESOLVED,oracle libcocos2djs.so JSB registration strings,not yet selected,not run
oracle_registered_type,CCSkin,CCSkin,unknown; resolve against recorded oracle symbol dump,no literal reference found in reconstructed JS,unknown,unknown,unknown,unknown,unknown,unknown,candidate observed statically; scene reachability unverified,Cocos/JSB stock registration or custom registration; owner not resolved,UNRESOLVED,oracle libcocos2djs.so JSB registration strings,not yet selected,not run
oracle_registered_type,CCSpawn,CCSpawn,unknown; resolve against recorded oracle symbol dump,no literal reference found in reconstructed JS,unknown,unknown,unknown,unknown,unknown,unknown,candidate observed statically; scene reachability unverified,Cocos/JSB stock registration or custom registration; owner not resolved,UNRESOLVED,oracle libcocos2djs.so JSB registration strings,not yet selected,not run
oracle_registered_type,CCSpeed,CCSpeed,unknown; resolve against recorded oracle symbol dump,no literal reference found in reconstructed JS,unknown,unknown,unknown,unknown,unknown,unknown,candidate observed statically; scene reachability unverified,Cocos/JSB stock registration or custom registration; owner not resolved,UNRESOLVED,oracle libcocos2djs.so JSB registration strings,not yet selected,not run
oracle_registered_type,CCSplitCols,CCSplitCols,unknown; resolve against recorded oracle symbol dump,no literal reference found in reconstructed JS,unknown,unknown,unknown,unknown,unknown,unknown,candidate observed statically; scene reachability unverified,Cocos/JSB stock registration or custom registration; owner not resolved,UNRESOLVED,oracle libcocos2djs.so JSB registration strings,not yet selected,not run
oracle_registered_type,CCSplitRows,CCSplitRows,unknown; resolve against recorded oracle symbol dump,no literal reference found in reconstructed JS,unknown,unknown,unknown,unknown,unknown,unknown,candidate observed statically; scene reachability unverified,Cocos/JSB stock registration or custom registration; owner not resolved,UNRESOLVED,oracle libcocos2djs.so JSB registration strings,not yet selected,not run
oracle_registered_type,CCSprite,CCSprite,unknown; resolve against recorded oracle symbol dump,no literal reference found in reconstructed JS,unknown,unknown,unknown,unknown,unknown,unknown,candidate observed statically; scene reachability unverified,Cocos/JSB stock registration or custom registration; owner not resolved,UNRESOLVED,oracle libcocos2djs.so JSB registration strings,not yet selected,not run
oracle_registered_type,CCSpriteBatchNode,CCSpriteBatchNode,unknown; resolve against recorded oracle symbol dump,no literal reference found in reconstructed JS,unknown,unknown,unknown,unknown,unknown,unknown,candidate observed statically; scene reachability unverified,Cocos/JSB stock registration or custom registration; owner not resolved,UNRESOLVED,oracle libcocos2djs.so JSB registration strings,not yet selected,not run
oracle_registered_type,CCSpriteFrame,CCSpriteFrame,unknown; resolve against recorded oracle symbol dump,no literal reference found in reconstructed JS,unknown,unknown,unknown,unknown,unknown,unknown,candidate observed statically; scene reachability unverified,Cocos/JSB stock registration or custom registration; owner not resolved,UNRESOLVED,oracle libcocos2djs.so JSB registration strings,not yet selected,not run
oracle_registered_type,CCSpriteFrameCache,CCSpriteFrameCache,unknown; resolve against recorded oracle symbol dump,no literal reference found in reconstructed JS,unknown,unknown,unknown,unknown,unknown,unknown,candidate observed statically; scene reachability unverified,Cocos/JSB stock registration or custom registration; owner not resolved,UNRESOLVED,oracle libcocos2djs.so JSB registration strings,not yet selected,not run
oracle_registered_type,CCStopGrid,CCStopGrid,unknown; resolve against recorded oracle symbol dump,no literal reference found in reconstructed JS,unknown,unknown,unknown,unknown,unknown,unknown,candidate observed statically; scene reachability unverified,Cocos/JSB stock registration or custom registration; owner not resolved,UNRESOLVED,oracle libcocos2djs.so JSB registration strings,not yet selected,not run
oracle_registered_type,CCTMXLayer,CCTMXLayer,unknown; resolve against recorded oracle symbol dump,no literal reference found in reconstructed JS,unknown,unknown,unknown,unknown,unknown,unknown,candidate observed statically; scene reachability unverified,Cocos/JSB stock registration or custom registration; owner not resolved,UNRESOLVED,oracle libcocos2djs.so JSB registration strings,not yet selected,not run
oracle_registered_type,CCTMXLayerInfo,CCTMXLayerInfo,unknown; resolve against recorded oracle symbol dump,no literal reference found in reconstructed JS,unknown,unknown,unknown,unknown,unknown,unknown,candidate observed statically; scene reachability unverified,Cocos/JSB stock registration or custom registration; owner not resolved,UNRESOLVED,oracle libcocos2djs.so JSB registration strings,not yet selected,not run
oracle_registered_type,CCTMXMapInfo,CCTMXMapInfo,unknown; resolve against recorded oracle symbol dump,no literal reference found in reconstructed JS,unknown,unknown,unknown,unknown,unknown,unknown,candidate observed statically; scene reachability unverified,Cocos/JSB stock registration or custom registration; owner not resolved,UNRESOLVED,oracle libcocos2djs.so JSB registration strings,not yet selected,not run
oracle_registered_type,CCTMXObjectGroup,CCTMXObjectGroup,unknown; resolve against recorded oracle symbol dump,no literal reference found in reconstructed JS,unknown,unknown,unknown,unknown,unknown,unknown,candidate observed statically; scene reachability unverified,Cocos/JSB stock registration or custom registration; owner not resolved,UNRESOLVED,oracle libcocos2djs.so JSB registration strings,not yet selected,not run
oracle_registered_type,CCTMXTiledMap,CCTMXTiledMap,unknown; resolve against recorded oracle symbol dump,no literal reference found in reconstructed JS,unknown,unknown,unknown,unknown,unknown,unknown,candidate observed statically; scene reachability unverified,Cocos/JSB stock registration or custom registration; owner not resolved,UNRESOLVED,oracle libcocos2djs.so JSB registration strings,not yet selected,not run
oracle_registered_type,CCTMXTilesetInfo,CCTMXTilesetInfo,unknown; resolve against recorded oracle symbol dump,no literal reference found in reconstructed JS,unknown,unknown,unknown,unknown,unknown,unknown,candidate observed statically; scene reachability unverified,Cocos/JSB stock registration or custom registration; owner not resolved,UNRESOLVED,oracle libcocos2djs.so JSB registration strings,not yet selected,not run
oracle_registered_type,CCTableView,CCTableView,unknown; resolve against recorded oracle symbol dump,no literal reference found in reconstructed JS,unknown,unknown,unknown,unknown,unknown,unknown,candidate observed statically; scene reachability unverified,Cocos/JSB stock registration or custom registration; owner not resolved,UNRESOLVED,oracle libcocos2djs.so JSB registration strings,not yet selected,not run
oracle_registered_type,CCTableViewCell,CCTableViewCell,unknown; resolve against recorded oracle symbol dump,no literal reference found in reconstructed JS,unknown,unknown,unknown,unknown,unknown,unknown,candidate observed statically; scene reachability unverified,Cocos/JSB stock registration or custom registration; owner not resolved,UNRESOLVED,oracle libcocos2djs.so JSB registration strings,not yet selected,not run
oracle_registered_type,CCTargetedAction,CCTargetedAction,unknown; resolve against recorded oracle symbol dump,no literal reference found in reconstructed JS,unknown,unknown,unknown,unknown,unknown,unknown,candidate observed statically; scene reachability unverified,Cocos/JSB stock registration or custom registration; owner not resolved,UNRESOLVED,oracle libcocos2djs.so JSB registration strings,not yet selected,not run
oracle_registered_type,CCTextFieldTTF,CCTextFieldTTF,unknown; resolve against recorded oracle symbol dump,no literal reference found in reconstructed JS,unknown,unknown,unknown,unknown,unknown,unknown,candidate observed statically; scene reachability unverified,Cocos/JSB stock registration or custom registration; owner not resolved,UNRESOLVED,oracle libcocos2djs.so JSB registration strings,not yet selected,not run
oracle_registered_type,CCTexture2D,CCTexture2D,unknown; resolve against recorded oracle symbol dump,no literal reference found in reconstructed JS,unknown,unknown,unknown,unknown,unknown,unknown,candidate observed statically; scene reachability unverified,Cocos/JSB stock registration or custom registration; owner not resolved,UNRESOLVED,oracle libcocos2djs.so JSB registration strings,not yet selected,not run
oracle_registered_type,CCTextureCache,CCTextureCache,unknown; resolve against recorded oracle symbol dump,no literal reference found in reconstructed JS,unknown,unknown,unknown,unknown,unknown,unknown,candidate observed statically; scene reachability unverified,Cocos/JSB stock registration or custom registration; owner not resolved,UNRESOLVED,oracle libcocos2djs.so JSB registration strings,not yet selected,not run
oracle_registered_type,CCTileMapAtlas,CCTileMapAtlas,unknown; resolve against recorded oracle symbol dump,no literal reference found in reconstructed JS,unknown,unknown,unknown,unknown,unknown,unknown,candidate observed statically; scene reachability unverified,Cocos/JSB stock registration or custom registration; owner not resolved,UNRESOLVED,oracle libcocos2djs.so JSB registration strings,not yet selected,not run
oracle_registered_type,CCTiledGrid3D,CCTiledGrid3D,unknown; resolve against recorded oracle symbol dump,no literal reference found in reconstructed JS,unknown,unknown,unknown,unknown,unknown,unknown,candidate observed statically; scene reachability unverified,Cocos/JSB stock registration or custom registration; owner not resolved,UNRESOLVED,oracle libcocos2djs.so JSB registration strings,not yet selected,not run
oracle_registered_type,CCTiledGrid3DAction,CCTiledGrid3DAction,unknown; resolve against recorded oracle symbol dump,no literal reference found in reconstructed JS,unknown,unknown,unknown,unknown,unknown,unknown,candidate observed statically; scene reachability unverified,Cocos/JSB stock registration or custom registration; owner not resolved,UNRESOLVED,oracle libcocos2djs.so JSB registration strings,not yet selected,not run
oracle_registered_type,CCTimer,CCTimer,unknown; resolve against recorded oracle symbol dump,no literal reference found in reconstructed JS,unknown,unknown,unknown,unknown,unknown,unknown,candidate observed statically; scene reachability unverified,Cocos/JSB stock registration or custom registration; owner not resolved,UNRESOLVED,oracle libcocos2djs.so JSB registration strings,not yet selected,not run
oracle_registered_type,CCTintBy,CCTintBy,unknown; resolve against recorded oracle symbol dump,no literal reference found in reconstructed JS,unknown,unknown,unknown,unknown,unknown,unknown,candidate observed statically; scene reachability unverified,Cocos/JSB stock registration or custom registration; owner not resolved,UNRESOLVED,oracle libcocos2djs.so JSB registration strings,not yet selected,not run
oracle_registered_type,CCTintTo,CCTintTo,unknown; resolve against recorded oracle symbol dump,no literal reference found in reconstructed JS,unknown,unknown,unknown,unknown,unknown,unknown,candidate observed statically; scene reachability unverified,Cocos/JSB stock registration or custom registration; owner not resolved,UNRESOLVED,oracle libcocos2djs.so JSB registration strings,not yet selected,not run
oracle_registered_type,CCToggleVisibility,CCToggleVisibility,unknown; resolve against recorded oracle symbol dump,no literal reference found in reconstructed JS,unknown,unknown,unknown,unknown,unknown,unknown,candidate observed statically; scene reachability unverified,Cocos/JSB stock registration or custom registration; owner not resolved,UNRESOLVED,oracle libcocos2djs.so JSB registration strings,not yet selected,not run
oracle_registered_type,CCTouch,CCTouch,unknown; resolve against recorded oracle symbol dump,no literal reference found in reconstructed JS,unknown,unknown,unknown,unknown,unknown,unknown,candidate observed statically; scene reachability unverified,Cocos/JSB stock registration or custom registration; owner not resolved,UNRESOLVED,oracle libcocos2djs.so JSB registration strings,not yet selected,not run
oracle_registered_type,CCTransitionCrossFade,CCTransitionCrossFade,unknown; resolve against recorded oracle symbol dump,no literal reference found in reconstructed JS,unknown,unknown,unknown,unknown,unknown,unknown,candidate observed statically; scene reachability unverified,Cocos/JSB stock registration or custom registration; owner not resolved,UNRESOLVED,oracle libcocos2djs.so JSB registration strings,not yet selected,not run
oracle_registered_type,CCTransitionEaseScene,CCTransitionEaseScene,unknown; resolve against recorded oracle symbol dump,no literal reference found in reconstructed JS,unknown,unknown,unknown,unknown,unknown,unknown,candidate observed statically; scene reachability unverified,Cocos/JSB stock registration or custom registration; owner not resolved,UNRESOLVED,oracle libcocos2djs.so JSB registration strings,not yet selected,not run
oracle_registered_type,CCTransitionFade,CCTransitionFade,unknown; resolve against recorded oracle symbol dump,no literal reference found in reconstructed JS,unknown,unknown,unknown,unknown,unknown,unknown,candidate observed statically; scene reachability unverified,Cocos/JSB stock registration or custom registration; owner not resolved,UNRESOLVED,oracle libcocos2djs.so JSB registration strings,not yet selected,not run
oracle_registered_type,CCTransitionFadeBL,CCTransitionFadeBL,unknown; resolve against recorded oracle symbol dump,no literal reference found in reconstructed JS,unknown,unknown,unknown,unknown,unknown,unknown,candidate observed statically; scene reachability unverified,Cocos/JSB stock registration or custom registration; owner not resolved,UNRESOLVED,oracle libcocos2djs.so JSB registration strings,not yet selected,not run
oracle_registered_type,CCTransitionFadeDown,CCTransitionFadeDown,unknown; resolve against recorded oracle symbol dump,no literal reference found in reconstructed JS,unknown,unknown,unknown,unknown,unknown,unknown,candidate observed statically; scene reachability unverified,Cocos/JSB stock registration or custom registration; owner not resolved,UNRESOLVED,oracle libcocos2djs.so JSB registration strings,not yet selected,not run
oracle_registered_type,CCTransitionFadeTR,CCTransitionFadeTR,unknown; resolve against recorded oracle symbol dump,no literal reference found in reconstructed JS,unknown,unknown,unknown,unknown,unknown,unknown,candidate observed statically; scene reachability unverified,Cocos/JSB stock registration or custom registration; owner not resolved,UNRESOLVED,oracle libcocos2djs.so JSB registration strings,not yet selected,not run
oracle_registered_type,CCTransitionFadeUp,CCTransitionFadeUp,unknown; resolve against recorded oracle symbol dump,no literal reference found in reconstructed JS,unknown,unknown,unknown,unknown,unknown,unknown,candidate observed statically; scene reachability unverified,Cocos/JSB stock registration or custom registration; owner not resolved,UNRESOLVED,oracle libcocos2djs.so JSB registration strings,not yet selected,not run
oracle_registered_type,CCTransitionFlipAngular,CCTransitionFlipAngular,unknown; resolve against recorded oracle symbol dump,no literal reference found in reconstructed JS,unknown,unknown,unknown,unknown,unknown,unknown,candidate observed statically; scene reachability unverified,Cocos/JSB stock registration or custom registration; owner not resolved,UNRESOLVED,oracle libcocos2djs.so JSB registration strings,not yet selected,not run
oracle_registered_type,CCTransitionFlipX,CCTransitionFlipX,unknown; resolve against recorded oracle symbol dump,no literal reference found in reconstructed JS,unknown,unknown,unknown,unknown,unknown,unknown,candidate observed statically; scene reachability unverified,Cocos/JSB stock registration or custom registration; owner not resolved,UNRESOLVED,oracle libcocos2djs.so JSB registration strings,not yet selected,not run
oracle_registered_type,CCTransitionFlipY,CCTransitionFlipY,unknown; resolve against recorded oracle symbol dump,no literal reference found in reconstructed JS,unknown,unknown,unknown,unknown,unknown,unknown,candidate observed statically; scene reachability unverified,Cocos/JSB stock registration or custom registration; owner not resolved,UNRESOLVED,oracle libcocos2djs.so JSB registration strings,not yet selected,not run
oracle_registered_type,CCTransitionJumpZoom,CCTransitionJumpZoom,unknown; resolve against recorded oracle symbol dump,no literal reference found in reconstructed JS,unknown,unknown,unknown,unknown,unknown,unknown,candidate observed statically; scene reachability unverified,Cocos/JSB stock registration or custom registration; owner not resolved,UNRESOLVED,oracle libcocos2djs.so JSB registration strings,not yet selected,not run
oracle_registered_type,CCTransitionMoveInB,CCTransitionMoveInB,unknown; resolve against recorded oracle symbol dump,no literal reference found in reconstructed JS,unknown,unknown,unknown,unknown,unknown,unknown,candidate observed statically; scene reachability unverified,Cocos/JSB stock registration or custom registration; owner not resolved,UNRESOLVED,oracle libcocos2djs.so JSB registration strings,not yet selected,not run
oracle_registered_type,CCTransitionMoveInL,CCTransitionMoveInL,unknown; resolve against recorded oracle symbol dump,no literal reference found in reconstructed JS,unknown,unknown,unknown,unknown,unknown,unknown,candidate observed statically; scene reachability unverified,Cocos/JSB stock registration or custom registration; owner not resolved,UNRESOLVED,oracle libcocos2djs.so JSB registration strings,not yet selected,not run
oracle_registered_type,CCTransitionMoveInR,CCTransitionMoveInR,unknown; resolve against recorded oracle symbol dump,no literal reference found in reconstructed JS,unknown,unknown,unknown,unknown,unknown,unknown,candidate observed statically; scene reachability unverified,Cocos/JSB stock registration or custom registration; owner not resolved,UNRESOLVED,oracle libcocos2djs.so JSB registration strings,not yet selected,not run
oracle_registered_type,CCTransitionMoveInT,CCTransitionMoveInT,unknown; resolve against recorded oracle symbol dump,no literal reference found in reconstructed JS,unknown,unknown,unknown,unknown,unknown,unknown,candidate observed statically; scene reachability unverified,Cocos/JSB stock registration or custom registration; owner not resolved,UNRESOLVED,oracle libcocos2djs.so JSB registration strings,not yet selected,not run
oracle_registered_type,CCTransitionPageTurn,CCTransitionPageTurn,unknown; resolve against recorded oracle symbol dump,no literal reference found in reconstructed JS,unknown,unknown,unknown,unknown,unknown,unknown,candidate observed statically; scene reachability unverified,Cocos/JSB stock registration or custom registration; owner not resolved,UNRESOLVED,oracle libcocos2djs.so JSB registration strings,not yet selected,not run
oracle_registered_type,CCTransitionProgress,CCTransitionProgress,unknown; resolve against recorded oracle symbol dump,no literal reference found in reconstructed JS,unknown,unknown,unknown,unknown,unknown,unknown,candidate observed statically; scene reachability unverified,Cocos/JSB stock registration or custom registration; owner not resolved,UNRESOLVED,oracle libcocos2djs.so JSB registration strings,not yet selected,not run
oracle_registered_type,CCTransitionProgressHorizontal,CCTransitionProgressHorizontal,unknown; resolve against recorded oracle symbol dump,no literal reference found in reconstructed JS,unknown,unknown,unknown,unknown,unknown,unknown,candidate observed statically; scene reachability unverified,Cocos/JSB stock registration or custom registration; owner not resolved,UNRESOLVED,oracle libcocos2djs.so JSB registration strings,not yet selected,not run
oracle_registered_type,CCTransitionProgressInOut,CCTransitionProgressInOut,unknown; resolve against recorded oracle symbol dump,no literal reference found in reconstructed JS,unknown,unknown,unknown,unknown,unknown,unknown,candidate observed statically; scene reachability unverified,Cocos/JSB stock registration or custom registration; owner not resolved,UNRESOLVED,oracle libcocos2djs.so JSB registration strings,not yet selected,not run
oracle_registered_type,CCTransitionProgressOutIn,CCTransitionProgressOutIn,unknown; resolve against recorded oracle symbol dump,no literal reference found in reconstructed JS,unknown,unknown,unknown,unknown,unknown,unknown,candidate observed statically; scene reachability unverified,Cocos/JSB stock registration or custom registration; owner not resolved,UNRESOLVED,oracle libcocos2djs.so JSB registration strings,not yet selected,not run
oracle_registered_type,CCTransitionProgressRadialCCW,CCTransitionProgressRadialCCW,unknown; resolve against recorded oracle symbol dump,no literal reference found in reconstructed JS,unknown,unknown,unknown,unknown,unknown,unknown,candidate observed statically; scene reachability unverified,Cocos/JSB stock registration or custom registration; owner not resolved,UNRESOLVED,oracle libcocos2djs.so JSB registration strings,not yet selected,not run
oracle_registered_type,CCTransitionProgressRadialCW,CCTransitionProgressRadialCW,unknown; resolve against recorded oracle symbol dump,no literal reference found in reconstructed JS,unknown,unknown,unknown,unknown,unknown,unknown,candidate observed statically; scene reachability unverified,Cocos/JSB stock registration or custom registration; owner not resolved,UNRESOLVED,oracle libcocos2djs.so JSB registration strings,not yet selected,not run
oracle_registered_type,CCTransitionProgressVertical,CCTransitionProgressVertical,unknown; resolve against recorded oracle symbol dump,no literal reference found in reconstructed JS,unknown,unknown,unknown,unknown,unknown,unknown,candidate observed statically; scene reachability unverified,Cocos/JSB stock registration or custom registration; owner not resolved,UNRESOLVED,oracle libcocos2djs.so JSB registration strings,not yet selected,not run
oracle_registered_type,CCTransitionRotoZoom,CCTransitionRotoZoom,unknown; resolve against recorded oracle symbol dump,no literal reference found in reconstructed JS,unknown,unknown,unknown,unknown,unknown,unknown,candidate observed statically; scene reachability unverified,Cocos/JSB stock registration or custom registration; owner not resolved,UNRESOLVED,oracle libcocos2djs.so JSB registration strings,not yet selected,not run
oracle_registered_type,CCTransitionScene,CCTransitionScene,unknown; resolve against recorded oracle symbol dump,no literal reference found in reconstructed JS,unknown,unknown,unknown,unknown,unknown,unknown,candidate observed statically; scene reachability unverified,Cocos/JSB stock registration or custom registration; owner not resolved,UNRESOLVED,oracle libcocos2djs.so JSB registration strings,not yet selected,not run
oracle_registered_type,CCTransitionSceneOriented,CCTransitionSceneOriented,unknown; resolve against recorded oracle symbol dump,no literal reference found in reconstructed JS,unknown,unknown,unknown,unknown,unknown,unknown,candidate observed statically; scene reachability unverified,Cocos/JSB stock registration or custom registration; owner not resolved,UNRESOLVED,oracle libcocos2djs.so JSB registration strings,not yet selected,not run
oracle_registered_type,CCTransitionShrinkGrow,CCTransitionShrinkGrow,unknown; resolve against recorded oracle symbol dump,no literal reference found in reconstructed JS,unknown,unknown,unknown,unknown,unknown,unknown,candidate observed statically; scene reachability unverified,Cocos/JSB stock registration or custom registration; owner not resolved,UNRESOLVED,oracle libcocos2djs.so JSB registration strings,not yet selected,not run
oracle_registered_type,CCTransitionSlideInB,CCTransitionSlideInB,unknown; resolve against recorded oracle symbol dump,no literal reference found in reconstructed JS,unknown,unknown,unknown,unknown,unknown,unknown,candidate observed statically; scene reachability unverified,Cocos/JSB stock registration or custom registration; owner not resolved,UNRESOLVED,oracle libcocos2djs.so JSB registration strings,not yet selected,not run
oracle_registered_type,CCTransitionSlideInL,CCTransitionSlideInL,unknown; resolve against recorded oracle symbol dump,no literal reference found in reconstructed JS,unknown,unknown,unknown,unknown,unknown,unknown,candidate observed statically; scene reachability unverified,Cocos/JSB stock registration or custom registration; owner not resolved,UNRESOLVED,oracle libcocos2djs.so JSB registration strings,not yet selected,not run
oracle_registered_type,CCTransitionSlideInR,CCTransitionSlideInR,unknown; resolve against recorded oracle symbol dump,no literal reference found in reconstructed JS,unknown,unknown,unknown,unknown,unknown,unknown,candidate observed statically; scene reachability unverified,Cocos/JSB stock registration or custom registration; owner not resolved,UNRESOLVED,oracle libcocos2djs.so JSB registration strings,not yet selected,not run
oracle_registered_type,CCTransitionSlideInT,CCTransitionSlideInT,unknown; resolve against recorded oracle symbol dump,no literal reference found in reconstructed JS,unknown,unknown,unknown,unknown,unknown,unknown,candidate observed statically; scene reachability unverified,Cocos/JSB stock registration or custom registration; owner not resolved,UNRESOLVED,oracle libcocos2djs.so JSB registration strings,not yet selected,not run
oracle_registered_type,CCTransitionSplitCols,CCTransitionSplitCols,unknown; resolve against recorded oracle symbol dump,no literal reference found in reconstructed JS,unknown,unknown,unknown,unknown,unknown,unknown,candidate observed statically; scene reachability unverified,Cocos/JSB stock registration or custom registration; owner not resolved,UNRESOLVED,oracle libcocos2djs.so JSB registration strings,not yet selected,not run
oracle_registered_type,CCTransitionSplitRows,CCTransitionSplitRows,unknown; resolve against recorded oracle symbol dump,no literal reference found in reconstructed JS,unknown,unknown,unknown,unknown,unknown,unknown,candidate observed statically; scene reachability unverified,Cocos/JSB stock registration or custom registration; owner not resolved,UNRESOLVED,oracle libcocos2djs.so JSB registration strings,not yet selected,not run
oracle_registered_type,CCTransitionTurnOffTiles,CCTransitionTurnOffTiles,unknown; resolve against recorded oracle symbol dump,no literal reference found in reconstructed JS,unknown,unknown,unknown,unknown,unknown,unknown,candidate observed statically; scene reachability unverified,Cocos/JSB stock registration or custom registration; owner not resolved,UNRESOLVED,oracle libcocos2djs.so JSB registration strings,not yet selected,not run
oracle_registered_type,CCTransitionZoomFlipAngular,CCTransitionZoomFlipAngular,unknown; resolve against recorded oracle symbol dump,no literal reference found in reconstructed JS,unknown,unknown,unknown,unknown,unknown,unknown,candidate observed statically; scene reachability unverified,Cocos/JSB stock registration or custom registration; owner not resolved,UNRESOLVED,oracle libcocos2djs.so JSB registration strings,not yet selected,not run
oracle_registered_type,CCTransitionZoomFlipX,CCTransitionZoomFlipX,unknown; resolve against recorded oracle symbol dump,no literal reference found in reconstructed JS,unknown,unknown,unknown,unknown,unknown,unknown,candidate observed statically; scene reachability unverified,Cocos/JSB stock registration or custom registration; owner not resolved,UNRESOLVED,oracle libcocos2djs.so JSB registration strings,not yet selected,not run
oracle_registered_type,CCTransitionZoomFlipY,CCTransitionZoomFlipY,unknown; resolve against recorded oracle symbol dump,no literal reference found in reconstructed JS,unknown,unknown,unknown,unknown,unknown,unknown,candidate observed statically; scene reachability unverified,Cocos/JSB stock registration or custom registration; owner not resolved,UNRESOLVED,oracle libcocos2djs.so JSB registration strings,not yet selected,not run
oracle_registered_type,CCTurnOffTiles,CCTurnOffTiles,unknown; resolve against recorded oracle symbol dump,no literal reference found in reconstructed JS,unknown,unknown,unknown,unknown,unknown,unknown,candidate observed statically; scene reachability unverified,Cocos/JSB stock registration or custom registration; owner not resolved,UNRESOLVED,oracle libcocos2djs.so JSB registration strings,not yet selected,not run
oracle_registered_type,CCTween,CCTween,unknown; resolve against recorded oracle symbol dump,no literal reference found in reconstructed JS,unknown,unknown,unknown,unknown,unknown,unknown,candidate observed statically; scene reachability unverified,Cocos/JSB stock registration or custom registration; owner not resolved,UNRESOLVED,oracle libcocos2djs.so JSB registration strings,not yet selected,not run
oracle_registered_type,CCTwirl,CCTwirl,unknown; resolve against recorded oracle symbol dump,no literal reference found in reconstructed JS,unknown,unknown,unknown,unknown,unknown,unknown,candidate observed statically; scene reachability unverified,Cocos/JSB stock registration or custom registration; owner not resolved,UNRESOLVED,oracle libcocos2djs.so JSB registration strings,not yet selected,not run
oracle_registered_type,CCWaves,CCWaves,unknown; resolve against recorded oracle symbol dump,no literal reference found in reconstructed JS,unknown,unknown,unknown,unknown,unknown,unknown,candidate observed statically; scene reachability unverified,Cocos/JSB stock registration or custom registration; owner not resolved,UNRESOLVED,oracle libcocos2djs.so JSB registration strings,not yet selected,not run
oracle_registered_type,CCWaves3D,CCWaves3D,unknown; resolve against recorded oracle symbol dump,no literal reference found in reconstructed JS,unknown,unknown,unknown,unknown,unknown,unknown,candidate observed statically; scene reachability unverified,Cocos/JSB stock registration or custom registration; owner not resolved,UNRESOLVED,oracle libcocos2djs.so JSB registration strings,not yet selected,not run
oracle_registered_type,CCWavesTiles3D,CCWavesTiles3D,unknown; resolve against recorded oracle symbol dump,no literal reference found in reconstructed JS,unknown,unknown,unknown,unknown,unknown,unknown,candidate observed statically; scene reachability unverified,Cocos/JSB stock registration or custom registration; owner not resolved,UNRESOLVED,oracle libcocos2djs.so JSB registration strings,not yet selected,not run
oracle_registered_type,CheckBox,CheckBox,unknown; resolve against recorded oracle symbol dump,src_jsc/Core/Cocos2d-x/jsb_cocos2d_studio.js:25;src_jsc/Core/Cocos2d-x/jsb_cocos2d_studio.js:126,unknown,unknown,unknown,unknown,unknown,unknown,candidate observed statically; scene reachability unverified,Cocos/JSB stock registration or custom registration; owner not resolved,UNRESOLVED,oracle libcocos2djs.so JSB registration strings,not yet selected,not run
oracle_registered_type,ColliderBody,ColliderBody,unknown; resolve against recorded oracle symbol dump,no literal reference found in reconstructed JS,unknown,unknown,unknown,unknown,unknown,unknown,candidate observed statically; scene reachability unverified,Cocos/JSB stock registration or custom registration; owner not resolved,UNRESOLVED,oracle libcocos2djs.so JSB registration strings,not yet selected,not run
oracle_registered_type,GUIReader,GUIReader,unknown; resolve against recorded oracle symbol dump,no literal reference found in reconstructed JS,unknown,unknown,unknown,unknown,unknown,unknown,candidate observed statically; scene reachability unverified,Cocos/JSB stock registration or custom registration; owner not resolved,UNRESOLVED,oracle libcocos2djs.so JSB registration strings,not yet selected,not run
oracle_registered_type,ImageView,ImageView,unknown; resolve against recorded oracle symbol dump,src_jsc/Core/Cocos2d-x/jsb_cocos2d_studio.js:128,unknown,unknown,unknown,unknown,unknown,unknown,candidate observed statically; scene reachability unverified,Cocos/JSB stock registration or custom registration; owner not resolved,UNRESOLVED,oracle libcocos2djs.so JSB registration strings,not yet selected,not run
oracle_registered_type,JsbConnecter,JsbConnecter,unknown; resolve against recorded oracle symbol dump,src_jsc/AnySdk/AnySdkCallback.js:27;src_jsc/AnySdk/AnySdkCallback.js:41;src_jsc/AnySdk/AnySdkCallback.js:85;src_jsc/AnySdk/AnySdkCallback.js:146;src_jsc/AnySdk/AnySdkCallback.js:152;src_jsc/AnySdk/AnySdkHelp_js.js:13;src_jsc/Core/Tools/Jsb.js:8;src_jsc/Core/Tools/Jsb.js:12;src_jsc/Core/Tools/Jsb.js:16;src_jsc/Core/Tools/Jsb.js:20;src_jsc/Core/Tools/Jsb.js:24;src_jsc/Core/Tools/Jsb.js:28;src_jsc/Core/Tools/Jsb.js:32;src_jsc/Core/Tools/Jsb.js:36;src_jsc/Core/Tools/Jsb.js:40;src_jsc/Core/Tools/Jsb.js:44;src_jsc/Core/Tools/Jsb.js:48;src_jsc/Core/Tools/Jsb.js:52;src_jsc/Core/Tools/Jsb.js:57;src_jsc/Core/Tools/Jsb.js:64;src_jsc/Core/Tools/Jsb.js:68;src_jsc/Core/Tools/Jsb.js:72;src_jsc/Core/Tools/Jsb.js:76;src_jsc/Core/Tools/Jsb.js:81;src_jsc/Core/Tools/Jsb.js:87;src_jsc/Core/Tools/Jsb.js:93;src_jsc/Core/Tools/Statistic.js:17;src_jsc/Core/Utils/headers.js:197;src_jsc/Core/Utils/headers.js:257;src_jsc/Core/Utils/headers.js:263;src_jsc/Debug/Logger.js:21;src_jsc/Debug/Logger.js:88;src_jsc/Debug/Logger.js:110;src_jsc/Factorys/Sprite.js:140;src_jsc/Factorys/Sprite.js:177;src_jsc/Models/HD.js:19;src_jsc/Profile/Account.js:50;src_jsc/Profile/Account.js:57;src_jsc/Profile/GameData/common.js:322;src_jsc/Scene/Debug/DebugScene.js:99;src_jsc/Scene/Login/LoginScene_AnySdk.js:648;src_jsc/Scene/Login/LoginScene_BfSdk.js:520;src_jsc/Scene/Login/LoginScene_BfSdk.js:987;src_jsc/Scene/Login/LoginScene_ThirdGuestSdk.js:118;src_jsc/Scene/Login/LoginScene_ThirdGuestSdk.js:120;src_jsc/Scene/Login/LoginScene_ThirdGuestSdk.js:181;src_jsc/Scene/Login/LoginScene_ThirdGuestSdk.js:213;src_jsc/Scene/Login/LoginScene_ThirdGuestSdk.js:294;src_jsc/Scene/Login/LoginScene_ThirdGuestSdk.js:313;src_jsc/Scene/Login/LoginScene_ThirdGuestSdk.js:318;src_jsc/Scene/Login/LoginScene_ThirdSdk.js:135;src_jsc/Scene/Login/LoginScene_ThirdSdk.js:208;src_jsc/Scene/Login/LoginScene_ThirdSdk.js:240;src_jsc/Scene/Login/LoginScene_ThirdSdk.js:306;src_jsc/Scene/Login/LoginScene_ThirdSdk.js:311;src_jsc/Scene/Login/LoginScene_ThirdSdk.js:333;src_jsc/Scene/Login/LoginScene_ThirdSdk.js:336;src_jsc/Scene/Login/headers.js:26;src_jsc/Scene/Login/headers.js:29;src_jsc/Scene/Login/headers.js:39;src_jsc/Scene/Login/headers.js:97;src_jsc/Scene/Main/MainMenuScene.js:650;src_jsc/Scene/Setting/SettingScene.js:244;src_jsc/Scene/Setting/SettingScene.js:435;src_jsc/Scene/Setting/SettingScene.js:486;src_jsc/Scene/Setting/SettingScene.js:494;src_jsc/Tools/Jsb.js:17;src_jsc/Tools/Jsb.js:22;src_jsc/Tools/Jsb.js:37;src_jsc/Tools/Jsb.js:45;src_jsc/Tools/Jsb.js:53;src_jsc/Tools/Jsb.js:61;src_jsc/Tools/Jsb.js:69;src_jsc/Tools/Jsb.js:80;src_jsc/Tools/Jsb.js:84;src_jsc/Tools/Jsb.js:88;src_jsc/Tools/Jsb.js:92;src_jsc/Tools/Jsb.js:96;src_jsc/Tools/Jsb.js:100;src_jsc/Tools/Jsb.js:105;src_jsc/Tools/Jsb.js:112;src_jsc/Tools/Jsb.js:117;src_jsc/Tools/Jsb.js:122;src_jsc/Tools/Jsb.js:127;src_jsc/Tools/Jsb.js:133;src_jsc/Tools/Jsb.js:139;src_jsc/Tools/Jsb.js:144;src_jsc/Tools/Jsb.js:152;src_jsc/Tools/Jsb.js:156;src_jsc/Tools/Jsb.js:160;src_jsc/Tools/Jsb.js:164;src_jsc/Tools/Jsb.js:171;src_jsc/Tools/Jsb.js:185;src_jsc/Tools/Jsb.js:194;src_jsc/Tools/Net.js:1507;src_jsc/Tools/Net.js:1509;src_jsc/Tools/Net.js:1511;src_jsc/Tools/Net.js:1513;src_jsc/Tools/Net.js:1515;src_jsc/Tools/Net.js:1544;src_jsc/Tools/Net.js:1601;src_jsc/Tools/Net.js:1603;src_jsc/Tools/Net.js:1605;src_jsc/Tools/Net.js:1607;src_jsc/Tools/Net.js:1634;src_jsc/Tools/Net.js:1695;src_jsc/Tools/Statistic.js:67;src_jsc/Tools/Statistic.js:80;src_jsc/Tools/Statistic.js:162;src_jsc/Tools/Sys.js:26;src_jsc/Tools/Sys.js:32;src_jsc/Tools/Sys.js:143;src_jsc/Tools/TalkingDataAppCpa.js:12;src_jsc/Tools/TalkingDataAppCpa.js:20;src_jsc/Tools/TalkingDataAppCpa.js:31;src_jsc/Tools/TalkingDataAppCpa.js:35;src_jsc/Tools/UI.js:530;src_jsc/Tools/UI.js:555;src_jsc/Tools/UI.js:601;src_jsc/Tools/UI.js:626;src_jsc/Utils/FileSys.js:22;src_jsc/Utils/FileSys.js:28;src_jsc/Utils/Statistic.js:112;src_jsc/Utils/Statistic.js:117;src_jsc/Utils/Statistic.js:122;src_jsc/Utils/Statistic.js:127;src_jsc/Utils/Statistic.js:132;src_jsc/Utils/Statistic.js:137;src_jsc/Utils/Statistic.js:142;src_jsc/Utils/Statistic.js:147;src_jsc/Views/Dialog/BindingDialog.js:250;src_jsc/Views/Dialog/BindingDialog.js:295;src_jsc/Views/Dialog/BindingTelDialog.js:114;src_jsc/Views/Dialog/BindingTelDialog.js:129;src_jsc/Views/Dialog/CheckOrderDialog.js:100;src_jsc/Views/Dialog/CheckOrderDialog.js:108;src_jsc/Views/Dialog/CheckOrderDialog.js:116;src_jsc/Views/Dialog/FGLoginDialog.js:56;src_jsc/Views/Dialog/FGLoginDialog.js:59;src_jsc/Views/Dialog/FGLoginDialog.js:66;src_jsc/Views/Dialog/FGLoginDialog.js:68;src_jsc/Views/Dialog/FGLoginDialog.js:71;src_jsc/Views/Dialog/FGLoginDialog.js:75;src_jsc/Views/Dialog/FGLoginDialog.js:85;src_jsc/Views/Dialog/FGLoginDialog.js:88;src_jsc/Views/Dialog/FGLoginDialog.js:95;src_jsc/Views/Dialog/FGLoginDialog.js:97;src_jsc/Views/Dialog/FGLoginDialog.js:100;src_jsc/Views/Dialog/FGLoginDialog.js:104;src_jsc/Views/Dialog/SpecificDialog.js:872;src_jsc/Views/HDShowViews.js:60;src_jsc/Views/HDShowViews.js:77;src_jsc/Views/HDShowViews.js:100;src_jsc/Views/HDShowViews.js:126;src_jsc/Views/Table/ChargeItemTableView.js:47;src_jsc/Views/Table/ChargeItemTableView.js:156;src_jsc/Views/Table/ChargeItemTableView.js:170;src_jsc/Views/Table/ChargeItemTableView.js:280;src_jsc/Views/Table/ChargeItemTableView.js:288;src_jsc/Views/Table/ChargeItemTableView.js:299;src_jsc/Views/Table/ChargeItemTableView.js:318;src_jsc/cpp2jsb.js:233;src_jsc/cpp2jsb.js:252;src_jsc/main.js:13;src_jsc/main.js:15;src_jsc/main.js:17;src_jsc/main.js:19;src_jsc/main.js:21;src_jsc/main.js:34;src_jsc/main.js:271,unknown,unknown,unknown,unknown,unknown,unknown,candidate observed statically; scene reachability unverified,Cocos/JSB stock registration or custom registration; owner not resolved,UNRESOLVED,oracle libcocos2djs.so JSB registration strings,not yet selected,not run
oracle_registered_type,Label,Label,unknown; resolve against recorded oracle symbol dump,data_cn_jsc/plan/sgs_i18n.js:3499;data_cn_jsc/plan/sgs_i18n.js:7574;data_cn_jsc/plan/sgs_i18n.js:11616;data_cn_jsc/plan/sgs_i18n.js:19978;data_cn_jsc/plan/sgs_i18n.js:23941;data_cn_jsc/plan/sgs_i18n.js:27995;data_cn_jsc/plan/sgs_i18n.js:32052;data_cn_jsc/plan/sgs_i18n.js:36097;data_cn_jsc/plan/sgs_i18n.js:40016;src_jsc/Cfg/Label.js:3;src_jsc/Cfg/Label.js:5;src_jsc/Cfg/Label.js:7;src_jsc/Cfg/Label.js:8;src_jsc/Cfg/Label.js:9;src_jsc/Cfg/Label.js:10;src_jsc/Cfg/Label.js:11;src_jsc/Cfg/Label.js:12;src_jsc/Cfg/Label.js:13;src_jsc/Cfg/Label.js:14;src_jsc/Cfg/Label.js:15;src_jsc/Cfg/Label.js:16;src_jsc/Cfg/Label.js:17;src_jsc/Cfg/Label.js:18;src_jsc/Cfg/Label.js:19;src_jsc/Cfg/Label.js:20;src_jsc/Cfg/Label.js:21;src_jsc/Cfg/Label.js:22;src_jsc/Cfg/Label.js:23;src_jsc/Cfg/Label.js:24;src_jsc/Cfg/Label.js:25;src_jsc/Cfg/Label.js:28;src_jsc/Cfg/Scene.js:210;src_jsc/Cfg/Scene.js:218;src_jsc/Cfg/Scene.js:226;src_jsc/Cfg/String.js:24;src_jsc/Cfg/String.js:25;src_jsc/Cfg/String.js:26;src_jsc/Cfg/headers.js:110;src_jsc/Core/Cocos2d-x/jsb_cocos2d.js:720;src_jsc/Core/Cocos2d-x/jsb_cocos2d.js:728;src_jsc/Core/Cocos2d-x/jsb_cocos2d.js:731;src_jsc/Core/Cocos2d-x/jsb_cocos2d_studio.js:92;src_jsc/Core/Cocos2d-x/jsb_cocos2d_studio.js:130;src_jsc/Core/Cocos2d-x/jsb_cocos2d_studio.js:132;src_jsc/Core/Cocos2d-x/jsb_cocos2d_studio.js:134;src_jsc/Factorys/BaseLabel.js:3;src_jsc/Factorys/BaseLabel.js:5;src_jsc/Factorys/BaseLabel.js:6;src_jsc/Factorys/BaseLabel.js:98;src_jsc/Factorys/BaseLabel.js:167;src_jsc/Factorys/BaseLabel.js:171;src_jsc/Factorys/Label.js:3;src_jsc/Factorys/Label.js:5;src_jsc/Factorys/Label.js:6;src_jsc/Factorys/Label.js:10;src_jsc/Factorys/Label.js:15;src_jsc/Factorys/Label.js:28;src_jsc/Factorys/Label.js:34;src_jsc/Factorys/Label.js:39;src_jsc/Factorys/Label.js:62;src_jsc/Factorys/Label.js:66;src_jsc/Factorys/Label.js:69;src_jsc/Factorys/Label.js:98;src_jsc/Factorys/Label.js:107;src_jsc/Factorys/LabelBMFont.js:3;src_jsc/Factorys/LabelBMFont.js:5;src_jsc/Factorys/LabelBMFont.js:14;src_jsc/Factorys/LabelBMFont.js:16;src_jsc/Factorys/LabelBMFont.js:20;src_jsc/Factorys/LabelBMFont.js:27;src_jsc/Factorys/LabelBMFont.js:38;src_jsc/Factorys/LabelBMFont.js:40;src_jsc/Factorys/LabelBMFont.js:44;src_jsc/Factorys/LabelBMFont.js:46;src_jsc/Factorys/LabelBMFont.js:48;src_jsc/Factorys/LabelBMFont.js:50;src_jsc/Factorys/LabelBMFont.js:52;src_jsc/Factorys/LabelBMFont.js:54;src_jsc/Factorys/LabelBMFont.js:56;src_jsc/Factorys/LabelBMFont.js:58;src_jsc/Factorys/LabelBMFont.js:60;src_jsc/Factorys/LabelBMFont.js:62;src_jsc/Factorys/LabelBMFont.js:64;src_jsc/Factorys/LabelBMFont.js:66;src_jsc/Factorys/LabelBMFont.js:68;src_jsc/Factorys/LabelBMFont.js:70;src_jsc/Factorys/LabelBMFont.js:73;src_jsc/Factorys/LabelBMFont.js:75;src_jsc/Factorys/LabelBMFont.js:77;src_jsc/Factorys/LabelBMFont.js:79;src_jsc/Factorys/LabelBMFont.js:81;src_jsc/Factorys/LabelBMFont.js:83;src_jsc/Factorys/LabelBMFont.js:111;src_jsc/Factorys/LabelBMFont.js:126;src_jsc/Factorys/LabelBMFont.js:128;src_jsc/Factorys/LabelBMFont.js:136;src_jsc/Factorys/LabelBMFont.js:142;src_jsc/Factorys/LabelTTF.js:3;src_jsc/Factorys/LabelTTF.js:5;src_jsc/Factorys/LabelTTF.js:6;src_jsc/Factorys/LabelTTF.js:16;src_jsc/Factorys/LabelTTF.js:26;src_jsc/Factorys/LabelTTF.js:32;src_jsc/Factorys/LabelTTF.js:34;src_jsc/Factorys/LabelTTF.js:36;src_jsc/Factorys/LabelTTF.js:38;src_jsc/Factorys/LabelTTF.js:40;src_jsc/Factorys/LabelTTF.js:42;src_jsc/Factorys/LabelTTF.js:44;src_jsc/Factorys/LabelTTF.js:46;src_jsc/Factorys/LabelTTF.js:48;src_jsc/Factorys/LabelTTF.js:50;src_jsc/Factorys/LabelTTF.js:52;src_jsc/Factorys/LabelTTF.js:54;src_jsc/Factorys/LabelTTF.js:57;src_jsc/Factorys/LabelTTF.js:59;src_jsc/Factorys/LabelTTF.js:61;src_jsc/Factorys/LabelTTF.js:63;src_jsc/Factorys/LabelTTF.js:65;src_jsc/Factorys/LabelTTF.js:67;src_jsc/Factorys/Skill/Item/Item.js:226;src_jsc/Factorys/Skill/Item/Item.js:668;src_jsc/Factorys/Skill/Item/Item.js:671;src_jsc/Factorys/Skill/Item/Item.js:731;src_jsc/Factorys/Skill/Item/Item.js:737;src_jsc/Factorys/Skill/Item/Item.js:741;src_jsc/Factorys/Skill/Item/Item.js:744;src_jsc/Factorys/headers.js:8;src_jsc/Factorys/headers.js:9;src_jsc/Factorys/headers.js:10;src_jsc/Factorys/headers.js:11;src_jsc/Libs/Views/Button/Factory.js:50;src_jsc/Libs/Views/Button/Factory.js:54;src_jsc/Libs/Views/Button/Factory.js:60;src_jsc/Libs/Views/Button/Factory.js:62;src_jsc/Libs/Views/Button/Factory.js:87;src_jsc/Libs/Views/Button/common.js:196;src_jsc/Models/Chat.js:87;src_jsc/Models/Chat.js:92;src_jsc/Models/Chat.js:95;src_jsc/Models/Chat.js:98;src_jsc/Models/Chat.js:100;src_jsc/Models/Chat.js:102;src_jsc/Models/Chat.js:104;src_jsc/Models/Chat.js:107;src_jsc/Models/Chat.js:110;src_jsc/Models/Chat.js:123;src_jsc/Models/Chat.js:127;src_jsc/Models/Chat.js:130;src_jsc/Models/Style/headers.js:38;src_jsc/Models/ToastModel.js:408;src_jsc/Models/ToastModel.js:412;src_jsc/Models/ToastModel.js:413;src_jsc/Models/TreasureBox.js:54;src_jsc/Models/TreasureBox.js:216;src_jsc/Models/TreasureBox.js:233;src_jsc/Prototype/Node.js:54;src_jsc/Scene/Achievement/AchievementScene.js:332;src_jsc/Scene/Achievement/AchievementScene.js:347;src_jsc/Scene/Achievement/AchievementScene.js:364;src_jsc/Scene/Achievement/AchievementScene.js:376;src_jsc/Scene/Achievement/AchievementScene.js:462;src_jsc/Scene/Achievement/AchievementScene.js:465;src_jsc/Scene/Achievement/AchievementScene.js:466;src_jsc/Scene/Achievement/AchievementScene.js:472;src_jsc/Scene/Achievement/AchievementScene.js:474;src_jsc/Scene/Achievement/AchievementScene.js:476;src_jsc/Scene/Achievement/AchievementScene.js:478;src_jsc/Scene/Achievement/AchievementScene.js:483;src_jsc/Scene/Aga/AgaScene.js:22;src_jsc/Scene/Aga/AgaScene.js:60;src_jsc/Scene/Aga/AgaScene.js:158;src_jsc/Scene/Aga/AgaScene.js:160;src_jsc/Scene/Aga/AgaScene.js:162;src_jsc/Scene/Aga/AgaScene.js:164;src_jsc/Scene/Aga/AgaScene.js:166;src_jsc/Scene/Aga/AgaScene.js:171;src_jsc/Scene/Aga/AgaScene.js:195;src_jsc/Scene/Aga/AgaScene.js:197;src_jsc/Scene/Aga/AgaScene.js:201;src_jsc/Scene/Aga/AgaScene.js:203;src_jsc/Scene/Aga/AgaScene.js:303;src_jsc/Scene/Aga/AgaScene.js:364;src_jsc/Scene/Aga/AgaScene.js:402;src_jsc/Scene/Aga/AgaScene.js:493;src_jsc/Scene/Aga/AgaScene.js:495;src_jsc/Scene/Aga/AgaScene.js:497;src_jsc/Scene/Aga/AgaScene.js:499;src_jsc/Scene/Aga/AgaScene.js:501;src_jsc/Scene/Aga/AgaScene.js:506;src_jsc/Scene/Aga/AgaScene.js:524;src_jsc/Scene/Aga/AgaScene.js:526;src_jsc/Scene/Aga/AgaScene.js:710;src_jsc/Scene/Aga/AgaScene.js:749;src_jsc/Scene/Aga/AgaScene.js:787;src_jsc/Scene/Aga/AgaScene.js:915;src_jsc/Scene/Aga/AgaScene.js:917;src_jsc/Scene/Aga/AgaScene.js:919;src_jsc/Scene/Aga/AgaScene.js:921;src_jsc/Scene/Aga/AgaScene.js:923;src_jsc/Scene/Aga/AgaScene.js:928;src_jsc/Scene/Aga/AgaScene.js:999;src_jsc/Scene/Aga/AgaScene.js:1001;src_jsc/Scene/Aga/AgaScene.js:1220;src_jsc/Scene/Aga/AgaScene.js:1297;src_jsc/Scene/Aga/AgaScene.js:1329;src_jsc/Scene/Awake/AwakeBoxView.js:115;src_jsc/Scene/Awake/AwakeBoxView.js:121;src_jsc/Scene/Awake/AwakeBoxView.js:125;src_jsc/Scene/Awake/AwakeBoxView.js:129;src_jsc/Scene/Awake/AwakeBoxView.js:133;src_jsc/Scene/Awake/AwakeBoxView.js:137;src_jsc/Scene/Awake/AwakeBoxView.js:301;src_jsc/Scene/Awake/AwakeBoxView.js:365;src_jsc/Scene/Awake/AwakeBoxView.js:519;src_jsc/Scene/Awake/AwakeBoxView.js:627;src_jsc/Scene/Awake/AwakeBoxView.js:635;src_jsc/Scene/Awake/AwakeBoxView.js:757;src_jsc/Scene/Awake/AwakeBoxView.js:762;src_jsc/Scene/Awake/AwakeBoxView.js:825;src_jsc/Scene/Awake/AwakeBoxView.js:830;src_jsc/Scene/Awake/AwakeBoxView.js:950;src_jsc/Scene/Awake/AwakeBoxView.js:958;src_jsc/Scene/Beauty/BeautyCell.js:56;src_jsc/Scene/Beauty/BeautyScene.js:207;src_jsc/Scene/Beauty/BeautyScene.js:209;src_jsc/Scene/Beauty/BeautyScene.js:211;src_jsc/Scene/Beauty/BeautyScene.js:213;src_jsc/Scene/Beauty/BeautyScene.js:215;src_jsc/Scene/Beauty/BeautyScene.js:217;src_jsc/Scene/Beauty/BeautyScene.js:219;src_jsc/Scene/Beauty/BeautyScene.js:221;src_jsc/Scene/Beauty/BeautyScene.js:223;src_jsc/Scene/Beauty/BeautyScene.js:225;src_jsc/Scene/Beauty/BeautyScene.js:241;src_jsc/Scene/Beauty/BeautyScene.js:243;src_jsc/Scene/Beauty/BeautyScene.js:245;src_jsc/Scene/Beauty/BeautyScene.js:279;src_jsc/Scene/Beauty/BeautyScene.js:281;src_jsc/Scene/Beauty/BeautyScene.js:283;src_jsc/Scene/Beauty/BeautyScene.js:408;src_jsc/Scene/Beauty/BeautyScene.js:417;src_jsc/Scene/Beauty/BeautyScene.js:430;src_jsc/Scene/Beauty/BeautyScene.js:438;src_jsc/Scene/Beauty/BeautyScene.js:482;src_jsc/Scene/Beauty/BeautyScene.js:536;src_jsc/Scene/Beauty/BeautyScene.js:538;src_jsc/Scene/Beauty/BeautyScene.js:634;src_jsc/Scene/Beauty/BeautyScene.js:899;src_jsc/Scene/Beauty/BeautyScene.js:901;src_jsc/Scene/Beauty/BeautyScene.js:907;src_jsc/Scene/Beauty/BeautyScene.js:1246;src_jsc/Scene/Beauty/BeautyScene.js:1269;src_jsc/Scene/Beauty/BeautyScene.js:1299;src_jsc/Scene/Beauty/BeautyScene.js:1482;src_jsc/Scene/Buddy/BuddyView.js:56;src_jsc/Scene/Buddy/BuddyView.js:214;src_jsc/Scene/Chaos/ChaosFight.js:95;src_jsc/Scene/Chaos/ChaosFight.js:97;src_jsc/Scene/Chaos/ChaosFight.js:99;src_jsc/Scene/Chaos/ChaosFight.js:154;src_jsc/Scene/Chaos/ChaosFight.js:200;src_jsc/Scene/Chaos/ChaosHomeView.js:356;src_jsc/Scene/Climb/ClimbLadderRankListScene.js:63;src_jsc/Scene/Climb/ClimbLadderRankListScene.js:65;src_jsc/Scene/Climb/ClimbLadderRankListScene.js:67;src_jsc/Scene/Climb/ClimbLadderRankListScene.js:69;src_jsc/Scene/Climb/ClimbLadderRankListScene.js:145;src_jsc/Scene/Climb/ClimbLadderRankListScene.js:166;src_jsc/Scene/Climb/ClimbLadderRankListScene.js:187;src_jsc/Scene/Climb/ClimbLadderRankListScene.js:208;src_jsc/Scene/Climb/StartBattleScene.js:137;src_jsc/Scene/Climb/StartBattleScene.js:139;src_jsc/Scene/Climb/StartBattleScene.js:141;src_jsc/Scene/Climb/StartBattleScene.js:143;src_jsc/Scene/Climb/StartBattleScene.js:145;src_jsc/Scene/Climb/StartBattleScene.js:147;src_jsc/Scene/Climb/StartBattleScene.js:205;src_jsc/Scene/Climb/StartBattleScene.js:403;src_jsc/Scene/Climb/StartBattleScene.js:409;src_jsc/Scene/Climb/StartBattleScene.js:411;src_jsc/Scene/Climb/StartBattleScene.js:413;src_jsc/Scene/Climb/StartBattleScene.js:415;src_jsc/Scene/Climb/StartBattleScene.js:417;src_jsc/Scene/Climb/StartBattleScene.js:421;src_jsc/Scene/Climb/StartBattleScene.js:423;src_jsc/Scene/Climb/StartBattleScene.js:425;src_jsc/Scene/Climb/StartBattleScene.js:433;src_jsc/Scene/Climb/StartBattleScene.js:437;src_jsc/Scene/Climb/StartBattleScene.js:439;src_jsc/Scene/Climb/StartBattleScene.js:443;src_jsc/Scene/Climb/StartBattleScene.js:445;src_jsc/Scene/Climb/StartBattleScene.js:451;src_jsc/Scene/Climb/StartBattleScene.js:455;src_jsc/Scene/Climb/StartBattleScene.js:457;src_jsc/Scene/Climb/StartBattleScene.js:471;src_jsc/Scene/Climb/StartBattleScene.js:565;src_jsc/Scene/Climb/StartBattleScene.js:593;src_jsc/Scene/Climb/StartBattleScene.js:615;src_jsc/Scene/Climb/StartBattleScene.js:643;src_jsc/Scene/Climb/StartBattleScene.js:766;src_jsc/Scene/Climb/StartBattleScene.js:782;src_jsc/Scene/Climb/StartBattleScene.js:784;src_jsc/Scene/Climb/StartBattleScene.js:786;src_jsc/Scene/Climb/StartBattleScene.js:804;src_jsc/Scene/Climb/StartBattleScene.js:806;src_jsc/Scene/Climb/StartBattleScene.js:808;src_jsc/Scene/Climb/StartBattleScene.js:830;src_jsc/Scene/Climb/StartBattleScene.js:832;src_jsc/Scene/Climb/StartBattleScene.js:834;src_jsc/Scene/Climb/StartBattleScene.js:1053;src_jsc/Scene/Climb/StartBattleScene.js:1055;src_jsc/Scene/Climb/StartBattleScene.js:1057;src_jsc/Scene/Climb/StartBattleScene.js:1065;src_jsc/Scene/Climb/StartBattleScene.js:1067;src_jsc/Scene/Climb/StartBattleScene.js:1069;src_jsc/Scene/Climb/StartBattleScene.js:1077;src_jsc/Scene/Climb/StartBattleScene.js:1079;src_jsc/Scene/Climb/StartBattleScene.js:1081;src_jsc/Scene/Copy/CopyScene.js:131;src_jsc/Scene/Copy/CopyScene.js:133;src_jsc/Scene/Copy/CopyScene.js:135;src_jsc/Scene/Copy/CopyScene.js:161;src_jsc/Scene/Copy/CopyScene.js:163;src_jsc/Scene/Copy/CopyScene.js:175;src_jsc/Scene/Copy/CopyScene.js:177;src_jsc/Scene/Copy/CopyScene.js:179;src_jsc/Scene/Copy/CopyScene.js:181;src_jsc/Scene/Copy/CopyScene.js:183;src_jsc/Scene/Copy/CopyScene.js:185;src_jsc/Scene/Copy/CopyScene.js:253;src_jsc/Scene/Copy/CopyScene.js:255;src_jsc/Scene/Copy/CopyScene.js:257;src_jsc/Scene/Copy/CopyScene.js:259;src_jsc/Scene/Copy/CopyScene.js:263;src_jsc/Scene/Copy/CopyScene.js:265;src_jsc/Scene/Copy/CopyScene.js:300;src_jsc/Scene/Copy/CopyScene.js:320;src_jsc/Scene/Copy/CopyScene.js:326;src_jsc/Scene/Copy/CopyScene.js:336;src_jsc/Scene/Copy/CopyScene.js:338;src_jsc/Scene/Copy/CopyScene.js:340;src_jsc/Scene/Copy/CopyScene.js:358;src_jsc/Scene/Copy/CopyScene.js:377;src_jsc/Scene/Copy/CopyScene.js:561;src_jsc/Scene/Copy/CopyScene.js:584;src_jsc/Scene/Copy/CopyScene.js:614;src_jsc/Scene/Copy/DuanWuCopyScene.js:131;src_jsc/Scene/Copy/DuanWuCopyScene.js:133;src_jsc/Scene/Copy/DuanWuCopyScene.js:135;src_jsc/Scene/Copy/DuanWuCopyScene.js:161;src_jsc/Scene/Copy/DuanWuCopyScene.js:163;src_jsc/Scene/Copy/DuanWuCopyScene.js:175;src_jsc/Scene/Copy/DuanWuCopyScene.js:177;src_jsc/Scene/Copy/DuanWuCopyScene.js:179;src_jsc/Scene/Copy/DuanWuCopyScene.js:181;src_jsc/Scene/Copy/DuanWuCopyScene.js:183;src_jsc/Scene/Copy/DuanWuCopyScene.js:185;src_jsc/Scene/Copy/DuanWuCopyScene.js:253;src_jsc/Scene/Copy/DuanWuCopyScene.js:255;src_jsc/Scene/Copy/DuanWuCopyScene.js:257;src_jsc/Scene/Copy/DuanWuCopyScene.js:259;src_jsc/Scene/Copy/DuanWuCopyScene.js:263;src_jsc/Scene/Copy/DuanWuCopyScene.js:265;src_jsc/Scene/Copy/DuanWuCopyScene.js:300;src_jsc/Scene/Copy/DuanWuCopyScene.js:320;src_jsc/Scene/Copy/DuanWuCopyScene.js:326;src_jsc/Scene/Copy/DuanWuCopyScene.js:336;src_jsc/Scene/Copy/DuanWuCopyScene.js:338;src_jsc/Scene/Copy/DuanWuCopyScene.js:340;src_jsc/Scene/Copy/DuanWuCopyScene.js:358;src_jsc/Scene/Copy/DuanWuCopyScene.js:377;src_jsc/Scene/Copy/DuanWuCopyScene.js:561;src_jsc/Scene/Copy/DuanWuCopyScene.js:584;src_jsc/Scene/Copy/DuanWuCopyScene.js:614;src_jsc/Scene/Copy/LabourlCopyScene.js:131;src_jsc/Scene/Copy/LabourlCopyScene.js:133;src_jsc/Scene/Copy/LabourlCopyScene.js:135;src_jsc/Scene/Copy/LabourlCopyScene.js:161;src_jsc/Scene/Copy/LabourlCopyScene.js:163;src_jsc/Scene/Copy/LabourlCopyScene.js:175;src_jsc/Scene/Copy/LabourlCopyScene.js:177;src_jsc/Scene/Copy/LabourlCopyScene.js:179;src_jsc/Scene/Copy/LabourlCopyScene.js:181;src_jsc/Scene/Copy/LabourlCopyScene.js:183;src_jsc/Scene/Copy/LabourlCopyScene.js:185;src_jsc/Scene/Copy/LabourlCopyScene.js:253;src_jsc/Scene/Copy/LabourlCopyScene.js:255;src_jsc/Scene/Copy/LabourlCopyScene.js:257;src_jsc/Scene/Copy/LabourlCopyScene.js:259;src_jsc/Scene/Copy/LabourlCopyScene.js:263;src_jsc/Scene/Copy/LabourlCopyScene.js:265;src_jsc/Scene/Copy/LabourlCopyScene.js:300;src_jsc/Scene/Copy/LabourlCopyScene.js:320;src_jsc/Scene/Copy/LabourlCopyScene.js:326;src_jsc/Scene/Copy/LabourlCopyScene.js:336;src_jsc/Scene/Copy/LabourlCopyScene.js:338;src_jsc/Scene/Copy/LabourlCopyScene.js:340;src_jsc/Scene/Copy/LabourlCopyScene.js:358;src_jsc/Scene/Copy/LabourlCopyScene.js:377;src_jsc/Scene/Copy/LabourlCopyScene.js:561;src_jsc/Scene/Copy/LabourlCopyScene.js:584;src_jsc/Scene/Copy/LabourlCopyScene.js:614;src_jsc/Scene/Copy/MemorialCopyScene.js:131;src_jsc/Scene/Copy/MemorialCopyScene.js:133;src_jsc/Scene/Copy/MemorialCopyScene.js:135;src_jsc/Scene/Copy/MemorialCopyScene.js:161;src_jsc/Scene/Copy/MemorialCopyScene.js:163;src_jsc/Scene/Copy/MemorialCopyScene.js:175;src_jsc/Scene/Copy/MemorialCopyScene.js:177;src_jsc/Scene/Copy/MemorialCopyScene.js:179;src_jsc/Scene/Copy/MemorialCopyScene.js:181;src_jsc/Scene/Copy/MemorialCopyScene.js:183;src_jsc/Scene/Copy/MemorialCopyScene.js:185;src_jsc/Scene/Copy/MemorialCopyScene.js:253;src_jsc/Scene/Copy/MemorialCopyScene.js:255;src_jsc/Scene/Copy/MemorialCopyScene.js:257;src_jsc/Scene/Copy/MemorialCopyScene.js:259;src_jsc/Scene/Copy/MemorialCopyScene.js:263;src_jsc/Scene/Copy/MemorialCopyScene.js:265;src_jsc/Scene/Copy/MemorialCopyScene.js:300;src_jsc/Scene/Copy/MemorialCopyScene.js:320;src_jsc/Scene/Copy/MemorialCopyScene.js:326;src_jsc/Scene/Copy/MemorialCopyScene.js:336;src_jsc/Scene/Copy/MemorialCopyScene.js:338;src_jsc/Scene/Copy/MemorialCopyScene.js:340;src_jsc/Scene/Copy/MemorialCopyScene.js:358;src_jsc/Scene/Copy/MemorialCopyScene.js:377;src_jsc/Scene/Copy/MemorialCopyScene.js:561;src_jsc/Scene/Copy/MemorialCopyScene.js:584;src_jsc/Scene/Copy/MemorialCopyScene.js:614;src_jsc/Scene/Copy/PlantCopyScene.js:129;src_jsc/Scene/Copy/PlantCopyScene.js:131;src_jsc/Scene/Copy/PlantCopyScene.js:133;src_jsc/Scene/Copy/PlantCopyScene.js:159;src_jsc/Scene/Copy/PlantCopyScene.js:161;src_jsc/Scene/Copy/PlantCopyScene.js:173;src_jsc/Scene/Copy/PlantCopyScene.js:175;src_jsc/Scene/Copy/PlantCopyScene.js:177;src_jsc/Scene/Copy/PlantCopyScene.js:179;src_jsc/Scene/Copy/PlantCopyScene.js:181;src_jsc/Scene/Copy/PlantCopyScene.js:183;src_jsc/Scene/Copy/PlantCopyScene.js:251;src_jsc/Scene/Copy/PlantCopyScene.js:253;src_jsc/Scene/Copy/PlantCopyScene.js:255;src_jsc/Scene/Copy/PlantCopyScene.js:257;src_jsc/Scene/Copy/PlantCopyScene.js:261;src_jsc/Scene/Copy/PlantCopyScene.js:263;src_jsc/Scene/Copy/PlantCopyScene.js:298;src_jsc/Scene/Copy/PlantCopyScene.js:318;src_jsc/Scene/Copy/PlantCopyScene.js:324;src_jsc/Scene/Copy/PlantCopyScene.js:334;src_jsc/Scene/Copy/PlantCopyScene.js:336;src_jsc/Scene/Copy/PlantCopyScene.js:338;src_jsc/Scene/Copy/PlantCopyScene.js:356;src_jsc/Scene/Copy/PlantCopyScene.js:375;src_jsc/Scene/Copy/PlantCopyScene.js:559;src_jsc/Scene/Copy/PlantCopyScene.js:582;src_jsc/Scene/Copy/PlantCopyScene.js:612;src_jsc/Scene/Copy/PublicCopyScene.js:131;src_jsc/Scene/Copy/PublicCopyScene.js:133;src_jsc/Scene/Copy/PublicCopyScene.js:135;src_jsc/Scene/Copy/PublicCopyScene.js:171;src_jsc/Scene/Copy/PublicCopyScene.js:173;src_jsc/Scene/Copy/PublicCopyScene.js:185;src_jsc/Scene/Copy/PublicCopyScene.js:187;src_jsc/Scene/Copy/PublicCopyScene.js:189;src_jsc/Scene/Copy/PublicCopyScene.js:191;src_jsc/Scene/Copy/PublicCopyScene.js:193;src_jsc/Scene/Copy/PublicCopyScene.js:195;src_jsc/Scene/Copy/PublicCopyScene.js:263;src_jsc/Scene/Copy/PublicCopyScene.js:265;src_jsc/Scene/Copy/PublicCopyScene.js:267;src_jsc/Scene/Copy/PublicCopyScene.js:269;src_jsc/Scene/Copy/PublicCopyScene.js:273;src_jsc/Scene/Copy/PublicCopyScene.js:275;src_jsc/Scene/Copy/PublicCopyScene.js:310;src_jsc/Scene/Copy/PublicCopyScene.js:330;src_jsc/Scene/Copy/PublicCopyScene.js:336;src_jsc/Scene/Copy/PublicCopyScene.js:346;src_jsc/Scene/Copy/PublicCopyScene.js:348;src_jsc/Scene/Copy/PublicCopyScene.js:350;src_jsc/Scene/Copy/PublicCopyScene.js:368;src_jsc/Scene/Copy/PublicCopyScene.js:387;src_jsc/Scene/Copy/PublicCopyScene.js:604;src_jsc/Scene/Copy/PublicCopyScene.js:627;src_jsc/Scene/Copy/PublicCopyScene.js:657;src_jsc/Scene/Fight/FightScene.js:191;src_jsc/Scene/Fight/FightScene.js:367;src_jsc/Scene/Fight/FightScene.js:369;src_jsc/Scene/Fight/FightScene.js:371;src_jsc/Scene/Fight/FightScene.js:376;src_jsc/Scene/Fight/FightScene.js:380;src_jsc/Scene/Fight/FightScene.js:384;src_jsc/Scene/Fight/FightScene.js:469;src_jsc/Scene/Fight/FightScene.js:490;src_jsc/Scene/Fight/FightScene.js:514;src_jsc/Scene/Fight/FightScene.js:518;src_jsc/Scene/Fight/FightScene.js:526;src_jsc/Scene/Fight/FightScene.js:534;src_jsc/Scene/Fight/FightScene.js:542;src_jsc/Scene/Fight/FightScene.js:1145;src_jsc/Scene/Fight/FightScene.js:1729;src_jsc/Scene/Fight/FightScene.js:1745;src_jsc/Scene/Fight/FightScene.js:1752;src_jsc/Scene/Fight/FightScene.js:2509;src_jsc/Scene/Fight/FightScene.js:2613;src_jsc/Scene/Fight/FightScene.js:3530;src_jsc/Scene/FightChapter/DungeonView.js:72;src_jsc/Scene/Ladder/LadderGiftView.js:105;src_jsc/Scene/Ladder/LadderGiftView_Honor.js:20;src_jsc/Scene/Ladder/LadderGiftView_Honor.js:22;src_jsc/Scene/Ladder/LadderGiftView_Honor.js:160;src_jsc/Scene/Ladder/LadderGiftView_Honor.js:162;src_jsc/Scene/Ladder/LadderGiftView_Honor.js:308;src_jsc/Scene/Ladder/LadderGiftView_Honor.js:309;src_jsc/Scene/Ladder/LadderTenFightResultDialog.js:34;src_jsc/Scene/Ladder/LadderTenFightResultDialog.js:169;src_jsc/Scene/Ladder/LadderTenFightResultDialog.js:173;src_jsc/Scene/Ladder/LadderTenFightResultDialog.js:175;src_jsc/Scene/Ladder/LadderTenFightResultDialog.js:176;src_jsc/Scene/Ladder/LadderTenFightResultDialog.js:196;src_jsc/Scene/Ladder/LadderTenFightResultDialog.js:200;src_jsc/Scene/Ladder/LadderTenFightResultDialog.js:202;src_jsc/Scene/Ladder/LadderTenFightResultDialog.js:206;src_jsc/Scene/Ladder/LadderTenFightResultDialog.js:241;src_jsc/Scene/Ladder/LadderTenFightResultDialog.js:245;src_jsc/Scene/Ladder/LadderTenFightResultDialog.js:247;src_jsc/Scene/Ladder/LadderTenFightResultDialog.js:250;src_jsc/Scene/Ladder/LadderTenFightResultDialog.js:253;src_jsc/Scene/Login/LoginScene_AnySdk.js:113;src_jsc/Scene/Login/LoginScene_BfSdk.js:113;src_jsc/Scene/Login/LoginScene_EasyGuestSdk.js:98;src_jsc/Scene/Login/LoginScene_EasySdk.js:88;src_jsc/Scene/Login/LoginScene_ThirdGuestSdk.js:110;src_jsc/Scene/Login/LoginScene_ThirdSdk.js:127;src_jsc/Scene/Mail/MailView.js:91;src_jsc/Scene/Party/Double11Dialog.js:375;src_jsc/Scene/Party/Double11Dialog.js:417;src_jsc/Scene/Party/LadderCompetitionDialog.js:32;src_jsc/Scene/Party/LadderCompetitionDialog.js:151;src_jsc/Scene/Party/LadderCompetitionDialog.js:153;src_jsc/Scene/Party/LadderCompetitionDialog.js:155;src_jsc/Scene/Party/PartyDialog.js:322;src_jsc/Scene/Party/PartyDialog.js:324;src_jsc/Scene/Party/PartyDialog.js:451;src_jsc/Scene/Party/PartyDialog.js:521;src_jsc/Scene/Party/PartyDialog.js:528;src_jsc/Scene/Party/PartyDialog.js:582;src_jsc/Scene/Party/PartyDialog.js:589;src_jsc/Scene/Party/PartyDialog.js:639;src_jsc/Scene/Party/PartyDialog.js:646;src_jsc/Scene/Party/PartyDialog.js:701;src_jsc/Scene/Party/PartyDialog.js:784;src_jsc/Scene/Party/PartyDialog.js:791;src_jsc/Scene/Party/PartyDialog.js:844;src_jsc/Scene/Party/PartyDialog.js:925;src_jsc/Scene/Party/PartyDialog.js:932;src_jsc/Scene/Party/PartyDialog.js:987;src_jsc/Scene/Party/PartyDialog.js:1005;src_jsc/Scene/Party/PartyDialog.js:1015;src_jsc/Scene/Party/PartyDialog.js:1064;src_jsc/Scene/Party/PartyDialog.js:1077;src_jsc/Scene/Party/PartyDialog.js:1168;src_jsc/Scene/Party/PartyDialog.js:1190;src_jsc/Scene/Party/PartyDialog.js:1237;src_jsc/Scene/Party/PartyDialog.js:1250;src_jsc/Scene/Party/PartyDialog.js:1365;src_jsc/Scene/Party/PartyDialog.js:1372;src_jsc/Scene/Party/PartyDialog.js:1447;src_jsc/Scene/Party/PartyDialog.js:1454;src_jsc/Scene/Party/PartyDialog.js:1524;src_jsc/Scene/Party/PartyDialog.js:1531;src_jsc/Scene/Party/PartyDialog.js:1605;src_jsc/Scene/Party/PartyDialog.js:1612;src_jsc/Scene/Party/PartyDialog.js:1804;src_jsc/Scene/Party/PartyDialog.js:1855;src_jsc/Scene/Party/PartyDialog.js:1862;src_jsc/Scene/Party/PartyDialogExt.js:92;src_jsc/Scene/Party/PartyDialogExt.js:94;src_jsc/Scene/Party/PartyDialogExt.js:96;src_jsc/Scene/Party/PartyDialogExt.js:98;src_jsc/Scene/Party/PartyDialogExt.js:100;src_jsc/Scene/Party/PartyDialogExt.js:102;src_jsc/Scene/Party/PartyDialogExt.js:104;src_jsc/Scene/Party/PartyDialogExt.js:107;src_jsc/Scene/Party/PartyDialogExt.js:110;src_jsc/Scene/Party/PartyDialogExt.js:350;src_jsc/Scene/Party/PartyDialogExt.js:352;src_jsc/Scene/Party/PartyDialogExt.js:494;src_jsc/Scene/Party/PartyDialogExt.js:516;src_jsc/Scene/Party/PartyDialogExt.js:609;src_jsc/Scene/Party/PartyDialogExt.js:627;src_jsc/Scene/Party/PartyDialogExt.js:637;src_jsc/Scene/Party/PartyDialogExt.js:686;src_jsc/Scene/Party/PartyDialogExt.js:699;src_jsc/Scene/Party/PartyDialogExt.js:780;src_jsc/Scene/Party/PartyDialogExt.js:787;src_jsc/Scene/Party/PartyDialogExt.js:857;src_jsc/Scene/Party/PartyDialogExt.js:864;src_jsc/Scene/Party/PartyDialogExt.js:938;src_jsc/Scene/Party/PartyDialogExt.js:945;src_jsc/Scene/Party/PartyDialogExt.js:1060;src_jsc/Scene/Party/PartyDialogExt.js:1067;src_jsc/Scene/Party/PartyDialogExt.js:1122;src_jsc/Scene/Party/PartyDialogExt.js:1203;src_jsc/Scene/Party/PartyDialogExt.js:1210;src_jsc/Scene/Party/PartyDialogExt.js:1263;src_jsc/Scene/Party/PartyDialogExt.js:1344;src_jsc/Scene/Party/PartyDialogExt.js:1351;src_jsc/Scene/Party/PartyDialogExt.js:1404;src_jsc/Scene/Party/PartyDialogExt.js:1467;src_jsc/Scene/Party/PartyDialogExt.js:1470;src_jsc/Scene/Party/PartyDialogExt.js:1553;src_jsc/Scene/Party/PartyDialogExt.js:1575;src_jsc/Scene/Party/PartyDialogExt.js:1622;src_jsc/Scene/Party/PartyDialogExt.js:1635;src_jsc/Scene/Party/PartyDialogExt.js:1688;src_jsc/Scene/Party/PartyDialogExt.js:1751;src_jsc/Scene/Party/PartyDialogExt.js:1754;src_jsc/Scene/Party/PartyDialogExt.js:1797;src_jsc/Scene/Party/PartyDialogExt.js:1819;src_jsc/Scene/Party/PartyDialogExt.js:1870;src_jsc/Scene/Party/PartyDialogExt.js:1873;src_jsc/Scene/Party/PartyDialogExt.js:1876;src_jsc/Scene/Party/PartyDialogExt.js:1879;src_jsc/Scene/Party/PartyDialogExt.js:1903;src_jsc/Scene/Party/PartyDialogExt.js:1962;src_jsc/Scene/Party/PartyDialogExt.js:2013;src_jsc/Scene/Party/PartyDialogExt.js:2036;src_jsc/Scene/Party/PictureActivityDialog.js:54;src_jsc/Scene/Party/PictureActivityDialog.js:99;src_jsc/Scene/Party/RechargeRankDialog.js:8;src_jsc/Scene/Party/RechargeRankDialog.js:9;src_jsc/Scene/Party/RechargeRankDialog.js:13;src_jsc/Scene/Party/RechargeRankDialog.js:17;src_jsc/Scene/Party/RechargeRankDialog.js:18;src_jsc/Scene/Party/RechargeRankDialog.js:40;src_jsc/Scene/Party/RechargeRankDialog.js:42;src_jsc/Scene/Party/RechargeRankDialog.js:44;src_jsc/Scene/Party/RechargeRankDialog.js:46;src_jsc/Scene/Party/RechargeRankDialog.js:48;src_jsc/Scene/Party/RechargeRankDialog.js:149;src_jsc/Scene/Party/RechargeRankDialog.js:151;src_jsc/Scene/Party/RechargeRankDialog.js:153;src_jsc/Scene/Party/WishingScene.js:102;src_jsc/Scene/Party/WishingScene.js:301;src_jsc/Scene/Party/WishingScene.js:303;src_jsc/Scene/Party/WishingScene.js:376;src_jsc/Scene/Rank/RankScene.js:56;src_jsc/Scene/Rank/RankScene.js:66;src_jsc/Scene/Rank/RankScene.js:88;src_jsc/Scene/Rank/RankScene.js:98;src_jsc/Scene/Social/SocialView.js:181;src_jsc/Scene/Social/SocialView.js:200;src_jsc/Scene/Store/ToastView.js:14;src_jsc/Scene/Store/ToastView.js:22;src_jsc/Scene/Store/ToastView.js:24;src_jsc/Scene/Store/ToastView.js:26;src_jsc/Scene/Store/ToastView.js:28;src_jsc/Scene/Store/ToastView.js:30;src_jsc/Scene/Store/ToastView.js:32;src_jsc/Scene/Store/ToastView.js:34;src_jsc/Scene/Store/ToastView.js:36;src_jsc/Scene/Store/ToastView.js:382;src_jsc/Scene/Store/ToastView.js:384;src_jsc/Scene/Store/ToastView.js:386;src_jsc/Scene/Store/ToastView.js:425;src_jsc/Scene/Store/ToastView.js:427;src_jsc/Scene/Store/ToastView.js:429;src_jsc/Scene/Store/ToastView.js:431;src_jsc/Scene/Store/ToastView.js:433;src_jsc/Scene/Store/ToastView.js:458;src_jsc/Scene/Store/ToastView.js:506;src_jsc/Scene/Store/ToastView.js:508;src_jsc/Scene/Store/ToastView.js:510;src_jsc/Scene/Store/ToastView.js:558;src_jsc/Scene/Store/ToastView.js:560;src_jsc/Scene/Store/ToastView.js:562;src_jsc/Scene/Store/ToastView.js:673;src_jsc/Scene/Store/ToastView.js:715;src_jsc/Scene/Store/ToastView.js:717;src_jsc/Scene/Store/ToastView.js:719;src_jsc/Scene/Store/ToastView.js:746;src_jsc/Scene/TeamBuild/TeamBuildScene.js:52;src_jsc/Scene/TeamBuild/TeamBuildScene.js:780;src_jsc/Scene/TeamBuild/TeamBuildScene_V2.js:406;src_jsc/Scene/TeamBuild/TeamMemberNavigation.js:49;src_jsc/Scene/TeamBuild/TeamMemberNavigation.js:350;src_jsc/Scene/TeamBuild/TeamMemberNavigation.js:1022;src_jsc/Scene/TeamBuild/TeamMemberNavigation.js:1024;src_jsc/Scene/TeamBuild/TeamMemberNavigation.js:1026;src_jsc/Scene/TeamBuild/TeamMemberNavigation.js:1028;src_jsc/Scene/TeamBuild/TeamMemberNavigation.js:1033;src_jsc/Scene/TeamBuild/TeamMemberNavigation.js:1035;src_jsc/Scene/TeamBuild/TeamMemberNavigation.js:1037;src_jsc/Scene/TeamBuild/TeamMemberNavigation.js:1039;src_jsc/Scene/UnionWar/UnionWarBattleScene.js:29;src_jsc/Scene/UnionWar/UnionWarBattleScene.js:62;src_jsc/Scene/UnionWar/UnionWarBattleScene.js:67;src_jsc/Scene/UnionWar/UnionWarBattleScene.js:81;src_jsc/Scene/UnionWar/UnionWarBattleScene.js:83;src_jsc/Scene/UnionWar/UnionWarBattleScene.js:217;src_jsc/Scene/UnionWar/UnionWarBattleScene.js:219;src_jsc/Scene/UnionWar/UnionWarBattleScene.js:220;src_jsc/Scene/UnionWar/UnionWarChangeFormationScene.js:18;src_jsc/Scene/UnionWar/UnionWarChangeFormationScene.js:292;src_jsc/Scene/UnionWar/UnionWarFightScene.js:23;src_jsc/Scene/UnionWar/UnionWarFightScene.js:25;src_jsc/Scene/UnionWar/UnionWarFightScene.js:27;src_jsc/Scene/UnionWar/UnionWarFightScene.js:92;src_jsc/Scene/UnionWar/UnionWarFightScene.js:94;src_jsc/Scene/UnionWar/UnionWarFightScene.js:286;src_jsc/Scene/UnionWar/UnionWarFightScene.js:292;src_jsc/Scene/UnionWar/UnionWarFightScene.js:293;src_jsc/Skill/PartOpen.js:166;src_jsc/Skill/PartOpen.js:171;src_jsc/Skill/PartOpen.js:178;src_jsc/Skill/PartOpen.js:189;src_jsc/Skill/TemplateItemText.js:115;src_jsc/Skill/TemplatePart.js:44;src_jsc/Tools/Card.js:84;src_jsc/Tools/Card.js:87;src_jsc/Tools/Card.js:176;src_jsc/Tools/Card.js:179;src_jsc/Tools/Card.js:402;src_jsc/Tools/Card.js:405;src_jsc/Tools/UI.js:403;src_jsc/Tools/UI.js:408;src_jsc/Tools/UI.js:645;src_jsc/Update/UpdateScene.js:127;src_jsc/Update/UpdateScene.js:137;src_jsc/Update/UpdateScene.js:181;src_jsc/Utils/UI.js:25;src_jsc/Utils/UI.js:37;src_jsc/Utils/UI.js:53;src_jsc/Utils/UI.js:65;src_jsc/Utils/UI.js:71;src_jsc/Utils/UI.js:83;src_jsc/Utils/UI.js:100;src_jsc/Utils/UI.js:140;src_jsc/Utils/common.js:426;src_jsc/Utils/common.js:431;src_jsc/Utils/common.js:438;src_jsc/Utils/common.js:439;src_jsc/Utils/common.js:441;src_jsc/Utils/common.js:443;src_jsc/Utils/common.js:445;src_jsc/Utils/common.js:448;src_jsc/Utils/common.js:451;src_jsc/Utils/common.js:453;src_jsc/Utils/common.js:455;src_jsc/Utils/common.js:457;src_jsc/Utils/common.js:459;src_jsc/Utils/common.js:461;src_jsc/Utils/common.js:464;src_jsc/Utils/common.js:465;src_jsc/Utils/common.js:467;src_jsc/Utils/common.js:469;src_jsc/Utils/common.js:471;src_jsc/Utils/common.js:474;src_jsc/Utils/common.js:477;src_jsc/Utils/common.js:479;src_jsc/Utils/common.js:481;src_jsc/Utils/common.js:483;src_jsc/Utils/common.js:485;src_jsc/Utils/common.js:487;src_jsc/Views/Awake/AwakeLayer.js:17;src_jsc/Views/Awake/AwakeLayer.js:37;src_jsc/Views/Awake/AwakeLayer.js:150;src_jsc/Views/BeautyIconButton.js:58;src_jsc/Views/BeautyIconButton.js:152;src_jsc/Views/BeautyIconButton.js:156;src_jsc/Views/BeautyIconButton.js:162;src_jsc/Views/BeautyIconButton.js:165;src_jsc/Views/BeautyIconButton.js:174;src_jsc/Views/BeautyIconButton.js:176;src_jsc/Views/BeautyIconButton.js:180;src_jsc/Views/BeautyIconButton.js:184;src_jsc/Views/BeautyIconButton.js:187;src_jsc/Views/Card/Equ.js:177;src_jsc/Views/Card/Equ.js:179;src_jsc/Views/Card/Equ.js:187;src_jsc/Views/Card/Equ.js:191;src_jsc/Views/Card/Equ.js:193;src_jsc/Views/Card/Equ.js:223;src_jsc/Views/Card/Equ.js:225;src_jsc/Views/Card/Equ.js:235;src_jsc/Views/Card/Equ.js:241;src_jsc/Views/Card/Equ.js:243;src_jsc/Views/Card/Equ.js:252;src_jsc/Views/Card/Equ.js:254;src_jsc/Views/Card/Equ.js:264;src_jsc/Views/Card/Equ.js:270;src_jsc/Views/Card/Equ.js:272;src_jsc/Views/Card/Equ.js:291;src_jsc/Views/Card/Equ.js:324;src_jsc/Views/Card/Equ.js:357;src_jsc/Views/Card/Equ.js:390;src_jsc/Views/Card/General.js:223;src_jsc/Views/Card/General.js:240;src_jsc/Views/Card/General.js:242;src_jsc/Views/Card/General.js:252;src_jsc/Views/Card/General.js:258;src_jsc/Views/Card/General.js:260;src_jsc/Views/Card/General.js:280;src_jsc/Views/Card/General.js:282;src_jsc/Views/Card/General.js:286;src_jsc/Views/Card/General.js:296;src_jsc/Views/Card/General.js:298;src_jsc/Views/Card/OtherPlayer.js:11;src_jsc/Views/Card/OtherPlayer.js:84;src_jsc/Views/Card/OtherPlayer.js:86;src_jsc/Views/Card/OtherPlayer.js:94;src_jsc/Views/Card/OtherPlayer.js:98;src_jsc/Views/Card/OtherPlayer.js:100;src_jsc/Views/Card/OtherPlayer.js:107;src_jsc/Views/Card/OtherPlayer.js:109;src_jsc/Views/Card/OtherPlayer.js:111;src_jsc/Views/Card/OtherPlayer.js:113;src_jsc/Views/Card/OtherPlayer.js:116;src_jsc/Views/Card/OtherPlayer.js:122;src_jsc/Views/Card/OtherPlayer.js:124;src_jsc/Views/Card/OtherPlayer.js:126;src_jsc/Views/Card/OtherPlayer.js:129;src_jsc/Views/Card/OtherPlayer.js:137;src_jsc/Views/Card/OtherPlayer.js:140;src_jsc/Views/Card/OtherPlayer.js:145;src_jsc/Views/Card/OtherPlayer.js:148;src_jsc/Views/Card/OtherPlayer.js:154;src_jsc/Views/Card/OtherPlayer.js:161;src_jsc/Views/Card/OtherPlayer.js:163;src_jsc/Views/Card/OtherPlayer.js:165;src_jsc/Views/Card/OtherPlayer.js:220;src_jsc/Views/Card/OtherPlayer.js:297;src_jsc/Views/CardListView_v2.js:118;src_jsc/Views/CardListView_v2.js:126;src_jsc/Views/CardListView_v2.js:143;src_jsc/Views/ClimbLadderPFKGView.js:184;src_jsc/Views/ClimbLadderPFKGView.js:237;src_jsc/Views/ClimbLadderPFKGView.js:239;src_jsc/Views/ClimbLadderPFKGView.js:245;src_jsc/Views/ClimbLadderPFKGView.js:249;src_jsc/Views/ClimbLadderPFKGView.js:251;src_jsc/Views/ClimbLadderPFKGView.js:263;src_jsc/Views/DecisiveBattle/DecisiveBattleMainView.js:31;src_jsc/Views/DecisiveBattle/DecisiveBattleMainView.js:115;src_jsc/Views/DecisiveBattle/DecisiveBattleMainView.js:142;src_jsc/Views/DecisiveBattle/DecisiveBattleMainView.js:153;src_jsc/Views/DecisiveBattle/DecisiveBattleMainView.js:155;src_jsc/Views/DecisiveBattle/DecisiveBattleMainView.js:157;src_jsc/Views/DecisiveBattle/DecisiveBattleMainView.js:159;src_jsc/Views/DecisiveBattle/DecisiveBattleMainView.js:161;src_jsc/Views/DecisiveBattle/DecisiveBattleMainView.js:163;src_jsc/Views/DecisiveBattle/DecisiveBattleMainView.js:165;src_jsc/Views/DecisiveBattle/DecisiveBattleMainView.js:167;src_jsc/Views/DecisiveBattle/DecisiveBattleMainView.js:169;src_jsc/Views/DecisiveBattle/DecisiveBattleMainView.js:171;src_jsc/Views/DecisiveBattle/DecisiveBattleMainView.js:173;src_jsc/Views/DecisiveBattle/DecisiveBattlePreviewView.js:70;src_jsc/Views/DecisiveBattle/DecisiveBattlePreviewView.js:337;src_jsc/Views/DecisiveBattle/DecisiveBattlePreviewView.js:341;src_jsc/Views/DecisiveBattle/DecisiveBattlePreviewView.js:345;src_jsc/Views/DecisiveBattle/SupportPointsExchangeView.js:19;src_jsc/Views/DecisiveBattle/SupportPointsExchangeView.js:21;src_jsc/Views/DecisiveBattle/SupportPointsExchangeView.js:23;src_jsc/Views/DecisiveBattle/SupportPointsExchangeView.js:43;src_jsc/Views/DecisiveBattle/SupportPointsExchangeView.js:57;src_jsc/Views/DecisiveBattle/SupportPointsExchangeView.js:102;src_jsc/Views/DecisiveBattle/SupportPointsExchangeView.js:104;src_jsc/Views/DecisiveBattle/SupportPointsExchangeView.js:159;src_jsc/Views/DecisiveBattle/SupportPointsExchangeView.js:163;src_jsc/Views/DecisiveBattle/SupportPointsExchangeView.js:170;src_jsc/Views/DecisiveBattle/SupportRecordView.js:8;src_jsc/Views/DecisiveBattle/SupportRecordView.js:12;src_jsc/Views/DecisiveBattle/SupportRecordView.js:19;src_jsc/Views/DecisiveBattle/SupportRecordView.js:40;src_jsc/Views/DecisiveBattle/SupportRecordView.js:42;src_jsc/Views/DecisiveBattle/SupportRecordView.js:58;src_jsc/Views/DecisiveBattle/SupportRecordView.js:60;src_jsc/Views/DecisiveBattle/SupportRecordView.js:62;src_jsc/Views/DecisiveBattle/SupportRecordView.js:77;src_jsc/Views/DecisiveBattle/SupportRecordView.js:79;src_jsc/Views/DecisiveBattle/SupportRecordView.js:97;src_jsc/Views/DecisiveBattle/SupportRecordView.js:99;src_jsc/Views/DecisiveBattle/SupportRecordView.js:224;src_jsc/Views/DecisiveBattle/SupportRecordView.js:245;src_jsc/Views/DecisiveBattle/SupportRecordView.js:265;src_jsc/Views/DecisiveBattle/SupportRecordView.js:275;src_jsc/Views/DecisiveBattle/SupportRecordView.js:277;src_jsc/Views/DecisiveBattle/SupportRecordView.js:279;src_jsc/Views/DecisiveBattle/SupportRecordView.js:293;src_jsc/Views/DecisiveBattle/SupportRecordView.js:303;src_jsc/Views/DecisiveBattle/SupportRecordView.js:305;src_jsc/Views/DecisiveBattle/SupportRecordView.js:307;src_jsc/Views/Dialog/Adventure.js:66;src_jsc/Views/Dialog/Adventure.js:76;src_jsc/Views/Dialog/Adventure.js:78;src_jsc/Views/Dialog/Adventure.js:141;src_jsc/Views/Dialog/AdvertisementDialog.js:21;src_jsc/Views/Dialog/AdvertisementDialog.js:98;src_jsc/Views/Dialog/AdvertisementDialog.js:243;src_jsc/Views/Dialog/AnnouncementDialog.js:5;src_jsc/Views/Dialog/AnnouncementDialog.js:6;src_jsc/Views/Dialog/AnnouncementDialog.js:91;src_jsc/Views/Dialog/AnnouncementDialog.js:263;src_jsc/Views/Dialog/AnnouncementDialog.js:267;src_jsc/Views/Dialog/AnnouncementDialog.js:271;src_jsc/Views/Dialog/AnnouncementDialog.js:275;src_jsc/Views/Dialog/AnnouncementDialog.js:281;src_jsc/Views/Dialog/AnnouncementDialog.js:358;src_jsc/Views/Dialog/AutoMultiKillSelectDialog.js:21;src_jsc/Views/Dialog/AutoMultiKillSelectDialog.js:23;src_jsc/Views/Dialog/AutoMultiKillSelectDialog.js:25;src_jsc/Views/Dialog/AutoMultiKillSelectDialog.js:143;src_jsc/Views/Dialog/AutoMultiKillSelectDialog.js:145;src_jsc/Views/Dialog/AutoMultiKillSelectDialog.js:147;src_jsc/Views/Dialog/AutoMultiKillSelectDialog.js:481;src_jsc/Views/Dialog/AutoMultiKillSelectDialog.js:483;src_jsc/Views/Dialog/AutoMultiKillSelectDialog.js:485;src_jsc/Views/Dialog/AutoMultiKillSelectDialog.js:556;src_jsc/Views/Dialog/AutoMultiKillSelectDialog.js:560;src_jsc/Views/Dialog/AutoMultiKillSelectDialog.js:562;src_jsc/Views/Dialog/AutoMultiKillSelectDialog.js:588;src_jsc/Views/Dialog/AutoMultiKillSelectDialog.js:589;src_jsc/Views/Dialog/AutoMultiKillSelectDialog.js:590;src_jsc/Views/Dialog/AutoMultiKillSelectDialog.js:591;src_jsc/Views/Dialog/AutoMultiKillSelectDialog.js:592;src_jsc/Views/Dialog/AutoMultiKillSelectDialog.js:593;src_jsc/Views/Dialog/AutoMultiKillSelectDialog.js:595;src_jsc/Views/Dialog/AutoPracticeDialog.js:34;src_jsc/Views/Dialog/AutoPracticeDialog.js:36;src_jsc/Views/Dialog/AutoPracticeDialog.js:38;src_jsc/Views/Dialog/AutoPracticeDialog.js:180;src_jsc/Views/Dialog/AutoPracticeDialog.js:201;src_jsc/Views/Dialog/AutoPracticeDialog.js:208;src_jsc/Views/Dialog/AutoPracticeDialog.js:493;src_jsc/Views/Dialog/AutoPracticeDialog.js:494;src_jsc/Views/Dialog/AutoPracticeDialog.js:495;src_jsc/Views/Dialog/AutoPracticeResultDialog.js:36;src_jsc/Views/Dialog/AutoPracticeResultDialog.js:38;src_jsc/Views/Dialog/AutoPracticeResultDialog.js:162;src_jsc/Views/Dialog/AutoPracticeResultDialog.js:164;src_jsc/Views/Dialog/AutoPracticeResultDialog.js:214;src_jsc/Views/Dialog/AutoPracticeResultDialog.js:215;src_jsc/Views/Dialog/AwakeConfirmDialog.js:8;src_jsc/Views/Dialog/AwakeConfirmDialog.js:9;src_jsc/Views/Dialog/AwakeConfirmDialog.js:21;src_jsc/Views/Dialog/AwakeConfirmDialog.js:23;src_jsc/Views/Dialog/AwakeConfirmDialog.js:51;src_jsc/Views/Dialog/AwakeConfirmDialog.js:140;src_jsc/Views/Dialog/AwakeConfirmDialog.js:168;src_jsc/Views/Dialog/AwakeInfoDialog.js:395;src_jsc/Views/Dialog/BeautyShopDialog.js:73;src_jsc/Views/Dialog/BeautyShopDialog.js:281;src_jsc/Views/Dialog/BreachResult.js:97;src_jsc/Views/Dialog/BreachResult.js:99;src_jsc/Views/Dialog/ChargePrivilegeDialog.js:79;src_jsc/Views/Dialog/CommonDialog.js:67;src_jsc/Views/Dialog/CommonDialog.js:74;src_jsc/Views/Dialog/CommonDialog.js:173;src_jsc/Views/Dialog/CommonDialog.js:175;src_jsc/Views/Dialog/CommonDialog.js:181;src_jsc/Views/Dialog/CommonDialog.js:191;src_jsc/Views/Dialog/CommonDialog.js:193;src_jsc/Views/Dialog/CommonDialog.js:199;src_jsc/Views/Dialog/CommonDialog.js:203;src_jsc/Views/Dialog/CommonDialog.js:211;src_jsc/Views/Dialog/CommonDialog.js:298;src_jsc/Views/Dialog/CommonDialog.js:300;src_jsc/Views/Dialog/CommonDialog.js:308;src_jsc/Views/Dialog/CommonDialog.js:309;src_jsc/Views/Dialog/CommonDialog.js:312;src_jsc/Views/Dialog/CommonDialog.js:314;src_jsc/Views/Dialog/CommonDialog.js:315;src_jsc/Views/Dialog/CommonDialog.js:317;src_jsc/Views/Dialog/CommonDialog.js:319;src_jsc/Views/Dialog/CommonDialog.js:321;src_jsc/Views/Dialog/CommonDialog.js:324;src_jsc/Views/Dialog/CommonDialog.js:326;src_jsc/Views/Dialog/CommonDialog.js:466;src_jsc/Views/Dialog/CommonDialog.js:476;src_jsc/Views/Dialog/CommonDialog.js:478;src_jsc/Views/Dialog/CommonDialog.js:508;src_jsc/Views/Dialog/CommonDialog.js:518;src_jsc/Views/Dialog/CommonDialog.js:520;src_jsc/Views/Dialog/DetailDialogComponent.js:796;src_jsc/Views/Dialog/DetailDialogComponent.js:798;src_jsc/Views/Dialog/DetailDialogComponent.js:811;src_jsc/Views/Dialog/DetailDialogComponent.js:815;src_jsc/Views/Dialog/DetailDialogComponent.js:819;src_jsc/Views/Dialog/DetailDialogComponent.js:821;src_jsc/Views/Dialog/DetailDialogComponent.js:839;src_jsc/Views/Dialog/DetailDialogComponent.js:840;src_jsc/Views/Dialog/DetailDialogComponent.js:863;src_jsc/Views/Dialog/DetailDialogComponent.js:865;src_jsc/Views/Dialog/DetailDialogComponent.js:880;src_jsc/Views/Dialog/DetailDialogComponent.js:882;src_jsc/Views/Dialog/DetailDialogComponent.js:886;src_jsc/Views/Dialog/DetailDialogComponent.js:909;src_jsc/Views/Dialog/DetailDialogComponent.js:911;src_jsc/Views/Dialog/DetailDialogComponent.js:926;src_jsc/Views/Dialog/DetailDialogComponent.js:927;src_jsc/Views/Dialog/DetailDialogComponent.js:928;src_jsc/Views/Dialog/DetailDialogComponent.js:946;src_jsc/Views/Dialog/DetailDialogComponent.js:947;src_jsc/Views/Dialog/DetailDialogComponent.js:955;src_jsc/Views/Dialog/DetailDialogComponent.js:957;src_jsc/Views/Dialog/DetailDialogComponent.js:970;src_jsc/Views/Dialog/DetailDialogComponent.js:972;src_jsc/Views/Dialog/DetailDialogComponent.js:986;src_jsc/Views/Dialog/DetailDialogComponent.js:988;src_jsc/Views/Dialog/DetailDialogComponent.js:1021;src_jsc/Views/Dialog/DetailDialogComponent.js:1030;src_jsc/Views/Dialog/DetailDialogComponent.js:1032;src_jsc/Views/Dialog/DetailDialogComponent.js:1054;src_jsc/Views/Dialog/DetailDialogComponent.js:1063;src_jsc/Views/Dialog/DetailDialogComponent.js:1065;src_jsc/Views/Dialog/DetailDialogComponent.js:1087;src_jsc/Views/Dialog/DetailDialogComponent.js:1089;src_jsc/Views/Dialog/DetailDialogComponent.js:1091;src_jsc/Views/Dialog/DetailDialogComponent.js:1093;src_jsc/Views/Dialog/DetailDialogComponent.js:1104;src_jsc/Views/Dialog/DetailDialogComponent.js:1106;src_jsc/Views/Dialog/DetailDialogComponent.js:1108;src_jsc/Views/Dialog/DetailDialogComponent.js:1110;src_jsc/Views/Dialog/DetailDialogComponent.js:1113;src_jsc/Views/Dialog/DetailDialogComponent.js:1114;src_jsc/Views/Dialog/DetailDialogComponent.js:1115;src_jsc/Views/Dialog/DetailDialogComponent.js:1116;src_jsc/Views/Dialog/DetailDialogComponent.js:1140;src_jsc/Views/Dialog/DetailDialogComponent.js:1159;src_jsc/Views/Dialog/DetailDialogComponent.js:1178;src_jsc/Views/Dialog/DetailDialogComponent.js:1182;src_jsc/Views/Dialog/DetailDialogComponent.js:1206;src_jsc/Views/Dialog/DetailDialogComponent.js:1210;src_jsc/Views/Dialog/DetailDialogComponent.js:1212;src_jsc/Views/Dialog/DetailDialogComponent.js:1214;src_jsc/Views/Dialog/DetailDialogComponent.js:1222;src_jsc/Views/Dialog/DetailDialogComponent.js:1229;src_jsc/Views/Dialog/DetailDialogComponent.js:1231;src_jsc/Views/Dialog/DetailDialogComponent.js:1235;src_jsc/Views/Dialog/DetailDialogComponent.js:1268;src_jsc/Views/Dialog/DetailDialogComponent.js:1269;src_jsc/Views/Dialog/DetailDialogComponent.js:1271;src_jsc/Views/Dialog/DetailDialogComponent.js:1272;src_jsc/Views/Dialog/DetailDialogComponent.js:1353;src_jsc/Views/Dialog/DetailDialogComponent.js:1355;src_jsc/Views/Dialog/DetailDialogComponent.js:1366;src_jsc/Views/Dialog/DetailDialogComponent.js:1368;src_jsc/Views/Dialog/DetailDialogComponent.js:1377;src_jsc/Views/Dialog/DetailDialogComponent.js:1378;src_jsc/Views/Dialog/DetailDialogComponent.js:1477;src_jsc/Views/Dialog/DetailDialogComponent.js:1479;src_jsc/Views/Dialog/DetailDialogComponent.js:1483;src_jsc/Views/Dialog/DetailDialogComponent.js:1498;src_jsc/Views/Dialog/DetailDialogComponent.js:1500;src_jsc/Views/Dialog/DetailDialogComponent.js:1524;src_jsc/Views/Dialog/DetailDialogComponent.js:1527;src_jsc/Views/Dialog/DetailDialogComponent.js:1529;src_jsc/Views/Dialog/DetailDialogComponent.js:1539;src_jsc/Views/Dialog/DetailDialogComponent.js:1540;src_jsc/Views/Dialog/DetailDialogComponent.js:1541;src_jsc/Views/Dialog/DetailDialogComponent.js:1565;src_jsc/Views/Dialog/DetailDialogComponent.js:1567;src_jsc/Views/Dialog/DetailDialogComponent.js:1571;src_jsc/Views/Dialog/DetailDialogComponent.js:1584;src_jsc/Views/Dialog/DetailDialogComponent.js:1586;src_jsc/Views/Dialog/DetailDialogComponent.js:1592;src_jsc/Views/Dialog/DetailDialogComponent.js:1609;src_jsc/Views/Dialog/DetailDialogComponent.js:1611;src_jsc/Views/Dialog/DetailDialogComponent.js:1621;src_jsc/Views/Dialog/DetailDialogComponent.js:1622;src_jsc/Views/Dialog/DetailDialogComponent.js:1623;src_jsc/Views/Dialog/DetailDialogGeneral.js:10;src_jsc/Views/Dialog/DetailDialogSkill.js:407;src_jsc/Views/Dialog/Dialog.js:85;src_jsc/Views/Dialog/Dialog.js:103;src_jsc/Views/Dialog/Dialog.js:105;src_jsc/Views/Dialog/DuanWuDialog.js:73;src_jsc/Views/Dialog/DuanWuDialog.js:287;src_jsc/Views/Dialog/DungeonDetail.js:48;src_jsc/Views/Dialog/DungeonDetail.js:72;src_jsc/Views/Dialog/DungeonDetail.js:76;src_jsc/Views/Dialog/DungeonDetail.js:78;src_jsc/Views/Dialog/DungeonDetail.js:80;src_jsc/Views/Dialog/DungeonDetailB.js:46;src_jsc/Views/Dialog/DungeonDetailB.js:70;src_jsc/Views/Dialog/DungeonDetailB.js:74;src_jsc/Views/Dialog/DungeonDetailB.js:76;src_jsc/Views/Dialog/DungeonDetailB.js:78;src_jsc/Views/Dialog/EquipmentStrengthenDialog.js:327;src_jsc/Views/Dialog/EquipmentStrengthenDialog.js:329;src_jsc/Views/Dialog/EquipmentStrengthenDialog.js:331;src_jsc/Views/Dialog/EquipmentStrengthenDialog.js:333;src_jsc/Views/Dialog/EquipmentStrengthenDialog.js:335;src_jsc/Views/Dialog/EquipmentStrengthenDialog.js:337;src_jsc/Views/Dialog/EquipmentStrengthenDialog.js:339;src_jsc/Views/Dialog/EquipmentStrengthenDialog.js:341;src_jsc/Views/Dialog/EquipmentStrengthenDialog.js:343;src_jsc/Views/Dialog/EquipmentStrengthenDialog.js:345;src_jsc/Views/Dialog/EquipmentStrengthenDialog.js:347;src_jsc/Views/Dialog/EquipmentStrengthenDialog.js:349;src_jsc/Views/Dialog/EquipmentStrengthenDialog.js:351;src_jsc/Views/Dialog/EquipmentStrengthenDialog.js:377;src_jsc/Views/Dialog/EquipmentStrengthenDialog.js:383;src_jsc/Views/Dialog/EquipmentStrengthenDialog.js:388;src_jsc/Views/Dialog/EquipmentStrengthenDialog.js:390;src_jsc/Views/Dialog/EquipmentStrengthenDialog.js:403;src_jsc/Views/Dialog/ErrorDialog.js:30;src_jsc/Views/Dialog/ErrorDialog.js:32;src_jsc/Views/Dialog/ErrorDialog.js:34;src_jsc/Views/Dialog/FightResult.js:8;src_jsc/Views/Dialog/FightResult.js:165;src_jsc/Views/Dialog/FightResult.js:171;src_jsc/Views/Dialog/FightResult.js:323;src_jsc/Views/Dialog/FightResult.js:325;src_jsc/Views/Dialog/FightResult.js:330;src_jsc/Views/Dialog/FightResult.js:333;src_jsc/Views/Dialog/FightResult.js:508;src_jsc/Views/Dialog/FightResult.js:516;src_jsc/Views/Dialog/FightResult.js:524;src_jsc/Views/Dialog/FightResult.js:533;src_jsc/Views/Dialog/GoldDrawDialog.js:38;src_jsc/Views/Dialog/GoldDrawDialog.js:124;src_jsc/Views/Dialog/InstructionDialog.js:35;src_jsc/Views/Dialog/JiFenDuiHuanDialog.js:73;src_jsc/Views/Dialog/JiFenDuiHuanDialog.js:283;src_jsc/Views/Dialog/LabourlDialog.js:73;src_jsc/Views/Dialog/LabourlDialog.js:283;src_jsc/Views/Dialog/MemorialDialog.js:73;src_jsc/Views/Dialog/MemorialDialog.js:283;src_jsc/Views/Dialog/MessagePopView.js:58;src_jsc/Views/Dialog/MessagePopView.js:68;src_jsc/Views/Dialog/MulitiFightDialog.js:25;src_jsc/Views/Dialog/MultiItemBuyDialog.js:34;src_jsc/Views/Dialog/MultiItemBuyDialog.js:36;src_jsc/Views/Dialog/MultiItemBuyDialog.js:38;src_jsc/Views/Dialog/MultiItemBuyDialog.js:40;src_jsc/Views/Dialog/MultiItemBuyDialog.js:50;src_jsc/Views/Dialog/MultiItemBuyDialog.js:52;src_jsc/Views/Dialog/MultiItemBuyDialog.js:54;src_jsc/Views/Dialog/MultiItemBuyDialog.js:56;src_jsc/Views/Dialog/MultiItemBuyDialog.js:125;src_jsc/Views/Dialog/MultiItemBuyDialog.js:127;src_jsc/Views/Dialog/MultiItemBuyDialog.js:151;src_jsc/Views/Dialog/MultiItemBuyDialog.js:152;src_jsc/Views/Dialog/MultiItemBuyDialog.js:153;src_jsc/Views/Dialog/MultiItemBuyDialog.js:154;src_jsc/Views/Dialog/MultiItemExchangeDialog.js:49;src_jsc/Views/Dialog/MultiItemExchangeDialog.js:51;src_jsc/Views/Dialog/MultiItemExchangeDialog.js:53;src_jsc/Views/Dialog/MultiItemExchangeDialog.js:55;src_jsc/Views/Dialog/MultiItemExchangeDialog.js:69;src_jsc/Views/Dialog/MultiItemExchangeDialog.js:165;src_jsc/Views/Dialog/MultiItemExchangeDialog.js:189;src_jsc/Views/Dialog/MultiItemExchangeDialog.js:190;src_jsc/Views/Dialog/MultiItemExchangeDialog.js:191;src_jsc/Views/Dialog/MultiItemExchangeDialog.js:192;src_jsc/Views/Dialog/MysteryStoreDialog.js:73;src_jsc/Views/Dialog/MysteryStoreDialog.js:339;src_jsc/Views/Dialog/PlantTreeDlg.js:253;src_jsc/Views/Dialog/PlayerInfoDialog.js:87;src_jsc/Views/Dialog/PlayerInfoDialog.js:89;src_jsc/Views/Dialog/PlayerInfoDialog.js:91;src_jsc/Views/Dialog/PlayerInfoDialog.js:93;src_jsc/Views/Dialog/PlayerInfoDialog.js:129;src_jsc/Views/Dialog/PublicCopyDialog.js:73;src_jsc/Views/Dialog/PublicCopyDialog.js:289;src_jsc/Views/Dialog/SelectOpenBoxNumDialog.js:30;src_jsc/Views/Dialog/SelectOpenBoxNumDialog.js:32;src_jsc/Views/Dialog/SelectOpenBoxNumDialog.js:34;src_jsc/Views/Dialog/SelectOpenBoxNumDialog.js:54;src_jsc/Views/Dialog/SelectOpenBoxNumDialog.js:56;src_jsc/Views/Dialog/SelectOpenBoxNumDialog.js:58;src_jsc/Views/Dialog/SelectOpenBoxNumDialog.js:137;src_jsc/Views/Dialog/SelectOpenBoxNumDialog.js:163;src_jsc/Views/Dialog/SelectOpenBoxNumDialog.js:164;src_jsc/Views/Dialog/SelectOpenBoxNumDialog.js:165;src_jsc/Views/Dialog/SelectResolveNumDialog.js:30;src_jsc/Views/Dialog/SelectResolveNumDialog.js:32;src_jsc/Views/Dialog/SelectResolveNumDialog.js:34;src_jsc/Views/Dialog/SelectResolveNumDialog.js:54;src_jsc/Views/Dialog/SelectResolveNumDialog.js:56;src_jsc/Views/Dialog/SelectResolveNumDialog.js:58;src_jsc/Views/Dialog/SelectResolveNumDialog.js:137;src_jsc/Views/Dialog/SelectResolveNumDialog.js:165;src_jsc/Views/Dialog/SelectResolveNumDialog.js:166;src_jsc/Views/Dialog/SelectResolveNumDialog.js:167;src_jsc/Views/Dialog/SelectSgsChannelDialog.js:40;src_jsc/Views/Dialog/SelectSgsChannelDialog.js:42;src_jsc/Views/Dialog/SkillUpDialog.js:8;src_jsc/Views/Dialog/SkillUpDialog.js:9;src_jsc/Views/Dialog/SkillUpDialog.js:13;src_jsc/Views/Dialog/SkillUpDialog.js:57;src_jsc/Views/Dialog/SkillUpDialog.js:61;src_jsc/Views/Dialog/SkillUpDialog.js:67;src_jsc/Views/Dialog/SkillUpDialog.js:123;src_jsc/Views/Dialog/SkillUpDialog.js:125;src_jsc/Views/Dialog/SkillUpDialog.js:127;src_jsc/Views/Dialog/SkillUpDialog.js:248;src_jsc/Views/Dialog/SkillUpDialog.js:250;src_jsc/Views/Dialog/SkillUpDialog.js:252;src_jsc/Views/Dialog/SlotMachinesActivities.js:417;src_jsc/Views/Dialog/SlotMachinesActivities.js:419;src_jsc/Views/Dialog/SlotMachinesActivities.js:423;src_jsc/Views/Dialog/SpecificDialog.js:106;src_jsc/Views/Dialog/SpiritStoneDialog.js:255;src_jsc/Views/Dialog/UnionDepotMemberDialog.js:155;src_jsc/Views/Dialog/UnionDepotMemberDialog.js:174;src_jsc/Views/Dialog/UnionDepotNumChooseDialog.js:8;src_jsc/Views/Dialog/UnionDepotNumChooseDialog.js:9;src_jsc/Views/Dialog/UnionDepotNumChooseDialog.js:10;src_jsc/Views/Dialog/UnionDepotNumChooseDialog.js:15;src_jsc/Views/Dialog/UnionDepotNumChooseDialog.js:30;src_jsc/Views/Dialog/UnionDepotNumChooseDialog.js:32;src_jsc/Views/Dialog/UnionDepotNumChooseDialog.js:34;src_jsc/Views/Dialog/UnionDepotNumChooseDialog.js:44;src_jsc/Views/Dialog/UnionDepotNumChooseDialog.js:64;src_jsc/Views/Dialog/UnionDepotNumChooseDialog.js:66;src_jsc/Views/Dialog/UnionDepotNumChooseDialog.js:68;src_jsc/Views/Dialog/UnionDepotNumChooseDialog.js:96;src_jsc/Views/Dialog/UnionDepotNumChooseDialog.js:139;src_jsc/Views/Dialog/UnionEncounterMapDialog.js:165;src_jsc/Views/Dialog/UnionEncounterMapDialog.js:193;src_jsc/Views/Dialog/UnionEncounterMapDialog.js:198;src_jsc/Views/Dialog/UnionEncounterMapDialog.js:203;src_jsc/Views/Dialog/UnionEncounterMapDialog.js:705;src_jsc/Views/Dialog/UnionEncounterMapDialog.js:707;src_jsc/Views/Dialog/UnionEncounterMapDialog.js:768;src_jsc/Views/Dialog/UnionEncounterMapDialog.js:770;src_jsc/Views/Dialog/UnionEncounterMapDialog.js:772;src_jsc/Views/Dialog/UnionWarActivePromoteDialog.js:37;src_jsc/Views/Dialog/UnionWarActivePromoteDialog.js:39;src_jsc/Views/Gems/AllGemsListDialog.js:53;src_jsc/Views/Gems/AllGemsListDialog.js:55;src_jsc/Views/Gems/GemsHoleextendView.js:210;src_jsc/Views/Gems/GemsPunchView.js:138;src_jsc/Views/Gems/GemsPunchView.js:491;src_jsc/Views/Gems/GemsPunchView.js:502;src_jsc/Views/Gems/GemsSophisticationReplaceDialog.js:240;src_jsc/Views/Gems/GemsSophisticationReplaceDialog.js:242;src_jsc/Views/Gems/GemsSophisticationView.js:173;src_jsc/Views/Gems/GemsSophisticationView.js:922;src_jsc/Views/Gems/GemsSophisticationView.js:933;src_jsc/Views/GeneralCardShow.js:258;src_jsc/Views/GeneralCardShow.js:260;src_jsc/Views/GeneralCardShow.js:263;src_jsc/Views/GeneralCardShow.js:265;src_jsc/Views/GeneralCardShow.js:269;src_jsc/Views/GeneralCardShow.js:271;src_jsc/Views/Goddess/GoddessAchievementDialog.js:308;src_jsc/Views/Goddess/GoddessMainView.js:41;src_jsc/Views/Goddess/GoddessMainView.js:104;src_jsc/Views/Goddess/GoddessMainView.js:106;src_jsc/Views/Goddess/GoddessMainView.js:108;src_jsc/Views/Goddess/GoddessMainView.js:298;src_jsc/Views/Goddess/GoddessMainView.js:381;src_jsc/Views/HulaoBattle/HulaoBattleMainView.js:113;src_jsc/Views/Icon/BaseIcon.js:97;src_jsc/Views/Icon/IconStyleA.js:147;src_jsc/Views/Icon/IconStyleA.js:149;src_jsc/Views/Icon/IconStyleA.js:151;src_jsc/Views/Icon/IconStyleA.js:153;src_jsc/Views/Icon/IconStyleA.js:159;src_jsc/Views/Icon/IconStyleA.js:174;src_jsc/Views/Icon/IconStyleA.js:176;src_jsc/Views/Icon/IconStyleA.js:178;src_jsc/Views/Icon/IconStyleA.js:184;src_jsc/Views/Icon/IconStyleA.js:186;src_jsc/Views/Icon/IconStyleA.js:188;src_jsc/Views/Icon/IconStyleA.js:191;src_jsc/Views/Icon/IconStyleA.js:237;src_jsc/Views/Icon/IconStyleA.js:273;src_jsc/Views/Icon/IconStyleA.js:375;src_jsc/Views/Icon/IconStyleA.js:377;src_jsc/Views/Icon/IconStyleA.js:381;src_jsc/Views/Icon/IconStyleA.js:383;src_jsc/Views/Icon/IconStyleA.js:385;src_jsc/Views/Icon/IconStyleA.js:400;src_jsc/Views/Icon/IconStyleA.js:422;src_jsc/Views/Icon/IconStyleA.js:438;src_jsc/Views/Icon/IconStyleA.js:440;src_jsc/Views/Icon/IconStyleA.js:444;src_jsc/Views/Icon/IconStyleA.js:446;src_jsc/Views/Icon/IconStyleA.js:448;src_jsc/Views/Icon/IconStyleA.js:626;src_jsc/Views/Icon/IconStyleA.js:655;src_jsc/Views/Icon/IconStyleA.js:672;src_jsc/Views/Icon/IconStyleA.js:719;src_jsc/Views/Icon/IconStyleB.js:21;src_jsc/Views/Icon/IconStyleB.js:42;src_jsc/Views/Icon/IconStyleC.js:24;src_jsc/Views/Icon/IconWrapped.js:94;src_jsc/Views/Icon/IconWrappedWithLabel.js:3;src_jsc/Views/Icon/IconWrappedWithLabel.js:5;src_jsc/Views/Icon/IconWrappedWithLabel.js:6;src_jsc/Views/Icon/IconWrappedWithLabel.js:10;src_jsc/Views/Icon/IconWrappedWithLabel.js:30;src_jsc/Views/Icon/IconWrappedWithLabel.js:89;src_jsc/Views/Icon/IconWrappedWithLabel.js:92;src_jsc/Views/Icon/headers.js:14;src_jsc/Views/InterService/InterServiceFightView.js:130;src_jsc/Views/InterService/InterServiceFightView.js:132;src_jsc/Views/InterService/InterServiceFightView.js:254;src_jsc/Views/InterService/InterServiceRegistrationView.js:41;src_jsc/Views/InterService/InterServiceRegistrationView.js:45;src_jsc/Views/InterService/InterServiceRegistrationView.js:155;src_jsc/Views/InterService/InterServiceRegistrationView.js:157;src_jsc/Views/InterService/InterServiceRegistrationView.js:159;src_jsc/Views/InterService/InterServiceRegistrationView.js:177;src_jsc/Views/InterService/InterServiceRegistrationView.js:179;src_jsc/Views/InterService/InterServiceRegistrationView.js:200;src_jsc/Views/InterService/InterServiceRegistrationView.js:202;src_jsc/Views/InterService/InterServiceRegistrationView.js:359;src_jsc/Views/InterService/InterServiceRegistrationView.js:363;src_jsc/Views/InterService/InterServiceRegistrationView.js:367;src_jsc/Views/InterService/InterServiceRegistrationView.js:381;src_jsc/Views/InterService/InterServiceRegistrationView.js:390;src_jsc/Views/InterService/InterServiceRegistrationView.js:396;src_jsc/Views/InterService/InterServiceRegistrationView.js:420;src_jsc/Views/InterService/InterServiceRegistrationView.js:425;src_jsc/Views/InterService/InterServiceRegistrationView.js:431;src_jsc/Views/InterService/InterServiceRegistrationView.js:434;src_jsc/Views/InterService/PointsExchangeView.js:15;src_jsc/Views/InterService/PointsExchangeView.js:17;src_jsc/Views/InterService/PointsExchangeView.js:19;src_jsc/Views/InterService/PointsExchangeView.js:39;src_jsc/Views/InterService/PointsExchangeView.js:53;src_jsc/Views/InterService/PointsExchangeView.js:114;src_jsc/Views/InterService/PointsExchangeView.js:116;src_jsc/Views/InterService/PointsExchangeView.js:169;src_jsc/Views/InterService/PointsExchangeView.js:173;src_jsc/Views/InterService/PointsExchangeView.js:180;src_jsc/Views/InterService/PopularityRewardView.js:249;src_jsc/Views/ItemCell.js:403;src_jsc/Views/ItemCell.js:558;src_jsc/Views/ItemCell.js:560;src_jsc/Views/ItemCell.js:562;src_jsc/Views/ItemCell.js:565;src_jsc/Views/ItemCell.js:567;src_jsc/Views/ItemCell.js:569;src_jsc/Views/ItemCell.js:571;src_jsc/Views/ItemCell.js:630;src_jsc/Views/ItemCell.js:632;src_jsc/Views/ItemCell.js:637;src_jsc/Views/Label/LabelBMF.js:3;src_jsc/Views/Label/LabelBMF.js:5;src_jsc/Views/Label/LabelBMF.js:9;src_jsc/Views/Label/LabelExt.js:3;src_jsc/Views/Label/LabelExt.js:5;src_jsc/Views/Label/LabelExt.js:6;src_jsc/Views/Label/LabelExt.js:16;src_jsc/Views/Label/LabelExt.js:33;src_jsc/Views/Label/LabelExt.js:98;src_jsc/Views/Label/LabelExt.js:115;src_jsc/Views/Label/LabelExt.js:132;src_jsc/Views/Label/LabelExt.js:149;src_jsc/Views/Label/LabelExt.js:161;src_jsc/Views/Label/LabelExt.js:174;src_jsc/Views/Label/LabelExt.js:187;src_jsc/Views/Label/LabelExt.js:196;src_jsc/Views/Label/LabelExt.js:202;src_jsc/Views/Label/LabelExt.js:207;src_jsc/Views/Label/LabelExt.js:211;src_jsc/Views/Label/LabelExt.js:216;src_jsc/Views/Label/LabelExt.js:221;src_jsc/Views/Label/LabelExt.js:230;src_jsc/Views/Label/LabelExt.js:233;src_jsc/Views/Label/LabelExt.js:249;src_jsc/Views/Label/LabelExt.js:331;src_jsc/Views/Label/LabelExt.js:345;src_jsc/Views/Label/LabelExt.js:357;src_jsc/Views/Label/LabelExt.js:369;src_jsc/Views/Label/LabelTTF.js:3;src_jsc/Views/Label/LabelTTF.js:5;src_jsc/Views/Label/LabelTTF.js:9;src_jsc/Views/Label/headers.js:3;src_jsc/Views/Label/headers.js:5;src_jsc/Views/Label/headers.js:7;src_jsc/Views/MainMenuView.js:37;src_jsc/Views/Meridians/AcupointListView.js:39;src_jsc/Views/Meridians/DetailsListView.js:84;src_jsc/Views/Meridians/DetailsListView.js:86;src_jsc/Views/Meridians/MeridiansMainView.js:226;src_jsc/Views/Meridians/PracticeMeridiansMainView.js:139;src_jsc/Views/Mgr.js:994;src_jsc/Views/Mgr.js:1060;src_jsc/Views/MiracleWeapons/MiracleWeaponInforDialog.js:307;src_jsc/Views/MiracleWeapons/MiracleWeaponInforDialog.js:413;src_jsc/Views/MiracleWeapons/SelectMiracleWeaponLayer.js:442;src_jsc/Views/ReincarnationView.js:33;src_jsc/Views/ShowTeamView.js:101;src_jsc/Views/ShowTeamView.js:107;src_jsc/Views/SkillCompoundView.js:31;src_jsc/Views/SkillRefining/RefiningSkillDialog.js:36;src_jsc/Views/SkillRefining/RefiningSkillDialog.js:38;src_jsc/Views/SplitLabelTTF.js:3;src_jsc/Views/SplitLabelTTF.js:77;src_jsc/Views/SplitLabelTTF.js:81;src_jsc/Views/SplitLabelTTF.js:84;src_jsc/Views/Table/Cell/BaseCmnStyleBCell.js:130;src_jsc/Views/Table/Cell/BaseCmnStyleBCell.js:132;src_jsc/Views/Table/Cell/BaseCmnStyleBCell.js:134;src_jsc/Views/Table/Cell/BaseCmnStyleBCell.js:136;src_jsc/Views/Table/Cell/BaseCmnStyleBCell.js:138;src_jsc/Views/Table/Cell/EquipmentTableViewCell.js:304;src_jsc/Views/Table/Cell/MulitiFightCell.js:28;src_jsc/Views/Table/Cell/MulitiFightCell.js:30;src_jsc/Views/Table/Cell/MulitiFightCell.js:32;src_jsc/Views/Table/Cell/MulitiFightCell.js:34;src_jsc/Views/Table/Cell/MulitiFightCell.js:36;src_jsc/Views/Table/Cell/MulitiFightCell.js:38;src_jsc/Views/Table/Cell/MulitiFightCell.js:40;src_jsc/Views/Table/Cell/MulitiFightCell.js:41;src_jsc/Views/Table/Cell/MulitiFightCell.js:44;src_jsc/Views/Table/Cell/MulitiFightCell.js:46;src_jsc/Views/Table/Cell/MulitiFightCell.js:52;src_jsc/Views/Table/Cell/MulitiFightCell.js:59;src_jsc/Views/Table/Cell/MulitiFightCell.js:61;src_jsc/Views/Table/Cell/MulitiFightCell.js:67;src_jsc/Views/Table/Cell/MulitiFightCell.js:72;src_jsc/Views/Table/Cell/MulitiFightCell.js:73;src_jsc/Views/Table/Cell/MulitiFightCell.js:76;src_jsc/Views/Table/Cell/MulitiFightCell.js:78;src_jsc/Views/Table/Cell/MulitiFightCell.js:84;src_jsc/Views/Table/Cell/MulitiFightCell.js:91;src_jsc/Views/Table/Cell/MulitiFightCell.js:95;src_jsc/Views/Table/Cell/MulitiFightCell.js:97;src_jsc/Views/Table/Cell/MulitiFightCell.js:102;src_jsc/Views/Table/Cell/MulitiFightCell.js:103;src_jsc/Views/Table/Cell/MulitiFightCell.js:105;src_jsc/Views/Table/Cell/MulitiFightCell.js:107;src_jsc/Views/Table/Cell/MulitiFightCell.js:109;src_jsc/Views/Table/Cell/MulitiFightCell.js:111;src_jsc/Views/Table/Cell/MulitiFightCell.js:112;src_jsc/Views/Table/Cell/MulitiFightCell.js:114;src_jsc/Views/Table/Cell/MulitiFightCell.js:117;src_jsc/Views/Table/Cell/MulitiFightCell.js:124;src_jsc/Views/Table/Cell/MulitiFightCell.js:130;src_jsc/Views/Table/Cell/MulitiFightCell.js:134;src_jsc/Views/Table/Cell/ReplaceCardCell.js:147;src_jsc/Views/Table/Cell/ReplaceCardCell.js:418;src_jsc/Views/Table/Cell/ReplaceCardCell.js:690;src_jsc/Views/Table/Cell/ReplaceCardCell.js:985;src_jsc/Views/Table/Cell/ReplaceCardCell.js:1268;src_jsc/Views/Table/Cell/ReplaceCardCell.js:1486;src_jsc/Views/Table/Cell/SkillMeltTableCell.js:230;src_jsc/Views/Table/Cell/SkillMeltTableCell.js:244;src_jsc/Views/Table/Cell/SkillMeltTableCell.js:258;src_jsc/Views/Table/Cell/TaskCell.js:12;src_jsc/Views/Table/Cell/TaskCell.js:13;src_jsc/Views/Table/Cell/TaskCell.js:14;src_jsc/Views/Table/Cell/TaskCell.js:15;src_jsc/Views/Table/Cell/TaskCell.js:16;src_jsc/Views/Table/Cell/TaskCell.js:20;src_jsc/Views/Table/Cell/TaskCell.js:35;src_jsc/Views/Table/Cell/TaskCell.js:37;src_jsc/Views/Table/Cell/TaskCell.js:39;src_jsc/Views/Table/Cell/TaskCell.js:45;src_jsc/Views/Table/Cell/TaskCell.js:47;src_jsc/Views/Table/Cell/TaskCell.js:49;src_jsc/Views/Table/Cell/TaskCell.js:75;src_jsc/Views/Table/Cell/TaskCell.js:93;src_jsc/Views/Table/Cell/TaskCell.js:95;src_jsc/Views/Table/Cell/TaskCell.js:136;src_jsc/Views/Table/Cell/TaskCell.js:139;src_jsc/Views/Table/Cell/TaskCell.js:151;src_jsc/Views/Table/Cell/TaskCell.js:157;src_jsc/Views/Table/Cell/TeamQueueTeamCell.js:50;src_jsc/Views/Table/InterServiceRewardTableView.js:9;src_jsc/Views/Table/InterServiceRewardTableView.js:10;src_jsc/Views/Table/InterServiceRewardTableView.js:33;src_jsc/Views/Table/InterServiceRewardTableView.js:35;src_jsc/Views/Table/InterServiceRewardTableView.js:88;src_jsc/Views/Table/InterServiceRewardTableView.js:90;src_jsc/Views/Table/InterServiceRewardTableView.js:92;src_jsc/Views/Table/InterServiceRewardTableView.js:96;src_jsc/Views/Table/UnionLogTableView.js:33;src_jsc/Views/Table/UnionLogTableView.js:44;src_jsc/Views/TablePageView.js:193;src_jsc/Views/TeamIconButton.js:55;src_jsc/Views/TeamIconButton.js:160;src_jsc/Views/TeamIconButton.js:162;src_jsc/Views/TeamIconButton.js:164;src_jsc/Views/TeamIconButton.js:166;src_jsc/Views/TeamIconButton.js:171;src_jsc/Views/TeamIconButton.js:173;src_jsc/Views/TeamIconButton.js:175;src_jsc/Views/TeamIconButton.js:177;src_jsc/Views/TextProgressView.js:17;src_jsc/Views/Union/UnionCombatMainLayer.js:118;src_jsc/Views/Union/UnionCombatMainLayer.js:120;src_jsc/Views/Union/UnionCombatMainLayer.js:122;src_jsc/Views/Union/UnionCombatMainLayer.js:124;src_jsc/Views/Union/UnionCombatMainLayer.js:128;src_jsc/Views/Union/UnionCombatMainLayer.js:139;src_jsc/Views/Union/UnionCombatMainLayer.js:141;src_jsc/Views/Union/UnionCombatMainLayer.js:143;src_jsc/Views/Union/UnionCombatMainLayer.js:145;src_jsc/Views/Union/UnionCombatMainLayer.js:147;src_jsc/Views/Union/UnionCombatMainLayer.js:149;src_jsc/Views/Union/UnionCombatMainLayer.js:151;src_jsc/Views/Union/UnionCombatMainLayer.js:153;src_jsc/Views/Union/UnionCombatMainLayer.js:155;src_jsc/Views/Union/UnionCombatMainLayer.js:157;src_jsc/Views/Union/UnionCombatMainLayer.js:159;src_jsc/Views/Union/UnionCombatMainLayer.js:161;src_jsc/Views/Union/UnionCombatMainLayer.js:163;src_jsc/Views/Union/UnionCombatMainLayer.js:165;src_jsc/Views/Union/UnionCombatMainLayer.js:435;src_jsc/Views/Union/UnionCombatMainLayer.js:511;src_jsc/Views/Union/UnionCombatMainLayer.js:562;src_jsc/Views/Union/UnionCombatMainLayer.js:569;src_jsc/Views/Union/UnionCombatMainLayer.js:609;src_jsc/Views/Union/UnionCombatMainLayer.js:613;src_jsc/Views/Union/UnionCombatMainLayer.js:629;src_jsc/Views/Union/UnionCombatMainLayer.js:631;src_jsc/Views/Union/UnionCombatMainLayer.js:633;src_jsc/Views/Union/UnionCombatMainLayer.js:635;src_jsc/Views/Union/UnionDepotLayer.js:211;src_jsc/Views/Union/UnionDepotLayer.js:213;src_jsc/Views/Union/UnionDepotLayer.js:215;src_jsc/Views/Union/UnionDepotLayer.js:217;src_jsc/Views/Union/UnionInfoLayer.js:97;src_jsc/Views/Union/UnionMemberManageDialog.js:107;src_jsc/Views/Union/UnionMemberManageDialog.js:109;src_jsc/Views/Union/UnionShopLayer.js:7;src_jsc/Views/Union/UnionShopLayer.js:8;src_jsc/Views/Union/UnionShopLayer.js:9;src_jsc/Views/Union/UnionShopLayer.js:10;src_jsc/Views/Union/UnionShopLayer.js:11;src_jsc/Views/Union/UnionShopLayer.js:12;src_jsc/Views/Union/UnionShopLayer.js:39;src_jsc/Views/Union/UnionShopLayer.js:41;src_jsc/Views/Union/UnionShopLayer.js:43;src_jsc/Views/Union/UnionShopLayer.js:45;src_jsc/Views/Union/UnionShopLayer.js:47;src_jsc/Views/Union/UnionShopLayer.js:49;src_jsc/Views/Union/UnionShopLayer.js:63;src_jsc/Views/Union/UnionShopLayer.js:65;src_jsc/Views/Union/UnionShopLayer.js:128;src_jsc/Views/Union/UnionShopLayer.js:134;src_jsc/Views/Union/UnionShopLayer.js:148;src_jsc/Views/Union/UnionShopLayer.js:150;src_jsc/Views/UnionWarBattleView.js:35;src_jsc/Views/UnionWarBattleView.js:39;src_jsc/Views/UnionWarBattleView.js:43;src_jsc/Views/UnionWarBattleView.js:47;src_jsc/Views/UnionWarBattleView.js:124;src_jsc/Views/UnionWarBattleView.js:128;src_jsc/Views/UnionWarBattleView.js:130;src_jsc/Views/UnionWarBattleView.js:132;src_jsc/Views/UnionWarBattleView.js:175;src_jsc/Views/UnionWarBattleView.js:177;src_jsc/Views/UnionWarBattleView.js:193;src_jsc/Views/UnionWarBattleView.js:195;src_jsc/Views/UnionWarBattleView.js:217;src_jsc/Views/UnionWarBattleView.js:219;src_jsc/Views/UnionWarBattleView.js:224;src_jsc/Views/UnionWarBattleView.js:228;src_jsc/Views/UnionWarBattleView.js:237;src_jsc/Views/UnionWarBattleView.js:241;src_jsc/Views/UnionWarBattleView.js:302;src_jsc/Views/UnionWarBattleView.js:304;src_jsc/Views/UnionWarBattleView.js:309;src_jsc/Views/UnionWarBattleView.js:311;src_jsc/Views/UnionWarPlayerHeadFightView.js:52;src_jsc/Views/UnionWarPlayerHeadFightView.js:54;src_jsc/Views/UnionWarPlayerHeadFightView.js:56;src_jsc/Views/UnionWarPlayerHeadFightView.js:100;src_jsc/Views/UnionWarPlayerHeadFightView.js:102;src_jsc/Views/UnionWarPlayerHeadFightView.js:195;src_jsc/Views/UnionWarPlayerHeadFightView.js:196;src_jsc/Views/UnionWarPlayerHeadView.js:35;src_jsc/Views/UnionWarPlayerHeadView.js:37;src_jsc/Views/UnionWarPlayerHeadView.js:98;src_jsc/Views/UnionWarPlayerHeadView.js:100;src_jsc/Views/UnionWarPlayerHeadView.js:125;src_jsc/Views/UnionWarPlayerHeadView.js:126;src_jsc/Views/UpgradeCard/CombatUpgradeCard.js:39;src_jsc/Views/UpgradeCard/CombatUpgradeCard.js:41;src_jsc/Views/headers.js:18;src_jsc/Views/headers.js:28,unknown,unknown,unknown,unknown,unknown,unknown,candidate observed statically; scene reachability unverified,Cocos/JSB stock registration or custom registration; owner not resolved,UNRESOLVED,oracle libcocos2djs.so JSB registration strings,not yet selected,not run
oracle_registered_type,LabelAtlas,LabelAtlas,unknown; resolve against recorded oracle symbol dump,src_jsc/Core/Cocos2d-x/jsb_cocos2d.js:720;src_jsc/Core/Cocos2d-x/jsb_cocos2d.js:728;src_jsc/Core/Cocos2d-x/jsb_cocos2d.js:731;src_jsc/Core/Cocos2d-x/jsb_cocos2d_studio.js:132,unknown,unknown,unknown,unknown,unknown,unknown,candidate observed statically; scene reachability unverified,Cocos/JSB stock registration or custom registration; owner not resolved,UNRESOLVED,oracle libcocos2djs.so JSB registration strings,not yet selected,not run
oracle_registered_type,LabelBMFont,LabelBMFont,unknown; resolve against recorded oracle symbol dump,src_jsc/Core/Cocos2d-x/jsb_cocos2d_studio.js:134;src_jsc/Factorys/Label.js:62;src_jsc/Factorys/LabelBMFont.js:3;src_jsc/Factorys/LabelBMFont.js:5;src_jsc/Factorys/LabelBMFont.js:14;src_jsc/Factorys/LabelBMFont.js:16;src_jsc/Factorys/LabelBMFont.js:20;src_jsc/Factorys/LabelBMFont.js:27;src_jsc/Factorys/LabelBMFont.js:40;src_jsc/Factorys/LabelBMFont.js:111;src_jsc/Factorys/LabelBMFont.js:126;src_jsc/Factorys/LabelBMFont.js:128;src_jsc/Factorys/LabelBMFont.js:136;src_jsc/Factorys/LabelBMFont.js:142;src_jsc/Factorys/Skill/Item/Item.js:671;src_jsc/Factorys/headers.js:11;src_jsc/Libs/Views/Button/Factory.js:60;src_jsc/Scene/Fight/FightScene.js:3530;src_jsc/Utils/UI.js:53;src_jsc/Utils/UI.js:65;src_jsc/Views/Label/LabelBMF.js:9,unknown,unknown,unknown,unknown,unknown,unknown,candidate observed statically; scene reachability unverified,Cocos/JSB stock registration or custom registration; owner not resolved,UNRESOLVED,oracle libcocos2djs.so JSB registration strings,not yet selected,not run
oracle_registered_type,Layout,Layout,unknown; resolve against recorded oracle symbol dump,data_cn_jsc/plan/sgs_i18n.js:3055;data_cn_jsc/plan/sgs_i18n.js:3056;data_cn_jsc/plan/sgs_i18n.js:7124;data_cn_jsc/plan/sgs_i18n.js:7125;data_cn_jsc/plan/sgs_i18n.js:11166;data_cn_jsc/plan/sgs_i18n.js:11167;data_cn_jsc/plan/sgs_i18n.js:15253;data_cn_jsc/plan/sgs_i18n.js:15254;data_cn_jsc/plan/sgs_i18n.js:19316;data_cn_jsc/plan/sgs_i18n.js:19317;data_cn_jsc/plan/sgs_i18n.js:23346;data_cn_jsc/plan/sgs_i18n.js:27403;data_cn_jsc/plan/sgs_i18n.js:31466;data_cn_jsc/plan/sgs_i18n.js:35501;data_cn_jsc/plan/sgs_i18n.js:35502;data_cn_jsc/plan/sgs_i18n.js:39569;data_cn_jsc/plan/sgs_i18n.js:39570;src_jsc/Cfg/CCBI.js:161;src_jsc/Cfg/Constant.js:881;src_jsc/Core/Cocos2d-x/jsb_cocos2d_studio.js:29;src_jsc/Core/Cocos2d-x/jsb_cocos2d_studio.js:31;src_jsc/Core/Cocos2d-x/jsb_cocos2d_studio.js:33;src_jsc/Core/Cocos2d-x/jsb_cocos2d_studio.js:35;src_jsc/Core/Cocos2d-x/jsb_cocos2d_studio.js:90;src_jsc/Core/Cocos2d-x/jsb_cocos2d_studio.js:94;src_jsc/Core/Cocos2d-x/jsb_cocos2d_studio.js:100;src_jsc/Core/Cocos2d-x/jsb_cocos2d_studio.js:104;src_jsc/Core/Cocos2d-x/jsb_cocos2d_studio.js:106;src_jsc/Core/Cocos2d-x/jsb_cocos2d_studio.js:108;src_jsc/Factorys/BaseLabel.js:31;src_jsc/Factorys/LabelBMFont.js:72;src_jsc/Factorys/LabelBMFont.js:77;src_jsc/Factorys/LabelBMFont.js:83;src_jsc/Factorys/LabelTTF.js:56;src_jsc/Factorys/LabelTTF.js:61;src_jsc/Factorys/LabelTTF.js:67;src_jsc/Profile/GameData/HuLaoBattleData.js:7;src_jsc/Profile/GameData/HuLaoBattleData.js:8;src_jsc/Profile/GameData/HuLaoBattleData.js:9;src_jsc/Profile/GameData/HuLaoBattleData.js:11;src_jsc/Profile/GameData/HuLaoBattleData.js:16;src_jsc/Profile/GameData/HuLaoBattleData.js:18;src_jsc/Scene/Fight/FightScene.js:108;src_jsc/Scene/Fight/FightScene.js:248;src_jsc/Scene/Fight/FightScene.js:785;src_jsc/Scene/Fight/FightScene.js:787;src_jsc/Scene/Fight/FightScene.js:789;src_jsc/Views/HulaoBattle/GarrisonLayoutDialog.js:3;src_jsc/Views/HulaoBattle/GarrisonLayoutDialog.js:5;src_jsc/Views/HulaoBattle/GarrisonLayoutDialog.js:6;src_jsc/Views/HulaoBattle/GarrisonLayoutDialog.js:15;src_jsc/Views/HulaoBattle/GarrisonLayoutDialog.js:17;src_jsc/Views/HulaoBattle/GarrisonLayoutDialog.js:18;src_jsc/Views/HulaoBattle/GarrisonLayoutDialog.js:19;src_jsc/Views/HulaoBattle/GarrisonLayoutDialog.js:20;src_jsc/Views/HulaoBattle/GarrisonLayoutDialog.js:22;src_jsc/Views/HulaoBattle/GarrisonLayoutDialog.js:24;src_jsc/Views/HulaoBattle/GarrisonLayoutDialog.js:27;src_jsc/Views/HulaoBattle/GarrisonLayoutDialog.js:28;src_jsc/Views/HulaoBattle/GarrisonLayoutDialog.js:29;src_jsc/Views/HulaoBattle/GarrisonLayoutDialog.js:84;src_jsc/Views/HulaoBattle/GarrisonLayoutDialog.js:94;src_jsc/Views/HulaoBattle/GarrisonLayoutDialog.js:284;src_jsc/Views/HulaoBattle/GarrisonLayoutDialog.js:290;src_jsc/Views/HulaoBattle/GarrisonLayoutDialog.js:291;src_jsc/Views/HulaoBattle/GarrisonLayoutDialog.js:293;src_jsc/Views/HulaoBattle/GarrisonLayoutDialog.js:312;src_jsc/Views/HulaoBattle/GarrisonLayoutDialog.js:317;src_jsc/Views/HulaoBattle/GarrisonLayoutDialog.js:326;src_jsc/Views/HulaoBattle/GarrisonLayoutDialog.js:327;src_jsc/Views/HulaoBattle/GarrisonLayoutDialog.js:329;src_jsc/Views/HulaoBattle/GarrisonLayoutDialog.js:368;src_jsc/Views/HulaoBattle/GarrisonLayoutDialog.js:373;src_jsc/Views/HulaoBattle/GarrisonLayoutDialog.js:483;src_jsc/Views/HulaoBattle/GarrisonLayoutDialog.js:489;src_jsc/Views/HulaoBattle/GarrisonLayoutDialog.js:608;src_jsc/Views/HulaoBattle/GarrisonLayoutDialog.js:697;src_jsc/Views/HulaoBattle/GarrisonLayoutDialog.js:725;src_jsc/Views/HulaoBattle/GarrisonLayoutDialog.js:733;src_jsc/Views/HulaoBattle/GarrisonLayoutDialog.js:754;src_jsc/Views/HulaoBattle/GarrisonLayoutDialog.js:761;src_jsc/Views/HulaoBattle/GarrisonLayoutDialog.js:774;src_jsc/Views/HulaoBattle/GarrisonLayoutDialog.js:776;src_jsc/Views/HulaoBattle/GarrisonLayoutDialog.js:778;src_jsc/Views/HulaoBattle/GarrisonLayoutDialog.js:789;src_jsc/Views/HulaoBattle/GarrisonLayoutDialog.js:835;src_jsc/Views/HulaoBattle/GarrisonLayoutDialog.js:1032;src_jsc/Views/HulaoBattle/GarrisonLayoutDialog.js:1096;src_jsc/Views/HulaoBattle/GarrisonLayoutDialog.js:1099;src_jsc/Views/HulaoBattle/GarrisonLayoutDialog.js:1105;src_jsc/Views/HulaoBattle/GarrisonLayoutDialog.js:1110;src_jsc/Views/HulaoBattle/HulaoBattleMainView.js:97;src_jsc/Views/HulaoBattle/HulaoBattleMainView.js:132;src_jsc/Views/HulaoBattle/HulaoBattleMainView.js:152;src_jsc/Views/HulaoBattle/HulaoBattleSelectDifficulty.js:114;src_jsc/Views/HulaoBattle/LightenLuckDialog.js:110;src_jsc/Views/HulaoBattle/LightenLuckDialog.js:116;src_jsc/Views/HulaoBattle/headers.js:10;src_jsc/Views/Label/LabelExt.js:63;src_jsc/Views/Label/LabelExt.js:65;src_jsc/Views/Label/LabelExt.js:119;src_jsc/Views/Label/LabelExt.js:136;src_jsc/Views/Label/LabelExt.js:153;src_jsc/Views/Label/LabelExt.js:166;src_jsc/Views/Label/LabelExt.js:179;src_jsc/Views/Label/LabelExt.js:192;src_jsc/Views/Label/LabelExt.js:198;src_jsc/Views/Label/LabelExt.js:294;src_jsc/Views/Label/LabelExt.js:296;src_jsc/Views/Table/Cell/ReplaceCardCell.js:165;src_jsc/Views/Table/Cell/ReplaceCardCell.js:428;src_jsc/Views/Table/Cell/ReplaceCardCell.js:435;src_jsc/Views/Table/Cell/ReplaceCardCell.js:708;src_jsc/Views/Table/Cell/ReplaceCardCell.js:999;src_jsc/Views/Table/Cell/ReplaceCardCell.js:1286;src_jsc/Views/Table/Cell/ReplaceCardCell.js:1497,unknown,unknown,unknown,unknown,unknown,unknown,candidate observed statically; scene reachability unverified,Cocos/JSB stock registration or custom registration; owner not resolved,UNRESOLVED,oracle libcocos2djs.so JSB registration strings,not yet selected,not run
oracle_registered_type,LayoutParameter,LayoutParameter,unknown; resolve against recorded oracle symbol dump,src_jsc/Core/Cocos2d-x/jsb_cocos2d_studio.js:35;src_jsc/Core/Cocos2d-x/jsb_cocos2d_studio.js:104;src_jsc/Core/Cocos2d-x/jsb_cocos2d_studio.js:106;src_jsc/Core/Cocos2d-x/jsb_cocos2d_studio.js:108,unknown,unknown,unknown,unknown,unknown,unknown,candidate observed statically; scene reachability unverified,Cocos/JSB stock registration or custom registration; owner not resolved,UNRESOLVED,oracle libcocos2djs.so JSB registration strings,not yet selected,not run
oracle_registered_type,LinearLayoutParameter,LinearLayoutParameter,unknown; resolve against recorded oracle symbol dump,src_jsc/Core/Cocos2d-x/jsb_cocos2d_studio.js:106,unknown,unknown,unknown,unknown,unknown,unknown,candidate observed statically; scene reachability unverified,Cocos/JSB stock registration or custom registration; owner not resolved,UNRESOLVED,oracle libcocos2djs.so JSB registration strings,not yet selected,not run
oracle_registered_type,ListView,ListView,unknown; resolve against recorded oracle symbol dump,src_jsc/Core/Cocos2d-x/jsb_cocos2d_studio.js:82;src_jsc/Core/Cocos2d-x/jsb_cocos2d_studio.js:84;src_jsc/Core/Cocos2d-x/jsb_cocos2d_studio.js:118;src_jsc/Scene/Ladder/LadderGiftView.js:9;src_jsc/Scene/Ladder/LadderGiftView.js:113;src_jsc/Scene/Ladder/LadderGiftView.js:261;src_jsc/Scene/Ladder/LadderGiftView.js:264;src_jsc/Scene/Ladder/LadderGiftView.js:273;src_jsc/Scene/Ladder/LadderGiftView.js:403;src_jsc/Scene/Ladder/LadderGiftView.js:406;src_jsc/Scene/Ladder/LadderGiftView_Honor.js:9;src_jsc/Scene/Ladder/LadderGiftView_Honor.js:170;src_jsc/Scene/Ladder/LadderGiftView_Honor.js:317;src_jsc/Scene/Ladder/LadderGiftView_Honor.js:320;src_jsc/Scene/Ladder/LadderGiftView_Honor.js:329;src_jsc/Scene/Ladder/LadderGiftView_Honor.js:475;src_jsc/Scene/Ladder/LadderGiftView_Honor.js:478;src_jsc/Scene/Ladder/LadderScene.js:36;src_jsc/Scene/Ladder/LadderScene.js:38;src_jsc/Views/CardListView.js:3;src_jsc/Views/CardListView.js:5;src_jsc/Views/CardListView.js:438;src_jsc/Views/CardListView.js:441;src_jsc/Views/CardListView.js:447;src_jsc/Views/CardListView_v2.js:3;src_jsc/Views/CardListView_v2.js:15;src_jsc/Views/CardListView_v2.js:545;src_jsc/Views/CardListView_v2.js:548;src_jsc/Views/CardListView_v2.js:554;src_jsc/Views/Dialog/GeneralPreviewDialog.js:272;src_jsc/Views/Dialog/GeneralPreviewDialog.js:274;src_jsc/Views/Dialog/GeneralPreviewDialog.js:276;src_jsc/Views/Dialog/GeneralPreviewDialog.js:278;src_jsc/Views/Dialog/GeneralPreviewDialog.js:280;src_jsc/Views/Dialog/SkillUpDialog.js:147;src_jsc/Views/Dialog/SkillUpDialog.js:149;src_jsc/Views/Dialog/SkillUpDialog.js:159;src_jsc/Views/Dialog/SkillUpDialog.js:280;src_jsc/Views/EquipmentsListView.js:3;src_jsc/Views/EquipmentsListView.js:5;src_jsc/Views/EquipmentsListView.js:7;src_jsc/Views/EquipmentsListView.js:10;src_jsc/Views/InterService/InterServiceWorshipView.js:60;src_jsc/Views/MTipsListView.js:3;src_jsc/Views/MTipsListView.js:5;src_jsc/Views/MTipsListView.js:79;src_jsc/Views/MTipsListView.js:82;src_jsc/Views/Meridians/AcupointListView.js:3;src_jsc/Views/Meridians/AcupointListView.js:5;src_jsc/Views/Meridians/AcupointListView.js:80;src_jsc/Views/Meridians/AcupointListView.js:83;src_jsc/Views/Meridians/DetailsListView.js:3;src_jsc/Views/Meridians/DetailsListView.js:5;src_jsc/Views/Meridians/DetailsListView.js:110;src_jsc/Views/Meridians/DetailsListView.js:113;src_jsc/Views/Meridians/MeridiansDetailDialog.js:45;src_jsc/Views/Meridians/MeridiansDetailDialog.js:60;src_jsc/Views/Meridians/MeridiansDetailDialog.js:62;src_jsc/Views/Meridians/MeridiansDetailDialog.js:146;src_jsc/Views/Meridians/MeridiansDetailDialog.js:195;src_jsc/Views/Meridians/headers.js:11;src_jsc/Views/Meridians/headers.js:12;src_jsc/Views/headers.js:50;src_jsc/Views/headers.js:51;src_jsc/Views/headers.js:62;src_jsc/Views/headers.js:89,unknown,unknown,unknown,unknown,unknown,unknown,candidate observed statically; scene reachability unverified,Cocos/JSB stock registration or custom registration; owner not resolved,UNRESOLVED,oracle libcocos2djs.so JSB registration strings,not yet selected,not run
oracle_registered_type,LoadingBar,LoadingBar,unknown; resolve against recorded oracle symbol dump,src_jsc/Core/Cocos2d-x/jsb_cocos2d_studio.js:66;src_jsc/Core/Cocos2d-x/jsb_cocos2d_studio.js:136,unknown,unknown,unknown,unknown,unknown,unknown,candidate observed statically; scene reachability unverified,Cocos/JSB stock registration or custom registration; owner not resolved,UNRESOLVED,oracle libcocos2djs.so JSB registration strings,not yet selected,not run
oracle_registered_type,PageView,PageView,unknown; resolve against recorded oracle symbol dump,data_cn_jsc/art/sgs_config_ls.js:107;data_cn_jsc/art/sgs_config_ttf.js:413;src_jsc/Cfg/Font.js:50;src_jsc/Core/Cocos2d-x/jsb_cocos2d_studio.js:86;src_jsc/Core/Cocos2d-x/jsb_cocos2d_studio.js:120;src_jsc/Scene/Bag/BagScene.js:110;src_jsc/Scene/Climb/ClimbLadderRankListScene.js:111;src_jsc/Scene/Climb/ClimbLadderRankListScene.js:113;src_jsc/Scene/Climb/ClimbLadderRankListScene.js:115;src_jsc/Scene/Climb/ClimbLadderRankListScene.js:117;src_jsc/Scene/Climb/ClimbLadderRankListScene.js:119;src_jsc/Scene/Climb/ClimbLadderRankListScene.js:121;src_jsc/Scene/Climb/ClimbLadderRankListScene.js:123;src_jsc/Scene/Climb/ClimbLadderRankListScene.js:125;src_jsc/Scene/Climb/ClimbLadderRankListScene.js:130;src_jsc/Scene/Climb/ClimbLadderRankListScene.js:134;src_jsc/Scene/Climb/ClimbLadderRankListScene.js:138;src_jsc/Scene/Climb/ClimbLadderRankListScene.js:140;src_jsc/Scene/Climb/ClimbLadderRankListScene.js:142;src_jsc/Scene/Climb/ClimbLadderRankListScene.js:147;src_jsc/Scene/Climb/ClimbLadderRankListScene.js:151;src_jsc/Scene/Climb/ClimbLadderRankListScene.js:157;src_jsc/Scene/Climb/ClimbLadderRankListScene.js:159;src_jsc/Scene/Climb/ClimbLadderRankListScene.js:161;src_jsc/Scene/Climb/ClimbLadderRankListScene.js:163;src_jsc/Scene/Climb/ClimbLadderRankListScene.js:168;src_jsc/Scene/Climb/ClimbLadderRankListScene.js:172;src_jsc/Scene/Climb/ClimbLadderRankListScene.js:178;src_jsc/Scene/Climb/ClimbLadderRankListScene.js:180;src_jsc/Scene/Climb/ClimbLadderRankListScene.js:182;src_jsc/Scene/Climb/ClimbLadderRankListScene.js:184;src_jsc/Scene/Climb/ClimbLadderRankListScene.js:189;src_jsc/Scene/Climb/ClimbLadderRankListScene.js:193;src_jsc/Scene/Climb/ClimbLadderRankListScene.js:199;src_jsc/Scene/Climb/ClimbLadderRankListScene.js:201;src_jsc/Scene/Climb/ClimbLadderRankListScene.js:203;src_jsc/Scene/Climb/ClimbLadderRankListScene.js:205;src_jsc/Scene/Climb/ClimbLadderRankListScene.js:210;src_jsc/Scene/Combat/CombatUpgradeScene.js:38;src_jsc/Scene/Combat/CombatUpgradeScene.js:50;src_jsc/Scene/Combat/CombatUpgradeScene.js:52;src_jsc/Scene/Combat/CombatUpgradeScene.js:54;src_jsc/Scene/Combat/CombatUpgradeScene.js:58;src_jsc/Scene/Combat/CombatUpgradeScene.js:203;src_jsc/Scene/Combat/CombatUpgradeScene.js:223;src_jsc/Scene/Combat/CombatUpgradeScene.js:445;src_jsc/Scene/Combat/CombatUpgradeScene.js:466;src_jsc/Scene/Combat/CombatUpgradeScene.js:497;src_jsc/Scene/Combat/CombatUpgradeScene.js:513;src_jsc/Scene/Combat/CombatUpgradeScene.js:549;src_jsc/Scene/Combat/CombatUpgradeScene.js:553;src_jsc/Scene/Gems/GemsScene.js:85;src_jsc/Scene/Ladder/LadderScene.js:84;src_jsc/Scene/Mail/MailSystemScene.js:91;src_jsc/Scene/Mail/MailSystemScene.js:96;src_jsc/Scene/Party/WishingScene.js:599;src_jsc/Scene/Store/StoreScene.js:186;src_jsc/Scene/Store/StoreScene.js:282;src_jsc/Tools/Net.js:280;src_jsc/Tools/Statistic.js:62;src_jsc/Tools/Statistic.js:67;src_jsc/Tools/Statistic.js:70;src_jsc/Tools/Statistic.js:80;src_jsc/Views/ChatTablePageView.js:3;src_jsc/Views/ChatTablePageView.js:5;src_jsc/Views/ChatTablePageView.js:54;src_jsc/Views/ChatTablePageView.js:57;src_jsc/Views/Dialog/ChatDialog.js:32;src_jsc/Views/Mgr.js:346;src_jsc/Views/MultiLineUpView.js:31;src_jsc/Views/MultiLineUpView.js:45;src_jsc/Views/MultiLineUpView.js:72;src_jsc/Views/MultiLineUpView.js:79;src_jsc/Views/MultiLineUpView.js:87;src_jsc/Views/MultiLineUpView.js:128;src_jsc/Views/MultiLineUpView.js:171;src_jsc/Views/MultiLineUpView.js:173;src_jsc/Views/MultiLineUpView.js:175;src_jsc/Views/MultiLineUpView.js:177;src_jsc/Views/MultiLineUpView.js:197;src_jsc/Views/MultiLineUpView.js:201;src_jsc/Views/MultiLineUpView.js:204;src_jsc/Views/MultiLineUpView.js:206;src_jsc/Views/MultiLineUpView.js:257;src_jsc/Views/QueueTeamView.js:87;src_jsc/Views/TablePageView.js:3;src_jsc/Views/TablePageView.js:26;src_jsc/Views/TablePageView.js:100;src_jsc/Views/TablePageView.js:104;src_jsc/Views/TablePageView.js:106;src_jsc/Views/TablePageView.js:108;src_jsc/Views/TablePageView.js:110;src_jsc/Views/TablePageView.js:133;src_jsc/Views/TablePageView.js:136;src_jsc/Views/TablePageView.js:152;src_jsc/Views/TablePageView.js:154;src_jsc/Views/TablePageView.js:155;src_jsc/Views/TablePageView.js:157;src_jsc/Views/TablePageView.js:162;src_jsc/Views/TablePageView.js:168;src_jsc/Views/TablePageView.js:170;src_jsc/Views/Union/UnionDialog.js:332;src_jsc/Views/headers.js:45;src_jsc/Views/headers.js:81,unknown,unknown,unknown,unknown,unknown,unknown,candidate observed statically; scene reachability unverified,Cocos/JSB stock registration or custom registration; owner not resolved,UNRESOLVED,oracle libcocos2djs.so JSB registration strings,not yet selected,not run
oracle_registered_type,RelativeLayoutParameter,RelativeLayoutParameter,unknown; resolve against recorded oracle symbol dump,src_jsc/Core/Cocos2d-x/jsb_cocos2d_studio.js:108,unknown,unknown,unknown,unknown,unknown,unknown,candidate observed statically; scene reachability unverified,Cocos/JSB stock registration or custom registration; owner not resolved,UNRESOLVED,oracle libcocos2djs.so JSB registration strings,not yet selected,not run
oracle_registered_type,SceneReader,SceneReader,unknown; resolve against recorded oracle symbol dump,no literal reference found in reconstructed JS,unknown,unknown,unknown,unknown,unknown,unknown,candidate observed statically; scene reachability unverified,Cocos/JSB stock registration or custom registration; owner not resolved,UNRESOLVED,oracle libcocos2djs.so JSB registration strings,not yet selected,not run
oracle_registered_type,ScrollView,ScrollView,unknown; resolve against recorded oracle symbol dump,src_jsc/Core/Cocos2d-x/jsb_cocos2d_extension.js:121;src_jsc/Core/Cocos2d-x/jsb_cocos2d_studio.js:68;src_jsc/Core/Cocos2d-x/jsb_cocos2d_studio.js:122;src_jsc/Scene/Buddy/BuddyView.js:50;src_jsc/Scene/Buddy/BuddyView.js:52;src_jsc/Scene/Buddy/BuddyView.js:54;src_jsc/Scene/Buddy/BuddyView.js:196;src_jsc/Scene/Buddy/BuddyView.js:198;src_jsc/Scene/Buddy/BuddyView.js:200;src_jsc/Scene/Buddy/BuddyView.js:220;src_jsc/Scene/Buddy/BuddyView.js:236;src_jsc/Scene/Buddy/BuddyView.js:250;src_jsc/Scene/Buddy/BuddyView.js:252;src_jsc/Scene/Buddy/BuddyView.js:255;src_jsc/Scene/Buddy/BuddyView.js:331;src_jsc/Views/DecisiveBattle/DecisiveBattlePreviewView.js:44;src_jsc/Views/Dialog/AgaSurrenderDialog.js:246;src_jsc/Views/Dialog/AnnouncementExt.js:32;src_jsc/Views/Dialog/AnnouncementExt.js:34;src_jsc/Views/Dialog/AnnouncementExt.js:36;src_jsc/Views/Dialog/AnnouncementExt.js:38;src_jsc/Views/Dialog/AnnouncementExt.js:59;src_jsc/Views/Dialog/AnnouncementExt.js:64;src_jsc/Views/Dialog/AnnouncementExt.js:70;src_jsc/Views/Dialog/AnnouncementExt.js:72;src_jsc/Views/Dialog/DetailDialogComponent.js:2258;src_jsc/Views/Dialog/DetailDialogComponent.js:2381;src_jsc/Views/Dialog/DetailDialogEquip.js:102;src_jsc/Views/Dialog/DetailDialogEquip.js:104;src_jsc/Views/Dialog/DetailDialogEquip.js:106;src_jsc/Views/Dialog/DetailDialogEquip.js:114;src_jsc/Views/Dialog/DetailDialogEquip.js:122;src_jsc/Views/Dialog/DetailDialogEquip.js:130;src_jsc/Views/Dialog/DetailDialogEquip.js:155;src_jsc/Views/Dialog/DetailDialogEquip.js:172;src_jsc/Views/Dialog/DetailDialogEquip.js:174;src_jsc/Views/Dialog/DetailDialogEquip.js:176;src_jsc/Views/Dialog/DetailDialogEquip.js:180;src_jsc/Views/Dialog/DetailDialogEquip.js:182;src_jsc/Views/Dialog/DetailDialogEquip.js:184;src_jsc/Views/Dialog/DetailDialogEquip.js:186;src_jsc/Views/Dialog/DetailDialogEquip.js:188;src_jsc/Views/Dialog/DetailDialogEquip.js:192;src_jsc/Views/Dialog/DetailDialogEquip.js:194;src_jsc/Views/Dialog/DetailDialogEquip.js:196;src_jsc/Views/Dialog/DetailDialogEquip.js:198;src_jsc/Views/Dialog/DetailDialogEquip.js:200;src_jsc/Views/Dialog/DetailDialogEquip.js:204;src_jsc/Views/Dialog/DetailDialogEquip.js:206;src_jsc/Views/Dialog/DetailDialogEquip.js:228;src_jsc/Views/Dialog/DetailDialogEquip.js:230;src_jsc/Views/Dialog/DetailDialogEquip.js:232;src_jsc/Views/Dialog/DetailDialogEquip.js:241;src_jsc/Views/Dialog/DetailDialogEquip.js:253;src_jsc/Views/Dialog/DetailDialogEquip.js:282;src_jsc/Views/Dialog/DetailDialogEquip.js:284;src_jsc/Views/Dialog/DetailDialogEquip.js:304;src_jsc/Views/Dialog/DetailDialogEquip.js:309;src_jsc/Views/Dialog/DetailDialogEquip.js:315;src_jsc/Views/Dialog/DetailDialogEquip.js:321;src_jsc/Views/Dialog/DetailDialogEquip.js:327;src_jsc/Views/Dialog/DetailDialogEquip.js:377;src_jsc/Views/Dialog/DetailDialogEquip.js:379;src_jsc/Views/Dialog/DetailDialogEquip.js:381;src_jsc/Views/Dialog/DetailDialogGeneral.js:131;src_jsc/Views/Dialog/DetailDialogGeneral.js:133;src_jsc/Views/Dialog/DetailDialogGeneral.js:135;src_jsc/Views/Dialog/DetailDialogGeneral.js:136;src_jsc/Views/Dialog/DetailDialogGeneral.js:138;src_jsc/Views/Dialog/DetailDialogGeneral.js:149;src_jsc/Views/Dialog/DetailDialogGeneral.js:157;src_jsc/Views/Dialog/DetailDialogGeneral.js:165;src_jsc/Views/Dialog/DetailDialogGeneral.js:202;src_jsc/Views/Dialog/DetailDialogGeneral.js:204;src_jsc/Views/Dialog/DetailDialogGeneral.js:206;src_jsc/Views/Dialog/DetailDialogGeneral.js:210;src_jsc/Views/Dialog/DetailDialogGeneral.js:212;src_jsc/Views/Dialog/DetailDialogGeneral.js:214;src_jsc/Views/Dialog/DetailDialogGeneral.js:216;src_jsc/Views/Dialog/DetailDialogGeneral.js:218;src_jsc/Views/Dialog/DetailDialogGeneral.js:222;src_jsc/Views/Dialog/DetailDialogGeneral.js:224;src_jsc/Views/Dialog/DetailDialogGeneral.js:226;src_jsc/Views/Dialog/DetailDialogGeneral.js:228;src_jsc/Views/Dialog/DetailDialogGeneral.js:230;src_jsc/Views/Dialog/DetailDialogGeneral.js:234;src_jsc/Views/Dialog/DetailDialogGeneral.js:236;src_jsc/Views/Dialog/DetailDialogGeneral.js:278;src_jsc/Views/Dialog/DetailDialogGeneral.js:280;src_jsc/Views/Dialog/DetailDialogGeneral.js:282;src_jsc/Views/Dialog/DetailDialogGeneral.js:283;src_jsc/Views/Dialog/DetailDialogGeneral.js:285;src_jsc/Views/Dialog/DetailDialogGeneral.js:287;src_jsc/Views/Dialog/DetailDialogGeneral.js:290;src_jsc/Views/Dialog/DetailDialogGeneral.js:292;src_jsc/Views/Dialog/DetailDialogGeneral.js:294;src_jsc/Views/Dialog/DetailDialogGeneral.js:301;src_jsc/Views/Dialog/DetailDialogGeneral.js:314;src_jsc/Views/Dialog/DetailDialogGeneral.js:316;src_jsc/Views/Dialog/DetailDialogGeneral.js:326;src_jsc/Views/Dialog/DetailDialogGeneral.js:334;src_jsc/Views/Dialog/DetailDialogGeneral.js:336;src_jsc/Views/Dialog/DetailDialogGeneral.js:343;src_jsc/Views/Dialog/DetailDialogGeneral.js:346;src_jsc/Views/Dialog/DetailDialogGeneral.js:349;src_jsc/Views/Dialog/DetailDialogGeneral.js:353;src_jsc/Views/Dialog/DetailDialogGeneral.js:356;src_jsc/Views/Dialog/DetailDialogGeneral.js:406;src_jsc/Views/Dialog/DetailDialogGeneral.js:408;src_jsc/Views/Dialog/DetailDialogGeneral.js:409;src_jsc/Views/Dialog/DetailDialogGeneral.js:411;src_jsc/Views/Dialog/DetailDialogGeneral.js:414;src_jsc/Views/Dialog/DetailDialogGeneral.js:662;src_jsc/Views/Dialog/DetailDialogGeneral.js:705;src_jsc/Views/Dialog/DetailDialogGeneral.js:708;src_jsc/Views/Dialog/DetailDialogGeneral.js:715;src_jsc/Views/Dialog/DetailDialogGeneral.js:717;src_jsc/Views/Dialog/DetailDialogGeneral.js:719;src_jsc/Views/Dialog/DetailDialogGeneral.js:725;src_jsc/Views/Dialog/DetailDialogGeneral.js:728;src_jsc/Views/Dialog/DetailDialogGeneral.js:733;src_jsc/Views/Dialog/DetailDialogGeneral.js:735;src_jsc/Views/Dialog/DetailDialogGeneral.js:740;src_jsc/Views/Dialog/DetailDialogGeneral.js:741;src_jsc/Views/Dialog/DetailDialogSkill.js:204;src_jsc/Views/Dialog/DetailDialogSkill.js:206;src_jsc/Views/Dialog/DetailDialogSkill.js:208;src_jsc/Views/Dialog/DetailDialogSkill.js:216;src_jsc/Views/Dialog/DetailDialogSkill.js:224;src_jsc/Views/Dialog/DetailDialogSkill.js:232;src_jsc/Views/Dialog/DetailDialogSkill.js:251;src_jsc/Views/Dialog/DetailDialogSkill.js:253;src_jsc/Views/Dialog/DetailDialogSkill.js:255;src_jsc/Views/Dialog/DetailDialogSkill.js:259;src_jsc/Views/Dialog/DetailDialogSkill.js:261;src_jsc/Views/Dialog/DetailDialogSkill.js:263;src_jsc/Views/Dialog/DetailDialogSkill.js:265;src_jsc/Views/Dialog/DetailDialogSkill.js:267;src_jsc/Views/Dialog/DetailDialogSkill.js:271;src_jsc/Views/Dialog/DetailDialogSkill.js:273;src_jsc/Views/Dialog/DetailDialogSkill.js:275;src_jsc/Views/Dialog/DetailDialogSkill.js:277;src_jsc/Views/Dialog/DetailDialogSkill.js:279;src_jsc/Views/Dialog/DetailDialogSkill.js:283;src_jsc/Views/Dialog/DetailDialogSkill.js:285;src_jsc/Views/Dialog/DetailDialogSkill.js:307;src_jsc/Views/Dialog/DetailDialogSkill.js:309;src_jsc/Views/Dialog/DetailDialogSkill.js:311;src_jsc/Views/Dialog/DetailDialogSkill.js:324;src_jsc/Views/Dialog/DetailDialogSkill.js:337;src_jsc/Views/Dialog/DetailDialogSkill.js:364;src_jsc/Views/Dialog/DetailDialogSkill.js:366;src_jsc/Views/Dialog/DetailDialogSkill.js:369;src_jsc/Views/Dialog/DetailDialogSkill.js:374;src_jsc/Views/Dialog/DetailDialogSkill.js:379;src_jsc/Views/Dialog/DetailDialogSkill.js:384;src_jsc/Views/Dialog/DetailDialogSkill.js:399;src_jsc/Views/Dialog/DetailDialogSkill.js:418;src_jsc/Views/Dialog/DetailDialogSkill.js:464;src_jsc/Views/Dialog/DetailDialogSkill.js:466;src_jsc/Views/Dialog/DetailDialogSkill.js:468;src_jsc/Views/Dialog/ErrorDialog.js:54;src_jsc/Views/Dialog/InstructionDialog.js:59;src_jsc/Views/Dialog/UnionEncounterMapDialog.js:56;src_jsc/Views/Goddess/GoddessAchievementDialog.js:33;src_jsc/Views/Goddess/GoddessAchievementDialog.js:35;src_jsc/Views/Goddess/GoddessAchievementDialog.js:65;src_jsc/Views/Goddess/GoddessAchievementDialog.js:77;src_jsc/Views/Goddess/GoddessAchievementDialog.js:81;src_jsc/Views/Goddess/GoddessAchievementDialog.js:88;src_jsc/Views/Goddess/GoddessAchievementDialog.js:95;src_jsc/Views/Goddess/GoddessAchievementDialog.js:98;src_jsc/Views/Goddess/GoddessAchievementDialog.js:100;src_jsc/Views/Goddess/GoddessAchievementDialog.js:105;src_jsc/Views/Goddess/GoddessAchievementDialog.js:107;src_jsc/Views/Goddess/GoddessAchievementDialog.js:109;src_jsc/Views/Goddess/GoddessAchievementDialog.js:222;src_jsc/Views/Meridians/MeridiansDetailDialog.js:46;src_jsc/Views/Meridians/MeridiansDetailDialog.js:50;src_jsc/Views/Meridians/MeridiansDetailDialog.js:52;src_jsc/Views/Meridians/MeridiansDetailDialog.js:54;src_jsc/Views/Meridians/MeridiansDetailDialog.js:56;src_jsc/Views/Meridians/MeridiansDetailDialog.js:58;src_jsc/Views/Meridians/MeridiansDetailDialog.js:60;src_jsc/Views/Meridians/MeridiansDetailDialog.js:62;src_jsc/Views/Meridians/MeridiansDetailDialog.js:64;src_jsc/Views/Meridians/MeridiansDetailDialog.js:66;src_jsc/Views/ScrollView.js:3;src_jsc/Views/ScrollView.js:5;src_jsc/Views/ScrollView.js:6;src_jsc/Views/ScrollView.js:19;src_jsc/Views/ScrollView.js:198;src_jsc/Views/ScrollView.js:201;src_jsc/Views/SortController.js:12;src_jsc/Views/SortController.js:145;src_jsc/Views/SortController.js:149;src_jsc/Views/SortController.js:158;src_jsc/Views/SortController.js:177;src_jsc/Views/UnionWarFightView.js:126;src_jsc/Views/headers.js:73,unknown,unknown,unknown,unknown,unknown,unknown,candidate observed statically; scene reachability unverified,Cocos/JSB stock registration or custom registration; owner not resolved,UNRESOLVED,oracle libcocos2djs.so JSB registration strings,not yet selected,not run
oracle_registered_type,SimpleAudioEngine,SimpleAudioEngine,unknown; resolve against recorded oracle symbol dump,no literal reference found in reconstructed JS,unknown,unknown,unknown,unknown,unknown,unknown,candidate observed statically; scene reachability unverified,Cocos/JSB stock registration or custom registration; owner not resolved,UNRESOLVED,oracle libcocos2djs.so JSB registration strings,not yet selected,not run
oracle_registered_type,Slider,Slider,unknown; resolve against recorded oracle symbol dump,src_jsc/Core/Cocos2d-x/jsb_cocos2d_studio.js:64;src_jsc/Core/Cocos2d-x/jsb_cocos2d_studio.js:138;src_jsc/Views/CardNavigateView.js:14;src_jsc/Views/CardNavigateView.js:48;src_jsc/Views/CardNavigateView.js:50;src_jsc/Views/CardNavigateView.js:52;src_jsc/Views/CardNavigateView.js:54;src_jsc/Views/CardNavigateView.js:56;src_jsc/Views/CardNavigateView.js:60;src_jsc/Views/CardNavigateView.js:78,unknown,unknown,unknown,unknown,unknown,unknown,candidate observed statically; scene reachability unverified,Cocos/JSB stock registration or custom registration; owner not resolved,UNRESOLVED,oracle libcocos2djs.so JSB registration strings,not yet selected,not run
oracle_registered_type,TextField,TextField,unknown; resolve against recorded oracle symbol dump,src_jsc/Core/Cocos2d-x/jsb_cocos2d_studio.js:140;src_jsc/Views/Dialog/SendMessageDialog.js:62;src_jsc/Views/Dialog/SendMessageDialog.js:74;src_jsc/Views/Dialog/UnionChgNoticeSignDialog.js:169;src_jsc/Views/FeedBack.js:34,unknown,unknown,unknown,unknown,unknown,unknown,candidate observed statically; scene reachability unverified,Cocos/JSB stock registration or custom registration; owner not resolved,UNRESOLVED,oracle libcocos2djs.so JSB registration strings,not yet selected,not run
oracle_registered_type,TouchGroup,TouchGroup,unknown; resolve against recorded oracle symbol dump,no literal reference found in reconstructed JS,unknown,unknown,unknown,unknown,unknown,unknown,candidate observed statically; scene reachability unverified,Cocos/JSB stock registration or custom registration; owner not resolved,UNRESOLVED,oracle libcocos2djs.so JSB registration strings,not yet selected,not run
oracle_registered_type,UIHelper,UIHelper,unknown; resolve against recorded oracle symbol dump,no literal reference found in reconstructed JS,unknown,unknown,unknown,unknown,unknown,unknown,candidate observed statically; scene reachability unverified,Cocos/JSB stock registration or custom registration; owner not resolved,UNRESOLVED,oracle libcocos2djs.so JSB registration strings,not yet selected,not run
oracle_registered_type,Widget,Widget,unknown; resolve against recorded oracle symbol dump,src_jsc/Cfg/Scene.js:104;src_jsc/Cfg/Scene.js:115;src_jsc/Cfg/Scene.js:194;src_jsc/Core/Cocos2d-x/jsb_cocos2d_studio.js:15;src_jsc/Core/Cocos2d-x/jsb_cocos2d_studio.js:94;src_jsc/Core/Cocos2d-x/jsb_cocos2d_studio.js:98;src_jsc/Core/Cocos2d-x/jsb_cocos2d_studio.js:102;src_jsc/Views/Dialog/DetailDialogComponent.js:590;src_jsc/Views/Dialog/DetailDialogComponent.js:616;src_jsc/Views/Dialog/DetailDialogComponent.js:619;src_jsc/Views/Dialog/DetailDialogComponent.js:628;src_jsc/Views/Dialog/DetailDialogComponent.js:629;src_jsc/Views/Dialog/DetailDialogComponent.js:653;src_jsc/Views/Dialog/DetailDialogComponent.js:656;src_jsc/Views/Dialog/DetailDialogComponent.js:664;src_jsc/Views/Dialog/DetailDialogComponent.js:669;src_jsc/Views/Dialog/DetailDialogComponent.js:670;src_jsc/Views/Dialog/DetailDialogComponent.js:681;src_jsc/Views/Dialog/DetailDialogComponent.js:732;src_jsc/Views/Dialog/DetailDialogComponent.js:735;src_jsc/Views/Dialog/DetailDialogComponent.js:789;src_jsc/Views/Dialog/DetailDialogComponent.js:856;src_jsc/Views/Dialog/DetailDialogComponent.js:944;src_jsc/Views/Dialog/DetailDialogComponent.js:1014;src_jsc/Views/Dialog/DetailDialogComponent.js:1047;src_jsc/Views/Dialog/DetailDialogComponent.js:1080;src_jsc/Views/Dialog/DetailDialogComponent.js:1132;src_jsc/Views/Dialog/DetailDialogComponent.js:1197;src_jsc/Views/Dialog/DetailDialogComponent.js:1288;src_jsc/Views/Dialog/DetailDialogComponent.js:1304;src_jsc/Views/Dialog/DetailDialogComponent.js:1306;src_jsc/Views/Dialog/DetailDialogComponent.js:1315;src_jsc/Views/Dialog/DetailDialogComponent.js:1346;src_jsc/Views/Dialog/DetailDialogComponent.js:1394;src_jsc/Views/Dialog/DetailDialogComponent.js:1470;src_jsc/Views/Dialog/DetailDialogComponent.js:1558;src_jsc/Views/Dialog/DetailDialogComponent.js:1640;src_jsc/Views/Dialog/DetailDialogComponent.js:1825;src_jsc/Views/Dialog/DetailDialogComponent.js:1972;src_jsc/Views/Dialog/DetailDialogComponent.js:2063;src_jsc/Views/Dialog/DetailDialogComponent.js:2162;src_jsc/Views/Dialog/DetailDialogComponent.js:2186;src_jsc/Views/Dialog/DetailDialogComponent.js:2188;src_jsc/Views/Dialog/DetailDialogComponent.js:2294;src_jsc/Views/Dialog/DetailDialogComponent.js:2318;src_jsc/Views/Dialog/DetailDialogComponent.js:2320;src_jsc/Views/Dialog/DetailDialogComponent.js:2417;src_jsc/Views/Dialog/DetailDialogComponent.js:2543;src_jsc/Views/Dialog/DetailDialogEquip.js:332;src_jsc/Views/Dialog/DetailDialogEquip.js:334;src_jsc/Views/Dialog/DetailDialogEquip.js:338;src_jsc/Views/Dialog/DetailDialogEquip.js:340;src_jsc/Views/Dialog/DetailDialogGeneral.js:264;src_jsc/Views/Dialog/DetailDialogGeneral.js:266;src_jsc/Views/Dialog/DetailDialogGeneral.js:270;src_jsc/Views/Dialog/DetailDialogGeneral.js:272;src_jsc/Views/Dialog/DetailDialogGeneral.js:274;src_jsc/Views/Dialog/DetailDialogGeneral.js:596;src_jsc/Views/Dialog/DetailDialogSkill.js:424;src_jsc/Views/Dialog/DetailDialogSkill.js:426;src_jsc/Views/Dialog/DetailDialogSkill.js:430;src_jsc/Views/Dialog/DetailDialogSkill.js:432;src_jsc/Views/SortController.js:43;src_jsc/Views/SortController.js:45;src_jsc/Views/SortController.js:47;src_jsc/Views/SortController.js:49;src_jsc/Views/SortController.js:51;src_jsc/Views/SortController.js:53;src_jsc/Views/SortController.js:55;src_jsc/Views/SortController.js:58;src_jsc/Views/SortController.js:151;src_jsc/Views/SortController.js:153;src_jsc/Views/SortController.js:156;src_jsc/Views/SortController.js:246;src_jsc/Views/SortController.js:248;src_jsc/Views/SortController.js:254,unknown,unknown,unknown,unknown,unknown,unknown,candidate observed statically; scene reachability unverified,Cocos/JSB stock registration or custom registration; owner not resolved,UNRESOLVED,oracle libcocos2djs.so JSB registration strings,not yet selected,not run
oracle_registration_function,register_all_cocos2dx,JSB registration,unknown; resolve against recorded oracle symbol dump,unknown,unknown,unknown,unknown,unknown,unknown,unknown,candidate observed statically; scene reachability unverified,Cocos/JSB registration chain; exact current counterpart not resolved,UNRESOLVED,oracle libcocos2djs.so dynamic symbol inventory,not yet selected,not run
oracle_registration_function,register_all_cocos2dx_extension,JSB registration,unknown; resolve against recorded oracle symbol dump,unknown,unknown,unknown,unknown,unknown,unknown,unknown,candidate observed statically; scene reachability unverified,Cocos/JSB registration chain; exact current counterpart not resolved,UNRESOLVED,oracle libcocos2djs.so dynamic symbol inventory,not yet selected,not run
oracle_registration_function,register_all_cocos2dx_extension_manual,JSB registration,unknown; resolve against recorded oracle symbol dump,unknown,unknown,unknown,unknown,unknown,unknown,unknown,candidate observed statically; scene reachability unverified,Cocos/JSB registration chain; exact current counterpart not resolved,UNRESOLVED,oracle libcocos2djs.so dynamic symbol inventory,not yet selected,not run
oracle_registration_function,register_all_cocos2dx_studio,JSB registration,unknown; resolve against recorded oracle symbol dump,unknown,unknown,unknown,unknown,unknown,unknown,unknown,candidate observed statically; scene reachability unverified,Cocos/JSB registration chain; exact current counterpart not resolved,UNRESOLVED,oracle libcocos2djs.so dynamic symbol inventory,not yet selected,not run
oracle_registration_function,register_all_cocos2dx_studio_manual,JSB registration,unknown; resolve against recorded oracle symbol dump,unknown,unknown,unknown,unknown,unknown,unknown,unknown,candidate observed statically; scene reachability unverified,Cocos/JSB registration chain; exact current counterpart not resolved,UNRESOLVED,oracle libcocos2djs.so dynamic symbol inventory,not yet selected,not run
oracle_registration_function,register_all_xs_sanguosha,JSB registration,unknown; resolve against recorded oracle symbol dump,unknown,unknown,unknown,unknown,unknown,unknown,unknown,candidate observed statically; scene reachability unverified,Cocos/JSB registration chain; exact current counterpart not resolved,UNRESOLVED,oracle libcocos2djs.so dynamic symbol inventory,not yet selected,not run
oracle_registration_function,register_all_xs_sanguosha_manual,JSB registration,unknown; resolve against recorded oracle symbol dump,unknown,unknown,unknown,unknown,unknown,unknown,unknown,candidate observed statically; scene reachability unverified,Cocos/JSB registration chain; exact current counterpart not resolved,UNRESOLVED,oracle libcocos2djs.so dynamic symbol inventory,not yet selected,not run
